HP0001	BSU24320	29.104	134	86	3	4	134	3	130	1.23e-17	70.9
HP0001	BSU15170	26.984	63	41	2	73	135	395	452	0.97	26.2
HP0001	BSU16520	30.357	56	24	2	71	114	70	122	1.1	25.4
HP0001	BSU16690	23.288	73	40	2	19	83	603	667	1.4	25.8
HP0001	BSU21530	26.667	75	36	4	50	106	38	111	1.4	25.0
HP0001	BSU15520	25.926	54	40	0	72	125	25	78	1.4	25.8
HP0001	BSU25460	40.741	27	16	0	92	118	152	178	1.7	25.0
HP0001	BSU09680	36.842	57	26	3	18	69	294	345	2.1	25.0
HP0001	BSU33900	26.190	42	31	0	49	90	60	101	3.5	24.3
HP0001	BSU13420	30.000	30	21	0	16	45	534	563	6.9	23.5
HP0001	BSU35900	62.500	16	5	1	90	105	280	294	6.9	23.5
HP0001	BSU09510	31.429	70	38	3	22	87	3	66	7.2	23.5
HP0001	BSU35170	29.630	54	28	1	40	83	207	260	8.2	23.1
HP0001	BSU08640	31.034	29	20	0	31	59	11	39	9.6	21.9
HP0001	BSU00120	40.909	22	13	0	55	76	34	55	9.8	22.7
HP0002	BSU23250	48.387	155	79	1	1	155	1	154	1.24e-50	156
HP0002	BSU37040	34.921	63	35	2	63	123	3	61	0.048	30.0
HP0002	BSU40750	32.075	53	36	0	1	53	45	97	0.85	25.8
HP0002	BSU18300	33.333	39	26	0	117	155	105	143	1.9	25.4
HP0002	BSU17180	28.169	71	41	2	47	110	1064	1131	2.1	25.4
HP0002	BSU10110	52.632	19	9	0	44	62	661	679	3.2	24.6
HP0002	BSU19030	25.926	81	48	2	83	156	441	516	4.8	24.3
HP0002	BSU15170	20.370	54	43	0	76	129	420	473	5.5	24.3
HP0002	BSU02980	33.333	30	20	0	69	98	376	405	7.0	23.9
HP0002	BSU25590	36.842	38	23	1	111	148	73	109	7.4	23.5
HP0002	BSU25670	29.730	74	43	3	85	155	259	326	8.0	23.5
HP0002	BSU22940	32.558	43	28	1	71	113	95	136	8.1	23.5
HP0002	BSU09290	50.000	18	9	0	74	91	339	356	8.2	23.5
HP0002	BSU38430	25.000	48	30	1	82	129	42	83	8.7	23.5
HP0003	BSU29750	25.267	281	159	8	1	269	109	350	5.35e-13	65.1
HP0003	BSU37830	32.075	53	31	1	101	148	209	261	4.6	25.4
HP0003	BSU08160	27.273	55	40	0	61	115	116	170	6.7	25.0
HP0003	BSU25860	22.656	128	90	3	42	164	135	258	8.3	24.6
HP0004	BSU34670	28.182	110	68	5	1	106	4	106	0.006	33.5
HP0004	BSU30690	28.713	101	59	6	8	103	8	100	0.100	29.6
HP0004	BSU30910	32.653	49	33	0	1	49	224	272	0.11	30.0
HP0004	BSU39860	22.807	57	41	1	15	68	356	412	0.76	27.3
HP0004	BSU25770	26.374	91	48	2	110	200	86	157	1.2	26.9
HP0004	BSU32840	25.000	84	59	2	55	138	623	702	2.7	25.8
HP0004	BSU19320	35.135	37	24	0	4	40	46	82	4.2	25.0
HP0004	BSU40080	32.692	52	30	2	15	64	53	101	7.2	24.3
HP0004	BSU10560	35.484	31	20	0	75	105	151	181	7.5	24.3
HP0004	BSU08840	26.415	53	28	1	1	53	237	278	7.7	24.3
HP0005	BSU15550	38.356	219	125	4	5	216	8	223	4.08e-43	142
HP0005	BSU03460	23.246	228	135	8	1	218	1	198	0.013	32.3
HP0005	BSU30420	23.750	80	60	1	46	125	3	81	0.092	30.0
HP0005	BSU11850	26.786	56	29	1	66	121	33	76	2.5	25.4
HP0005	BSU02770	27.586	58	35	1	81	131	121	178	3.6	25.4
HP0005	BSU01640	29.268	41	26	1	4	44	462	499	4.7	25.0
HP0005	BSU19260	32.000	25	17	0	7	31	1	25	7.0	23.9
HP0006	BSU22420	43.262	282	150	6	1	276	1	278	2.18e-76	231
HP0006	BSU05870	27.381	84	57	3	192	273	200	281	2.4	26.2
HP0009	BSU13530	27.273	110	68	4	266	370	544	646	0.61	30.0
HP0009	BSU25510	22.143	140	78	5	7	141	94	207	2.7	27.7
HP0010	BSU06030	59.619	525	210	2	1	524	1	524	0.0	634
HP0010	BSU41030	33.333	54	36	0	256	309	114	167	0.11	31.2
HP0010	BSU38480	35.135	37	24	0	105	141	44	80	0.44	29.3
HP0010	BSU15870	21.905	105	66	3	232	322	455	557	5.9	26.2
HP0010	BSU10630	43.243	37	15	1	81	117	29	59	9.4	25.8
HP0010	BSU37130	33.333	30	20	0	451	480	7	36	9.8	24.6
HP0011	BSU06020	48.387	93	43	2	3	90	2	94	5.49e-24	85.5
HP0011	BSU17640	50.000	26	12	1	55	79	334	359	0.52	26.2
HP0011	BSU20270	21.951	41	32	0	78	118	5	45	0.84	25.4
HP0011	BSU05180	26.087	46	34	0	1	46	87	132	1.2	25.4
HP0011	BSU04680	50.000	20	10	0	57	76	66	85	1.5	24.6
HP0011	BSU29270	21.849	119	80	3	5	110	16	134	1.5	25.0
HP0011	BSU17240	36.364	33	19	1	24	56	77	107	1.6	24.3
HP0011	BSU11720	26.984	63	39	2	16	78	106	161	1.9	24.6
HP0011	BSU08320	28.571	42	30	0	1	42	80	121	2.4	24.3
HP0011	BSU14350	32.836	67	40	2	17	83	43	104	5.3	23.5
HP0011	BSU01740	40.000	30	18	0	49	78	138	167	7.5	22.7
HP0011	BSU32050	43.478	23	13	0	81	103	251	273	9.1	22.7
HP0012	BSU25210	31.723	476	303	6	7	460	10	485	3.79e-71	236
HP0012	BSU28440	31.034	58	39	1	205	262	397	453	0.091	32.3
HP0012	BSU00880	26.829	82	35	1	272	328	61	142	0.81	28.9
HP0012	BSU11490	34.000	50	29	1	161	210	77	122	1.9	27.3
HP0012	BSU13660	25.490	102	69	2	112	206	369	470	2.9	27.3
HP0012	BSU14320	26.562	64	40	2	319	378	261	321	3.2	27.3
HP0012	BSU25450	38.095	42	25	1	444	484	249	290	3.4	26.9
HP0012	BSU04160	25.581	86	45	3	121	193	130	209	3.9	26.9
HP0012	BSU19790	37.500	32	19	1	194	224	254	285	4.5	26.6
HP0012	BSU14860	41.176	34	20	0	485	518	904	937	4.8	26.9
HP0012	BSU19560	24.000	75	49	1	158	232	4	70	5.0	26.2
HP0012	BSU21550	26.667	60	39	2	502	559	96	152	5.3	25.8
HP0013	BSU27500	25.833	120	79	3	5	114	9	128	0.002	36.6
HP0013	BSU29450	30.435	69	44	2	5	72	6	71	0.003	35.8
HP0013	BSU13720	36.842	38	22	1	1	36	1	38	0.43	28.9
HP0013	BSU29580	38.710	31	19	0	5	35	179	209	0.64	28.5
HP0013	BSU09860	29.577	71	37	2	47	115	89	148	1.0	27.3
HP0013	BSU26190	34.426	61	37	2	207	267	286	343	1.9	26.9
HP0013	BSU36100	27.143	70	43	2	148	210	415	483	3.4	26.2
HP0013	BSU29980	36.364	33	21	0	127	159	6	38	5.1	25.8
HP0013	BSU25370	55.556	18	8	0	102	119	102	119	5.6	25.0
HP0013	BSU03790	26.744	86	48	3	196	275	322	398	8.3	25.0
HP0013	BSU00820	21.951	123	77	3	46	164	347	454	9.2	25.0
HP0013	BSU21110	35.484	31	20	0	102	132	530	560	9.2	25.0
HP0013	BSU40520	52.381	21	10	0	229	249	199	219	9.8	24.6
HP0014	BSU22120	25.185	135	86	5	89	212	22	152	0.55	28.1
HP0014	BSU26160	26.596	94	65	2	70	160	80	172	1.1	26.9
HP0014	BSU18320	38.235	34	19	1	222	255	1348	1379	1.8	26.9
HP0014	BSU09910	28.302	53	34	2	227	275	224	276	2.1	26.6
HP0014	BSU06770	34.615	26	17	0	227	252	118	143	2.4	26.6
HP0014	BSU38300	39.130	23	14	0	206	228	30	52	2.4	26.2
HP0014	BSU39220	39.286	28	17	0	175	202	53	80	2.9	25.4
HP0014	BSU11650	34.884	43	27	1	113	154	11	53	3.7	25.4
HP0014	BSU31440	22.222	72	46	3	176	237	43	114	4.5	25.4
HP0014	BSU28870	36.842	38	13	1	198	235	91	117	5.9	24.6
HP0014	BSU18340	38.235	34	19	1	222	255	1342	1373	6.5	25.0
HP0014	BSU06480	24.000	50	37	1	207	255	551	600	6.5	25.0
HP0014	BSU18310	38.235	34	19	1	222	255	2378	2409	6.8	25.0
HP0014	BSU16560	21.622	74	50	1	56	129	228	293	6.9	25.0
HP0014	BSU32850	35.484	31	20	0	116	146	9	39	7.4	24.6
HP0014	BSU21740	32.759	58	35	1	213	270	115	168	9.3	24.3
HP0014	BSU25450	40.625	32	16	1	211	239	152	183	9.4	24.3
HP0015	BSU12570	43.478	23	10	1	49	68	29	51	0.43	25.8
HP0015	BSU30440	30.000	40	27	1	54	92	268	307	0.43	25.8
HP0015	BSU08690	44.444	18	10	0	66	83	60	77	0.74	25.4
HP0015	BSU03940	40.000	25	15	0	63	87	3	27	1.7	23.9
HP0015	BSU17460	39.394	33	18	1	14	46	345	375	1.7	24.3
HP0015	BSU38050	26.804	97	53	3	13	91	298	394	5.7	22.7
HP0015	BSU38280	23.810	21	16	0	44	64	300	320	7.6	22.3
HP0015	BSU06500	47.059	17	9	0	12	28	85	101	8.4	22.3
HP0016	BSU04540	42.857	21	12	0	30	50	167	187	0.28	26.2
HP0016	BSU23519	52.941	17	8	0	42	58	9	25	3.2	22.7
HP0016	BSU36950	42.857	21	12	0	56	76	302	322	3.8	23.1
HP0016	BSU03860	41.935	31	15	1	40	70	68	95	3.9	22.7
HP0016	BSU06320	28.788	66	36	2	30	86	167	230	4.9	22.7
HP0016	BSU25110	27.869	61	41	1	15	75	159	216	6.4	22.3
HP0016	BSU10450	37.500	24	15	0	37	60	271	294	9.5	21.9
HP0017	BSU29805	58.333	24	10	0	441	464	634	657	0.097	32.7
HP0017	BSU37240	30.000	40	28	0	413	452	223	262	0.16	32.0
HP0017	BSU13220	40.000	40	23	1	437	476	318	356	0.25	31.6
HP0017	BSU16800	36.842	38	21	1	441	475	462	499	0.61	30.0
HP0017	BSU06950	26.136	88	62	1	402	489	209	293	2.1	28.5
HP0017	BSU10390	32.692	104	45	6	33	123	112	203	2.1	28.5
HP0017	BSU21350	23.864	88	63	1	517	600	1036	1123	2.2	28.5
HP0017	BSU24950	30.612	49	30	1	392	436	93	141	2.4	27.7
HP0017	BSU24950	43.333	30	17	0	442	471	42	71	9.4	25.8
HP0017	BSU03590	50.000	32	14	1	444	475	32	61	3.2	27.3
HP0017	BSU19020	26.852	108	59	5	603	701	156	252	3.8	27.3
HP0017	BSU30420	25.263	95	64	3	444	536	40	129	4.0	26.9
HP0017	BSU35160	47.826	23	12	0	442	464	635	657	5.2	27.3
HP0017	BSU01810	34.091	44	21	2	95	133	10	50	5.5	26.6
HP0017	BSU15940	32.558	43	28	1	438	480	23	64	6.8	26.9
HP0017	BSU08210	68.750	16	5	0	444	459	362	377	8.3	26.6
HP0017	BSU02980	34.783	46	14	1	430	459	34	79	9.6	26.2
HP0017	BSU01460	68.750	16	5	0	444	459	25	40	9.8	25.8
HP0018	BSU35040	37.778	45	25	2	267	309	528	571	0.35	30.0
HP0018	BSU00910	28.846	52	31	1	296	341	91	142	3.1	26.2
HP0018	BSU04160	26.415	53	39	0	3	55	538	590	3.2	26.9
HP0018	BSU02320	23.750	80	50	3	6	84	92	161	3.7	26.6
HP0018	BSU39300	30.303	66	39	2	162	227	9	67	5.0	26.2
HP0018	BSU02050	37.931	29	18	0	196	224	117	145	9.7	25.0
HP0019	BSU14010	25.325	308	204	9	17	318	14	301	1.89e-23	95.1
HP0019	BSU29110	26.613	124	83	3	196	318	2	118	8.31e-07	46.2
HP0019	BSU33221	24.000	125	87	4	196	319	3	120	5.21e-06	43.9
HP0019	BSU39660	24.107	112	77	2	199	310	4	107	2.49e-05	41.6
HP0019	BSU03750	23.585	106	73	3	199	304	3	100	4.91e-04	37.7
HP0019	BSU30400	30.303	66	43	1	245	310	45	107	0.002	35.8
HP0019	BSU02550	21.905	105	74	2	200	304	1	97	0.005	34.7
HP0019	BSU26430	23.967	121	81	4	199	317	5	116	0.006	34.3
HP0019	BSU33010	25.333	75	53	2	248	321	48	120	0.015	33.1
HP0019	BSU05420	43.182	44	18	2	248	291	50	86	0.028	32.3
HP0019	BSU34720	29.825	57	37	1	248	304	48	101	0.038	32.0
HP0019	BSU06960	33.333	72	40	3	199	267	4	70	0.081	31.2
HP0019	BSU02740	27.397	73	47	3	245	317	47	113	0.10	30.4
HP0019	BSU02000	19.008	121	89	2	199	319	6	117	0.14	30.0
HP0019	BSU02450	27.103	107	69	3	200	304	4	103	0.20	30.0
HP0019	BSU37130	23.288	73	51	1	196	268	3	70	0.30	28.5
HP0019	BSU31680	29.333	75	49	3	199	271	4	76	0.68	28.1
HP0019	BSU34060	28.333	60	38	1	227	286	34	88	0.74	27.7
HP0019	BSU16440	20.979	143	97	4	30	172	17	143	1.1	26.9
HP0019	BSU38910	25.000	84	58	2	199	281	8	87	1.5	26.9
HP0019	BSU37620	27.027	74	52	2	111	183	49	121	1.6	26.9
HP0019	BSU30450	26.744	86	54	3	1	83	169	248	1.9	26.9
HP0019	BSU04570	27.059	85	47	3	196	265	80	164	2.1	26.9
HP0019	BSU30260	29.545	44	27	1	202	241	286	329	4.7	25.8
HP0019	BSU17150	31.250	48	29	1	99	146	131	174	6.3	25.4
HP0019	BSU35490	23.913	92	52	2	248	321	52	143	6.6	25.0
HP0019	BSU13150	29.545	44	31	0	192	235	9	52	8.1	24.3
HP0019	BSU37410	27.273	44	32	0	229	272	76	119	8.3	25.0
HP0019	BSU20310	29.545	44	29	1	90	131	21	64	8.9	23.1
HP0019	BSU03270	31.373	51	29	1	236	286	48	92	9.7	24.6
HP0020	BSU30870	38.710	31	19	0	178	208	86	116	5.5	25.8
HP0020	BSU04970	35.385	65	36	3	10	73	106	165	7.9	25.4
HP0020	BSU21910	36.364	44	27	1	46	88	88	131	9.3	25.0
HP0021	BSU07570	30.000	30	21	0	115	144	292	321	2.9	25.4
HP0021	BSU30090	26.667	60	33	1	9	57	12	71	5.7	24.3
HP0021	BSU10820	31.667	60	35	2	56	109	328	387	6.7	24.3
HP0021	BSU31980	30.645	62	41	1	78	139	436	495	7.0	24.3
HP0021	BSU34490	25.532	47	28	1	131	177	36	75	7.2	23.5
HP0022	BSU36440	28.571	49	35	0	209	257	27	75	0.51	28.5
HP0022	BSU19470	29.670	91	46	6	288	366	16	100	2.0	26.6
HP0022	BSU24500	30.233	43	30	0	198	240	89	131	2.1	26.6
HP0022	BSU14000	22.388	67	45	1	387	446	263	329	3.7	26.9
HP0022	BSU34600	35.135	37	24	0	462	498	276	312	5.2	26.2
HP0022	BSU08440	25.773	97	58	3	333	416	169	264	5.4	26.2
HP0022	BSU38810	25.000	56	41	1	234	288	7	62	6.0	26.2
HP0022	BSU18120	25.000	92	55	2	75	164	141	220	7.2	25.8
HP0022	BSU03930	28.889	45	31	1	73	116	106	150	7.2	25.8
HP0022	BSU37270	45.455	22	12	0	487	508	285	306	7.8	25.8
HP0025	BSU37690	23.611	72	52	1	571	642	235	303	1.0	29.3
HP0025	BSU30360	22.069	145	99	4	163	301	70	206	1.3	28.5
HP0025	BSU36160	38.462	26	16	0	501	526	27	52	5.5	26.6
HP0025	BSU35680	27.381	84	52	3	563	645	721	796	8.3	26.2
HP0025	BSU37430	35.714	28	18	0	98	125	174	201	10.0	25.8
HP_RS00140	BSU08570	41.667	24	14	0	12	35	97	120	2.0	21.9
HP_RS00140	BSU32390	77.778	9	2	0	31	39	152	160	5.1	20.8
HP_RS00140	BSU12890	44.444	18	10	0	22	39	124	141	6.2	20.8
HP_RS00140	BSU10350	24.324	37	28	0	4	40	143	179	7.6	20.4
HP_RS00140	BSU04190	38.462	26	14	1	24	47	150	175	8.0	20.4
HP_RS00140	BSU24205	42.105	19	11	0	6	24	22	40	9.9	19.6
HP0026	BSU29140	37.673	361	198	8	66	425	25	359	3.05e-65	210
HP0026	BSU24140	31.525	387	234	10	42	425	7	365	2.76e-53	179
HP0026	BSU09440	30.971	381	236	6	45	425	5	358	9.85e-53	177
HP0026	BSU17220	30.357	56	33	2	222	277	508	557	0.24	30.4
HP0026	BSU21930	40.000	25	15	0	9	33	42	66	1.4	25.8
HP0026	BSU09100	37.500	24	15	0	9	32	42	65	1.8	25.4
HP0026	BSU09310	25.556	90	53	2	217	293	169	257	2.8	26.9
HP0026	BSU17190	35.000	40	23	1	143	179	3620	3659	3.1	26.9
HP0026	BSU31980	41.667	24	14	0	157	180	136	159	4.7	26.2
HP0026	BSU34110	29.333	75	47	2	153	221	69	143	5.6	25.8
HP0026	BSU10110	32.075	53	34	1	166	216	194	246	6.8	25.8
HP0026	BSU35040	40.000	35	21	0	270	304	1146	1180	6.9	25.8
HP0026	BSU07300	37.931	29	18	0	90	118	141	169	8.0	25.4
HP0026	BSU28520	36.842	38	22	1	249	284	250	287	9.2	25.0
HP0027	BSU29130	62.937	429	134	5	13	425	3	422	0.0	540
HP0027	BSU04000	26.455	378	218	11	32	401	8	333	5.78e-26	104
HP0027	BSU28270	27.796	313	167	11	126	424	93	360	1.20e-24	101
HP0028	BSU13340	36.000	25	16	0	56	80	78	102	1.4	25.8
HP0028	BSU24380	40.541	37	21	1	1	37	4	39	1.8	25.4
HP0028	BSU13130	35.556	45	23	2	63	107	351	389	3.8	24.6
HP0028	BSU33550	41.176	34	20	0	8	41	349	382	4.2	24.6
HP0028	BSU34440	22.951	122	80	4	25	136	303	420	6.0	24.3
HP0028	BSU07800	44.000	25	13	1	40	64	91	114	8.3	23.9
HP0028	BSU34729	36.364	22	14	0	16	37	6	27	9.6	22.3
HP0029	BSU30210	25.157	159	111	5	2	159	4	155	2.95e-09	52.4
HP0029	BSU08220	24.561	114	76	4	9	122	401	504	1.3	26.9
HP0029	BSU02490	30.120	83	45	3	94	171	375	449	2.6	25.8
HP0029	BSU01980	26.923	52	26	1	166	217	45	84	3.9	24.6
HP0029	BSU18790	39.130	46	26	1	135	178	99	144	4.5	24.6
HP0029	BSU33610	30.508	59	34	3	75	133	463	514	5.9	24.6
HP0029	BSU39290	30.952	42	25	1	176	217	70	107	7.0	23.9
HP0029	BSU24840	30.233	43	29	1	59	101	181	222	7.3	24.3
HP0029	BSU28770	26.829	82	53	2	30	111	64	138	8.3	23.9
HP0029	BSU18830	30.000	30	21	0	162	191	714	743	9.0	24.3
HP0029	BSU40340	32.258	31	21	0	55	85	306	336	9.9	23.9
HP0030	BSU18340	23.711	97	65	2	404	498	1064	1153	2.9	27.7
HP0030	BSU01660	37.500	48	27	2	343	390	67	111	6.2	26.6
HP0030	BSU08270	33.333	45	29	1	54	97	72	116	7.3	25.8
HP0031	BSU27560	34.615	52	32	1	64	115	178	227	0.67	26.6
HP0031	BSU34790	30.556	36	23	1	99	132	5	40	1.6	25.4
HP0031	BSU19370	31.429	70	38	3	43	104	491	558	1.7	25.4
HP0031	BSU08840	30.263	76	35	3	70	127	53	128	2.3	24.6
HP0031	BSU06230	50.000	20	10	0	59	78	219	238	3.5	24.3
HP0031	BSU11510	30.556	36	22	1	34	66	151	186	4.0	23.9
HP0031	BSU04720	25.490	51	37	1	7	56	45	95	5.1	23.5
HP0031	BSU09720	28.814	59	40	1	57	113	539	597	6.6	23.5
HP0031	BSU19290	42.308	26	15	0	26	51	52	77	7.4	22.7
HP0031	BSU00850	42.105	19	11	0	61	79	48	66	8.2	23.1
HP0031	BSU18250	26.415	53	39	0	27	79	140	192	8.3	23.1
HP0032	BSU09990	30.769	39	27	0	34	72	16	54	0.95	24.6
HP0032	BSU36790	37.931	29	11	1	50	71	100	128	2.0	23.9
HP0032	BSU13780	36.842	19	12	0	65	83	60	78	2.7	23.5
HP0032	BSU40280	46.429	28	15	0	37	64	205	232	6.8	22.3
HP0032	BSU07360	26.667	30	22	0	3	32	44	73	9.5	21.9
HP0032	BSU25510	54.545	11	5	0	57	67	307	317	9.8	21.9
HP0033	BSU00860	35.528	805	437	13	2	728	4	804	2.98e-151	457
HP0033	BSU13700	40.097	621	312	6	144	706	59	677	5.64e-149	448
HP0033	BSU28220	25.461	271	134	10	481	695	114	372	1.80e-06	47.8
HP0033	BSU28220	31.395	86	43	4	197	277	109	183	9.1	26.2
HP0033	BSU28200	30.645	124	72	6	481	594	352	471	9.30e-06	45.8
HP0033	BSU28200	36.364	44	22	1	187	224	331	374	8.8	26.2
HP0033	BSU27530	23.881	201	111	8	164	358	2	166	9.99e-05	42.0
HP0033	BSU27530	22.018	109	64	2	468	574	30	119	0.17	31.6
HP0033	BSU16160	25.926	162	93	6	548	694	275	424	5.52e-04	39.7
HP0033	BSU16160	31.915	47	32	0	478	524	54	100	0.055	33.5
HP0033	BSU27730	22.271	229	134	5	440	659	17	210	0.009	35.4
HP0033	BSU00690	34.211	76	40	2	480	555	198	263	0.022	34.7
HP0033	BSU00690	26.957	115	60	4	178	280	163	265	0.078	33.1
HP0033	BSU12420	20.870	115	66	2	480	594	224	313	0.026	34.3
HP0033	BSU24100	31.092	119	61	5	174	280	364	473	0.11	32.3
HP0033	BSU28980	44.737	38	14	1	202	232	166	203	0.35	30.4
HP0033	BSU21470	26.190	84	51	3	135	218	458	530	0.37	30.8
HP0033	BSU11960	29.508	61	37	2	382	442	88	142	0.38	30.0
HP0033	BSU24730	26.531	196	110	9	371	559	53	221	0.45	30.4
HP0033	BSU07100	28.814	59	35	1	283	334	27	85	0.65	30.0
HP0033	BSU17330	50.000	28	12	1	474	501	6	31	0.90	29.3
HP0033	BSU00190	41.935	31	18	0	478	508	40	70	1.6	28.5
HP0033	BSU40150	61.111	18	7	0	482	499	32	49	1.7	28.1
HP0033	BSU19390	29.000	100	68	2	480	577	69	167	1.7	28.5
HP0033	BSU03150	46.154	26	14	0	196	221	10	35	1.9	27.7
HP0033	BSU08220	54.167	24	10	1	475	497	390	413	3.3	27.7
HP0033	BSU38460	22.973	74	48	2	261	331	74	141	3.6	27.3
HP0033	BSU31875	25.641	78	42	3	480	557	679	740	4.1	27.3
HP0033	BSU40350	34.783	46	28	1	174	217	139	184	6.7	26.6
HP0033	BSU36810	28.916	83	49	3	146	224	102	178	7.2	26.6
HP0033	BSU05480	28.125	64	33	2	5	59	54	113	7.4	26.2
HP0033	BSU24240	34.375	32	21	0	200	231	25	56	7.7	26.6
HP0033	BSU33830	57.895	19	7	1	477	494	28	46	8.5	26.2
HP0033	BSU33730	57.895	19	7	1	477	494	28	46	8.5	26.2
HP0033	BSU34700	45.238	42	20	1	459	497	15	56	8.6	26.2
HP0034	BSU22410	50.000	114	56	1	1	113	1	114	2.29e-35	115
HP0034	BSU31090	23.377	77	57	2	14	89	135	210	0.15	27.7
HP0034	BSU15870	25.455	55	35	1	57	111	340	388	0.52	26.6
HP0034	BSU18090	39.286	28	17	0	27	54	188	215	2.0	24.6
HP0034	BSU05080	34.043	47	23	3	66	108	139	181	3.1	23.9
HP0034	BSU33290	41.379	29	16	1	46	74	197	224	4.2	23.5
HP0034	BSU13860	36.111	36	22	1	51	86	187	221	4.8	23.5
HP0034	BSU20540	31.746	63	43	0	47	109	11	73	5.3	23.1
HP0034	BSU39640	32.500	40	13	1	70	109	144	169	5.4	23.1
HP0034	BSU01430	24.390	41	31	0	40	80	5	45	6.1	23.1
HP0034	BSU31160	30.357	56	32	2	37	92	214	262	6.3	23.1
HP0034	BSU01730	26.000	50	35	1	10	59	26	73	7.4	22.7
HP0034	BSU36810	27.143	70	37	1	62	117	69	138	8.1	22.7
HP0035	BSU00200	27.711	83	54	2	16	96	21	99	1.63e-05	37.4
HP0035	BSU25420	36.000	25	16	0	68	92	224	248	3.8	23.1
HP0035	BSU18910	30.556	36	19	1	3	32	32	67	4.7	23.1
HP0035	BSU36390	27.778	36	20	1	2	37	40	69	5.1	22.7
HP0035	BSU30960	34.286	35	13	2	57	81	151	185	5.5	22.7
HP0035	BSU36460	22.857	70	49	2	28	92	169	238	6.4	22.7
HP0035	BSU15330	32.143	56	32	2	1	50	11	66	8.2	22.3
HP0035	BSU15880	47.619	21	8	1	45	62	75	95	8.4	22.3
HP0036	BSU12620	35.484	31	19	1	280	310	75	104	0.64	27.3
HP0036	BSU16470	34.091	44	29	0	184	227	172	215	1.0	27.7
HP0036	BSU40620	28.571	77	42	3	124	195	6	74	2.1	26.6
HP0036	BSU27500	26.804	97	41	5	128	224	230	296	3.7	26.2
HP0036	BSU14430	30.189	53	30	2	139	191	29	74	7.3	25.0
HP0036	BSU04980	26.250	80	50	2	114	193	23	93	7.3	24.6
HP0037	BSU24570	27.778	72	48	2	32	99	239	310	0.14	30.8
HP0037	BSU33500	17.857	84	64	1	132	215	392	470	2.1	26.9
HP0037	BSU21610	41.463	41	23	1	294	334	233	272	2.4	26.6
HP0037	BSU35220	28.571	56	37	1	254	306	223	278	6.7	25.4
HP0037	BSU23519	50.000	22	11	0	61	82	8	29	7.4	23.5
HP0037	BSU05340	40.000	25	15	0	52	76	219	243	8.6	25.0
HP0037	BSU35940	31.034	29	16	1	130	158	77	101	9.3	25.0
HP0038	BSU38420	27.027	111	66	3	114	209	23	133	0.007	33.9
HP0038	BSU03110	41.667	48	26	2	35	82	313	358	0.033	32.0
HP0038	BSU16180	37.931	29	18	0	79	107	59	87	0.54	27.3
HP0038	BSU16890	32.653	49	32	1	113	161	25	72	1.0	26.6
HP0038	BSU35540	31.707	41	28	0	96	136	163	203	1.4	26.9
HP0038	BSU38070	33.333	39	26	0	192	230	114	152	2.0	26.2
HP0038	BSU34370	38.710	31	17	1	166	196	111	139	4.0	25.0
HP0038	BSU37770	23.894	113	64	4	154	244	264	376	7.3	24.6
HP0038	BSU16860	30.435	46	31	1	139	183	106	151	8.4	24.3
HP0041	BSU34600	39.286	28	17	0	185	212	216	243	0.37	29.6
HP0041	BSU13660	32.258	62	32	2	64	116	37	97	0.92	28.1
HP0041	BSU38270	36.538	52	29	1	38	85	82	133	2.5	26.9
HP0041	BSU07460	28.986	69	28	3	200	268	208	255	7.5	25.4
HP0041	BSU11450	48.000	25	13	0	215	239	163	187	7.6	25.0
HP0043	BSU33240	28.378	74	48	1	377	445	261	334	0.020	33.9
HP0043	BSU04410	30.645	62	42	1	391	451	45	106	0.071	30.4
HP0043	BSU37840	24.138	58	43	1	3	60	1	57	0.10	31.2
HP0043	BSU11220	25.758	66	40	1	56	112	198	263	0.20	30.8
HP0043	BSU39980	20.879	182	128	6	251	430	108	275	0.31	30.0
HP0043	BSU34610	28.889	45	32	0	223	267	146	190	1.0	28.5
HP0043	BSU23620	22.689	119	78	4	44	157	55	164	1.5	27.7
HP0043	BSU04630	23.786	206	120	9	106	292	32	219	1.8	27.7
HP0043	BSU40770	33.333	36	23	1	400	434	403	438	3.1	26.9
HP0043	BSU29740	23.577	123	65	4	86	199	137	239	4.9	26.2
HP0043	BSU00550	27.848	79	42	3	315	391	747	812	5.1	26.6
HP0043	BSU37340	34.000	50	27	1	154	203	4	47	5.1	25.4
HP0043	BSU05950	35.849	53	25	2	81	124	160	212	5.2	26.2
HP0043	BSU16420	28.571	28	20	0	3	30	122	149	7.7	25.4
HP0043	BSU28390	23.864	88	62	2	210	292	144	231	8.9	25.4
HP0043	BSU14260	30.909	55	28	3	1	55	1	45	9.2	25.0
HP0044	BSU07280	31.667	180	109	3	2	179	5	172	6.50e-16	74.7
HP0044	BSU38860	23.243	370	220	11	7	358	4	327	1.29e-09	55.8
HP0044	BSU37830	25.907	193	133	7	85	274	78	263	4.52e-08	50.8
HP0044	BSU30870	28.049	164	107	5	85	246	78	232	3.79e-06	45.1
HP0044	BSU34350	25.781	128	87	3	1	125	266	388	5.31e-04	38.5
HP0044	BSU06880	42.500	40	23	0	1	40	2	41	0.014	33.9
HP0044	BSU37820	24.684	158	86	4	7	163	5	130	0.083	31.2
HP0044	BSU37180	43.590	39	21	1	329	366	667	705	0.42	29.6
HP0044	BSU28630	34.211	38	25	0	13	50	16	53	2.1	27.3
HP0044	BSU31840	30.435	46	32	0	7	52	5	50	3.2	26.2
HP0044	BSU31520	41.935	31	17	1	130	159	495	525	3.5	26.6
HP0044	BSU35660	38.710	31	15	1	63	93	252	278	3.9	26.2
HP0044	BSU33930	29.730	37	26	0	289	325	88	124	5.3	25.8
HP0044	BSU16870	44.444	27	15	0	4	30	3	29	8.7	25.0
HP0045	BSU38860	22.255	337	212	13	5	303	3	327	7.12e-07	47.0
HP0045	BSU37830	22.866	328	211	14	1	304	1	310	1.02e-06	46.2
HP0045	BSU07280	21.127	284	173	10	47	309	68	321	0.52	28.5
HP0045	BSU30870	20.321	187	134	5	59	245	78	249	1.3	27.3
HP0045	BSU17850	25.000	80	50	1	216	295	10	79	1.7	26.6
HP0045	BSU21870	32.692	52	29	2	239	284	285	336	2.4	26.6
HP0045	BSU34440	26.115	157	69	8	125	245	141	286	3.2	26.2
HP0045	BSU16870	28.571	63	34	1	1	52	1	63	4.7	25.4
HP0045	BSU17430	25.000	64	39	2	119	182	277	331	6.4	25.0
HP0045	BSU00040	25.397	63	46	1	10	71	281	343	6.9	25.0
HP0045	BSU11820	30.952	42	27	1	69	110	523	562	7.9	25.0
HP0045	BSU07390	29.412	85	51	3	204	288	7	82	9.0	24.3
HP0045	BSU22010	25.714	70	49	2	232	300	195	262	9.2	24.6
HP0045	BSU06960	35.714	42	27	0	155	196	98	139	9.7	24.6
HP0045	BSU17180	41.935	31	13	1	39	64	4246	4276	9.8	24.6
HP0047	BSU05900	24.870	193	130	6	65	248	61	247	0.003	35.8
HP0047	BSU24570	27.857	140	80	7	47	168	198	334	0.17	30.0
HP0047	BSU22220	35.849	53	29	2	280	327	569	621	3.2	26.6
HP0047	BSU08290	30.769	65	41	2	247	309	230	292	3.2	26.2
HP0047	BSU27440	24.658	73	52	2	96	165	70	142	3.8	25.8
HP0047	BSU01870	37.500	24	15	0	140	163	23	46	4.5	24.6
HP0047	BSU36960	28.889	45	28	1	280	324	82	122	5.4	25.0
HP0047	BSU33550	22.857	105	56	5	78	168	121	214	6.0	25.4
HP0047	BSU11900	42.424	33	16	1	32	61	139	171	6.2	25.4
HP0047	BSU23810	42.857	21	12	0	6	26	497	517	6.9	25.4
HP0047	BSU19450	30.000	30	21	0	20	49	65	94	8.2	24.6
HP0047	BSU17180	23.529	68	50	2	93	158	577	644	9.2	25.0
HP0047	BSU28330	28.814	59	39	1	68	126	56	111	9.4	24.3
HP0048	BSU07640	39.344	61	34	2	3	60	5	65	2.32e-05	40.4
HP0048	BSU36950	21.277	141	106	3	191	327	17	156	0.056	33.1
HP0048	BSU10910	32.927	82	45	2	617	689	32	112	0.56	29.6
HP0048	BSU00430	27.397	73	47	2	430	502	141	207	0.87	29.3
HP0048	BSU16420	34.000	50	30	1	468	517	190	236	0.95	29.3
HP0048	BSU10640	32.759	58	37	1	226	283	225	280	1.6	28.5
HP0048	BSU34990	33.333	48	31	1	626	672	43	90	3.3	27.3
HP0048	BSU14280	34.615	26	17	0	187	212	136	161	9.8	26.2
HP0049	BSU06550	31.818	44	30	0	83	126	371	414	0.93	28.1
HP0049	BSU36270	25.275	91	53	3	171	246	444	534	1.3	27.7
HP0049	BSU04640	23.529	51	39	0	94	144	214	264	1.8	26.9
HP0049	BSU22220	45.455	22	12	0	173	194	308	329	3.6	26.2
HP0049	BSU38200	33.333	36	23	1	281	315	138	173	4.8	25.8
HP0049	BSU13020	43.478	23	13	0	307	329	260	282	7.6	25.0
HP0049	BSU19710	25.000	72	46	1	139	202	271	342	8.4	25.0
HP0049	BSU11910	46.154	26	14	0	218	243	194	219	8.6	25.0
HP0050	BSU01450	30.000	60	40	1	113	172	61	118	0.12	30.0
HP0050	BSU17220	22.680	97	62	3	9	100	2310	2398	0.37	28.9
HP0050	BSU13340	26.562	64	41	3	42	104	32	90	1.5	26.2
HP0050	BSU40760	29.167	72	50	1	125	195	71	142	1.7	26.2
HP0050	BSU21580	25.926	81	57	2	13	92	413	491	2.2	26.2
HP0050	BSU26030	29.630	54	38	0	159	212	403	456	2.3	26.2
HP0050	BSU03160	37.143	35	22	0	191	225	41	75	2.4	25.8
HP0050	BSU29900	32.000	50	32	1	182	229	33	82	2.9	25.4
HP0050	BSU34590	30.435	46	27	2	136	176	199	244	3.4	25.4
HP0050	BSU03900	46.429	28	14	1	81	107	228	255	3.8	25.4
HP0050	BSU06730	18.367	98	53	2	7	104	366	436	4.6	25.0
HP0050	BSU06790	35.294	34	22	0	113	146	28	61	5.3	23.9
HP0050	BSU22960	37.931	29	18	0	84	112	341	369	6.7	24.6
HP0050	BSU37790	33.333	27	18	0	86	112	340	366	7.4	24.6
HP0050	BSU40520	18.182	55	45	0	37	91	135	189	7.5	24.3
HP0050	BSU08020	32.432	37	25	0	191	227	321	357	8.5	24.3
HP0051	BSU06060	30.563	373	192	14	5	346	86	422	4.59e-33	124
HP0051	BSU20250	30.097	206	96	5	4	171	5	200	2.72e-17	79.3
HP0051	BSU06070	24.713	174	114	4	4	172	2	163	3.89e-12	63.5
HP0051	BSU19800	30.488	82	42	4	213	294	44	110	0.18	30.4
HP0051	BSU15010	41.860	43	22	2	6	47	46	86	0.36	28.9
HP0051	BSU35750	40.000	35	19	1	312	346	130	162	0.40	28.9
HP0051	BSU15100	24.074	54	39	1	258	311	109	160	2.0	26.6
HP0051	BSU16860	32.692	52	33	1	33	82	209	260	2.6	26.6
HP0051	BSU40950	35.484	31	20	0	173	203	74	104	8.8	24.6
HP0051	BSU00730	33.333	36	17	2	284	319	141	169	9.7	24.6
HP0052	BSU28060	29.825	57	40	0	240	296	261	317	0.006	35.0
HP0052	BSU31330	42.105	38	21	1	248	285	77	113	1.1	27.3
HP0052	BSU29520	34.211	38	23	1	193	228	127	164	1.9	26.9
HP0052	BSU31920	29.545	44	31	0	160	203	379	422	7.2	25.4
HP0053	BSU13950	28.986	69	32	2	297	365	196	247	0.53	29.3
HP0053	BSU07560	32.203	59	35	3	99	153	37	94	1.5	27.7
HP0053	BSU07330	36.364	33	21	0	143	175	131	163	4.9	25.8
HP0053	BSU20060	54.545	22	10	0	364	385	648	669	5.5	26.2
HP0053	BSU39010	25.806	62	42	2	81	139	37	97	6.0	25.8
HP0053	BSU36960	32.500	40	26	1	153	192	15	53	7.0	25.0
HP0053	BSU35699	20.988	81	64	0	120	200	2	82	8.6	25.0
HP0053	BSU29300	28.070	57	32	2	344	397	27	77	9.1	25.0
HP0054	BSU06060	24.390	246	138	12	2	231	79	292	1.49e-07	51.2
HP0054	BSU20250	33.010	103	56	4	90	192	112	201	4.85e-05	43.1
HP0054	BSU06070	22.807	171	107	8	87	252	61	211	0.038	33.9
HP0054	BSU19540	28.000	75	47	1	311	378	3	77	1.3	27.7
HP0054	BSU05880	23.226	155	81	5	346	500	203	319	3.7	27.3
HP0054	BSU29480	23.267	202	126	8	446	634	107	292	7.6	26.6
HP0054	BSU09380	30.612	49	34	0	569	617	6	54	7.6	25.8
HP0055	BSU03220	51.648	455	219	1	21	475	1	454	1.14e-168	481
HP0055	BSU06660	48.305	472	241	2	6	475	1	471	1.70e-161	464
HP0055	BSU38240	22.970	431	307	10	20	436	15	434	1.14e-19	88.6
HP0055	BSU10450	24.324	333	239	10	114	440	107	432	3.16e-11	62.0
HP0055	BSU19580	21.712	479	341	17	30	493	29	488	1.55e-07	50.4
HP0055	BSU35678	23.288	73	54	2	200	272	2	72	1.2	26.2
HP0055	BSU05090	34.524	84	45	4	46	126	81	157	1.9	27.7
HP0055	BSU17790	31.429	35	24	0	249	283	115	149	2.4	26.9
HP0055	BSU02670	32.432	37	21	1	442	478	330	362	3.1	26.9
HP0055	BSU40060	31.034	58	21	2	284	322	440	497	4.5	26.6
HP0055	BSU04060	23.780	164	105	6	211	357	108	268	7.9	25.8
HP0056	BSU37780	32.731	443	276	7	535	959	64	502	3.51e-59	209
HP0056	BSU03210	30.702	456	282	9	534	959	51	502	4.59e-57	203
HP0056	BSU02470	27.765	443	291	9	523	946	32	464	6.97e-43	160
HP0056	BSU31060	27.163	416	280	6	556	954	54	463	7.24e-37	143
HP0056	BSU19310	26.419	458	304	12	516	956	37	478	7.24e-35	137
HP0056	BSU03910	25.000	460	323	8	524	965	5	460	5.20e-34	134
HP0056	BSU38830	26.261	476	313	14	514	968	21	479	1.12e-33	133
HP0056	BSU07350	29.179	329	208	9	632	948	142	457	3.37e-30	122
HP0056	BSU39760	25.287	435	293	9	535	948	35	458	2.55e-29	120
HP0056	BSU37960	24.348	345	235	9	633	968	104	431	4.70e-20	91.7
HP0056	BSU39860	24.620	329	239	6	624	948	99	422	8.39e-20	90.5
HP0056	BSU32850	24.351	308	180	13	120	421	35	295	1.26e-11	63.9
HP0056	BSU03200	26.923	286	159	13	140	420	55	295	1.65e-07	51.2
HP0056	BSU13130	25.974	77	54	2	853	929	295	368	0.22	32.0
HP0056	BSU20060	31.579	57	27	2	562	610	134	186	0.76	30.4
HP0056	BSU00550	25.352	71	50	2	428	498	567	634	2.1	29.3
HP0056	BSU40160	36.364	44	28	0	865	908	174	217	2.9	28.1
HP0056	BSU14280	25.333	75	54	2	15	89	31	103	3.9	28.1
HP0056	BSU16500	36.585	41	25	1	572	612	1	40	4.6	27.7
HP0056	BSU33410	36.364	44	26	2	746	789	63	104	5.7	26.9
HP0056	BSU12320	24.675	77	47	2	875	941	77	152	6.5	27.3
HP0057	BSU25770	42.424	33	13	1	22	54	18	44	0.75	24.3
HP0057	BSU35770	29.167	48	33	1	22	69	123	169	0.76	24.3
HP0057	BSU06560	24.390	82	35	3	1	56	487	567	1.2	23.9
HP0057	BSU08150	32.143	56	26	1	13	68	40	83	2.3	23.1
HP0057	BSU05730	34.694	49	25	2	15	61	11	54	3.5	22.3
HP0057	BSU20360	30.769	39	22	1	33	66	304	342	4.4	22.3
HP0057	BSU16420	44.444	18	10	0	47	64	198	215	4.8	21.9
HP0057	BSU35270	39.286	28	17	0	1	28	1	28	7.6	21.2
HP0057	BSU28970	30.189	53	31	2	7	55	75	125	7.8	21.6
HP0057	BSU22030	32.000	25	17	0	42	66	873	897	8.5	21.6
HP0057	BSU28380	56.250	16	7	0	15	30	17	32	8.9	21.2
HP0058	BSU00860	26.596	94	55	3	92	183	166	247	0.77	28.5
HP0058	BSU06140	23.348	227	134	8	63	283	241	433	1.9	27.3
HP0058	BSU01810	37.255	51	30	2	270	319	98	147	4.5	25.4
HP0058	BSU29770	31.081	74	47	4	83	155	79	149	5.9	25.0
HP0058	BSU36330	50.000	30	15	0	56	85	69	98	6.1	24.6
HP0058	BSU36330	50.000	30	15	0	133	162	69	98	6.1	24.6
HP0058	BSU05740	30.612	49	28	3	266	308	51	99	6.3	25.4
HP0058	BSU38120	27.586	29	21	0	5	33	233	261	7.9	25.0
HP0059	BSU10160	26.778	239	139	10	42	256	193	419	0.020	33.1
HP0059	BSU10160	30.864	81	46	3	37	108	431	510	3.3	26.2
HP0059	BSU11040	33.898	59	37	1	168	226	71	127	0.060	30.8
HP0059	BSU30380	24.167	120	76	2	5	109	127	246	0.25	29.3
HP0059	BSU33380	56.000	25	8	1	163	187	42	63	1.5	26.9
HP0059	BSU04780	41.071	56	24	4	6	53	543	597	2.1	26.6
HP0059	BSU09050	35.135	37	23	1	4	40	59	94	2.5	26.2
HP0059	BSU18420	31.579	76	44	3	178	246	38	112	3.4	25.8
HP0059	BSU36330	46.667	30	16	0	80	109	69	98	7.6	24.3
HP0060	BSU14470	22.707	229	139	9	328	530	63	279	0.83	29.6
HP0060	BSU18370	35.000	60	35	2	609	666	74	131	2.0	28.5
HP0060	BSU01780	34.545	55	28	2	165	219	237	283	2.3	28.1
HP0060	BSU29330	36.842	38	23	1	169	206	232	268	6.1	26.6
HP0060	BSU26150	28.049	82	46	3	508	589	114	182	6.5	26.6
HP0060	BSU00330	33.333	63	37	2	508	570	11	68	10.0	25.0
HP0061	BSU07330	44.444	36	19	1	19	53	130	165	0.23	28.5
HP0061	BSU35720	29.231	65	40	2	71	134	32	91	1.3	26.6
HP0061	BSU06490	35.294	34	21	1	2	35	164	196	6.9	24.3
HP0061	BSU07590	30.357	56	38	1	116	170	141	196	6.9	23.9
HP0061	BSU31550	26.829	41	26	1	60	96	161	201	7.0	24.3
HP0061	BSU11990	34.783	46	23	1	67	112	25	63	8.0	23.1
HP0062	BSU23760	29.167	48	34	0	4	51	229	276	0.23	26.6
HP0062	BSU14730	30.769	39	27	0	21	59	11	49	0.43	25.4
HP0062	BSU17050	32.500	40	27	0	25	64	563	602	0.92	24.6
HP0062	BSU05410	26.506	83	42	3	4	86	222	285	1.4	24.3
HP0062	BSU29100	23.214	56	42	1	10	65	197	251	2.4	23.5
HP0062	BSU17480	23.944	71	46	2	1	70	43	106	2.8	23.1
HP0062	BSU16200	22.000	50	39	0	14	63	1	50	3.4	22.7
HP0062	BSU08170	22.581	62	47	1	6	66	1	62	3.4	22.7
HP0062	BSU16500	29.851	67	37	4	13	79	80	136	9.7	21.9
HP0063	BSU40400	36.735	49	27	2	312	356	221	269	0.65	29.3
HP0063	BSU17210	29.487	78	48	2	127	199	2781	2856	1.4	28.5
HP0063	BSU27310	26.923	78	46	3	350	425	94	162	3.6	26.9
HP0063	BSU30500	26.786	56	40	1	7	61	131	186	4.4	26.6
HP0063	BSU31250	41.379	29	16	1	314	341	322	350	5.0	26.6
HP0063	BSU05400	31.250	64	34	1	185	238	76	139	6.2	25.4
HP0064	BSU10900	40.741	27	15	1	78	103	226	252	1.1	25.8
HP0064	BSU09330	33.333	42	17	1	88	129	106	136	1.3	25.4
HP0064	BSU24180	23.333	60	45	1	31	90	185	243	2.5	24.6
HP0064	BSU04940	32.432	37	20	2	57	88	472	508	3.2	24.6
HP0064	BSU07300	42.308	26	13	1	52	75	197	222	3.7	24.3
HP0064	BSU29805	40.000	25	15	0	13	37	894	918	4.8	23.9
HP0064	BSU26190	35.185	54	28	2	57	110	154	200	4.8	23.9
HP0064	BSU12730	31.818	44	29	1	48	90	192	235	5.1	23.9
HP0064	BSU27510	22.667	75	40	2	19	80	239	308	6.7	23.5
HP0064	BSU13880	27.027	37	27	0	25	61	99	135	8.4	23.1
HP0064	BSU22140	64.286	14	5	0	64	77	111	124	9.9	22.7
HP0065	BSU23160	28.788	66	39	2	25	90	73	130	1.5	25.0
HP0065	BSU00160	26.966	89	41	4	15	97	162	232	2.5	24.3
HP0065	BSU22500	36.111	36	23	0	82	117	25	60	3.4	23.5
HP0065	BSU08050	26.531	49	34	1	6	52	11	59	4.4	23.5
HP0065	BSU31370	40.741	27	16	0	28	54	213	239	4.5	23.5
HP0065	BSU39380	36.364	33	17	1	48	76	153	185	4.6	23.5
HP0065	BSU10380	20.896	67	50	1	46	112	324	387	6.1	23.1
HP0065	BSU34160	27.500	40	26	1	32	68	98	137	8.1	22.7
HP0065	BSU32340	26.190	42	31	0	32	73	21	62	8.9	22.7
HP0066	BSU31875	31.020	245	152	8	302	535	632	870	1.48e-22	100
HP0066	BSU31875	22.872	188	123	6	348	527	1008	1181	5.94e-06	46.6
HP0066	BSU31875	38.000	50	23	3	322	367	1265	1310	0.11	32.7
HP0066	BSU29805	30.980	255	153	12	303	546	595	837	1.36e-20	94.0
HP0066	BSU16800	29.825	228	139	7	321	535	439	658	6.46e-18	85.1
HP0066	BSU04860	23.077	195	123	7	345	530	229	405	0.068	33.1
HP0066	BSU15050	26.984	63	42	1	58	116	45	107	0.21	31.6
HP0066	BSU05950	28.571	49	34	1	321	369	8	55	1.9	28.5
HP0066	BSU26260	31.250	48	30	1	340	387	161	205	2.0	28.1
HP0066	BSU17190	24.490	49	37	0	688	736	2221	2269	2.1	28.5
HP0066	BSU17190	25.000	44	33	0	693	736	3163	3206	4.5	27.7
HP0066	BSU05610	37.838	37	19	1	348	384	35	67	2.2	28.5
HP0066	BSU11690	54.545	22	10	0	667	688	139	160	2.3	28.1
HP0066	BSU10140	50.000	22	11	0	64	85	121	142	2.5	28.1
HP0066	BSU17210	32.653	49	32	1	689	736	1380	1428	2.9	28.1
HP0066	BSU31460	35.135	37	22	1	24	60	73	107	3.9	26.6
HP0066	BSU28520	25.000	84	61	2	646	729	40	121	5.0	26.9
HP0066	BSU12380	32.692	52	33	2	218	269	15	64	5.5	26.9
HP0066	BSU30420	36.364	33	17	1	348	380	40	68	5.6	26.6
HP0066	BSU39640	38.710	31	18	1	333	363	24	53	7.0	26.6
HP0066	BSU26010	26.506	83	50	3	227	308	196	268	8.7	26.2
HP0067	BSU16800	26.250	80	54	2	141	220	463	537	0.95	27.7
HP0067	BSU14440	21.429	98	67	2	140	236	57	145	1.6	26.6
HP0067	BSU07690	26.596	94	63	2	52	145	129	216	2.8	25.8
HP0067	BSU35890	40.541	37	20	2	92	128	77	111	2.9	25.4
HP0068	BSU14320	32.000	75	50	1	4	77	365	439	0.045	31.2
HP0068	BSU28220	37.778	45	25	1	4	45	112	156	0.11	29.6
HP0068	BSU24730	35.714	28	18	0	8	35	144	171	0.27	28.5
HP0068	BSU18970	31.250	32	22	0	4	35	61	92	0.50	28.1
HP0068	BSU10650	50.000	18	9	0	5	22	32	49	0.71	27.3
HP0068	BSU19390	55.000	20	9	0	8	27	72	91	0.79	26.9
HP0068	BSU34700	55.556	18	8	0	4	21	38	55	0.85	26.9
HP0068	BSU09710	47.619	21	11	0	4	24	367	387	0.93	26.9
HP0068	BSU36810	40.741	27	16	0	3	29	153	179	0.98	26.9
HP0068	BSU04490	34.884	43	25	1	4	46	34	73	1.00	26.6
HP0068	BSU31840	24.490	49	37	0	5	53	82	130	1.1	26.6
HP0068	BSU08310	26.923	52	38	0	5	56	31	82	1.7	26.2
HP0068	BSU05610	56.250	16	7	0	3	18	319	334	2.1	25.8
HP0068	BSU05610	37.255	51	29	1	111	158	13	63	5.6	24.6
HP0068	BSU03590	52.632	19	9	0	4	22	30	48	2.2	25.4
HP0068	BSU31120	35.556	45	21	2	152	196	240	276	2.5	25.4
HP0068	BSU13700	28.155	103	56	5	7	100	445	538	2.6	25.8
HP0068	BSU12660	22.340	94	57	2	105	188	60	147	2.6	25.0
HP0068	BSU00860	28.283	99	59	4	8	100	545	637	2.8	25.4
HP0068	BSU00150	45.000	20	11	0	4	23	7	26	2.9	25.0
HP0068	BSU39480	23.636	55	37	1	4	53	30	84	3.5	25.0
HP0068	BSU03820	42.857	21	12	0	8	28	34	54	3.8	25.0
HP0068	BSU02880	29.167	72	42	2	105	167	212	283	4.1	25.0
HP0068	BSU30760	50.000	18	9	0	4	21	32	49	4.3	24.6
HP0068	BSU23760	32.000	50	31	1	4	50	92	141	4.4	24.6
HP0068	BSU17390	32.000	25	17	0	174	198	108	132	5.4	24.6
HP0068	BSU02570	27.907	43	31	0	5	47	34	76	7.3	24.3
HP0068	BSU34820	45.455	22	12	0	5	26	371	392	7.5	24.3
HP0068	BSU10270	24.390	82	46	2	31	112	77	142	7.7	24.3
HP0068	BSU12250	24.096	83	53	3	4	86	45	117	8.6	23.9
HP0068	BSU27430	44.444	18	10	0	6	23	32	49	9.0	23.9
HP0068	BSU10130	25.000	28	21	0	151	178	229	256	9.5	23.9
HP0068	BSU20040	32.000	25	17	0	174	198	108	132	9.8	23.9
HP0068	BSU39640	50.000	18	9	0	5	22	37	54	9.8	23.5
HP0069	BSU07090	29.630	54	34	2	149	199	629	681	2.1	26.6
HP0069	BSU34930	25.688	109	58	4	165	251	168	275	2.5	26.2
HP0069	BSU17080	30.303	33	23	0	136	168	99	131	5.7	24.6
HP0069	BSU10920	37.500	40	22	1	115	154	165	201	6.4	24.6
HP0069	BSU06950	26.087	46	34	0	60	105	372	417	8.1	24.6
HP0070	BSU38950	22.500	120	80	2	53	163	145	260	0.50	27.3
HP0070	BSU19689	28.889	45	29	1	46	90	29	70	2.0	24.6
HP0070	BSU22030	39.130	23	13	1	22	43	531	553	2.1	25.8
HP0070	BSU07300	25.510	98	69	2	25	122	49	142	6.3	23.9
HP0070	BSU00070	26.087	69	45	1	99	167	115	177	8.2	23.9
HP0070	BSU25220	45.833	24	13	0	99	122	14	37	9.1	22.7
HP0071	BSU12320	26.154	65	41	2	77	136	76	138	1.1	26.6
HP0071	BSU39740	66.667	12	4	0	97	108	173	184	2.4	25.4
HP0071	BSU39390	27.941	68	41	3	21	88	41	100	2.6	25.4
HP0071	BSU13690	26.829	82	57	1	34	112	108	189	3.7	25.0
HP0071	BSU25500	37.500	40	20	1	82	116	159	198	3.7	25.0
HP0071	BSU33030	47.619	21	11	0	160	180	246	266	4.4	24.6
HP0071	BSU06060	20.000	45	36	0	27	71	17	61	8.8	23.9
HP0072	BSU36640	61.160	569	218	2	3	569	2	569	0.0	747
HP0072	BSU14520	27.742	155	78	7	52	196	3	133	7.42e-07	48.5
HP0072	BSU32410	29.012	162	88	7	67	219	4	147	9.67e-05	41.6
HP0072	BSU39370	33.333	60	32	2	410	461	358	417	0.076	32.3
HP0072	BSU15500	24.219	128	81	4	66	190	1	115	0.27	30.8
HP0072	BSU29890	42.222	45	24	1	259	303	149	191	0.73	28.9
HP0072	BSU35360	25.600	250	150	14	55	280	16	253	1.1	28.5
HP0072	BSU36900	22.581	124	85	3	119	241	294	407	4.6	26.6
HP0072	BSU12880	37.931	29	13	1	88	111	632	660	7.1	26.2
HP0072	BSU29550	26.866	67	38	2	78	140	11	70	9.5	25.8
HP0073	BSU36650	48.276	116	60	0	108	223	3	118	2.42e-33	114
HP0073	BSU36660	57.143	105	44	1	1	105	1	104	5.63e-33	112
HP0073	BSU01120	38.636	44	27	0	112	155	229	272	0.45	28.5
HP0073	BSU24550	22.881	118	78	3	83	187	341	458	0.89	27.3
HP0073	BSU08210	36.364	33	19	1	58	88	1	33	1.8	26.6
HP0073	BSU33260	38.298	47	26	1	58	104	139	182	4.2	25.4
HP0073	BSU26180	30.000	50	32	2	138	186	161	208	7.0	24.6
HP0073	BSU16870	29.032	62	43	1	19	80	164	224	8.7	24.3
HP0073	BSU21770	33.333	33	19	1	91	120	23	55	8.9	24.3
HP0074	BSU15450	23.810	147	105	2	15	154	6	152	4.00e-07	43.9
HP0074	BSU03480	29.787	47	33	0	13	59	3411	3457	4.8	24.3
HP0074	BSU32740	40.909	22	13	0	70	91	37	58	5.2	23.9
HP0074	BSU30250	26.230	61	42	2	100	157	64	124	7.4	23.5
HP0074	BSU36690	23.611	72	50	2	52	118	126	197	9.3	23.5
HP0074	BSU37050	42.500	40	23	0	47	86	44	83	9.6	23.5
HP0075	BSU01770	40.940	447	256	5	2	444	3	445	6.17e-107	321
HP0075	BSU09310	24.847	491	309	21	4	441	44	527	5.40e-11	61.2
HP0075	BSU06078	51.852	27	13	0	92	118	10	36	0.011	31.6
HP0075	BSU27620	33.333	51	32	1	175	225	139	187	0.58	29.3
HP0075	BSU23980	35.135	37	18	1	49	79	66	102	1.9	27.3
HP0075	BSU37120	69.231	13	4	0	94	106	104	116	3.0	26.6
HP0075	BSU11730	25.833	120	66	6	117	223	115	224	4.3	26.2
HP0075	BSU18310	30.769	39	27	0	267	305	3100	3138	5.0	26.6
HP0075	BSU00550	39.130	23	14	0	156	178	502	524	5.6	26.2
HP0075	BSU08280	32.759	58	37	1	212	269	318	373	6.0	25.8
HP0075	BSU25850	35.294	34	20	1	144	175	9	42	6.0	23.5
HP0075	BSU06230	32.432	37	25	0	405	441	199	235	6.5	25.8
HP0076	BSU25550	40.506	79	47	0	1	79	1	79	1.29e-07	42.4
HP0076	BSU19420	31.250	32	22	0	7	38	351	382	4.1	23.1
HP0076	BSU09290	32.500	40	23	1	1	40	459	494	5.2	22.7
HP0076	BSU37900	25.490	51	37	1	11	61	57	106	6.2	22.3
HP0076	BSU06170	25.714	35	25	1	20	53	169	203	7.8	22.3
HP0076	BSU05280	40.000	30	16	1	21	48	251	280	7.9	21.9
HP0076	BSU39610	31.579	57	33	2	21	72	85	140	9.7	21.9
HP0076	BSU33910	28.889	45	26	1	51	89	133	177	9.7	21.9
HP0077	BSU37010	52.722	349	161	2	4	349	1	348	2.64e-130	374
HP0077	BSU35290	35.207	338	204	8	14	344	32	361	7.48e-60	194
HP0077	BSU17210	30.645	124	63	7	2	120	3585	3690	0.30	30.0
HP0077	BSU17220	28.713	101	45	4	89	163	143	242	0.79	28.5
HP0077	BSU15120	29.730	111	55	5	33	131	2	101	2.2	26.9
HP0077	BSU02740	32.432	37	23	1	205	239	57	93	3.4	26.2
HP0077	BSU35850	24.528	53	38	1	178	230	196	246	8.3	25.0
HP0078	BSU38410	38.462	26	16	0	59	84	81	106	0.46	25.4
HP0078	BSU30640	54.167	24	7	1	10	33	11	30	4.6	22.3
HP0078	BSU23790	23.288	73	45	1	7	79	164	225	7.3	21.9
HP0078	BSU22860	40.000	30	15	1	6	32	133	162	7.6	21.9
HP0078	BSU09410	39.130	23	14	0	18	40	191	213	7.7	21.9
HP0078	BSU29805	27.273	33	24	0	49	81	288	320	9.5	21.9
HP0079	BSU11730	28.889	90	54	2	44	125	54	141	0.96	28.5
HP0079	BSU13370	20.952	105	80	1	33	137	100	201	1.4	28.1
HP0079	BSU30360	34.783	46	29	1	55	99	152	197	3.9	26.6
HP0079	BSU13580	31.667	60	25	2	464	507	200	259	4.3	26.9
HP0079	BSU19360	28.846	52	34	1	3	54	275	323	5.3	26.6
HP0080	BSU00130	19.767	86	69	0	326	411	39	124	3.6	26.9
HP0082	BSU31230	30.268	261	134	5	382	613	303	544	2.56e-21	95.5
HP0082	BSU31230	27.160	162	92	5	412	556	472	624	0.020	34.7
HP0082	BSU31260	32.218	239	148	5	386	612	308	544	1.60e-20	92.8
HP0082	BSU03440	44.800	125	59	2	487	601	314	438	1.68e-20	92.4
HP0082	BSU03440	26.786	56	41	0	5	60	9	64	1.9	28.1
HP0082	BSU31250	44.361	133	47	4	530	652	454	569	2.06e-19	89.4
HP0082	BSU07360	30.675	163	109	2	481	640	107	268	2.73e-19	85.5
HP0082	BSU31240	51.064	94	39	1	519	612	457	543	1.27e-18	86.7
HP0082	BSU33690	27.018	285	190	5	393	662	219	500	2.29e-18	85.9
HP0082	BSU18610	36.552	145	75	3	509	650	338	468	5.11e-18	84.7
HP0082	BSU13950	61.765	68	26	0	541	608	467	534	9.07e-18	84.0
HP0082	BSU10380	41.071	112	52	2	510	614	258	362	1.19e-16	79.7
HP0082	BSU40420	29.412	51	34	1	44	92	170	220	0.81	29.3
HP0082	BSU28010	38.462	52	31	1	289	340	90	140	1.7	27.7
HP0082	BSU22930	31.579	38	26	0	207	244	247	284	2.9	27.3
HP0082	BSU03480	23.881	67	45	2	347	408	3463	3528	3.2	27.7
HP0083	BSU01500	47.200	125	65	1	5	129	7	130	9.06e-36	116
HP0083	BSU39210	28.302	53	38	0	61	113	85	137	1.5	25.0
HP0083	BSU15650	40.541	37	21	1	61	96	474	510	3.4	24.3
HP0083	BSU15980	33.333	24	16	0	19	42	69	92	3.4	24.3
HP0083	BSU22280	28.571	56	39	1	11	66	7	61	4.1	23.1
HP0083	BSU01590	40.909	22	13	0	65	86	33	54	4.5	23.9
HP0083	BSU03490	30.556	36	25	0	14	49	2121	2156	5.8	23.5
HP0083	BSU14770	27.778	54	36	1	12	65	352	402	9.1	23.1
HP0084	BSU01490	51.880	133	64	0	2	134	4	136	8.40e-49	150
HP0084	BSU20910	32.609	46	31	0	52	97	7	52	0.51	25.4
HP0084	BSU30770	23.469	98	57	2	16	113	41	120	0.80	26.2
HP0084	BSU33210	34.091	44	27	1	60	103	124	165	1.1	26.2
HP0084	BSU24230	29.630	27	19	0	36	62	134	160	1.7	25.4
HP0084	BSU17080	27.419	62	41	2	59	119	34	92	1.8	25.0
HP0084	BSU10770	29.825	57	33	1	78	134	156	205	3.4	24.6
HP0084	BSU11430	35.088	57	28	2	78	134	359	406	3.9	24.3
HP0084	BSU04140	31.395	86	53	3	43	128	542	621	4.4	24.3
HP0084	BSU17120	38.462	26	16	0	21	46	732	757	4.7	24.3
HP0084	BSU21090	28.125	64	40	2	36	99	74	131	6.6	23.1
HP0085	BSU14350	30.233	43	30	0	13	55	2	44	0.57	24.3
HP0085	BSU26870	53.333	15	7	0	47	61	149	163	2.4	22.7
HP0085	BSU09390	33.333	18	12	0	16	33	112	129	6.0	21.6
HP0085	BSU22940	50.000	18	9	0	19	36	37	54	6.0	21.6
HP0085	BSU28340	39.130	23	14	0	40	62	239	261	7.3	21.2
HP0085	BSU02120	34.615	26	17	0	7	32	33	58	7.5	21.2
HP0086	BSU24060	26.667	90	49	3	1	90	1	73	2.1	27.3
HP0086	BSU11240	42.424	33	18	1	399	430	781	813	3.1	26.9
HP0086	BSU30060	29.412	51	31	2	4	51	3	51	3.9	26.6
HP0086	BSU28350	22.353	85	55	2	218	302	65	138	4.2	25.8
HP0086	BSU27840	36.364	33	20	1	223	255	272	303	6.0	25.8
HP0087	BSU04970	34.483	87	40	5	301	381	221	296	0.003	36.2
HP0087	BSU12990	39.286	56	32	2	300	354	184	238	0.005	35.8
HP0087	BSU11110	29.310	58	41	0	181	238	179	236	1.8	27.3
HP0087	BSU30790	24.561	57	39	2	144	199	321	374	3.6	26.6
HP0087	BSU35850	39.474	38	22	1	269	305	249	286	3.9	26.6
HP0087	BSU25700	28.889	45	22	2	1	43	1	37	4.2	26.2
HP0087	BSU31160	30.435	46	30	1	201	246	102	145	6.4	25.8
HP0087	BSU31610	34.286	35	23	0	350	384	1	35	7.7	25.0
HP0087	BSU06170	39.130	23	14	0	188	210	188	210	8.4	25.4
HP0087	BSU26990	30.909	55	30	3	35	81	36	90	8.8	24.3
HP0088	BSU25200	57.983	238	99	1	441	678	134	370	9.00e-98	302
HP0088	BSU25200	47.059	34	18	0	166	199	99	132	0.006	36.2
HP0088	BSU15330	32.911	237	130	7	439	665	37	254	6.43e-25	101
HP0088	BSU23450	27.200	250	164	6	419	666	14	247	2.62e-18	82.0
HP0088	BSU15320	30.088	226	107	9	441	666	58	232	1.59e-16	76.6
HP0088	BSU16470	27.273	242	146	9	440	667	22	247	1.77e-13	67.8
HP0088	BSU04730	26.337	243	159	7	435	666	17	250	1.08e-12	65.5
HP0088	BSU25760	34.314	102	62	2	406	505	17	115	4.77e-10	55.8
HP0088	BSU26390	32.593	135	72	5	544	670	2	125	1.53e-09	53.9
HP0088	BSU00980	31.667	60	41	0	469	528	62	121	3.94e-04	39.3
HP0088	BSU14350	27.957	93	54	2	253	332	96	188	1.2	28.9
HP0088	BSU29190	27.619	105	65	3	478	577	146	244	5.2	26.6
HP0088	BSU35770	27.273	77	45	2	124	200	176	241	5.9	26.6
HP0088	BSU30380	26.437	87	38	2	593	653	51	137	8.2	25.8
HP0089	BSU27270	32.609	230	152	3	4	231	2	230	2.15e-28	104
HP0089	BSU23490	20.588	170	115	6	68	225	100	261	0.63	27.7
HP0089	BSU39330	39.286	28	17	0	80	107	368	395	1.1	26.9
HP0089	BSU01310	25.352	71	41	2	107	177	109	167	1.3	26.6
HP0089	BSU18300	28.000	50	36	0	93	142	1011	1060	1.6	26.6
HP0089	BSU10240	23.729	59	45	0	109	167	117	175	1.7	26.2
HP0089	BSU14470	38.095	42	24	1	1	40	241	282	1.7	26.6
HP0089	BSU20160	28.889	45	28	2	17	61	41	81	5.4	24.3
HP0089	BSU36190	30.000	80	44	4	31	107	41	111	5.4	25.0
HP0089	BSU12420	40.541	37	19	1	124	157	171	207	6.0	24.6
HP0089	BSU14630	32.353	34	23	0	31	64	227	260	6.8	24.6
HP0089	BSU02790	29.032	31	22	0	76	106	149	179	7.8	24.3
HP0089	BSU33170	26.230	61	44	1	56	116	158	217	8.7	24.3
HP0089	BSU38160	32.143	84	31	4	142	201	551	632	9.7	24.3
HP0090	BSU15900	35.987	314	189	8	2	307	3	312	2.29e-50	166
HP0090	BSU17120	30.662	287	185	8	6	287	5	282	4.43e-34	128
HP0090	BSU17100	30.282	284	184	8	6	284	5	279	7.57e-30	111
HP0090	BSU17110	22.603	292	204	8	4	284	6	286	9.73e-16	73.2
HP0090	BSU25420	20.000	115	87	1	118	232	177	286	1.0	27.7
HP0090	BSU34930	22.314	121	63	3	169	265	239	352	1.7	26.9
HP0090	BSU07690	40.000	40	20	1	129	168	105	140	2.7	26.2
HP0090	BSU30510	60.000	15	6	0	85	99	81	95	7.2	25.0
HP0090	BSU34390	30.357	56	38	1	88	143	190	244	8.4	25.0
HP0090	BSU36680	52.941	17	8	0	4	20	40	56	9.4	24.3
HP0090	BSU03910	25.641	39	29	0	95	133	15	53	9.5	24.6
HP0090	BSU22500	31.034	29	20	0	274	302	39	67	9.8	23.9
HP0091	BSU28090	27.200	125	77	4	81	201	283	397	0.041	32.0
HP0091	BSU38810	28.814	59	35	1	194	245	41	99	0.078	30.8
HP0091	BSU39820	25.862	58	35	1	134	183	62	119	3.2	26.2
HP0091	BSU29180	66.667	15	5	0	125	139	173	187	6.2	25.0
HP0091	BSU05010	21.505	93	69	2	184	275	138	227	6.5	25.0
HP0091	BSU00250	56.250	16	7	0	176	191	178	193	9.0	24.3
HP0091	BSU08370	26.866	67	40	2	50	116	12	69	9.0	24.3
HP0092	BSU38040	27.273	55	32	1	75	121	208	262	0.20	29.6
HP0092	BSU37310	26.316	76	52	3	38	111	80	153	2.7	25.8
HP0092	BSU15340	30.000	80	44	4	119	189	172	248	4.0	25.4
HP0092	BSU38200	29.091	55	34	1	205	259	318	367	4.5	25.4
HP0092	BSU01960	28.302	53	36	1	59	109	237	289	5.4	25.4
HP0092	BSU04840	52.941	17	8	0	11	27	64	80	5.7	23.9
HP0092	BSU37000	38.462	26	16	0	23	48	168	193	6.2	25.0
HP0092	BSU32080	24.444	45	34	0	195	239	57	101	6.4	23.9
HP_0093	BSU38280	71.429	14	4	0	92	105	212	225	0.49	26.9
HP_0093	BSU40150	47.826	23	12	0	97	119	153	175	0.63	26.6
HP_0093	BSU13560	33.333	63	34	2	16	76	141	197	0.69	26.6
HP_0093	BSU37980	29.630	81	42	3	29	109	179	244	0.79	26.2
HP_0093	BSU26740	29.268	41	29	0	6	46	345	385	1.3	25.8
HP_0093	BSU12390	22.047	127	83	5	19	134	196	317	1.4	25.8
HP_0093	BSU39180	45.455	22	12	0	71	92	52	73	1.5	25.0
HP_0093	BSU39920	42.424	33	15	2	57	85	205	237	1.6	25.8
HP_0093	BSU30700	33.333	24	16	0	57	80	15	38	2.4	23.9
HP_0093	BSU13270	50.000	24	10	1	122	143	30	53	2.6	24.6
HP_0093	BSU40060	26.531	49	28	2	26	66	186	234	2.7	25.0
HP_0094	BSU01800	26.000	100	57	4	8	93	134	230	1.8	25.4
HP_0094	BSU28090	22.000	50	35	1	90	139	6	51	2.2	25.4
HP_0094	BSU02490	19.403	67	48	1	26	86	289	355	4.3	24.3
HP_0094	BSU07955	25.926	27	20	0	16	42	102	128	4.6	24.3
HP_0094	BSU20370	36.667	30	16	1	120	149	437	463	6.7	23.9
HP_0094	BSU25950	24.286	70	37	2	11	79	53	107	7.1	23.5
HP_0094	BSU10960	47.619	21	11	0	46	66	24	44	7.4	23.5
HP_0094	BSU10590	30.769	65	33	3	4	68	501	553	9.1	23.5
HP_0094	BSU31120	44.444	18	10	0	111	128	174	191	9.1	23.1
HP_0094	BSU27930	30.496	141	66	9	4	122	35	165	9.5	23.1
HP0095	BSU28120	21.951	82	63	1	27	107	296	377	0.040	30.8
HP0095	BSU09670	30.303	99	52	6	50	142	13	100	1.8	25.8
HP0095	BSU40230	36.735	49	30	1	51	98	42	90	2.9	24.6
HP0095	BSU23328	31.034	29	20	0	80	108	34	62	3.3	23.5
HP0095	BSU33900	32.000	50	30	1	53	98	302	351	3.4	25.0
HP0095	BSU08840	28.169	71	38	3	36	104	5	64	3.4	25.0
HP0095	BSU35200	44.000	25	14	0	146	170	158	182	4.4	24.3
HP0095	BSU06950	31.148	61	32	2	52	106	59	115	4.8	24.6
HP0095	BSU30830	36.364	55	24	3	116	165	272	320	6.6	24.3
HP0095	BSU08940	24.242	99	61	2	90	174	67	165	7.1	23.9
HP0095	BSU36120	24.444	45	30	1	7	47	55	99	7.1	23.9
HP0095	BSU08150	37.143	35	22	0	57	91	37	71	7.8	23.9
HP0096	BSU18560	32.636	239	151	6	57	290	71	304	1.79e-33	122
HP0096	BSU23070	28.676	272	167	5	49	309	44	299	1.07e-29	115
HP0096	BSU34680	28.720	289	184	9	31	306	29	308	2.89e-28	108
HP0096	BSU27010	29.787	94	58	2	150	235	178	271	0.023	32.7
HP0096	BSU23550	29.688	64	37	2	148	203	258	321	0.087	31.2
HP0096	BSU16730	48.276	29	15	0	148	176	152	180	0.18	30.0
HP0096	BSU09110	33.333	96	50	6	188	276	115	203	1.1	27.3
HP0096	BSU02330	26.000	50	37	0	257	306	245	294	1.1	27.3
HP0096	BSU11700	25.333	75	55	1	128	202	2	75	2.0	26.6
HP0096	BSU22130	46.154	26	14	0	231	256	78	103	3.4	25.8
HP0096	BSU22750	44.828	29	16	0	206	234	188	216	3.8	25.8
HP0096	BSU13350	27.586	87	51	2	154	240	204	278	4.1	25.8
HP0096	BSU22960	46.667	30	16	0	148	177	222	251	5.3	25.4
HP0096	BSU29750	38.889	36	18	2	11	42	162	197	6.4	25.0
HP0096	BSU32260	35.484	31	20	0	148	178	1	31	7.0	25.0
HP0096	BSU23860	42.105	38	21	1	152	188	5	42	7.4	25.0
HP0096	BSU06690	28.571	84	47	3	226	302	101	178	7.5	25.0
HP0096	BSU24100	35.714	28	18	0	281	308	598	625	8.9	25.0
HP0096	BSU31930	23.148	108	64	4	155	244	171	277	9.4	24.6
HP0096	BSU07450	33.333	36	24	0	159	194	156	191	9.9	24.6
HP0097	BSU27630	42.308	26	15	0	54	79	33	58	1.8	25.4
HP0097	BSU15780	25.424	59	38	1	150	202	216	274	2.0	26.2
HP0097	BSU13480	28.571	42	29	1	101	142	122	162	3.7	25.0
HP0097	BSU21110	28.889	45	32	0	92	136	291	335	4.7	25.0
HP0097	BSU03700	32.692	52	35	0	186	237	189	240	5.2	25.0
HP0097	BSU08840	40.741	27	14	1	1	25	1	27	7.7	24.3
HP0098	BSU06640	35.714	56	30	2	258	313	98	147	0.081	32.0
HP0098	BSU00870	27.273	66	48	0	327	392	252	317	0.65	29.3
HP0098	BSU21870	26.190	84	54	2	2	77	147	230	1.4	28.1
HP0098	BSU40360	22.059	68	46	1	18	85	235	295	1.4	28.1
HP0098	BSU03480	24.138	87	57	2	1	82	943	1025	1.5	28.1
HP0098	BSU26190	35.714	56	23	3	365	408	359	413	2.9	26.9
HP0098	BSU01550	60.000	20	8	0	192	211	45	64	2.9	26.6
HP0098	BSU32250	23.404	141	72	5	154	284	98	212	3.0	26.9
HP0098	BSU29580	39.130	23	14	0	261	283	185	207	5.7	26.2
HP0099	BSU31230	40.314	191	100	6	474	651	395	584	2.28e-23	102
HP0099	BSU31230	24.870	193	121	6	498	671	357	544	1.4	28.9
HP0099	BSU07360	34.524	168	103	2	494	654	117	284	6.24e-23	96.3
HP0099	BSU33690	28.247	308	162	9	400	663	224	516	8.85e-21	93.2
HP0099	BSU31260	43.421	152	66	5	471	618	412	547	1.72e-20	92.8
HP0099	BSU10380	36.667	180	88	3	478	632	200	378	5.36e-20	90.1
HP0099	BSU31250	42.754	138	65	2	543	666	472	609	7.17e-20	90.9
HP0099	BSU31250	26.000	200	110	7	498	671	357	544	0.70	29.6
HP0099	BSU03440	46.667	120	61	1	547	666	382	498	1.65e-19	89.4
HP0099	BSU31240	62.500	72	27	0	543	614	472	543	1.78e-18	86.3
HP0099	BSU13950	46.154	104	52	1	543	642	467	570	7.60e-18	84.3
HP0099	BSU18610	50.495	101	46	1	546	646	376	472	2.01e-17	82.8
HP0099	BSU25910	30.137	73	46	2	136	208	45	112	2.3	26.9
HP0099	BSU13260	25.263	95	61	2	300	392	152	238	2.7	27.7
HP0099	BSU08610	32.353	68	42	1	215	282	706	769	3.3	27.7
HP0099	BSU40400	23.214	224	122	11	6	215	9	196	3.4	27.3
HP0099	BSU03700	37.778	45	25	2	300	341	441	485	5.4	26.9
HP0099	BSU30210	25.210	119	82	3	240	356	53	166	7.5	25.8
HP0099	BSU39300	30.000	30	21	0	582	611	67	96	8.2	26.2
HP0099	BSU17230	29.577	71	39	3	469	536	66	128	9.7	25.8
HP0100	BSU31875	31.000	100	54	6	214	305	589	681	1.3	28.1
HP0100	BSU32330	50.000	26	13	0	289	314	130	155	1.4	27.3
HP0100	BSU03600	30.189	53	33	2	237	285	25	77	3.1	26.2
HP0100	BSU09920	25.000	52	29	1	153	194	860	911	4.1	26.2
HP0100	BSU21860	34.884	43	27	1	39	80	5	47	6.4	25.0
HP0100	BSU20100	26.667	60	38	2	27	82	2	59	7.2	23.5
HP0100	BSU17220	29.851	67	40	2	303	362	1967	2033	7.6	25.4
HP0100	BSU29160	39.130	23	14	0	36	58	46	68	8.8	25.0
HP0100	BSU00090	29.412	51	36	0	25	75	132	182	8.9	25.0
HP0101	BSU10490	47.826	23	12	0	11	33	33	55	1.2	26.6
HP0101	BSU15370	45.000	20	11	0	127	146	2	21	2.5	25.8
HP0101	BSU29230	29.851	67	40	2	62	121	140	206	3.0	26.2
HP0101	BSU32840	32.000	50	33	1	71	119	184	233	3.2	25.8
HP0102	BSU34330	36.559	93	55	1	3	91	6	98	3.85e-14	67.4
HP0102	BSU35550	40.698	86	48	1	4	86	8	93	1.89e-13	65.1
HP0102	BSU34280	32.143	112	73	2	4	113	5	115	8.12e-11	58.2
HP0102	BSU34300	31.579	95	63	1	4	96	6	100	9.16e-11	58.2
HP0102	BSU37980	30.000	120	79	4	2	120	1	116	2.08e-07	47.8
HP0102	BSU37910	27.586	116	73	3	1	106	1	115	9.21e-07	45.4
HP0102	BSU07300	25.688	109	77	3	2	106	1	109	4.99e-06	43.9
HP0102	BSU19760	27.083	144	85	4	3	136	4	137	1.57e-05	42.4
HP0102	BSU35690	29.508	122	73	5	5	118	3	119	2.75e-05	41.6
HP0102	BSU04300	28.125	96	61	3	3	90	50	145	3.52e-05	41.2
HP0102	BSU35680	31.707	123	73	6	5	119	11	130	3.57e-05	41.6
HP0102	BSU34030	28.333	60	42	1	33	91	39	98	0.10	30.0
HP0102	BSU21450	26.984	63	46	0	33	95	82	144	0.67	28.1
HP0102	BSU07810	21.635	208	123	6	37	228	155	338	1.5	26.9
HP0102	BSU02830	26.923	78	50	3	38	113	41	113	1.6	26.6
HP0102	BSU29050	44.000	25	14	0	215	239	174	198	2.0	26.2
HP0102	BSU01570	32.727	55	34	2	65	118	191	243	2.1	26.2
HP0102	BSU14000	27.500	80	49	3	147	221	42	117	2.2	26.2
HP0102	BSU23510	30.435	69	33	3	160	218	26	89	2.6	25.8
HP0102	BSU11490	35.000	60	32	3	3	55	126	185	5.9	24.6
HP0102	BSU31890	43.478	23	13	0	36	58	180	202	6.4	25.0
HP0102	BSU12600	35.714	28	18	0	120	147	31	58	8.4	24.3
HP0102	BSU40870	15.385	78	61	1	2	79	13	85	8.6	24.3
HP0103	BSU13950	32.530	249	151	3	235	469	300	545	7.03e-27	112
HP0103	BSU31260	25.678	479	310	12	86	538	165	623	3.56e-26	109
HP0103	BSU31230	41.139	158	88	3	385	538	466	622	3.11e-24	103
HP0103	BSU31230	25.658	152	82	5	273	398	508	654	0.23	31.2
HP0103	BSU31250	28.610	374	209	12	202	538	270	622	1.03e-23	102
HP0103	BSU31250	25.974	154	83	5	271	398	506	654	0.086	32.3
HP0103	BSU33690	30.769	325	201	9	183	487	158	478	5.88e-23	99.4
HP0103	BSU03440	28.358	335	201	15	210	518	187	508	4.81e-22	96.7
HP0103	BSU31240	47.273	110	58	0	385	494	466	575	2.78e-21	94.7
HP0103	BSU18610	30.112	269	149	6	216	461	191	443	6.39e-19	87.0
HP0103	BSU10380	43.689	103	48	2	392	494	283	375	5.25e-18	83.2
HP0103	BSU07360	37.607	117	73	0	336	452	111	227	2.53e-17	79.3
HP0103	BSU20020	38.636	44	26	1	236	278	5	48	0.72	28.1
HP0103	BSU33610	21.705	129	88	4	405	532	287	403	0.74	29.3
HP0103	BSU15940	30.392	102	66	3	284	381	771	871	0.92	29.3
HP0103	BSU37010	33.846	65	39	3	481	543	3	65	2.7	27.3
HP0103	BSU36900	32.653	49	25	1	56	104	156	196	2.8	27.3
HP0103	BSU14320	30.952	42	28	1	203	244	8	48	4.4	26.9
HP0103	BSU04100	27.273	44	32	0	276	319	15	58	5.0	26.2
HP0103	BSU10630	39.024	41	23	1	338	378	1077	1115	5.6	26.6
HP0103	BSU37780	31.111	45	29	1	281	323	408	452	6.1	26.2
HP0103	BSU09950	50.000	22	11	0	243	264	14	35	6.5	26.2
HP0103	BSU35900	32.353	34	23	0	214	247	1	34	8.0	25.8
HP0103	BSU37280	19.697	132	94	4	381	504	805	932	8.1	26.2
HP0103	BSU02010	27.397	73	48	1	237	304	64	136	9.5	25.4
HP0104	BSU07840	29.564	619	319	22	17	549	39	626	2.21e-63	223
HP0104	BSU07840	24.253	569	308	23	23	533	669	1172	9.86e-15	74.3
HP0104	BSU09190	26.613	496	284	21	19	480	586	1035	9.61e-26	109
HP0104	BSU32370	21.975	405	276	13	98	495	70	441	1.60e-12	66.6
HP0104	BSU08600	34.694	49	29	2	248	295	273	319	0.18	31.2
HP0104	BSU07590	35.088	57	34	2	181	236	26	80	0.76	28.9
HP0104	BSU32700	30.000	40	28	0	52	91	350	389	2.9	27.3
HP0104	BSU34030	32.353	68	28	4	208	264	17	77	4.0	26.6
HP0104	BSU17440	45.833	24	13	0	69	92	366	389	4.9	26.6
HP0104	BSU14700	31.915	47	32	0	420	466	382	428	5.8	26.6
HP0104	BSU01780	54.545	22	10	0	185	206	139	160	6.3	26.2
HP0104	BSU21040	27.586	58	39	1	297	354	45	99	6.8	26.2
HP0104	BSU37810	28.571	42	30	0	397	438	106	147	9.1	25.0
HP0105	BSU30670	48.993	149	69	3	7	149	3	150	3.24e-44	140
HP0105	BSU33950	28.750	80	47	5	37	115	25	95	0.69	26.6
HP0105	BSU12560	28.000	75	46	3	35	101	3	77	1.2	25.8
HP0105	BSU29970	29.231	65	38	2	81	140	225	286	1.3	25.8
HP0105	BSU37660	52.941	17	8	0	131	147	73	89	1.7	25.4
HP0105	BSU38499	52.941	17	5	1	76	92	14	27	3.4	22.7
HP0105	BSU38660	28.571	28	20	0	42	69	243	270	3.5	24.6
HP0105	BSU34010	35.000	20	13	0	59	78	75	94	7.2	23.5
HP0105	BSU35699	30.233	43	28	2	105	146	56	97	8.2	23.1
HP0105	BSU33200	27.273	77	43	3	72	143	59	127	8.2	23.5
HP0105	BSU01120	24.324	74	49	2	89	155	164	237	8.6	23.5
HP0106	BSU27250	60.686	379	149	0	1	379	1	379	7.54e-172	481
HP0106	BSU11880	51.323	378	184	0	3	380	8	385	9.76e-141	402
HP0106	BSU11870	48.276	377	179	2	3	379	5	365	2.20e-122	355
HP0106	BSU14000	23.618	199	113	8	77	265	101	270	7.68e-06	44.3
HP0106	BSU17440	24.731	186	107	9	41	199	59	238	1.51e-04	40.0
HP0106	BSU00270	22.642	159	105	5	56	197	67	224	0.007	35.0
HP0106	BSU32690	23.333	120	86	2	85	198	108	227	0.008	34.7
HP0106	BSU09570	28.986	69	46	2	80	146	113	180	0.012	34.3
HP0106	BSU22370	31.373	51	32	1	126	173	155	205	0.051	32.3
HP0106	BSU31400	22.222	108	72	3	80	178	105	209	0.074	31.6
HP0106	BSU13580	28.788	66	44	1	84	146	114	179	0.55	28.9
HP0106	BSU29590	22.656	128	88	4	80	198	80	205	0.57	28.9
HP0106	BSU40960	28.058	139	68	7	100	232	8	120	0.74	28.5
HP0106	BSU29930	33.333	39	26	0	139	177	304	342	1.7	27.3
HP0106	BSU06370	40.741	27	16	0	330	356	380	406	2.9	26.6
HP0106	BSU27080	38.889	36	21	1	177	212	182	216	7.0	25.4
HP0106	BSU29310	30.435	46	32	0	145	190	72	117	7.4	25.4
HP0106	BSU09210	41.379	29	17	0	79	107	236	264	7.6	25.0
HP0106	BSU06520	28.571	35	25	0	163	197	5	39	9.7	25.0
HP0107	BSU27260	53.465	303	139	1	2	304	3	303	1.92e-107	312
HP0107	BSU29970	44.156	308	164	4	2	304	4	308	5.12e-73	224
HP0107	BSU00730	45.425	306	160	5	2	304	4	305	1.50e-70	218
HP0107	BSU22640	24.419	344	197	14	6	297	51	383	1.42e-06	45.8
HP0107	BSU32250	23.509	285	178	12	31	291	45	313	1.87e-05	42.4
HP0107	BSU21770	27.619	210	134	9	5	208	22	219	0.004	35.4
HP0107	BSU01600	26.984	63	31	1	190	237	53	115	0.38	28.9
HP0107	BSU24120	29.787	94	53	4	88	174	131	218	0.57	28.5
HP0107	BSU04030	35.135	37	24	0	115	151	65	101	0.91	26.9
HP0107	BSU16400	36.111	36	23	0	25	60	309	344	1.2	27.3
HP0107	BSU35410	38.710	31	19	0	135	165	74	104	1.3	27.3
HP0107	BSU39740	17.986	139	99	4	46	170	69	206	1.5	26.9
HP0107	BSU28140	28.736	87	56	2	223	303	149	235	2.1	26.6
HP0107	BSU08840	29.921	127	59	7	174	276	14	134	2.1	26.6
HP0107	BSU28520	29.851	67	42	2	237	303	207	268	3.7	25.8
HP0107	BSU19670	47.222	36	18	1	132	167	157	191	5.0	25.4
HP0107	BSU09340	25.000	88	51	2	74	146	14	101	5.4	25.0
HP0107	BSU24270	50.000	18	9	0	229	246	9	26	7.6	25.0
HP0107	BSU25140	29.268	41	21	1	28	60	233	273	7.6	25.0
HP0107	BSU09640	46.429	28	14	1	163	189	153	180	7.8	25.0
HP0107	BSU09120	40.741	27	16	0	235	261	230	256	8.5	24.6
HP0108	BSU26230	30.000	50	34	1	12	61	89	137	0.55	27.3
HP0108	BSU39860	35.714	28	18	0	49	76	81	108	1.2	26.6
HP0108	BSU05620	26.596	94	68	1	7	100	146	238	2.0	25.8
HP0109	BSU25470	58.214	627	230	7	1	620	1	602	0.0	669
HP0109	BSU36410	26.556	241	128	9	5	243	6	199	7.04e-10	57.8
HP0109	BSU14470	24.603	378	206	16	5	368	7	319	3.39e-08	52.4
HP0109	BSU28030	26.415	106	73	1	138	243	104	204	6.06e-05	42.4
HP0109	BSU08190	28.814	59	39	2	539	595	2	59	4.8	26.6
HP0110	BSU25480	38.931	131	79	1	56	185	55	185	2.75e-29	104
HP0110	BSU20580	37.209	43	24	2	29	69	24	65	0.84	25.8
HP0110	BSU09790	31.304	115	60	5	65	163	73	184	3.6	25.0
HP0110	BSU03320	52.381	21	10	0	121	141	1	21	4.6	24.6
HP0110	BSU18320	39.130	23	14	0	5	27	89	111	8.1	24.3
HP0110	BSU09440	40.541	37	22	0	89	125	196	232	8.1	23.9
HP0110	BSU39150	28.571	70	40	3	25	92	8	69	9.9	22.7
HP0111	BSU25490	28.169	71	51	0	22	92	4	74	6.37e-06	43.5
HP0111	BSU24180	28.244	131	66	6	158	275	120	235	0.21	29.3
HP0111	BSU27160	25.000	92	62	2	15	100	730	820	0.63	28.5
HP0111	BSU14380	29.231	65	43	2	46	107	21	85	1.7	26.6
HP0111	BSU23930	25.843	89	64	2	169	256	13	100	3.0	25.4
HP0111	BSU09730	32.432	37	25	0	92	128	111	147	3.4	25.4
HP0111	BSU11350	47.368	19	10	0	237	255	84	102	4.4	25.4
HP0111	BSU08210	33.333	48	30	1	178	225	102	147	4.7	25.4
HP0112	BSU11250	25.773	97	61	2	69	156	112	206	1.0	26.9
HP0112	BSU04000	33.333	39	19	2	105	138	46	82	4.4	25.0
HP0112	BSU25260	31.818	44	26	1	120	159	183	226	4.7	25.0
HP0112	BSU05180	44.000	25	14	0	111	135	368	392	5.7	24.6
HP0112	BSU05170	27.660	47	32	1	159	205	39	83	6.6	24.3
HP0113	BSU18060	62.500	16	6	0	39	54	35	50	1.0	24.3
HP0113	BSU28290	29.412	51	32	2	23	72	267	314	1.8	24.3
HP0113	BSU13460	33.898	59	39	0	35	93	307	365	2.1	23.9
HP0113	BSU22800	27.941	68	42	2	2	69	28	88	2.6	23.9
HP0113	BSU26075	33.333	30	20	0	59	88	369	398	3.7	23.5
HP0113	BSU23100	29.032	93	43	6	26	95	24	116	9.0	21.9
HP0114	BSU16130	25.175	143	97	5	176	308	66	208	0.71	29.6
HP0114	BSU05650	33.333	45	30	0	480	524	572	616	1.7	28.5
HP0114	BSU21070	28.788	66	45	2	421	485	79	143	4.3	26.9
HP0114	BSU00090	41.463	41	20	1	506	542	158	198	4.5	26.9
HP0114	BSU16330	27.119	59	40	1	275	330	48	106	5.9	25.4
HP0115	BSU35360	37.363	182	98	3	3	170	1	180	9.40e-26	104
HP0115	BSU35360	47.126	87	46	0	428	514	218	304	4.64e-16	75.9
HP0115	BSU35150	43.137	102	47	2	424	514	59	160	3.05e-15	70.5
HP0115	BSU35150	36.508	63	39	1	119	180	4	66	6.16e-05	40.4
HP0115	BSU35400	32.520	123	78	2	27	145	21	142	2.97e-08	52.0
HP0115	BSU38420	37.143	35	21	1	145	178	127	161	0.29	30.0
HP0115	BSU18610	37.500	40	25	0	427	466	419	458	0.85	28.9
HP0115	BSU13910	27.174	92	66	1	45	135	10	101	3.1	27.3
HP0115	BSU28870	26.154	65	48	0	264	328	84	148	6.4	25.4
HP0115	BSU07250	30.159	63	34	2	74	136	179	231	6.4	26.2
HP0115	BSU21240	34.091	44	28	1	126	169	12	54	7.9	24.6
HP0115	BSU27420	36.364	33	21	0	312	344	301	333	9.7	25.4
HP0116	BSU16120	41.120	732	370	11	3	725	4	683	0.0	537
HP0116	BSU04260	24.618	589	378	11	43	594	76	635	4.72e-37	145
HP0116	BSU04260	26.136	88	62	2	643	728	591	677	0.001	38.9
HP0116	BSU38260	55.556	18	8	0	431	448	311	328	1.8	28.5
HP0116	BSU31945	26.250	80	55	2	198	275	82	159	1.9	28.1
HP0116	BSU20080	30.952	42	22	1	556	590	16	57	6.6	25.4
HP0116	BSU29950	38.776	49	26	1	140	188	195	239	7.8	26.2
HP0116	BSU02530	31.579	38	18	1	658	695	21	50	8.1	23.9
HP0117	BSU36700	24.845	161	106	9	32	185	26	178	0.002	35.8
HP0117	BSU08750	29.703	101	53	4	62	144	150	250	0.74	28.1
HP0117	BSU21740	25.243	103	52	3	84	162	55	156	1.2	27.3
HP0117	BSU13180	19.018	163	122	4	80	240	76	230	1.8	26.9
HP0117	BSU31260	21.622	148	106	3	59	196	353	500	2.2	26.6
HP0117	BSU34550	45.000	20	11	0	145	164	28	47	3.9	25.4
HP0117	BSU28590	44.444	36	17	1	103	138	406	438	5.9	25.4
HP0117	BSU02120	33.333	51	27	1	51	101	366	409	6.2	25.4
HP0117	BSU23730	55.000	20	9	0	2	21	141	160	7.7	25.0
HP0118	BSU17180	27.143	70	50	1	263	332	1017	1085	0.73	28.9
HP0118	BSU10470	27.536	69	44	2	165	229	32	98	2.0	26.2
HP0118	BSU21610	37.736	53	28	4	104	155	8	56	4.7	25.8
HP0118	BSU09950	31.081	74	36	3	105	164	7	79	6.7	25.4
HP0119	BSU04960	22.289	166	109	4	104	250	630	794	0.29	30.4
HP0119	BSU04960	23.214	112	70	2	125	220	704	815	3.7	26.9
HP0119	BSU32840	24.742	97	62	2	368	457	303	395	5.5	26.2
HP0119	BSU31010	28.902	173	108	6	104	267	216	382	7.9	25.8
HP0120	BSU32840	24.742	97	62	2	305	394	303	395	1.7	27.7
HP0120	BSU31800	28.125	96	56	4	32	127	251	333	3.0	26.6
HP0120	BSU23870	30.159	63	41	1	185	244	287	349	4.1	26.2
HP0120	BSU19230	30.952	42	29	0	144	185	36	77	5.4	25.4
HP0121	BSU18830	37.677	353	183	12	7	353	8	329	7.84e-52	191
HP0121	BSU18830	37.624	101	59	2	371	471	767	863	8.11e-15	75.5
HP0121	BSU13910	27.407	405	229	12	422	803	181	543	8.56e-34	134
HP0121	BSU35190	32.923	325	171	11	32	353	26	306	3.95e-28	118
HP0121	BSU35190	42.708	96	55	0	371	466	728	823	4.09e-17	82.8
HP0121	BSU29180	41.818	110	60	2	366	474	474	580	2.59e-15	76.6
HP0121	BSU21380	33.333	51	29	2	727	773	121	170	0.55	30.0
HP0121	BSU03720	33.929	56	30	3	214	269	147	195	1.1	29.3
HP0121	BSU20720	30.000	70	42	3	507	574	23	87	2.2	26.6
HP0121	BSU33890	30.000	50	31	1	293	342	20	65	2.4	27.3
HP0121	BSU15510	40.000	30	18	0	257	286	257	286	2.9	27.7
HP0121	BSU20790	44.444	27	15	0	159	185	68	94	4.4	27.3
HP0121	BSU19915	42.308	26	14	1	524	549	34	58	4.8	25.0
HP0121	BSU32600	35.135	37	21	1	774	810	153	186	7.4	26.6
HP0121	BSU15650	27.941	68	36	2	180	234	290	357	8.3	26.6
HP0121	BSU17870	24.752	101	67	3	617	708	93	193	9.1	25.8
HP0121	BSU00210	38.462	26	16	0	744	769	43	68	9.3	25.8
HP0121	BSU03760	26.786	56	37	2	229	284	58	109	9.7	26.2
HP0123	BSU37560	45.276	561	303	3	42	599	66	625	0.0	528
HP0123	BSU28950	42.215	578	324	6	33	600	57	634	3.54e-158	465
HP0123	BSU27410	25.735	136	90	4	51	182	565	693	6.42e-05	42.7
HP0123	BSU16570	29.032	93	64	2	272	363	72	163	0.004	37.0
HP0123	BSU27560	18.889	90	73	0	519	608	334	423	0.011	35.0
HP0123	BSU36070	55.556	27	12	0	195	221	12	38	0.015	33.9
HP0123	BSU37750	31.667	60	30	3	151	199	212	271	0.86	29.3
HP0123	BSU10920	27.869	61	36	2	274	326	278	338	1.5	28.5
HP0123	BSU28850	32.075	53	30	1	172	224	16	62	5.0	25.8
HP0123	BSU23020	24.359	78	41	2	163	222	296	373	6.1	26.6
HP0123	BSU39870	26.923	52	38	0	516	567	97	148	7.2	25.4
HP0124	BSU28870	44.509	173	90	1	7	179	7	173	3.82e-44	142
HP0124	BSU17380	33.333	42	28	0	69	110	446	487	0.29	28.5
HP0124	BSU39630	29.545	44	29	1	1	42	430	473	1.3	26.6
HP0124	BSU28475	34.286	35	23	0	82	116	125	159	1.4	25.8
HP0124	BSU28470	34.286	35	23	0	82	116	370	404	1.5	26.2
HP0124	BSU22450	28.571	63	40	2	33	90	281	343	1.7	26.2
HP0124	BSU06010	35.000	40	24	1	117	154	104	143	5.0	24.6
HP0124	BSU27480	41.935	31	15	1	131	161	587	614	6.3	24.6
HP0124	BSU19750	40.741	27	16	0	27	53	205	231	7.0	24.3
HP0124	BSU00470	69.231	13	4	0	141	153	84	96	8.8	23.9
HP0124	BSU21520	33.333	60	35	2	55	114	53	107	9.3	23.1
HP0125	BSU28860	50.000	44	21	1	1	43	1	44	1.20e-06	38.5
HP0125	BSU28475	53.333	15	7	0	17	31	2	16	1.6	23.1
HP0125	BSU35370	23.333	30	23	0	21	50	12	41	1.6	22.7
HP0125	BSU31220	43.750	16	9	0	47	62	127	142	3.3	22.3
HP0125	BSU14690	47.059	17	9	0	34	50	142	158	9.5	21.2
HP0125	BSU00400	35.714	42	25	1	20	61	53	92	9.5	21.2
HP0125	BSU17190	61.538	13	5	0	24	36	3384	3396	9.7	21.2
HP0126	BSU28850	53.043	115	54	0	2	116	3	117	6.42e-43	134
HP0126	BSU26580	23.214	56	37	1	56	111	61	110	0.040	29.3
HP0126	BSU15400	26.316	38	28	0	72	109	35	72	0.51	25.4
HP0126	BSU40530	32.759	58	33	3	23	80	81	132	1.0	25.0
HP0126	BSU06430	35.294	34	22	0	8	41	138	171	2.2	24.3
HP0126	BSU28940	30.769	39	27	0	62	100	177	215	2.6	24.3
HP0126	BSU31630	40.000	30	13	1	16	45	87	111	3.0	24.3
HP0126	BSU08680	45.000	20	11	0	81	100	98	117	4.9	23.1
HP0126	BSU26170	41.935	31	16	1	6	34	49	79	5.2	23.5
HP0126	BSU39029	35.294	34	18	1	53	82	12	45	5.4	23.1
HP0126	BSU18520	46.667	30	14	1	27	54	226	255	6.0	23.1
HP0126	BSU13780	31.579	57	27	2	35	87	276	324	6.2	23.1
HP0126	BSU17210	19.355	93	69	1	23	115	3555	3641	7.8	23.1
HP0126	BSU18830	31.818	44	27	2	21	63	619	660	8.2	22.7
HP0127	BSU35090	30.380	79	52	1	54	132	120	195	2.4	26.6
HP0127	BSU25010	25.373	67	48	1	113	177	236	302	2.6	26.2
HP0127	BSU39980	23.232	99	55	4	139	227	231	318	9.5	24.3
HP0129	BSU16220	50.000	24	12	0	35	58	145	168	0.16	28.5
HP0129	BSU10140	33.333	36	24	0	88	123	422	457	1.3	25.8
HP0129	BSU10470	35.294	34	22	0	30	63	44	77	1.7	24.6
HP0129	BSU30860	46.429	28	15	0	69	96	390	417	2.8	24.6
HP0129	BSU30300	28.814	59	38	1	62	120	352	406	4.4	24.3
HP0129	BSU29120	26.087	46	34	0	69	114	95	140	4.8	23.9
HP0129	BSU35250	28.125	32	23	0	1	32	27	58	5.2	23.9
HP0129	BSU22100	20.635	63	50	0	42	104	3	65	5.5	23.5
HP0129	BSU07140	32.653	49	26	1	30	78	119	160	5.9	23.5
HP0129	BSU38560	44.444	18	10	0	90	107	217	234	8.3	23.1
HP0129	BSU04290	50.000	26	12	1	12	37	205	229	8.9	23.1
HP0129	BSU23600	53.846	13	6	0	114	126	91	103	9.0	23.1
HP0129	BSU37710	31.818	44	27	1	55	98	53	93	9.5	23.1
HP0129	BSU35260	28.378	74	45	2	48	118	150	218	10.0	22.7
HP0130	BSU32990	50.000	22	11	0	133	154	34	55	0.043	31.2
HP0130	BSU31960	25.234	107	66	3	139	240	145	242	0.068	31.6
HP0130	BSU30650	39.286	28	17	0	133	160	26	53	0.085	30.0
HP0130	BSU22450	29.703	101	51	6	108	196	243	335	0.66	28.1
HP0130	BSU11370	25.373	67	49	1	135	200	235	301	2.0	26.6
HP0130	BSU10910	28.571	56	29	2	188	232	140	195	2.7	25.8
HP0130	BSU03770	35.294	51	24	3	74	117	97	145	4.8	25.4
HP0130	BSU34200	23.077	78	54	2	87	158	154	231	6.1	25.0
HP0130	BSU37050	30.769	52	34	1	193	242	415	466	6.7	25.0
HP0130	BSU17610	30.000	60	40	1	37	96	399	456	8.7	24.6
HP0132	BSU15860	35.336	283	172	6	173	452	2	276	1.06e-39	142
HP0132	BSU15850	43.860	57	29	2	14	70	15	68	4.09e-05	41.6
HP0132	BSU25110	35.185	54	29	2	51	102	232	281	0.89	28.5
HP0132	BSU29860	29.032	31	22	0	78	108	258	288	1.4	27.7
HP0132	BSU35600	41.818	55	27	3	308	359	410	462	1.8	27.7
HP0132	BSU15020	19.753	81	63	1	24	102	44	124	4.1	25.8
HP0133	BSU10750	29.412	51	36	0	229	279	97	147	0.82	28.5
HP0133	BSU28930	28.049	82	52	3	121	195	358	439	1.1	28.1
HP0133	BSU18730	28.846	52	35	1	362	413	16	65	1.8	26.9
HP0133	BSU23730	28.814	59	39	1	269	324	24	82	3.9	26.2
HP0133	BSU38710	43.590	39	16	2	28	64	114	148	5.6	25.8
HP0133	BSU25200	33.333	48	31	1	4	50	128	175	6.9	25.4
HP0133	BSU35810	30.769	52	31	2	9	57	3	52	8.2	25.4
HP0134	BSU00690	36.000	50	32	0	63	112	223	272	0.15	31.2
HP0134	BSU16690	30.233	86	58	2	73	156	119	204	1.0	28.5
HP0134	BSU39420	24.359	78	52	2	234	308	9	82	1.1	28.1
HP0134	BSU23710	24.490	98	71	2	221	318	77	171	1.3	28.1
HP0134	BSU18689	44.444	27	15	0	178	204	7	33	2.8	24.6
HP0134	BSU36700	34.848	66	39	3	292	356	144	206	4.9	26.2
HP0134	BSU22030	26.549	113	68	6	317	420	1029	1135	6.1	26.2
HP0134	BSU14770	30.303	66	36	2	103	158	125	190	8.3	25.4
HP0134	BSU07840	38.235	34	19	1	111	142	480	513	9.4	25.4
HP0134	BSU07810	57.895	19	8	0	133	151	200	218	9.7	25.4
HP0136	BSU08720	42.953	149	85	0	4	152	3	151	2.23e-40	130
HP0136	BSU14220	30.065	153	86	7	1	138	1	147	1.60e-09	50.8
HP0136	BSU18010	29.139	151	88	6	4	150	33	168	2.21e-05	39.3
HP0136	BSU29490	24.828	145	99	4	2	144	16	152	2.09e-04	36.6
HP0136	BSU40090	21.898	137	91	3	15	144	16	143	0.002	33.9
HP0136	BSU35070	35.088	57	25	2	60	107	26	79	0.042	30.0
HP0136	BSU09930	26.190	42	31	0	72	113	147	188	0.21	28.1
HP0136	BSU02160	28.070	57	32	2	42	89	48	104	0.25	28.1
HP0136	BSU15430	26.923	52	34	1	56	107	167	214	2.2	25.4
HP0136	BSU38020	26.667	60	30	3	29	81	3	55	4.4	24.3
HP0136	BSU35510	40.909	22	13	0	99	120	109	130	4.4	23.9
HP0136	BSU39910	35.714	28	18	0	107	134	81	108	4.5	23.9
HP0136	BSU07370	60.000	15	6	0	98	112	5	19	4.9	24.3
HP0136	BSU36050	31.915	47	24	1	40	78	155	201	9.6	23.1
HP0137	BSU34030	23.581	229	155	3	2	210	8	236	4.75e-12	60.1
HP0137	BSU20440	27.869	61	36	1	33	93	18	70	1.7	25.0
HP0137	BSU14580	39.535	43	26	0	32	74	300	342	2.8	25.4
HP0137	BSU17460	27.419	62	30	1	16	77	359	405	3.1	25.4
HP0137	BSU07480	35.294	34	17	1	98	131	371	399	3.6	25.4
HP0137	BSU30340	21.583	139	93	5	48	173	71	206	3.9	25.0
HP0137	BSU02760	24.706	85	61	3	13	95	77	160	5.1	24.6
HP0137	BSU20590	40.476	42	21	1	69	106	29	70	6.0	24.3
HP0137	BSU23580	28.205	39	28	0	82	120	168	206	7.0	24.3
HP0137	BSU22800	50.000	18	9	0	93	110	189	206	8.5	24.3
HP0137	BSU31140	44.000	25	14	0	118	142	114	138	9.4	23.5
HP0137	BSU35150	33.333	39	19	1	77	115	50	81	9.9	23.5
HP0138	BSU34040	40.000	460	255	8	10	462	10	455	3.26e-111	334
HP0138	BSU28690	30.000	80	52	2	312	388	24	102	0.006	35.8
HP0138	BSU34030	25.664	113	70	3	195	297	131	239	0.047	32.3
HP0138	BSU28430	31.111	90	53	4	309	390	150	238	0.063	32.0
HP0138	BSU12160	55.556	18	8	0	357	374	141	158	0.42	30.0
HP0138	BSU27220	55.556	18	8	0	357	374	146	163	0.68	29.3
HP0138	BSU27220	53.846	13	6	0	313	325	195	207	8.7	25.8
HP0138	BSU40410	36.667	30	19	0	72	101	16	45	1.6	27.7
HP0138	BSU37180	66.667	12	4	0	364	375	277	288	3.1	26.9
HP0138	BSU37180	53.846	13	6	0	313	325	276	288	3.2	26.9
HP0138	BSU19510	54.545	22	9	1	333	353	5	26	3.4	25.0
HP0138	BSU00890	34.483	29	19	0	333	361	7	35	3.8	26.6
HP0138	BSU20660	31.818	22	15	0	412	433	28	49	4.0	24.3
HP0138	BSU23810	35.294	34	22	0	315	348	191	224	4.5	26.6
HP0138	BSU07420	29.730	74	40	3	237	298	1	74	5.2	26.2
HP0138	BSU27130	24.194	62	46	1	218	279	222	282	7.4	25.4
HP0138	BSU20500	38.889	36	21	1	87	121	137	172	8.8	25.4
HP0139	BSU34050	38.843	242	141	5	1	239	1	238	2.34e-53	169
HP0139	BSU28690	26.400	250	168	7	2	241	197	440	2.02e-23	94.7
HP0139	BSU37180	26.957	115	79	2	104	213	551	665	7.71e-06	43.1
HP0139	BSU10770	22.159	176	80	6	69	225	632	769	0.29	29.3
HP0139	BSU09730	27.778	54	37	1	72	123	153	206	0.67	27.3
HP0139	BSU21570	32.759	58	30	2	18	75	11	59	1.4	26.2
HP0139	BSU24140	29.412	34	24	0	164	197	250	283	4.9	25.0
HP0139	BSU28040	27.273	88	58	3	146	232	50	132	5.4	24.6
HP0139	BSU08190	52.632	19	9	0	85	103	139	157	5.5	24.6
HP0139	BSU27400	36.842	38	12	1	127	164	50	75	6.0	23.5
HP0140	BSU34190	50.617	567	254	7	1	545	1	563	0.0	523
HP0140	BSU03060	46.449	521	278	1	3	522	2	522	3.78e-157	456
HP0140	BSU27080	27.551	98	55	4	288	375	834	925	0.50	30.0
HP0140	BSU03460	30.612	49	33	1	181	228	8	56	0.66	28.9
HP0140	BSU12400	38.889	54	31	2	117	170	5	56	1.2	28.1
HP0140	BSU07910	31.034	58	39	1	244	301	153	209	4.4	26.6
HP0141	BSU34190	48.897	544	256	8	2	526	1	541	1.19e-170	492
HP0141	BSU03060	47.419	523	272	2	4	525	2	522	3.13e-154	449
HP0141	BSU23130	37.736	53	31	2	15	66	175	226	0.26	30.8
HP0141	BSU17630	30.120	83	49	3	14	94	312	387	0.49	29.6
HP0141	BSU35700	25.556	90	50	5	446	527	52	132	4.6	26.6
HP0142	BSU08630	36.190	210	124	5	1	205	13	217	1.25e-40	142
HP0142	BSU22340	26.531	196	131	7	31	219	30	219	6.16e-15	69.7
HP0142	BSU08010	24.031	129	85	5	48	164	138	265	0.72	28.1
HP0142	BSU31060	30.000	50	35	0	138	187	238	287	0.80	28.1
HP0142	BSU06370	22.754	167	101	3	44	197	223	374	1.4	27.3
HP0142	BSU35220	26.882	93	49	2	112	185	263	355	1.4	27.3
HP0142	BSU08270	28.431	102	54	4	62	162	134	217	3.7	25.8
HP0142	BSU23530	26.190	42	31	0	2	43	167	208	4.2	25.4
HP0142	BSU22400	24.390	41	31	0	82	122	419	459	5.2	25.8
HP0142	BSU20340	31.250	48	23	1	6	43	738	785	5.6	25.8
HP0142	BSU01800	45.833	24	11	1	111	132	227	250	6.6	25.0
HP0142	BSU29120	36.111	36	23	0	73	108	220	255	7.4	25.0
HP0142	BSU11560	35.000	60	33	4	26	83	3	58	8.6	24.3
HP0143	BSU07570	37.453	267	152	3	3	264	9	265	1.33e-52	181
HP0143	BSU36130	25.352	71	49	1	187	253	39	109	2.0	26.9
HP0143	BSU28320	29.032	31	22	0	425	455	41	71	4.5	25.4
HP0143	BSU35600	28.000	50	36	0	216	265	145	194	8.6	25.4
HP0144	BSU38160	23.256	258	174	9	215	467	276	514	1.89e-05	43.9
HP0144	BSU14900	21.854	151	108	3	245	388	268	415	0.017	34.3
HP0144	BSU04310	23.000	100	71	2	333	432	380	473	1.9	27.7
HP0144	BSU30330	45.946	37	19	1	379	415	32	67	8.3	24.6
HP0145	BSU08960	24.242	66	39	1	74	128	74	139	1.4	26.6
HP0145	BSU14110	38.095	42	23	1	37	75	77	118	5.0	24.6
HP0145	BSU35620	27.027	37	27	0	123	159	162	198	5.6	25.0
HP0145	BSU40300	42.857	28	15	1	168	195	178	204	5.9	24.6
HP0145	BSU27960	43.750	16	9	0	45	60	2	17	8.5	23.5
HP0145	BSU00760	29.268	41	27	1	193	231	54	94	9.0	24.3
HP0146	BSU29600	30.000	40	28	0	2	41	69	108	0.62	24.6
HP0146	BSU26690	30.000	40	28	0	2	41	70	109	1.5	23.5
HP0146	BSU12360	32.143	28	19	0	10	37	222	249	3.0	22.7
HP0146	BSU30960	43.333	30	11	1	37	60	196	225	4.3	22.3
HP0146	BSU22300	35.294	34	22	0	31	64	76	109	4.4	22.3
HP0146	BSU01770	47.619	21	11	0	50	70	90	110	4.8	22.3
HP0146	BSU18120	42.105	19	11	0	13	31	30	48	5.0	22.3
HP0146	BSU15520	50.000	24	10	1	45	66	406	429	5.4	21.9
HP0146	BSU33700	31.579	38	24	2	15	52	86	121	6.8	21.6
HP0146	BSU33800	31.579	38	24	2	15	52	86	121	6.8	21.6
HP0146	BSU01550	22.857	35	27	0	15	49	6	40	7.9	21.6
HP0146	BSU13850	33.333	33	21	1	6	37	41	73	8.7	21.6
HP0146	BSU28440	31.250	16	11	0	29	44	102	117	9.2	21.6
HP0147	BSU25190	33.898	59	36	2	124	181	55	111	0.20	28.5
HP0147	BSU14890	31.481	54	32	2	194	244	246	297	0.26	29.3
HP0147	BSU35270	31.081	74	39	3	121	191	44	108	0.36	27.7
HP0147	BSU35270	29.412	68	35	4	201	265	35	92	0.44	27.7
HP0147	BSU15650	29.851	67	37	2	171	233	512	572	3.5	26.2
HP0147	BSU22540	38.095	21	13	0	209	229	182	202	3.8	25.4
HP0147	BSU19370	31.707	41	27	1	201	240	31	71	3.9	25.8
HP0147	BSU31600	26.496	117	59	4	24	140	443	532	4.0	25.8
HP0147	BSU18330	21.739	69	54	0	33	101	2391	2459	4.6	25.8
HP0147	BSU30190	26.374	91	59	3	156	246	112	194	4.8	25.4
HP0147	BSU39650	34.146	41	25	1	149	187	55	95	5.0	25.4
HP0147	BSU00710	32.075	53	31	2	102	149	239	291	7.0	24.6
HP0147	BSU18000	31.818	44	30	0	218	261	697	740	8.7	24.6
HP0148	BSU33210	50.000	30	12	1	2	28	6	35	1.4	23.5
HP0148	BSU02420	38.235	34	21	0	12	45	420	453	2.1	23.1
HP0148	BSU38790	32.500	40	20	2	12	44	1	40	2.4	22.3
HP0148	BSU04360	47.368	19	10	0	6	24	168	186	3.0	22.7
HP0148	BSU22850	30.769	26	18	0	41	66	75	100	3.6	22.3
HP0148	BSU27490	40.625	32	19	0	9	40	31	62	6.9	21.6
HP0148	BSU06550	41.176	17	10	0	14	30	268	284	7.0	21.6
HP0148	BSU10260	61.538	13	5	0	45	57	185	197	9.1	21.2
HP0149	BSU02720	30.909	55	34	2	107	158	279	332	1.3	26.6
HP0149	BSU14670	33.333	36	19	1	93	123	27	62	1.4	26.2
HP0149	BSU13690	28.333	60	36	1	136	188	107	166	2.2	25.8
HP0149	BSU12000	26.437	87	60	2	18	100	194	280	2.5	25.8
HP0149	BSU04860	26.531	49	36	0	49	97	151	199	4.8	24.6
HP0149	BSU27600	28.261	46	26	1	28	66	27	72	5.0	24.6
HP0149	BSU10270	41.935	31	17	1	121	151	78	107	5.3	24.6
HP0149	BSU17190	25.714	140	69	5	31	135	3309	3448	6.2	24.6
HP0149	BSU39120	33.333	48	29	1	130	174	63	110	7.3	24.3
HP0149	BSU11820	34.615	26	17	0	1	26	360	385	8.4	23.9
HP0150	BSU25530	32.468	77	47	4	35	108	285	359	0.36	28.1
HP0150	BSU39680	34.694	49	24	2	36	79	66	111	1.3	26.2
HP0150	BSU16299	50.000	22	11	0	175	196	37	58	1.5	24.6
HP0150	BSU23150	43.750	32	18	0	2	33	4	35	1.8	25.8
HP0150	BSU25340	35.000	40	26	0	18	57	73	112	2.0	25.8
HP0150	BSU20870	25.743	101	52	4	35	113	2	101	2.6	25.0
HP0150	BSU11240	23.377	77	50	2	57	133	342	409	2.8	25.4
HP0150	BSU34030	34.483	29	19	0	151	179	56	84	5.4	24.3
HP0150	BSU10630	32.143	56	37	1	62	117	441	495	5.4	24.6
HP0150	BSU29160	23.077	52	38	1	39	90	8	57	8.0	23.9
HP0151	BSU34930	35.000	80	45	3	119	191	48	127	0.89	27.3
HP0151	BSU26020	28.070	57	39	1	156	212	21	75	6.3	24.6
HP0151	BSU14780	36.667	30	19	0	177	206	26	55	7.3	23.9
HP0151	BSU16350	25.758	66	43	2	162	223	51	114	7.7	24.3
HP0151	BSU16320	33.333	27	18	0	4	30	33	59	9.8	24.3
HP0152	BSU22060	30.000	60	40	2	18	75	276	335	1.3	27.3
HP0152	BSU29980	27.273	55	37	1	73	127	120	171	1.4	26.9
HP0152	BSU14860	30.000	50	24	2	40	80	950	997	2.2	26.6
HP0152	BSU02520	29.412	34	24	0	144	177	162	195	2.8	26.2
HP0152	BSU35500	33.333	36	24	0	39	74	221	256	3.3	25.8
HP0152	BSU12260	36.000	50	32	0	176	225	121	170	3.9	25.8
HP0152	BSU17050	27.586	87	60	2	63	149	101	184	7.2	25.0
HP0152	BSU38070	26.712	146	78	7	137	262	103	239	8.3	24.6
HP0153	BSU16940	65.231	325	112	1	6	330	3	326	6.90e-156	438
HP0153	BSU00870	29.474	95	61	2	55	147	86	176	0.008	34.7
HP0153	BSU03590	27.083	96	44	2	13	108	2	71	0.036	32.3
HP0153	BSU04490	34.615	52	32	1	57	108	28	77	0.22	30.0
HP0153	BSU34700	48.387	31	15	1	56	86	31	60	0.70	28.1
HP0153	BSU30760	39.394	33	20	0	57	89	26	58	0.72	28.1
HP0153	BSU33290	35.417	48	19	2	38	76	1	45	0.97	27.7
HP0153	BSU33830	31.461	89	39	5	13	101	2	68	2.2	26.9
HP0153	BSU12250	45.455	22	12	0	55	76	37	58	3.0	26.2
HP0153	BSU00380	25.000	60	44	1	187	245	5	64	3.0	26.6
HP0153	BSU29340	55.000	20	9	0	57	76	24	43	3.0	26.2
HP0153	BSU33730	33.333	45	29	1	57	101	25	68	3.4	26.2
HP0153	BSU12420	55.000	20	9	0	57	76	217	236	3.5	26.2
HP0153	BSU39480	43.333	30	12	1	47	76	19	43	3.6	25.8
HP0153	BSU23960	29.268	41	29	0	57	97	24	64	3.9	25.8
HP0153	BSU27430	50.000	20	10	0	57	76	24	43	6.5	25.0
HP0153	BSU08220	47.619	21	11	0	57	77	389	409	7.0	25.4
HP0153	BSU30610	58.333	24	9	1	59	82	32	54	8.2	25.0
HP0153	BSU03820	34.146	41	26	1	57	97	24	63	8.4	24.6
HP0153	BSU39640	32.692	52	31	2	56	107	29	76	9.1	24.6
HP0153	BSU11360	36.364	33	21	0	57	89	31	63	9.4	24.6
HP0154	BSU33900	56.901	413	177	1	1	412	1	413	1.04e-172	487
HP0154	BSU30780	28.070	114	68	3	248	361	187	286	0.019	33.9
HP0154	BSU28510	32.075	53	28	1	124	168	60	112	2.0	27.3
HP0154	BSU10630	35.849	53	32	2	92	144	600	650	2.1	27.3
HP0154	BSU12980	46.875	32	15	1	105	136	96	125	2.3	26.9
HP0154	BSU28280	25.000	56	42	0	306	361	282	337	3.1	26.9
HP0154	BSU40030	31.818	44	25	1	91	134	27	65	4.5	26.2
HP0154	BSU11470	26.984	63	38	2	303	359	84	144	4.8	26.2
HP0154	BSU25540	29.268	82	47	4	27	97	265	346	6.1	25.8
HP0154	BSU15980	42.857	35	17	2	197	229	147	180	7.7	25.4
HP0154	BSU00500	31.667	60	40	1	194	252	388	447	7.9	25.4
HP0154	BSU31960	20.833	120	79	4	294	413	756	859	8.6	25.4
HP0154	BSU24580	35.294	34	22	0	176	209	313	346	9.0	25.4
HP0155	BSU22180	43.333	30	17	0	60	89	41	70	0.079	27.3
HP0155	BSU28090	34.375	32	21	0	50	81	809	840	2.9	23.5
HP0155	BSU36510	37.037	27	17	0	1	27	322	348	3.6	23.1
HP0155	BSU09470	38.095	21	13	0	26	46	47	67	4.2	23.1
HP0155	BSU10650	45.714	35	16	1	55	86	375	409	4.3	23.1
HP0155	BSU15730	35.484	31	20	0	59	89	50	80	4.5	22.7
HP0155	BSU35220	34.483	29	19	0	10	38	6	34	4.5	22.7
HP0155	BSU36590	32.500	40	26	1	48	87	119	157	4.8	22.7
HP0155	BSU23420	36.364	33	19	1	22	52	61	93	5.1	22.7
HP0155	BSU31630	23.944	71	35	2	4	57	93	161	5.7	22.7
HP0155	BSU14710	31.373	51	27	2	1	48	233	278	6.4	22.3
HP0155	BSU03950	37.931	29	18	0	10	38	247	275	6.5	22.3
HP0155	BSU29600	47.059	17	9	0	25	41	123	139	7.2	22.3
HP0155	BSU06140	41.667	36	19	2	54	87	337	372	7.7	22.3
HP0156	BSU22720	32.836	67	40	3	134	196	107	172	0.65	27.3
HP0156	BSU13110	29.167	48	34	0	90	137	175	222	1.9	25.8
HP0156	BSU17190	30.000	60	42	0	14	73	1549	1608	3.5	25.4
HP0156	BSU16090	24.691	81	50	2	87	156	141	221	3.7	25.0
HP0156	BSU02390	34.146	41	25	1	79	117	38	78	4.3	25.0
HP0156	BSU37280	35.294	34	21	1	120	153	111	143	4.5	25.0
HP0156	BSU36060	25.000	124	59	4	47	137	208	330	5.2	24.6
HP0156	BSU12070	28.000	75	44	2	83	149	37	109	7.4	23.5
HP0156	BSU21810	20.000	85	59	2	73	150	11	93	7.8	23.9
HP0157	BSU03150	33.557	149	86	4	2	141	12	156	1.73e-18	75.1
HP0157	BSU18310	27.907	43	31	0	112	154	445	487	0.69	26.9
HP0157	BSU12580	28.750	80	48	3	6	85	24	94	0.80	26.6
HP0157	BSU30060	32.075	53	32	1	38	86	316	368	1.2	26.2
HP0157	BSU37180	41.379	29	16	1	47	75	511	538	1.3	26.2
HP0157	BSU36220	27.586	58	37	1	29	86	153	205	1.5	25.8
HP0157	BSU37290	52.381	21	10	0	130	150	69	89	2.6	24.6
HP0157	BSU34300	61.111	18	7	0	126	143	224	241	3.3	24.6
HP0157	BSU13700	56.522	23	8	1	5	27	116	136	3.6	24.6
HP0157	BSU01450	31.373	51	35	0	2	52	36	86	3.7	24.6
HP0157	BSU01460	50.000	24	12	0	3	26	22	45	4.2	24.3
HP0157	BSU00730	31.343	67	36	2	25	91	33	89	4.8	24.3
HP0157	BSU35160	64.706	17	6	0	2	18	27	43	4.9	24.3
HP0157	BSU40730	29.897	97	59	5	44	137	74	164	5.2	23.9
HP0157	BSU13590	28.261	46	32	1	74	118	347	392	5.7	23.9
HP0157	BSU04740	31.250	32	22	0	117	148	126	157	6.8	23.5
HP0157	BSU28220	48.000	25	13	0	3	27	111	135	8.5	23.5
HP0158	BSU38670	44.828	29	16	0	213	241	6	34	0.16	27.7
HP0158	BSU31240	23.636	55	37	2	101	154	136	186	0.31	29.6
HP0158	BSU35160	32.353	34	23	0	14	47	104	137	3.6	26.2
HP0158	BSU30150	36.364	33	19	1	54	84	218	250	3.9	26.2
HP0158	BSU19020	30.435	69	47	1	38	105	7	75	4.4	25.8
HP0158	BSU34220	32.653	49	26	2	94	142	82	123	4.6	25.8
HP0158	BSU25010	29.000	100	49	5	223	315	252	336	5.1	25.4
HP0158	BSU40370	23.377	77	54	2	90	161	113	189	5.8	25.0
HP0158	BSU28310	30.769	52	34	1	21	72	186	235	9.3	24.6
HP0159	BSU38430	19.408	304	177	9	4	293	6	255	2.21e-07	48.5
HP0159	BSU10310	28.916	83	48	3	127	203	64	141	0.022	32.3
HP0159	BSU35650	22.857	140	85	3	140	256	161	300	0.22	30.0
HP0159	BSU31980	32.308	65	41	2	54	118	139	200	1.4	27.7
HP0159	BSU11970	25.610	82	36	2	13	94	3	59	5.8	24.6
HP0159	BSU23780	18.421	76	62	0	21	96	110	185	6.8	25.4
HP0159	BSU18310	33.333	30	20	0	173	202	183	212	7.2	25.4
HP0159	BSU13340	33.333	30	20	0	169	198	79	108	7.7	24.6
HP0159	BSU40430	34.000	50	32	1	113	161	4	53	9.2	24.3
HP0159	BSU09840	32.500	40	27	0	157	196	446	485	9.6	25.0
HP0160	BSU09590	33.333	33	22	0	270	302	325	357	2.1	26.6
HP0160	BSU32920	40.909	22	13	0	76	97	175	196	4.8	25.4
HP0160	BSU11160	35.294	34	22	0	204	237	22	55	4.9	24.6
HP0160	BSU24060	31.034	58	37	2	246	300	207	264	5.2	25.4
HP0160	BSU17890	37.500	24	15	0	256	279	337	360	5.3	25.4
HP0162	BSU27820	38.565	223	130	4	18	238	20	237	7.30e-42	140
HP0162	BSU06840	29.339	242	163	5	1	240	1	236	8.74e-27	100
HP0162	BSU31370	43.478	46	21	3	158	201	345	387	0.67	27.7
HP0162	BSU30480	22.989	87	65	1	138	224	133	217	0.75	27.7
HP0162	BSU32770	57.143	21	9	0	217	237	3	23	1.7	25.4
HP0162	BSU24070	30.233	43	28	1	8	48	169	211	2.7	25.8
HP0162	BSU18100	32.609	46	30	1	62	107	704	748	3.8	25.4
HP0162	BSU25350	41.304	46	24	2	167	209	347	392	5.2	25.0
HP0162	BSU22590	40.385	52	21	3	178	229	379	420	6.2	24.6
HP0162	BSU10770	28.571	63	29	2	120	166	636	698	7.6	24.6
HP0162	BSU18380	35.714	28	18	0	3	30	34	61	8.9	23.9
HP0162	BSU28790	40.541	37	21	1	47	83	476	511	9.3	24.3
HP0163	BSU28130	50.470	319	157	1	2	320	5	322	1.23e-122	352
HP0163	BSU24120	32.000	100	55	4	44	143	26	112	0.19	30.0
HP0163	BSU40560	27.143	70	49	1	192	261	32	99	0.42	28.1
HP0163	BSU04560	38.710	31	19	0	30	60	291	321	1.1	27.7
HP0163	BSU06030	33.333	33	22	0	189	221	256	288	1.1	27.7
HP0163	BSU07080	27.143	70	44	1	120	182	481	550	2.7	26.6
HP0163	BSU24070	32.432	37	25	0	78	114	149	185	2.7	26.6
HP0163	BSU10650	30.667	75	46	3	78	147	65	138	3.3	26.2
HP0163	BSU03620	30.667	75	41	3	42	113	15	81	3.9	25.8
HP0163	BSU23120	25.000	64	47	1	214	276	27	90	5.3	25.4
HP0163	BSU40880	25.974	77	46	3	178	243	163	239	8.9	24.6
HP0163	BSU39420	29.268	41	29	0	64	104	48	88	9.3	24.6
HP0165	BSU23110	35.294	51	30	2	122	170	164	213	7.4	25.8
HP0165	BSU30820	19.685	127	94	3	18	140	123	245	7.5	25.8
HP0165	BSU20100	34.694	49	28	3	38	86	15	59	8.2	23.5
HP0165	BSU03490	23.636	55	35	1	46	100	49	96	9.0	25.4
HP0166	BSU29110	34.632	231	142	2	3	224	4	234	1.03e-41	139
HP0166	BSU26430	35.841	226	137	4	4	223	5	228	4.52e-39	132
HP0166	BSU40410	33.186	226	146	1	3	223	4	229	5.77e-39	131
HP0166	BSU02550	33.482	224	143	2	5	223	1	223	1.49e-38	130
HP0166	BSU03750	30.396	227	152	4	2	224	1	225	1.85e-38	130
HP0166	BSU13250	34.529	223	143	3	4	224	6	227	1.26e-36	125
HP0166	BSU23120	30.131	229	153	4	3	224	8	236	6.15e-36	124
HP0166	BSU33221	26.906	223	160	2	4	223	6	228	2.71e-29	106
HP0166	BSU33010	29.956	227	143	7	4	223	5	222	1.70e-28	104
HP0166	BSU34720	27.948	229	159	2	1	224	1	228	1.92e-26	99.4
HP0166	BSU39660	28.384	229	154	3	1	223	1	225	3.19e-25	95.9
HP0166	BSU30400	28.571	224	154	3	1	221	1	221	3.55e-23	90.5
HP0166	BSU02000	29.464	224	142	8	4	223	6	217	1.26e-19	80.9
HP0166	BSU31530	31.250	128	81	4	1	125	1	124	5.22e-11	57.4
HP0166	BSU24220	30.894	123	72	5	2	115	4	122	4.53e-09	52.0
HP0166	BSU28920	29.839	124	78	4	1	121	1	118	1.30e-08	50.4
HP0166	BSU04460	30.370	135	81	5	3	131	7	134	5.34e-08	48.5
HP0166	BSU16330	25.641	117	81	3	4	116	5	119	3.62e-07	44.7
HP0166	BSU37130	23.364	107	81	1	3	108	5	111	8.07e-07	43.9
HP0166	BSU09330	34.043	94	56	3	20	109	20	111	1.26e-06	44.7
HP0166	BSU36350	38.889	54	33	0	73	126	12	65	1.34e-06	44.7
HP0166	BSU05420	26.667	120	84	2	1	117	1	119	4.30e-06	42.7
HP0166	BSU33080	28.235	170	114	5	1	167	1	165	9.34e-06	42.0
HP0166	BSU16420	28.440	109	68	4	1	102	1	106	1.77e-05	41.6
HP0166	BSU02740	30.952	84	52	3	47	129	49	127	7.47e-04	36.2
HP0166	BSU35490	25.490	153	104	3	47	189	51	203	0.002	35.4
HP0166	BSU17940	23.944	71	53	1	47	116	48	118	0.002	34.3
HP0166	BSU02450	29.167	72	51	0	47	118	49	120	0.002	35.4
HP0166	BSU38910	25.170	147	91	5	38	177	44	178	0.009	33.1
HP0166	BSU37030	30.909	55	38	0	68	122	67	121	0.039	30.8
HP0166	BSU07590	27.778	108	69	4	1	102	1	105	0.12	29.6
HP0166	BSU08300	25.180	139	88	5	47	177	49	179	0.25	28.5
HP0166	BSU31680	35.088	57	30	4	45	95	48	103	0.59	27.3
HP0166	BSU35400	40.000	25	15	0	3	27	254	278	0.75	27.3
HP0166	BSU40760	44.828	29	16	0	155	183	72	100	0.83	26.9
HP0166	BSU38460	24.684	158	75	5	5	135	194	334	1.5	26.6
HP0166	BSU30570	35.714	28	18	0	130	157	21	48	2.3	24.6
HP0166	BSU20270	23.894	113	68	4	1	100	1	108	2.3	25.4
HP0166	BSU25220	22.222	72	52	2	92	163	26	93	4.7	23.9
HP0166	BSU31230	31.034	58	24	2	76	122	48	100	4.9	25.0
HP0166	BSU11690	30.303	33	23	0	67	99	173	205	5.6	24.6
HP0166	BSU18180	24.590	61	43	1	62	122	237	294	8.7	24.3
HP0167	BSU17190	35.417	48	24	2	3	48	478	520	0.16	28.9
HP0167	BSU05010	32.653	49	32	1	100	148	97	144	1.1	26.2
HP0167	BSU37460	41.667	24	14	0	100	123	95	118	1.5	25.8
HP0167	BSU03770	34.146	41	17	1	100	130	96	136	1.6	25.4
HP0167	BSU35730	43.333	30	17	0	33	62	324	353	1.9	25.4
HP0167	BSU02820	35.714	28	18	0	100	127	93	120	4.3	24.3
HP0167	BSU06830	40.909	22	13	0	100	121	93	114	6.6	23.9
HP0167	BSU00340	38.235	34	17	2	6	38	99	129	7.1	23.5
HP0167	BSU10050	24.731	93	52	4	52	132	89	175	9.5	23.1
HP0168	BSU27490	32.353	34	19	1	6	39	134	163	1.0	24.6
HP0168	BSU09980	37.500	24	14	1	7	30	88	110	1.4	23.9
HP0168	BSU14150	31.034	58	29	2	12	60	66	121	1.7	23.9
HP0168	BSU01630	36.585	41	22	2	11	49	205	243	4.3	22.7
HP0168	BSU06480	26.471	34	25	0	4	37	10	43	4.7	22.7
HP0168	BSU33320	32.609	46	30	1	42	87	129	173	5.0	22.7
HP0168	BSU08240	39.394	33	15	1	18	45	20	52	5.5	22.3
HP0168	BSU00920	29.310	58	41	0	12	69	267	324	6.5	22.3
HP0168	BSU05840	26.531	49	35	1	1	48	173	221	8.2	21.9
HP0168	BSU34840	36.667	30	19	0	16	45	311	340	8.4	21.9
HP0168	BSU38260	31.579	38	26	0	16	53	146	183	9.7	21.9
HP0169	BSU27340	35.505	307	189	5	5	308	23	323	2.73e-60	199
HP0169	BSU27350	28.873	284	177	7	1	275	1	268	1.95e-24	99.8
HP0169	BSU11382	35.135	37	22	1	374	408	76	112	0.43	29.3
HP0169	BSU03830	44.186	43	22	1	78	118	103	145	0.95	28.1
HP0169	BSU35600	24.000	125	71	3	308	422	198	308	1.1	28.1
HP0169	BSU39610	32.759	58	33	2	71	122	86	143	1.7	27.3
HP0169	BSU27670	22.973	74	57	0	213	286	30	103	3.2	26.6
HP0169	BSU34170	26.923	52	38	0	47	98	194	245	5.0	26.2
HP0169	BSU12960	24.138	87	51	3	137	211	407	490	5.9	25.8
HP0169	BSU03760	21.951	82	53	2	34	115	287	357	6.0	25.8
HP0169	BSU08090	26.667	105	75	2	6	110	49	151	6.9	25.8
HP0169	BSU07350	23.529	68	48	2	205	272	79	142	8.0	25.4
HP0170	BSU15040	33.333	45	30	0	169	213	185	229	1.2	26.9
HP0170	BSU18090	29.825	57	35	1	147	203	224	275	1.5	26.9
HP0170	BSU39300	42.105	57	29	2	19	71	456	512	1.9	26.6
HP0170	BSU19320	31.481	54	36	1	158	211	514	566	2.0	26.6
HP0170	BSU04020	46.154	26	12	1	119	142	140	165	3.5	25.4
HP0170	BSU02940	23.288	146	91	5	104	231	119	261	3.6	25.4
HP0170	BSU14071	35.484	31	20	0	104	134	508	538	4.2	25.4
HP0171	BSU35290	48.476	361	181	2	7	362	4	364	1.48e-119	347
HP0171	BSU37010	33.430	344	217	5	27	360	3	344	1.68e-61	198
HP0171	BSU29040	32.432	37	25	0	207	243	18	54	0.73	28.5
HP0171	BSU17270	23.404	94	59	4	79	170	89	171	2.1	26.9
HP0171	BSU24720	35.849	53	31	2	40	90	35	86	3.5	26.2
HP0171	BSU26075	32.143	56	33	1	148	198	208	263	4.9	25.8
HP0171	BSU16070	28.000	50	36	0	8	57	108	157	4.9	25.8
HP0171	BSU02010	31.746	63	39	2	10	71	151	210	5.2	25.8
HP0171	BSU13370	39.130	46	20	2	225	262	185	230	5.6	25.4
HP0171	BSU21350	42.500	40	20	1	28	67	2019	2055	5.7	25.8
HP0171	BSU33020	32.558	43	29	0	104	146	362	404	5.8	25.8
HP0171	BSU32670	30.137	73	46	2	122	189	239	311	5.8	25.8
HP0172	BSU14280	29.450	309	203	5	20	314	25	332	1.84e-39	142
HP0172	BSU27160	46.429	28	13	1	44	71	106	131	2.1	27.3
HP0172	BSU15640	38.095	42	21	1	349	385	363	404	2.7	26.9
HP0172	BSU16810	32.500	40	27	0	236	275	103	142	5.2	25.8
HP0172	BSU13660	42.308	26	10	1	274	299	240	260	6.7	25.4
HP0172	BSU34070	38.889	36	21	1	53	87	190	225	9.8	25.0
HP0173	BSU16370	26.749	243	173	2	16	254	11	252	7.78e-30	109
HP0173	BSU30900	23.288	146	96	6	23	162	11	146	0.017	32.7
HP0173	BSU00940	24.348	115	63	4	133	241	367	463	1.0	27.3
HP0173	BSU09620	25.000	104	46	4	141	217	97	195	5.0	25.0
HP0173	BSU31400	23.932	117	65	4	3	102	7	116	5.5	25.0
HP0173	BSU22860	29.730	37	26	0	114	150	96	132	9.1	23.9
HP0174	BSU35380	32.836	67	43	1	111	175	3	69	0.005	33.1
HP0174	BSU02820	36.364	44	20	2	30	73	213	248	0.53	28.1
HP0174	BSU25840	52.174	23	9	1	21	43	5	25	3.5	23.5
HP0174	BSU22550	24.242	99	64	4	54	152	27	114	4.2	25.0
HP0174	BSU17760	29.333	75	46	3	86	154	43	116	6.0	24.6
HP0174	BSU32550	23.077	52	40	0	175	226	196	247	9.5	24.3
HP0175	BSU09950	35.507	138	70	7	113	249	101	220	6.35e-13	64.7
HP0175	BSU00720	24.653	288	162	10	5	270	10	264	6.72e-13	64.7
HP0175	BSU04640	33.333	33	22	0	164	196	140	172	0.50	28.5
HP0175	BSU22140	23.913	92	67	1	136	227	107	195	0.55	28.1
HP0175	BSU31080	25.641	117	70	4	1	100	1	117	0.58	28.1
HP0175	BSU20850	52.381	21	10	0	1	21	1	21	0.62	25.4
HP0175	BSU00820	35.135	37	22	1	98	132	312	348	0.89	27.7
HP0175	BSU27785	33.333	72	33	1	67	138	17	73	1.5	26.6
HP0175	BSU11680	28.846	52	37	0	148	199	7	58	4.2	23.9
HP0175	BSU34460	32.609	46	26	2	216	257	36	80	4.4	25.8
HP0175	BSU31970	32.258	31	21	0	169	199	262	292	6.0	25.0
HP0175	BSU32290	23.750	80	57	2	97	176	19	94	6.7	25.0
HP0176	BSU37120	42.997	307	148	6	2	306	3	284	1.16e-80	243
HP0176	BSU39670	35.390	308	169	6	2	306	3	283	5.60e-62	195
HP0176	BSU26910	28.302	53	35	2	41	92	90	140	0.79	27.7
HP0176	BSU31300	28.571	63	45	0	15	77	190	252	0.98	27.7
HP0176	BSU24580	22.967	209	130	7	97	296	48	234	1.3	27.3
HP0176	BSU13710	24.752	101	61	3	94	182	94	191	1.3	27.3
HP0176	BSU27930	26.263	99	64	2	111	203	9	104	1.4	26.9
HP0176	BSU28280	35.185	54	25	2	30	73	80	133	2.2	26.6
HP0176	BSU01090	43.750	32	13	1	116	142	41	72	2.6	25.0
HP0176	BSU27000	29.630	54	29	1	121	165	50	103	3.5	25.4
HP0176	BSU24590	30.612	49	31	1	101	146	215	263	5.0	25.4
HP0176	BSU33900	34.884	43	24	1	86	128	349	387	6.6	25.0
HP0176	BSU29230	45.455	22	12	0	30	51	610	631	6.9	25.4
HP0176	BSU32100	37.209	43	19	1	145	187	86	120	7.7	25.0
HP0176	BSU27990	37.500	48	27	1	135	179	46	93	7.8	24.6
HP0177	BSU24450	46.448	183	98	0	3	185	2	184	2.47e-61	186
HP0177	BSU14850	50.000	20	10	0	45	64	294	313	0.85	26.9
HP0177	BSU04785	42.105	19	11	0	64	82	2	20	5.6	22.3
HP0178	BSU37870	32.486	354	213	9	4	336	16	364	3.08e-42	147
HP0178	BSU00960	25.000	84	61	1	61	142	17	100	2.0	26.6
HP0178	BSU15090	28.814	59	42	0	278	336	51	109	2.7	26.2
HP0178	BSU29750	23.333	90	54	3	85	161	174	261	2.9	26.6
HP0178	BSU31550	26.136	88	41	2	165	228	3	90	3.0	26.6
HP0178	BSU00760	36.364	44	27	1	69	112	33	75	3.9	25.8
HP0178	BSU07260	20.339	59	42	2	61	117	349	404	4.1	26.2
HP0178	BSU07710	20.792	101	63	4	19	117	318	403	4.2	26.2
HP0178	BSU35530	27.941	68	45	2	42	108	72	136	6.3	25.4
HP0178	BSU20360	28.333	60	38	2	38	95	316	372	8.2	25.0
HP0178	BSU21120	36.000	50	29	1	76	125	55	101	8.4	25.0
HP0178	BSU32130	30.952	42	27	1	117	158	183	222	9.0	24.6
HP0178	BSU35520	29.630	54	37	1	201	253	124	177	9.2	24.6
HP0179	BSU33270	33.628	226	134	6	1	213	1	223	1.59e-36	124
HP0179	BSU30420	34.667	225	129	4	1	209	1	223	2.04e-35	122
HP0179	BSU35260	33.824	204	125	7	17	213	19	219	2.27e-34	119
HP0179	BSU39640	35.000	200	123	2	19	212	26	224	2.06e-33	117
HP0179	BSU30380	35.789	190	115	3	18	201	25	213	3.92e-33	116
HP0179	BSU34700	36.649	191	114	2	17	201	26	215	8.51e-33	115
HP0179	BSU14360	33.333	213	127	6	1	201	1	210	3.53e-32	113
HP0179	BSU39480	36.538	208	113	7	1	196	1	201	2.24e-31	112
HP0179	BSU03730	33.158	190	116	4	13	195	18	203	1.61e-30	109
HP0179	BSU03590	33.333	207	118	8	2	195	4	203	6.16e-27	100
HP0179	BSU23960	33.333	204	122	5	1	195	1	199	7.54e-27	100
HP0179	BSU29340	31.373	204	129	5	18	212	19	220	2.20e-26	99.4
HP0179	BSU27430	32.796	186	110	5	19	195	20	199	8.96e-24	92.0
HP0179	BSU01460	36.458	192	105	8	11	190	5	191	3.39e-23	91.3
HP0179	BSU38660	36.316	190	101	6	19	201	20	196	3.71e-23	91.3
HP0179	BSU32750	32.178	202	126	7	19	212	24	222	4.88e-23	91.7
HP0179	BSU11460	32.461	191	113	4	17	191	28	218	7.41e-22	88.6
HP0179	BSU11370	32.105	190	108	4	17	191	37	220	7.93e-21	85.5
HP0179	BSU37230	35.676	185	97	8	17	188	350	525	2.48e-20	85.5
HP0179	BSU13000	31.579	190	109	5	17	191	28	211	4.31e-20	83.6
HP0179	BSU08830	30.508	177	108	3	19	191	25	190	4.55e-20	82.4
HP0179	BSU07370	29.583	240	123	9	1	206	3	230	7.97e-20	84.0
HP0179	BSU07370	26.087	207	115	6	1	194	318	499	4.57e-12	61.2
HP0179	BSU02750	31.053	190	118	5	19	201	24	207	8.63e-20	81.6
HP0179	BSU11360	31.443	194	117	4	14	191	22	215	1.15e-19	82.4
HP0179	BSU13220	31.551	187	117	6	12	194	306	485	1.17e-19	83.6
HP0179	BSU13220	29.688	192	117	5	12	190	21	207	5.89e-18	78.6
HP0179	BSU01450	31.313	198	122	5	12	201	21	212	1.37e-19	81.6
HP0179	BSU32550	31.016	187	110	6	20	197	23	199	2.41e-19	82.0
HP0179	BSU02980	35.294	153	92	3	17	163	50	201	2.49e-19	82.0
HP0179	BSU02860	28.571	210	120	7	14	206	17	213	7.07e-19	78.6
HP0179	BSU11470	32.461	191	107	6	17	191	26	210	7.31e-19	79.7
HP0179	BSU08210	34.682	173	90	5	19	177	350	513	8.24e-19	80.9
HP0179	BSU08310	28.095	210	134	7	1	201	1	202	1.42e-18	79.3
HP0179	BSU12950	30.102	196	111	5	17	191	25	215	1.93e-18	79.0
HP0179	BSU33830	29.000	200	128	6	1	191	1	195	3.29e-18	78.6
HP0179	BSU33730	29.500	200	127	6	1	191	1	195	3.31e-18	78.6
HP0179	BSU07420	25.581	215	127	4	6	191	8	218	8.75e-18	77.8
HP0179	BSU07420	21.693	189	115	4	10	191	334	496	9.41e-11	57.4
HP0179	BSU12250	34.337	166	100	6	29	191	45	204	1.71e-17	75.5
HP0179	BSU07490	30.811	185	113	5	17	191	20	199	1.81e-17	75.5
HP0179	BSU30610	31.953	169	99	5	29	191	36	194	2.44e-17	75.1
HP0179	BSU08220	34.437	151	82	6	27	166	393	537	8.85e-17	75.1
HP0179	BSU32940	32.836	201	123	6	19	213	24	218	1.63e-16	73.2
HP0179	BSU14430	25.106	235	137	9	1	205	1	226	1.67e-16	74.3
HP0179	BSU14430	32.353	68	42	1	132	199	440	503	3.56e-05	40.8
HP0179	BSU08690	33.149	181	97	8	6	170	345	517	1.94e-16	73.9
HP0179	BSU34090	28.571	196	125	4	1	190	2	188	2.54e-16	72.8
HP0179	BSU38810	26.531	196	127	5	12	199	16	202	5.31e-16	72.4
HP0179	BSU40620	28.713	202	112	6	6	199	19	196	1.01e-15	70.1
HP0179	BSU05950	30.769	195	113	5	2	194	329	503	1.11e-15	72.0
HP0179	BSU05950	27.197	239	135	10	1	206	2	234	1.74e-13	65.5
HP0179	BSU24950	31.694	183	108	7	2	170	16	195	1.11e-15	70.5
HP0179	BSU02570	28.022	182	120	4	13	190	17	191	2.26e-15	70.1
HP0179	BSU04490	29.891	184	114	6	13	190	18	192	2.49e-15	70.1
HP0179	BSU09080	25.743	202	140	4	13	210	17	212	4.53e-15	69.3
HP0179	BSU30760	26.131	199	123	6	6	191	8	195	1.86e-14	67.0
HP0179	BSU31550	26.906	223	145	7	1	211	4	220	4.22e-14	67.4
HP0179	BSU31550	31.325	166	85	7	19	163	276	433	8.82e-09	51.6
HP0179	BSU15340	28.125	192	119	5	13	190	15	201	4.38e-14	66.2
HP0179	BSU24960	28.934	197	120	7	19	200	41	232	6.62e-14	65.9
HP0179	BSU21470	28.079	203	124	8	2	192	483	675	6.67e-14	66.6
HP0179	BSU38730	29.756	205	122	8	2	195	339	532	8.37e-14	66.2
HP0179	BSU35940	29.851	201	119	8	15	201	17	209	1.48e-13	65.5
HP0179	BSU35940	24.510	204	134	6	3	191	254	452	8.20e-08	48.5
HP0179	BSU34820	31.000	200	118	6	19	206	360	551	2.39e-13	65.1
HP0179	BSU03820	26.829	205	134	6	1	195	1	199	2.66e-13	63.9
HP0179	BSU09720	31.788	151	86	5	27	166	457	601	3.11e-13	64.7
HP0179	BSU01950	29.050	179	110	5	19	190	22	190	4.48e-13	63.2
HP0179	BSU09070	27.119	177	117	4	17	191	19	185	4.53e-13	62.8
HP0179	BSU33160	28.780	205	131	3	2	195	1	201	1.94e-12	62.4
HP0179	BSU30450	25.773	194	133	6	19	209	20	205	4.71e-12	60.5
HP0179	BSU14320	27.473	182	106	7	6	170	339	511	6.97e-12	60.8
HP0179	BSU33290	23.113	212	147	4	12	212	15	221	1.45e-11	58.9
HP0179	BSU10040	25.000	184	123	6	14	190	17	192	2.45e-11	58.2
HP0179	BSU14330	26.857	175	107	5	5	166	368	534	4.20e-11	58.5
HP0179	BSU09710	29.240	171	90	8	19	171	357	514	5.07e-11	58.2
HP0179	BSU05610	24.299	214	122	7	1	211	4	180	1.14e-10	57.0
HP0179	BSU05610	25.126	199	110	9	6	194	296	465	6.53e-08	48.9
HP0179	BSU09890	26.131	199	126	7	17	206	18	204	4.45e-09	52.0
HP0179	BSU38740	25.405	185	113	5	35	205	362	535	1.16e-08	51.2
HP0179	BSU37390	23.077	195	140	4	2	190	6	196	2.06e-08	49.7
HP0179	BSU30010	23.383	201	129	5	13	206	18	200	9.67e-08	47.8
HP0179	BSU35700	23.164	177	106	4	19	187	42	196	1.14e-06	45.1
HP0179	BSU32710	26.168	214	119	8	13	201	18	217	1.43e-06	44.3
HP0179	BSU35160	28.704	108	71	5	90	192	442	548	2.56e-06	44.3
HP0179	BSU35160	31.579	76	48	2	116	187	811	886	0.006	33.9
HP0179	BSU35160	64.706	17	6	0	30	46	636	652	1.2	26.9
HP0179	BSU40150	27.222	180	112	4	13	191	13	174	5.11e-06	42.4
HP0179	BSU23210	25.000	68	51	0	5	72	6	73	0.062	30.4
HP0179	BSU15980	30.769	52	36	0	24	75	99	150	0.20	29.3
HP0179	BSU01170	29.851	67	42	2	138	201	106	170	0.32	28.1
HP0179	BSU29020	28.571	49	33	1	155	201	276	324	1.4	26.6
HP0179	BSU10330	34.000	50	24	1	107	156	79	119	1.5	26.6
HP0179	BSU12530	52.000	25	12	0	26	50	117	141	2.0	25.8
HP0179	BSU09770	25.000	72	47	2	19	90	315	379	3.0	25.4
HP0179	BSU04780	45.833	24	13	0	190	213	136	159	4.0	25.0
HP0179	BSU16050	46.154	26	13	1	23	47	116	141	4.5	24.6
HP0179	BSU15600	50.000	22	11	0	29	50	29	50	7.6	23.9
HP0179	BSU38120	35.897	39	22	1	4	42	332	367	8.4	24.3
HP0179	BSU05910	24.194	62	33	1	24	71	26	87	8.5	23.5
HP0179	BSU15950	26.415	53	38	1	31	83	125	176	9.1	23.9
HP0179	BSU39000	31.818	44	24	1	6	49	355	392	10.0	23.9
HP0180	BSU34390	27.711	83	58	2	226	306	261	343	0.13	31.2
HP0180	BSU23940	35.484	31	20	0	104	134	66	96	0.32	29.3
HP0180	BSU02140	28.125	64	43	1	353	413	111	174	2.2	27.3
HP0180	BSU37500	34.783	23	15	0	365	387	185	207	2.7	26.9
HP0180	BSU34000	31.068	103	64	4	96	197	79	175	8.7	25.0
HP0181	BSU22430	43.750	32	16	1	110	139	77	108	1.1	26.9
HP0181	BSU33090	28.889	90	54	2	118	197	166	255	2.5	25.8
HP0181	BSU40510	30.952	84	50	4	131	212	209	286	2.5	26.2
HP0181	BSU34890	26.829	41	30	0	94	134	2	42	2.6	25.4
HP0181	BSU00710	42.553	47	23	1	6	48	116	162	2.6	25.8
HP0181	BSU19950	31.579	38	26	0	24	61	30	67	2.8	24.3
HP0181	BSU00010	50.000	18	9	0	197	214	97	114	3.2	25.4
HP0181	BSU09310	33.929	56	34	1	170	222	223	278	8.5	24.3
HP0182	BSU00820	46.217	489	257	4	4	489	12	497	3.25e-153	443
HP0182	BSU27550	27.016	248	162	8	59	292	21	263	2.47e-19	87.8
HP0182	BSU27550	50.000	36	18	0	451	486	523	558	1.34e-05	44.3
HP0182	BSU22360	22.350	434	289	17	68	488	26	424	3.45e-16	77.4
HP0182	BSU05680	37.037	54	28	2	169	221	125	173	0.006	35.4
HP0182	BSU03300	30.986	71	45	3	198	266	113	181	0.47	29.6
HP0182	BSU31390	32.353	68	40	4	61	127	12	74	2.6	26.2
HP0182	BSU01935	48.000	25	13	0	217	241	353	377	2.6	27.3
HP0182	BSU36560	38.462	26	16	0	340	365	98	123	3.2	26.2
HP0182	BSU12520	47.826	23	12	0	211	233	8	30	4.6	26.2
HP0182	BSU13950	25.000	92	67	2	358	447	340	431	9.6	25.4
HP0183	BSU36900	52.927	410	191	2	5	413	4	412	5.58e-148	423
HP0183	BSU34230	26.042	96	67	2	168	262	132	224	0.051	32.3
HP0183	BSU13780	25.688	109	63	4	127	228	182	279	0.10	31.2
HP0183	BSU01640	22.751	189	110	8	21	179	166	348	0.44	29.6
HP0183	BSU28560	43.750	32	18	0	148	179	439	470	0.66	28.9
HP0183	BSU03900	25.532	47	35	0	347	393	15	61	0.79	28.5
HP0183	BSU37890	26.389	72	53	0	176	247	137	208	5.1	25.8
HP0183	BSU05530	38.889	36	20	1	64	97	171	206	7.6	25.0
HP0183	BSU12900	46.154	26	13	1	246	271	280	304	8.6	25.4
HP0183	BSU12300	30.357	56	36	2	198	251	279	333	10.0	25.0
HP0184	BSU02619	47.826	23	12	0	93	115	26	48	2.6	23.5
HP0184	BSU10070	50.000	18	9	0	105	122	97	114	5.4	24.3
HP0184	BSU02980	36.364	33	20	1	127	158	237	269	7.1	23.9
HP0184	BSU01080	44.444	27	9	1	14	34	317	343	8.0	23.9
HP0185	BSU25380	34.783	46	26	1	21	62	5	50	0.37	28.9
HP0185	BSU19590	23.333	150	97	5	23	171	6	138	1.00	27.3
HP0185	BSU30659	32.432	37	25	0	11	47	1	37	1.4	25.0
HP0185	BSU32600	34.146	41	27	0	74	114	157	197	3.4	25.8
HP0185	BSU37560	40.000	25	15	0	124	148	64	88	5.9	25.0
HP0185	BSU25530	32.432	37	24	1	6	42	5	40	5.9	25.0
HP0185	BSU23500	32.000	50	30	3	191	239	82	128	6.2	25.0
HP0185	BSU36720	56.250	16	7	0	24	39	7	22	6.7	22.7
HP0185	BSU18490	34.426	61	32	2	125	185	29	81	8.1	23.9
HP0185	BSU22520	27.632	76	49	1	42	111	123	198	8.7	24.3
HP0185	BSU35620	30.000	30	21	0	165	194	327	356	8.8	24.6
HP0185	BSU07630	27.419	62	43	1	75	136	243	302	8.9	24.3
HP0186	BSU23420	28.788	66	46	1	134	198	10	75	0.46	28.5
HP0186	BSU07160	32.075	53	35	1	93	145	60	111	5.3	25.0
HP0187	BSU16690	37.500	32	20	0	35	66	518	549	2.1	25.4
HP0187	BSU03390	33.333	30	20	0	47	76	103	132	2.7	24.6
HP0187	BSU27280	39.130	23	13	1	4	25	184	206	7.6	23.5
HP0187	BSU00070	50.000	14	7	0	8	21	566	579	9.7	23.1
HP0189	BSU38640	32.203	59	36	1	20	78	311	365	0.46	27.7
HP0189	BSU03480	61.111	18	7	0	73	90	2335	2352	1.8	25.8
HP0189	BSU37180	29.825	57	32	1	22	78	116	164	2.3	25.4
HP0189	BSU18320	37.838	37	19	1	73	105	1293	1329	3.3	25.0
HP0189	BSU18340	37.838	37	19	1	73	105	1287	1323	3.3	25.0
HP0189	BSU18310	37.838	37	19	1	73	105	2323	2359	3.3	25.0
HP0189	BSU18310	40.541	37	18	1	73	105	1283	1319	4.2	25.0
HP0189	BSU27140	36.364	22	12	1	139	158	321	342	3.5	25.0
HP0189	BSU28690	38.095	21	13	0	127	147	167	187	9.1	23.5
HP0190	BSU36590	26.118	425	232	12	58	473	123	474	1.10e-22	97.8
HP0190	BSU37240	22.137	393	222	14	73	457	158	474	2.60e-16	78.2
HP0190	BSU37240	23.837	172	87	6	72	219	343	494	0.83	28.9
HP0190	BSU37190	24.306	144	93	2	311	454	242	369	2.53e-09	55.8
HP0190	BSU36280	26.027	146	86	6	231	356	661	804	0.49	29.6
HP0190	BSU08180	24.096	83	60	2	48	129	278	358	1.2	28.5
HP0190	BSU31060	26.316	133	96	2	147	277	217	349	1.6	28.1
HP0190	BSU03590	29.870	77	40	4	422	485	153	228	2.1	27.3
HP0190	BSU03900	25.000	68	44	2	352	419	1	61	3.4	26.9
HP0190	BSU26140	28.846	52	34	2	435	484	37	87	4.6	26.2
HP0190	BSU16190	23.469	98	64	4	340	432	16	107	5.3	25.8
HP0190	BSU27880	29.688	64	43	1	164	227	40	101	6.9	25.8
HP0190	BSU28750	38.889	18	11	0	485	502	48	65	7.5	25.8
HP0190	BSU06970	56.250	16	7	0	139	154	199	214	7.5	25.8
HP0190	BSU40860	45.000	20	11	0	173	192	93	112	8.0	25.0
HP0190	BSU39540	32.500	40	27	0	175	214	51	90	8.1	25.4
HP0190	BSU10009	35.294	34	22	0	1	34	1	34	9.6	23.5
HP0190	BSU32520	30.952	42	29	0	150	191	209	250	9.7	25.4
HP0190	BSU21910	32.432	37	25	0	324	360	187	223	9.8	25.4
HP0191	BSU28430	29.114	237	156	5	5	234	4	235	4.40e-32	115
HP0191	BSU27220	30.909	55	36	2	131	184	174	227	0.39	28.9
HP0191	BSU27220	32.353	34	14	1	131	164	139	163	7.1	24.6
HP0191	BSU32470	30.556	36	25	0	60	95	52	87	0.82	26.9
HP0191	BSU18450	47.826	23	11	1	208	229	1110	1132	2.0	26.6
HP0191	BSU37180	32.258	62	31	4	120	171	238	298	3.3	25.8
HP0191	BSU22740	29.630	81	51	2	99	179	11	85	4.0	25.4
HP0191	BSU36410	26.786	56	40	1	28	83	245	299	8.4	24.3
HP0191	BSU36450	24.742	97	63	4	74	170	74	160	8.5	24.3
HP0192	BSU28440	30.442	634	368	15	9	627	7	582	3.26e-78	258
HP0192	BSU27870	27.513	567	309	20	33	593	30	500	1.63e-42	159
HP0192	BSU41010	40.000	30	18	0	7	36	9	38	0.22	31.6
HP0192	BSU30060	39.286	28	17	0	7	34	5	32	1.2	28.9
HP0192	BSU03300	34.783	46	30	0	5	50	145	190	1.5	28.9
HP0192	BSU24060	45.161	31	17	0	4	34	3	33	2.4	28.1
HP0192	BSU37560	29.577	71	45	2	489	559	119	184	4.4	27.3
HP0192	BSU34790	33.333	39	21	2	387	420	240	278	6.1	26.6
HP0192	BSU34790	35.714	28	18	0	7	34	8	35	7.1	26.2
HP0192	BSU07060	34.118	85	49	4	140	217	336	420	6.6	26.6
HP0192	BSU39540	28.070	57	39	1	355	409	155	211	7.1	26.2
HP0192	BSU00450	60.000	15	6	0	66	80	18	32	7.9	24.3
HP0192	BSU16350	25.490	51	37	1	494	543	88	138	9.5	25.8
HP0193	BSU39630	35.088	57	35	1	187	243	39	93	0.004	35.0
HP0193	BSU12910	28.358	67	44	1	76	142	118	180	1.2	26.9
HP0193	BSU19749	27.027	37	27	0	131	167	1	37	2.9	24.3
HP0193	BSU22330	28.788	66	45	2	164	229	81	144	4.7	24.6
HP0193	BSU15380	30.233	43	29	1	111	153	125	166	5.4	25.0
HP0194	BSU33920	32.432	185	110	3	56	227	61	243	5.40e-27	101
HP0194	BSU00810	43.750	32	17	1	191	221	198	229	0.24	28.9
HP0194	BSU30135	40.625	32	19	0	32	63	78	109	0.32	28.5
HP0194	BSU14360	42.308	26	15	0	149	174	157	182	1.1	26.9
HP0194	BSU18310	26.923	52	38	0	159	210	1120	1171	3.4	25.8
HP0194	BSU00550	52.174	23	11	0	172	194	340	362	3.6	25.8
HP0194	BSU16000	28.000	50	33	2	73	119	1	50	4.1	23.9
HP0194	BSU06060	30.769	39	27	0	25	63	376	414	4.4	25.0
HP0194	BSU35470	36.000	25	16	0	13	37	3	27	6.3	24.6
HP0194	BSU16370	32.143	28	19	0	101	128	159	186	8.7	24.3
HP0195	BSU11720	45.418	251	135	1	4	252	5	255	1.43e-74	225
HP0195	BSU08650	27.041	196	137	2	60	253	58	249	9.22e-20	82.8
HP0195	BSU13770	30.350	257	158	9	1	249	1	244	1.28e-15	71.6
HP0195	BSU39840	26.182	275	181	8	1	261	1	267	1.65e-15	71.6
HP0195	BSU09450	26.054	261	169	10	2	252	41	287	3.01e-13	65.1
HP0195	BSU10430	28.846	260	162	9	2	249	47	295	1.77e-11	60.1
HP0195	BSU04190	26.172	256	171	7	4	252	40	284	3.08e-11	59.3
HP0195	BSU10400	23.643	258	179	7	4	254	39	285	1.43e-10	57.4
HP0195	BSU38970	25.660	265	168	11	4	250	1	254	3.56e-10	55.8
HP0195	BSU02830	24.506	253	176	9	4	249	5	249	1.76e-08	50.8
HP0195	BSU37720	22.656	256	181	7	4	250	3	250	9.41e-08	48.9
HP0195	BSU22140	24.206	252	176	7	4	250	10	251	6.77e-07	46.2
HP0195	BSU14060	22.581	217	153	6	41	249	37	246	1.45e-06	45.1
HP0195	BSU32000	21.805	266	173	8	4	249	6	256	3.85e-06	43.9
HP0195	BSU16870	27.273	154	106	4	102	252	92	242	7.70e-06	42.7
HP0195	BSU33190	20.599	267	180	7	4	249	3	258	1.23e-05	42.4
HP0195	BSU29420	17.409	247	193	6	14	253	7	249	0.002	35.4
HP0195	BSU03930	24.390	205	124	7	60	249	61	249	0.003	35.0
HP0195	BSU37680	19.797	197	143	4	64	249	62	254	0.024	32.3
HP0195	BSU18500	18.462	130	100	2	64	191	63	188	0.034	32.0
HP0195	BSU31220	24.215	223	138	9	51	249	467	682	0.040	32.0
HP0195	BSU33590	20.588	272	172	11	4	249	5	258	0.19	29.6
HP0195	BSU00970	31.429	35	24	0	23	57	59	93	2.4	25.8
HP0195	BSU12350	25.490	51	38	0	139	189	155	205	2.6	26.2
HP0195	BSU05830	21.127	142	100	6	105	244	22	153	3.1	25.8
HP0195	BSU11980	21.287	202	138	6	1	190	1	193	3.3	25.8
HP0195	BSU02290	70.588	17	5	0	112	128	2	18	4.3	25.4
HP0195	BSU15910	19.324	207	133	9	3	193	1	189	5.1	25.0
HP0195	BSU15170	31.034	58	37	1	137	191	494	551	5.8	25.0
HP0195	BSU17210	17.500	80	66	0	41	120	5255	5334	6.1	25.4
HP0195	BSU17200	19.277	83	67	0	38	120	1557	1639	7.1	25.0
HP0195	BSU24080	27.692	65	42	3	4	66	171	232	7.9	24.6
HP0196	BSU00500	25.339	221	142	6	77	290	228	432	2.57e-05	42.4
HP0196	BSU14180	34.848	66	43	0	108	173	91	156	0.007	34.3
HP0196	BSU14180	28.767	73	44	1	107	171	108	180	2.5	26.2
HP0196	BSU14180	28.387	155	85	8	188	328	93	235	4.9	25.4
HP0196	BSU34960	40.541	37	22	0	115	151	107	143	0.13	30.0
HP0196	BSU34960	20.755	106	82	2	200	305	55	158	0.18	29.6
HP0196	BSU34960	21.277	94	53	2	109	181	66	159	0.90	27.3
HP0196	BSU34240	32.432	37	25	0	111	147	93	129	0.17	30.0
HP0196	BSU34240	32.000	100	55	5	212	298	103	202	0.26	29.3
HP0196	BSU34240	20.526	190	127	8	57	243	15	183	2.1	26.6
HP0196	BSU33590	25.556	90	57	2	43	132	123	202	0.37	28.9
HP0196	BSU30970	51.613	31	14	1	111	141	329	358	0.42	28.9
HP0196	BSU40850	37.500	48	24	1	256	297	128	175	0.43	28.5
HP0196	BSU40850	32.692	52	31	2	107	154	59	110	0.74	27.7
HP0196	BSU40850	27.536	69	45	1	79	147	100	163	4.7	25.4
HP0196	BSU00930	28.750	80	48	2	229	300	87	165	2.0	26.6
HP0196	BSU00930	52.381	21	10	0	115	135	87	107	5.8	25.0
HP0196	BSU36460	23.571	140	88	4	132	261	223	353	2.3	26.9
HP0196	BSU30520	46.429	28	15	0	111	138	102	129	3.8	25.4
HP0196	BSU13880	25.974	77	51	2	40	110	208	284	4.5	25.8
HP0196	BSU11630	38.462	26	16	0	213	238	189	214	4.8	25.4
HP0196	BSU27490	32.258	62	37	2	173	232	92	150	6.1	25.0
HP0196	BSU06510	35.000	40	25	1	73	111	34	73	6.2	25.0
HP0196	BSU15060	30.909	55	36	2	40	92	330	384	7.3	25.0
HP0196	BSU12330	29.167	72	46	2	186	255	211	279	7.5	25.0
HP0197	BSU30550	57.653	392	153	2	2	380	3	394	1.23e-165	466
HP0197	BSU01570	23.750	160	86	7	1	140	84	227	0.28	29.6
HP0197	BSU39920	31.250	48	28	1	79	126	41	83	2.3	26.9
HP0197	BSU17180	45.833	24	13	0	100	123	416	439	2.5	26.9
HP0197	BSU25300	35.714	42	22	1	182	223	100	136	2.8	25.8
HP0197	BSU23920	30.189	53	33	1	223	271	179	231	3.2	26.6
HP0197	BSU21350	25.949	158	83	8	192	328	1355	1499	7.0	25.8
HP0197	BSU09530	30.769	52	29	2	323	367	136	187	7.0	25.4
HP0197	BSU36510	35.294	51	27	1	75	125	299	343	8.3	25.0
HP0198	BSU22730	42.336	137	79	0	1	137	1	137	2.54e-41	131
HP0198	BSU23280	40.000	40	21	2	96	135	279	315	0.66	26.6
HP0198	BSU13930	35.714	28	18	0	6	33	9	36	5.3	23.9
HP0198	BSU17210	40.000	25	15	0	30	54	1327	1351	6.1	23.9
HP0198	BSU17180	40.000	25	15	0	30	54	1998	2022	8.3	23.5
HP0199	BSU39230	29.730	74	46	2	4	71	245	318	0.57	26.6
HP0199	BSU20960	37.313	67	30	5	7	73	42	96	1.2	25.4
HP0199	BSU32800	50.000	22	11	0	16	37	9	30	1.6	24.6
HP0199	BSU15070	21.250	80	49	3	32	107	48	117	4.3	23.5
HP0199	BSU28830	50.000	18	9	0	11	28	49	66	7.5	22.7
HP0199	BSU35480	32.653	49	25	2	45	89	67	111	7.6	22.7
HP0199	BSU17150	52.941	17	8	0	46	62	75	91	7.7	23.1
HP0200	BSU15080	36.735	49	30	1	1	48	1	49	2.77e-04	31.6
HP0200	BSU03640	38.710	31	19	0	13	43	443	473	0.88	23.1
HP0200	BSU17160	29.730	37	22	2	12	47	154	187	0.90	23.1
HP0200	BSU04600	61.538	13	5	0	36	48	336	348	1.7	22.3
HP0200	BSU21100	34.783	23	15	0	26	48	241	263	4.1	21.2
HP0200	BSU07840	63.636	11	4	0	27	37	1180	1190	4.1	21.2
HP0200	BSU34170	28.571	28	20	0	1	28	28	55	7.7	20.4
HP0200	BSU33290	42.857	21	12	0	14	34	203	223	8.1	20.4
HP0200	BSU21370	31.818	22	15	0	27	48	48	69	9.4	20.4
HP0201	BSU15890	40.308	325	188	4	1	320	1	324	1.99e-69	217
HP0201	BSU07800	28.090	89	60	2	207	291	111	199	0.048	32.0
HP0201	BSU16770	47.826	23	12	0	85	107	32	54	2.1	26.6
HP0201	BSU24090	26.154	65	48	0	17	81	28	92	2.4	26.6
HP0201	BSU03410	32.353	34	22	1	61	93	444	477	5.0	25.8
HP0201	BSU09965	35.135	37	18	1	304	334	13	49	5.0	25.0
HP0201	BSU29710	24.138	58	31	2	37	83	43	98	8.9	25.0
HP0201	BSU28550	27.941	68	43	1	209	270	11	78	9.2	24.6
HP0202	BSU11330	42.769	325	170	4	5	329	3	311	3.77e-86	259
HP0202	BSU10170	37.846	325	198	3	5	329	4	324	6.56e-78	238
HP0202	BSU32830	24.490	98	73	1	52	148	26	123	0.008	34.3
HP0202	BSU17470	25.000	60	45	0	87	146	36	95	2.9	25.0
HP0202	BSU25570	28.125	96	54	4	182	267	523	613	3.4	26.2
HP0202	BSU18210	34.884	43	20	2	157	198	158	193	4.6	25.8
HP0202	BSU10350	34.783	46	24	1	58	103	263	302	6.2	25.4
HP0202	BSU17140	52.941	17	8	0	62	78	285	301	6.4	25.4
HP0202	BSU11300	23.636	55	42	0	110	164	40	94	6.5	25.0
HP0202	BSU17250	17.188	64	53	0	182	245	199	262	7.8	25.0
HP0202	BSU00100	35.135	37	20	1	162	198	263	295	8.0	25.0
HP0202	BSU04570	28.846	52	34	1	172	220	120	171	9.2	24.6
HP0202	BSU30410	32.353	34	23	0	23	56	236	269	9.4	24.6
HP0202	BSU40070	30.952	42	29	0	261	302	247	288	9.8	24.6
HP0203	BSU31279	36.364	44	23	2	27	67	19	60	0.61	25.0
HP0203	BSU08310	28.125	32	23	0	53	84	164	195	0.90	25.0
HP0203	BSU15270	25.581	43	32	0	6	48	29	71	1.0	24.6
HP0203	BSU06580	35.714	28	18	0	61	88	24	51	1.4	24.3
HP0203	BSU16260	44.444	18	10	0	16	33	119	136	5.6	22.7
HP0203	BSU15070	33.333	33	19	1	59	88	9	41	5.7	22.7
HP0203	BSU08380	37.037	27	17	0	72	98	388	414	6.2	22.7
HP0203	BSU11170	25.301	83	47	3	19	91	226	303	6.7	22.7
HP0203	BSU00940	29.412	34	24	0	41	74	372	405	6.9	22.7
HP_RS00995	BSU35100	27.907	43	31	0	10	52	58	100	0.52	24.3
HP_RS00995	BSU26650	39.286	28	17	0	9	36	117	144	0.59	24.3
HP_RS00995	BSU02620	60.000	15	6	0	31	45	551	565	6.9	21.6
HP_RS00995	BSU38050	37.500	24	15	0	14	37	434	457	6.9	21.2
HP0204	BSU26270	40.000	40	16	2	74	112	2	34	0.19	27.7
HP0204	BSU34570	48.276	29	15	0	53	81	369	397	0.23	27.7
HP0204	BSU36240	50.000	18	9	0	88	105	111	128	1.0	25.4
HP0204	BSU39190	52.941	17	8	0	110	126	34	50	1.4	25.0
HP0204	BSU31350	25.000	48	32	1	35	78	230	277	1.9	25.0
HP0204	BSU38060	30.357	56	33	1	32	87	113	162	2.0	24.6
HP0204	BSU40300	21.053	133	76	4	3	114	166	290	3.4	24.3
HP0204	BSU08440	26.667	45	31	1	57	99	98	142	4.0	23.9
HP0204	BSU35820	29.310	58	41	0	32	89	102	159	5.5	23.5
HP0204	BSU06760	50.000	28	13	1	83	110	66	92	7.4	23.1
HP0204	BSU17120	26.829	41	30	0	15	55	95	135	8.0	23.1
HP0204	BSU21460	42.857	21	12	0	67	87	57	77	9.2	22.3
HP0205	BSU07420	39.024	41	21	1	535	575	461	497	0.006	36.6
HP0205	BSU07420	36.735	49	26	2	530	577	178	222	0.49	30.4
HP0205	BSU05610	26.667	45	29	1	535	579	427	467	0.037	34.3
HP0205	BSU27490	44.681	47	25	1	6	51	29	75	0.046	33.1
HP0205	BSU03730	35.000	40	26	0	535	574	160	199	0.054	33.1
HP0205	BSU12950	37.500	40	25	0	535	574	176	215	0.058	33.1
HP0205	BSU39640	32.609	46	31	0	530	575	159	204	0.081	32.7
HP0205	BSU04490	30.159	63	41	2	530	591	149	209	0.15	32.0
HP0205	BSU08830	27.059	85	57	2	535	616	151	233	0.32	30.8
HP0205	BSU02860	27.869	61	43	1	535	595	158	217	0.34	30.4
HP0205	BSU11360	23.894	113	74	4	506	607	138	249	0.35	30.8
HP0205	BSU13000	23.333	150	101	5	441	578	68	215	0.42	30.4
HP0205	BSU01950	25.532	47	35	0	534	580	152	198	0.42	30.4
HP0205	BSU01460	33.333	39	26	0	535	573	153	191	0.48	30.0
HP0205	BSU30420	30.189	53	36	1	530	582	162	213	0.67	29.6
HP0205	BSU30380	27.778	54	38	1	523	576	153	205	0.71	29.6
HP0205	BSU11460	26.154	65	47	1	511	574	154	218	2.4	28.1
HP0205	BSU07490	30.000	40	28	0	535	574	160	199	3.1	27.7
HP0205	BSU32550	26.667	75	52	2	535	607	154	227	3.3	27.7
HP0205	BSU25670	34.286	35	21	1	774	808	99	131	3.5	27.7
HP0205	BSU09550	24.528	53	40	0	3	55	287	339	3.6	27.7
HP0205	BSU30320	31.034	58	34	2	61	112	350	407	3.9	27.7
HP0205	BSU09080	23.077	39	30	0	535	573	153	191	5.2	26.9
HP0205	BSU07820	26.087	92	56	3	302	393	33	112	5.9	26.6
HP0205	BSU32940	35.000	40	26	0	535	574	162	201	6.0	26.6
HP0205	BSU31740	53.571	28	12	1	111	138	121	147	6.3	26.9
HP0205	BSU38810	27.500	40	29	0	535	574	155	194	6.4	26.6
HP0205	BSU37620	35.135	37	24	0	185	221	187	223	6.4	26.6
HP0205	BSU24750	22.642	53	41	0	3	55	298	350	7.1	26.6
HP0205	BSU05950	22.222	45	31	1	535	579	183	223	7.2	26.6
HP0205	BSU05300	30.952	42	29	0	353	394	40	81	8.2	26.2
HP0205	BSU30060	52.632	19	9	0	39	57	51	69	8.5	26.6
HP_0206	BSU07420	41.026	39	22	1	16	54	333	370	0.002	32.7
HP_0206	BSU14320	40.000	50	26	2	12	57	336	385	0.077	28.5
HP_0206	BSU24240	40.625	32	17	1	26	57	16	45	0.085	28.5
HP_0206	BSU35940	39.535	43	22	2	39	77	33	75	0.23	26.9
HP_0206	BSU30010	47.826	23	12	0	32	54	29	51	0.36	26.6
HP_0206	BSU33290	43.333	30	16	1	26	55	22	50	0.39	26.2
HP_0206	BSU07490	45.455	22	12	0	34	55	29	50	0.48	26.2
HP_0206	BSU29180	38.462	39	18	2	22	56	436	472	0.63	25.8
HP_0206	BSU15640	50.000	20	10	0	25	44	450	469	0.79	25.8
HP_0206	BSU05950	31.818	66	29	4	37	90	32	93	0.99	25.4
HP_0206	BSU05950	52.381	21	10	0	34	54	353	373	1.4	25.0
HP_0206	BSU01950	33.333	30	20	0	32	61	27	56	1.2	25.0
HP_0206	BSU15680	37.143	35	20	1	30	64	1	33	1.3	24.6
HP_0206	BSU39480	33.333	30	20	0	32	61	25	54	2.0	24.3
HP_0206	BSU32940	36.667	30	18	1	26	55	24	52	2.0	24.3
HP_0206	BSU13220	47.826	23	12	0	32	54	318	340	2.2	24.3
HP_0206	BSU09720	44.828	29	16	0	32	60	454	482	2.3	24.3
HP_0206	BSU29310	32.727	55	35	2	9	61	185	239	2.8	23.9
HP_0206	BSU39520	26.389	72	51	2	2	72	180	250	2.9	23.9
HP_0206	BSU00040	34.783	23	15	0	38	60	27	49	3.1	23.9
HP_0206	BSU15940	45.000	20	11	0	35	54	25	44	3.4	23.9
HP_0206	BSU40620	36.842	38	23	1	18	55	12	48	4.2	23.5
HP_0206	BSU13700	35.135	37	21	2	38	71	116	152	4.7	23.5
HP_0206	BSU25290	48.000	25	11	1	27	51	3	25	4.8	23.1
HP_0206	BSU28190	47.826	23	10	1	34	54	21	43	5.1	23.1
HP_0206	BSU16410	40.741	27	15	1	24	50	23	48	6.7	22.7
HP_0206	BSU30760	38.095	21	13	0	34	54	29	49	7.1	22.7
HP_0206	BSU01660	36.000	25	16	0	18	42	110	134	7.7	22.7
HP_0206	BSU41020	39.130	23	14	0	32	54	219	241	8.0	22.7
HP_0206	BSU05610	34.615	26	16	1	26	51	23	47	8.2	22.7
HP_0206	BSU05610	38.462	26	15	1	27	51	309	334	8.8	22.7
HP_0206	BSU31550	43.478	23	13	0	32	54	28	50	8.3	22.7
HP_0206	BSU21870	47.059	17	9	0	25	41	367	383	9.1	22.7
HP_0206	BSU14430	52.941	17	8	0	39	55	32	48	9.9	22.3
HP0207	BSU01540	31.546	317	203	4	45	351	1	313	2.48e-52	176
HP0207	BSU27990	25.926	243	149	9	144	373	5	229	5.58e-11	59.7
HP0207	BSU40970	25.091	275	148	10	143	386	4	251	3.33e-08	51.2
HP0207	BSU16410	25.751	233	132	9	148	367	38	242	1.56e-07	49.3
HP0207	BSU36250	47.619	42	22	0	144	185	48	89	4.25e-05	41.6
HP0207	BSU33960	40.541	37	21	1	162	197	269	305	0.35	29.6
HP0207	BSU34360	37.209	43	26	1	144	185	47	89	0.54	28.9
HP0207	BSU01670	37.500	40	24	1	71	109	327	366	0.88	28.5
HP0207	BSU26340	43.333	30	17	0	372	401	45	74	4.6	24.6
HP0207	BSU16760	25.714	35	26	0	346	380	227	261	5.0	26.2
HP0207	BSU06811	31.707	41	27	1	367	407	56	95	5.4	25.4
HP0207	BSU14320	27.419	62	36	2	261	320	475	529	6.1	25.8
HP0207	BSU15980	41.463	41	23	1	144	183	103	143	6.3	25.8
HP0207	BSU35000	37.143	35	22	0	128	162	132	166	6.5	25.4
HP0207	BSU30490	37.209	43	27	0	214	256	98	140	7.6	25.0
HP0207	BSU35780	38.462	26	16	0	281	306	479	504	8.3	25.4
HP0207	BSU29090	28.455	123	49	7	296	402	475	574	8.6	25.4
HP0207	BSU26740	42.105	19	11	0	224	242	388	406	9.3	25.0
HP0207	BSU37200	25.000	56	35	1	347	395	238	293	9.5	25.0
HP0208	BSU38430	41.176	34	20	0	2	35	4	37	0.80	28.5
HP0209	BSU37860	36.842	38	19	1	231	263	168	205	0.89	28.1
HP0209	BSU11382	45.833	24	13	0	228	251	174	197	1.1	28.1
HP0209	BSU17770	25.191	131	80	7	78	196	261	385	2.3	27.3
HP0209	BSU03340	34.286	35	21	1	185	217	268	302	2.6	26.9
HP0209	BSU26600	24.510	102	67	4	91	192	30	121	4.0	25.8
HP0209	BSU15650	48.000	25	13	0	46	70	554	578	4.1	26.6
HP0209	BSU09770	33.333	33	22	0	414	446	79	111	4.1	26.6
HP0210	BSU39820	38.827	631	356	12	8	618	6	626	5.00e-137	410
HP0210	BSU25010	29.508	61	34	1	112	163	75	135	0.74	29.3
HP0210	BSU37050	22.973	74	51	2	144	217	378	445	1.0	28.9
HP0210	BSU31840	29.167	72	35	2	299	370	151	206	3.3	26.9
HP0210	BSU31690	30.435	46	32	0	72	117	711	756	3.6	27.3
HP0210	BSU30610	30.435	46	31	1	65	110	11	55	6.7	26.2
HP0210	BSU06920	36.585	41	23	2	453	490	64	104	8.2	25.4
HP0210	BSU36280	27.778	72	45	1	398	462	752	823	9.5	25.8
HP0211	BSU09770	22.093	86	65	1	132	215	48	133	0.082	30.8
HP0211	BSU23090	40.000	35	21	0	167	201	281	315	0.093	30.4
HP0211	BSU00860	36.585	41	26	0	20	60	404	444	1.0	27.3
HP0211	BSU06830	23.944	142	88	5	113	246	132	261	2.1	26.2
HP0211	BSU27530	29.545	44	20	1	201	244	168	200	5.4	25.0
HP0211	BSU04570	28.302	53	36	1	10	62	165	215	9.3	24.3
HP0211	BSU32240	27.660	47	30	1	53	95	241	287	9.3	24.3
HP0211	BSU32130	27.083	96	50	4	80	169	215	296	9.6	24.3
HP0212	BSU19710	26.174	298	180	13	78	348	102	386	2.31e-11	61.6
HP0212	BSU23910	25.387	323	193	14	76	378	73	367	4.78e-09	54.3
HP0212	BSU29980	40.299	67	37	2	79	142	85	151	9.73e-09	53.5
HP0212	BSU15350	52.174	46	20	1	78	121	88	133	1.17e-07	50.1
HP0212	BSU15350	25.000	76	45	3	300	374	349	413	2.0	27.3
HP0212	BSU23810	29.464	112	70	4	102	205	128	238	5.64e-04	38.5
HP0212	BSU39470	23.009	113	79	4	192	300	183	291	0.007	35.0
HP0212	BSU37770	26.357	129	75	6	102	220	136	254	0.023	33.5
HP0212	BSU14190	26.875	160	104	5	133	286	119	271	0.039	32.7
HP0212	BSU05430	28.814	59	42	0	257	315	71	129	0.087	31.6
HP0212	BSU08250	25.714	175	81	7	128	282	119	264	1.3	27.7
HP0212	BSU09710	29.333	75	49	2	103	175	39	111	1.9	27.3
HP0212	BSU18040	35.897	39	19	2	42	74	67	105	3.0	25.8
HP0212	BSU22320	55.556	18	8	0	331	348	114	131	4.7	26.2
HP0212	BSU25570	32.051	78	42	3	135	206	568	640	7.8	25.4
HP0212	BSU13560	40.625	32	18	1	30	60	26	57	7.9	25.4
HP0212	BSU15160	33.333	54	35	1	210	262	264	317	8.1	25.4
HP0212	BSU18790	35.714	28	16	1	75	100	68	95	10.0	24.6
HP0213	BSU41010	47.136	611	323	0	6	616	9	619	0.0	575
HP0213	BSU16130	44.828	87	47	1	304	389	275	361	6.14e-12	64.7
HP0213	BSU30060	21.272	456	248	20	2	388	1	414	0.003	37.0
HP0213	BSU28440	42.857	35	20	0	2	36	1	35	0.10	32.3
HP0213	BSU22950	36.667	30	19	0	4	33	157	186	1.2	28.5
HP0213	BSU14950	23.913	92	65	3	104	190	55	146	1.6	27.3
HP0213	BSU32840	46.875	32	17	0	578	609	61	92	1.8	28.5
HP0213	BSU32870	44.118	34	16	2	578	611	13	43	5.3	25.8
HP0213	BSU15730	30.000	80	53	2	105	183	1	78	6.3	26.2
HP0213	BSU40100	56.250	16	7	0	6	21	349	364	6.6	26.2
HP0213	BSU36890	23.529	85	48	3	292	376	102	169	7.5	25.8
HP0214	BSU07570	25.926	216	134	9	266	472	205	403	2.69e-06	46.6
HP0214	BSU30200	28.261	92	61	1	288	374	238	329	1.1	28.5
HP0214	BSU36720	31.373	51	32	1	342	392	5	52	1.6	25.4
HP0214	BSU08450	24.074	108	65	4	217	320	218	312	4.3	26.6
HP0214	BSU05150	38.710	31	19	0	216	246	135	165	7.2	25.8
HP0215	BSU16540	39.634	164	79	4	107	254	105	264	1.49e-24	96.3
HP0215	BSU18010	37.097	62	36	3	198	257	10	70	0.34	28.5
HP0215	BSU30050	31.111	90	51	4	132	217	138	220	2.2	26.6
HP0215	BSU26470	47.619	21	11	0	39	59	117	137	3.3	25.4
HP0215	BSU20960	32.609	46	29	1	208	251	159	204	7.6	24.6
HP0215	BSU17800	35.714	28	18	0	109	136	65	92	8.2	24.6
HP0215	BSU10220	31.081	74	38	4	167	228	205	277	8.7	24.6
HP0216	BSU16550	37.795	381	206	14	1	359	4	375	1.65e-67	214
HP0216	BSU03270	36.364	55	30	1	20	69	129	183	0.19	30.4
HP0216	BSU33100	42.857	42	18	2	54	92	136	174	0.83	28.1
HP0216	BSU21660	31.481	54	34	1	168	221	451	501	0.91	28.1
HP0216	BSU36620	36.842	38	22	1	3	40	5	40	2.0	26.6
HP0216	BSU30790	26.667	75	55	0	93	167	197	271	2.8	26.6
HP0216	BSU36200	50.000	20	10	0	2	21	25	44	3.1	25.0
HP0216	BSU02510	45.455	22	12	0	164	185	182	203	4.4	26.2
HP0217	BSU12390	31.081	74	41	2	38	108	298	364	2.2	26.9
HP0217	BSU10240	31.481	54	30	3	214	260	125	178	5.2	25.8
HP0217	BSU31230	30.769	39	20	1	6	44	531	562	7.2	25.4
HP0217	BSU30920	38.462	39	19	2	193	229	224	259	7.3	25.4
HP0217	BSU21410	30.952	42	25	2	167	205	119	159	8.0	25.0
HP0217	BSU13799	56.250	16	7	0	116	131	6	21	8.9	23.9
HP0217	BSU03610	34.483	29	19	0	26	54	232	260	9.8	24.6
HP0218	BSU38870	35.260	173	98	7	8	176	3	165	7.18e-22	84.3
HP0218	BSU39230	45.455	33	18	0	22	54	490	522	0.13	29.6
HP0218	BSU39230	32.432	37	25	0	22	58	622	658	6.3	24.3
HP0218	BSU35540	24.390	82	53	2	60	133	182	262	0.18	28.9
HP0218	BSU28090	20.339	118	74	3	19	136	542	639	1.4	26.2
HP0218	BSU30120	25.000	44	33	0	105	148	10	53	1.7	25.8
HP0218	BSU09900	37.143	35	20	2	14	46	328	362	2.0	25.8
HP0218	BSU38950	33.333	36	22	1	129	162	128	163	4.2	24.6
HP0218	BSU00560	26.667	135	76	7	22	144	31	154	8.8	23.5
HP0218	BSU27090	29.787	47	27	1	93	139	173	213	8.9	23.9
HP0219	BSU23050	41.176	34	20	0	81	114	143	176	0.31	27.3
HP0219	BSU13220	22.222	63	43	1	54	110	421	483	2.5	25.0
HP0219	BSU15900	40.741	27	16	0	43	69	169	195	5.5	23.9
HP0219	BSU19310	34.286	35	23	0	6	40	84	118	5.6	23.9
HP0219	BSU17440	20.588	68	46	1	27	94	269	328	6.3	23.9
HP0219	BSU07380	25.926	54	37	2	25	78	70	120	8.6	23.1
HP0219	BSU19090	26.316	38	27	1	97	134	93	129	9.9	22.7
HP0220	BSU27510	39.323	384	222	5	2	380	1	378	2.43e-85	261
HP0220	BSU29590	36.389	360	224	5	5	362	2	358	2.38e-72	228
HP0220	BSU27880	34.048	373	240	4	5	374	2	371	7.12e-62	201
HP0220	BSU32690	27.136	398	256	10	5	383	23	405	5.03e-31	119
HP0220	BSU02660	32.031	128	83	3	93	219	97	221	5.63e-10	57.0
HP0220	BSU22370	36.842	57	33	1	129	182	148	204	1.82e-04	40.0
HP0220	BSU40340	37.736	53	29	1	135	183	180	232	0.001	37.4
HP0220	BSU32520	33.333	63	40	1	137	197	129	191	0.003	36.2
HP0220	BSU02670	29.787	94	62	2	159	248	89	182	0.20	30.4
HP0220	BSU03080	36.000	50	25	2	173	222	24	66	0.24	29.3
HP0220	BSU14000	21.951	123	83	5	66	184	91	204	0.42	29.3
HP0220	BSU22620	36.585	41	26	0	118	158	126	166	2.7	26.6
HP0220	BSU31400	33.333	39	26	0	133	171	151	189	2.8	26.6
HP0220	BSU05899	32.000	25	17	0	16	40	18	42	5.2	23.5
HP0220	BSU14520	21.368	117	79	3	23	137	295	400	5.3	25.8
HP0220	BSU27250	26.050	119	68	4	108	218	103	209	6.3	25.4
HP0220	BSU40680	34.211	38	25	0	184	221	84	121	7.3	24.6
HP0220	BSU15170	27.907	86	41	6	89	169	332	401	9.5	25.0
HP0220	BSU36760	39.474	38	23	0	137	174	242	279	9.8	25.0
HP0221	BSU32220	40.580	69	36	2	245	313	34	97	1.19e-07	46.6
HP0221	BSU32680	25.000	148	88	5	15	150	11	147	3.19e-07	46.2
HP0221	BSU03320	32.692	52	35	0	148	199	401	452	5.48e-04	38.5
HP0221	BSU03300	36.585	41	26	0	159	199	416	456	0.72	28.5
HP0221	BSU22920	27.273	99	62	2	99	196	241	330	1.5	27.3
HP0221	BSU01080	27.273	77	45	3	213	280	182	256	2.7	26.6
HP0221	BSU23090	28.788	66	40	2	140	205	243	301	3.1	26.2
HP0221	BSU12850	26.582	79	47	3	247	323	76	145	5.0	25.4
HP0221	BSU37130	53.846	26	10	1	256	281	70	93	5.9	24.6
HP0221	BSU35860	32.258	31	21	0	123	153	186	216	7.3	25.0
HP0221	BSU33890	28.947	76	53	1	41	116	2	76	8.7	24.3
HP0222	BSU08710	28.571	35	25	0	28	62	351	385	0.13	26.6
HP0222	BSU16160	32.558	43	26	1	30	69	384	426	0.30	25.8
HP0222	BSU22740	30.952	42	29	0	24	65	302	343	7.3	21.6
HP0222	BSU23020	69.231	13	4	0	1	13	362	374	8.1	21.6
HP0222	BSU12130	45.000	20	11	0	41	60	10	29	9.2	21.6
HP0223	BSU00870	47.073	427	223	2	1	424	1	427	1.61e-142	412
HP0223	BSU28210	30.000	130	80	2	306	429	384	508	3.95e-09	55.5
HP0223	BSU28200	23.077	78	59	1	349	425	659	736	0.006	35.8
HP0223	BSU28200	39.286	28	17	0	88	115	346	373	5.4	26.2
HP0223	BSU05280	27.679	112	66	2	271	378	91	191	0.052	32.3
HP0223	BSU40440	31.746	63	41	2	76	137	191	252	0.27	30.4
HP0223	BSU22400	24.138	87	58	2	93	178	281	360	0.33	30.0
HP0223	BSU01540	30.682	88	56	2	35	120	54	138	0.56	29.3
HP0223	BSU16940	25.676	148	95	6	78	212	45	190	0.74	28.9
HP0223	BSU02010	31.746	63	26	2	341	391	259	316	1.2	28.1
HP0223	BSU12520	28.736	87	48	4	19	99	193	271	1.7	27.3
HP0223	BSU13220	27.451	102	66	3	41	138	270	367	2.1	27.3
HP0223	BSU08080	36.667	60	36	2	291	350	224	281	2.3	27.3
HP0223	BSU03820	40.476	42	24	1	86	127	24	64	2.5	26.9
HP0223	BSU02750	36.957	46	28	1	86	131	28	72	2.6	26.9
HP0223	BSU03730	41.667	36	19	2	88	122	30	64	4.4	26.2
HP0223	BSU16410	38.235	34	21	0	91	124	34	67	4.6	26.2
HP0223	BSU28980	36.364	44	27	1	90	133	163	205	5.8	25.8
HP0223	BSU16630	27.083	96	54	4	170	261	602	685	6.0	26.2
HP0223	BSU00140	44.828	29	16	0	86	114	6	34	6.4	25.4
HP0223	BSU37390	21.429	98	68	4	86	183	27	115	6.4	25.4
HP0223	BSU04940	23.529	85	57	1	82	166	456	532	6.9	25.8
HP0223	BSU14430	40.000	45	26	1	89	133	27	70	7.4	25.8
HP0223	BSU05610	32.500	40	27	0	82	121	23	62	7.5	25.8
HP0224	BSU21680	56.618	136	57	2	211	346	10	143	1.27e-49	160
HP0224	BSU21690	29.801	151	102	2	37	183	7	157	3.43e-20	84.0
HP0224	BSU19710	28.302	53	35	1	128	180	274	323	0.55	28.9
HP0224	BSU37150	25.893	112	73	3	113	219	157	263	1.5	27.3
HP0224	BSU06760	30.645	62	31	2	285	346	601	650	4.7	26.2
HP0224	BSU31170	24.176	182	121	7	165	338	32	204	5.6	25.4
HP0224	BSU32560	32.653	49	31	1	205	253	161	207	7.7	25.0
HP0224	BSU24390	41.379	29	16	1	331	359	60	87	9.5	25.0
HP0226	BSU05690	37.931	58	32	1	39	92	34	91	0.004	34.7
HP0226	BSU12400	23.350	197	121	5	11	197	7	183	0.006	34.3
HP0226	BSU32840	28.571	91	57	4	35	124	491	574	0.15	30.4
HP0226	BSU26490	23.913	230	138	9	4	221	7	211	0.17	29.6
HP0226	BSU32380	23.333	270	180	9	8	262	5	262	0.87	27.7
HP0226	BSU24970	47.619	21	11	0	164	184	70	90	1.4	26.9
HP0226	BSU40420	27.273	55	40	0	25	79	68	122	2.0	26.6
HP0226	BSU15450	25.301	83	57	1	36	113	40	122	3.4	25.4
HP0226	BSU40390	30.769	39	21	1	17	55	108	140	9.0	24.6
HP0227	BSU03480	26.250	80	47	2	183	262	1399	1466	0.10	32.7
HP0227	BSU41020	31.707	41	26	1	403	441	41	81	0.32	30.8
HP0227	BSU02440	27.143	70	47	1	400	465	191	260	0.97	29.3
HP0227	BSU07860	24.675	77	58	0	372	448	118	194	1.8	28.1
HP0227	BSU00820	37.500	40	23	1	41	78	143	182	4.0	27.3
HP0227	BSU32940	31.250	32	22	0	448	479	68	99	5.2	26.6
HP0227	BSU31960	45.161	31	17	0	464	494	1441	1471	5.4	26.9
HP0227	BSU18330	29.091	55	38	1	46	99	912	966	6.7	26.6
HP0228	BSU01580	43.272	379	213	2	5	382	7	384	3.87e-104	313
HP0228	BSU34660	30.203	394	239	9	10	374	12	398	3.70e-43	154
HP0228	BSU23860	39.062	64	31	2	226	282	79	141	0.58	28.9
HP0228	BSU01350	31.579	38	18	1	1	30	57	94	1.1	27.3
HP0228	BSU29020	38.710	31	19	0	10	40	188	218	1.8	27.3
HP0228	BSU07860	43.243	37	21	0	62	98	71	107	1.9	27.3
HP0228	BSU04600	37.500	32	19	1	132	162	220	251	2.4	26.9
HP0228	BSU22680	28.333	60	36	2	139	191	107	166	4.2	26.2
HP0228	BSU30800	28.358	67	43	2	170	231	124	190	5.7	25.4
HP0229	BSU16180	33.871	62	35	2	96	156	9	65	0.22	29.3
HP0229	BSU06470	26.496	117	76	5	13	124	116	227	2.8	26.9
HP0229	BSU34840	36.364	33	20	1	33	64	324	356	4.0	26.6
HP0229	BSU39050	26.316	38	28	0	423	460	22	59	7.9	25.8
HP0229	BSU32170	25.843	89	45	3	335	403	73	160	8.1	25.4
HP0230	BSU37860	22.378	143	90	6	1	125	5	144	0.15	29.6
HP0230	BSU35960	32.609	46	30	1	100	145	35	79	0.75	27.7
HP0230	BSU34300	26.761	71	48	1	57	123	261	331	2.2	26.2
HP0230	BSU06040	42.105	38	19	1	123	157	78	115	2.4	25.4
HP0230	BSU21260	30.612	49	31	1	50	95	58	106	4.7	24.3
HP0230	BSU08300	37.500	32	19	1	161	192	159	189	6.3	24.6
HP0230	BSU31990	27.731	119	68	6	46	150	106	220	8.1	24.3
HP0231	BSU18340	29.508	61	35	2	33	85	1026	1086	1.8	26.9
HP0231	BSU18320	29.508	61	35	2	33	85	1032	1092	1.8	26.9
HP0231	BSU32460	50.000	18	9	0	66	83	90	107	1.9	25.8
HP0231	BSU18310	29.508	61	35	2	33	85	2062	2122	2.1	26.6
HP0231	BSU11550	26.562	64	42	3	151	209	23	86	2.2	26.2
HP0231	BSU08720	25.000	56	41	1	130	184	13	68	4.2	25.0
HP0231	BSU26850	28.070	57	34	2	182	238	52	101	5.8	25.0
HP0232	BSU11690	24.528	53	40	0	7	59	83	135	0.44	27.7
HP0232	BSU34440	21.374	131	77	5	38	148	58	182	0.63	27.7
HP0232	BSU28670	26.437	87	52	5	56	142	177	251	2.0	26.2
HP0232	BSU27250	28.358	67	43	3	151	215	24	87	4.0	25.0
HP0232	BSU24530	29.231	65	40	2	43	102	170	233	6.5	24.3
HP0232	BSU28980	37.500	24	15	0	81	104	23	46	8.0	24.3
HP0232	BSU15650	34.043	47	26	3	33	77	401	444	9.0	24.3
HP0232	BSU23090	37.500	32	16	1	28	59	86	113	9.3	23.9
HP0233	BSU04140	21.176	85	53	2	117	196	24	99	0.20	30.4
HP0233	BSU25330	27.848	79	52	1	219	292	413	491	0.29	30.0
HP0233	BSU05950	26.596	94	58	3	202	290	333	420	0.38	29.6
HP0233	BSU20050	52.381	21	10	0	265	285	145	165	1.1	27.3
HP0233	BSU03890	28.205	39	28	0	315	353	178	216	2.9	26.6
HP0233	BSU05920	26.506	83	55	2	140	216	139	221	6.2	25.4
HP0234	BSU28140	45.833	24	13	0	39	62	157	180	0.95	26.6
HP0234	BSU08910	64.286	14	5	0	55	68	111	124	5.7	24.3
HP0234	BSU35780	31.579	38	24	1	36	71	467	504	6.7	24.3
HP0234	BSU04060	29.545	44	25	1	27	64	115	158	6.7	23.9
HP0234	BSU06610	31.169	77	44	3	48	122	500	569	7.8	23.9
HP0235	BSU19400	33.824	68	37	4	178	241	56	119	0.25	29.3
HP0235	BSU36690	26.316	152	83	9	30	160	105	248	0.95	28.1
HP0235	BSU22590	29.167	48	34	0	79	126	151	198	1.5	27.3
HP0235	BSU03430	40.741	27	16	0	37	63	48	74	1.9	26.6
HP0235	BSU03300	26.400	125	75	4	23	136	643	761	3.2	26.6
HP0235	BSU07940	41.176	17	10	0	256	272	182	198	6.3	25.4
HP0235	BSU25830	42.308	26	13	1	28	53	99	122	8.7	25.0
HP0236	BSU11500	23.913	92	54	4	31	113	2	86	3.4	23.5
HP0236	BSU15770	24.000	50	38	0	51	100	67	116	7.5	23.1
HP0236	BSU17050	55.000	20	9	0	47	66	343	362	8.4	23.1
HP0236	BSU03300	28.302	53	34	1	51	99	198	250	8.7	23.1
HP0236	BSU35420	25.843	89	59	4	12	95	49	135	9.6	22.3
HP0237	BSU28150	41.091	275	158	4	1	272	2	275	5.13e-65	204
HP0237	BSU14440	24.468	94	50	3	127	213	30	109	0.38	28.9
HP0237	BSU27310	41.667	36	20	1	105	139	171	206	1.0	27.7
HP0237	BSU11430	26.786	112	69	4	132	242	242	341	1.3	27.3
HP0237	BSU29480	37.838	37	15	1	252	280	260	296	1.8	26.9
HP0237	BSU09670	35.294	34	22	0	133	166	136	169	3.9	25.8
HP0237	BSU03480	30.000	70	45	2	113	178	2381	2450	5.1	25.8
HP0237	BSU07350	26.389	72	48	2	54	124	170	237	8.5	24.6
HP0237	BSU17180	44.828	29	16	0	208	236	701	729	9.5	25.0
HP0238	BSU16570	40.183	545	316	5	1	544	1	536	1.09e-136	406
HP0238	BSU37560	22.927	205	120	4	38	206	264	466	7.07e-08	52.0
HP0238	BSU37560	26.263	99	60	4	471	563	536	627	5.8	26.6
HP0238	BSU28950	24.051	158	118	2	34	190	261	417	5.24e-07	49.3
HP0238	BSU28950	29.231	65	46	0	497	561	564	628	0.41	30.0
HP0238	BSU00130	24.873	197	129	9	61	243	186	377	4.50e-04	39.7
HP0238	BSU08370	25.735	136	78	5	382	510	28	147	0.42	29.6
HP0238	BSU27560	23.810	126	90	4	33	155	3	125	1.3	28.5
HP0238	BSU32530	30.189	53	35	1	172	222	37	89	1.3	28.5
HP0238	BSU07900	27.273	44	30	1	50	93	65	106	1.7	27.7
HP0238	BSU25360	30.357	56	32	3	320	370	15	68	3.7	25.4
HP0238	BSU07810	29.167	48	28	1	479	520	167	214	4.5	26.9
HP0238	BSU28810	29.310	58	27	3	384	441	221	264	6.2	26.2
HP0238	BSU37180	23.776	143	79	8	12	149	434	551	7.8	26.2
HP0239	BSU28170	27.356	435	294	10	11	435	4	426	4.36e-45	160
HP0239	BSU07990	36.585	41	26	0	198	238	2	42	0.072	32.0
HP0239	BSU15130	23.377	77	52	1	8	84	65	134	0.42	28.5
HP0239	BSU34350	32.653	49	30	1	170	218	105	150	1.1	28.5
HP0239	BSU13870	19.492	118	82	2	11	117	166	281	2.9	26.9
HP0239	BSU40050	24.257	202	103	9	133	310	1	176	5.3	25.8
HP0239	BSU40350	26.667	90	60	3	84	172	33	117	5.9	25.8
HP0239	BSU29900	20.611	131	91	4	160	287	46	166	7.1	25.4
HP0239	BSU13960	32.432	37	25	0	202	238	8	44	8.7	25.4
HP0239	BSU11382	28.333	60	31	2	343	402	310	357	9.5	25.4
HP0240	BSU22740	32.895	228	147	3	62	285	97	322	1.65e-30	114
HP0240	BSU24280	30.233	258	136	11	7	234	14	257	7.87e-13	64.7
HP0240	BSU04430	35.714	56	34	1	48	101	52	107	0.050	31.6
HP0240	BSU25450	38.710	31	19	0	275	305	226	256	2.8	26.2
HP0240	BSU04100	34.000	50	32	1	163	212	39	87	3.3	25.8
HP0240	BSU06730	36.364	22	14	0	236	257	141	162	3.9	25.8
HP0240	BSU33960	26.866	134	72	8	1	118	235	358	3.9	25.8
HP0240	BSU03670	25.000	116	73	4	27	141	35	137	4.6	25.8
HP0240	BSU12250	25.191	131	66	8	193	302	26	145	5.6	25.0
HP0240	BSU28550	37.255	51	29	2	243	293	53	100	7.5	24.6
HP0240	BSU28150	34.615	52	31	1	4	52	24	75	7.8	24.6
HP0241	BSU39010	34.483	58	33	2	78	130	201	258	0.10	28.5
HP0241	BSU01070	30.952	42	23	1	6	41	1074	1115	0.99	25.8
HP0241	BSU12580	25.581	43	24	1	19	61	266	300	2.0	25.0
HP0241	BSU26190	26.087	46	26	1	15	60	261	298	2.5	24.6
HP0241	BSU20060	27.692	65	46	1	68	131	89	153	3.0	24.6
HP0241	BSU01360	36.000	25	16	0	1	25	109	133	4.0	23.9
HP0241	BSU17380	27.586	87	55	3	46	131	75	154	5.3	23.9
HP0241	BSU21130	39.535	43	21	2	93	130	408	450	6.6	23.5
HP0241	BSU09850	37.838	37	23	0	4	40	191	227	8.4	23.1
HP0241	BSU22030	26.415	53	29	2	39	81	745	797	8.5	23.1
HP0241	BSU17050	23.684	38	29	0	63	100	489	526	9.9	23.1
HP0242	BSU17190	43.396	53	25	2	19	67	3383	3434	0.014	30.4
HP0242	BSU22610	34.426	61	31	3	18	73	236	292	0.26	26.6
HP0242	BSU35840	22.093	86	64	1	12	94	126	211	0.34	26.2
HP0242	BSU19690	27.273	44	30	1	2	45	10	51	0.88	25.0
HP0242	BSU34170	30.645	62	33	2	16	67	32	93	0.99	25.0
HP0242	BSU11820	44.444	27	15	0	42	68	322	348	2.0	24.3
HP0242	BSU40050	25.333	75	50	3	18	86	139	213	2.3	23.9
HP0242	BSU35330	28.333	60	41	1	13	70	5	64	2.6	23.5
HP0242	BSU23870	31.884	69	37	3	13	75	310	374	3.1	23.5
HP0242	BSU09130	38.462	26	16	0	68	93	149	174	4.0	23.1
HP0242	BSU33480	35.000	60	31	2	37	88	148	207	4.1	23.1
HP0242	BSU08150	35.714	42	23	1	29	66	153	194	7.7	22.3
HP0242	BSU00010	47.826	23	12	0	13	35	3	25	8.2	22.3
HP0242	BSU22800	52.941	17	8	0	10	26	432	448	8.9	22.3
HP0243	BSU30650	34.307	137	81	3	12	144	14	145	2.70e-24	88.6
HP0243	BSU32990	30.882	136	87	2	12	144	22	153	3.95e-20	78.2
HP0243	BSU23830	37.500	32	20	0	41	72	153	184	0.49	26.9
HP0243	BSU22400	30.645	62	41	1	5	64	522	583	0.51	26.9
HP0243	BSU08280	24.299	107	56	4	29	125	54	145	2.2	25.0
HP0243	BSU36190	30.435	46	23	1	83	119	206	251	2.3	25.0
HP0243	BSU00580	32.500	40	24	1	32	68	57	96	2.7	24.6
HP0243	BSU03040	52.000	25	10	1	100	122	113	137	3.0	24.6
HP0243	BSU06820	28.947	114	60	6	23	127	169	270	3.4	24.3
HP0243	BSU21350	52.381	21	10	0	77	97	1318	1338	6.3	23.9
HP0243	BSU26210	27.059	85	52	2	31	115	78	152	6.7	23.1
HP0243	BSU04100	48.000	25	10	1	63	87	20	41	7.0	23.5
HP0243	BSU14450	50.000	20	10	0	114	133	49	68	7.5	23.5
HP0243	BSU18300	35.526	76	31	6	70	142	217	277	9.5	23.1
HP0243	BSU05370	37.037	27	17	0	113	139	446	472	9.7	23.1
HP0244	BSU13990	27.660	235	146	8	158	377	376	601	1.32e-11	62.8
HP0244	BSU13530	27.197	239	156	10	144	370	483	715	4.69e-11	61.2
HP0244	BSU13660	24.107	224	157	6	161	377	282	499	6.97e-09	53.9
HP0244	BSU14490	23.077	208	149	4	163	365	207	408	1.26e-07	50.1
HP0244	BSU40400	25.110	227	139	10	158	363	366	582	2.78e-06	45.8
HP0244	BSU31450	22.685	216	139	6	164	364	205	407	2.44e-05	42.7
HP0244	BSU23110	22.951	244	161	9	140	365	337	571	3.34e-05	42.4
HP0244	BSU33020	29.070	86	52	2	282	365	358	436	0.001	37.4
HP0244	BSU29100	25.728	206	129	7	176	363	356	555	0.002	37.0
HP0244	BSU31520	26.000	100	67	3	282	377	427	523	0.004	35.8
HP0244	BSU02440	26.923	130	79	6	258	377	278	401	0.005	35.4
HP0244	BSU40359	37.931	29	18	0	335	363	9	37	0.058	29.3
HP0244	BSU23460	29.167	72	47	2	282	351	43	112	0.060	30.8
HP0244	BSU04450	27.907	86	58	3	281	363	424	508	0.100	31.6
HP0244	BSU38200	24.359	78	54	2	278	352	136	211	0.29	29.6
HP0244	BSU33210	28.455	123	66	7	253	363	449	561	0.62	28.9
HP0244	BSU33210	26.923	78	49	3	121	194	114	187	7.8	25.4
HP0244	BSU06300	30.435	69	44	2	65	133	167	231	0.95	28.1
HP0244	BSU00020	40.000	40	20	1	10	49	28	63	2.1	26.9
HP0244	BSU35500	35.135	37	24	0	296	332	305	341	2.5	26.9
HP0244	BSU03760	22.010	209	135	7	176	365	253	452	2.8	26.6
HP0244	BSU34900	26.316	76	40	2	66	137	73	136	5.0	25.4
HP0244	BSU00760	31.111	45	26	1	323	367	5	44	5.7	25.4
HP0244	BSU05370	38.462	26	16	0	90	115	299	324	5.9	25.8
HP0244	BSU36290	26.415	53	39	0	91	143	51	103	7.9	25.0
HP0245	BSU27160	30.000	60	33	3	17	72	284	338	0.34	26.6
HP0245	BSU40000	34.483	29	19	0	15	43	48	76	0.55	25.8
HP0245	BSU02450	40.741	27	16	0	11	37	131	157	4.5	23.1
HP0245	BSU15430	27.500	80	41	3	2	81	789	851	5.7	23.1
HP0245	BSU39340	37.500	32	20	0	44	75	95	126	7.7	22.3
HP0245	BSU00940	20.779	77	60	1	19	94	156	232	7.8	22.7
HP0246	BSU10750	36.232	69	40	3	45	109	226	294	0.073	31.2
HP0246	BSU23480	32.432	74	44	4	111	183	95	163	0.95	28.1
HP0246	BSU35770	30.000	80	46	4	195	270	293	366	1.3	27.7
HP0246	BSU17200	22.835	127	82	4	14	140	57	167	5.8	25.8
HP0246	BSU19260	37.143	35	18	1	82	116	66	96	8.6	24.3
HP0247	BSU04580	45.822	371	200	1	21	390	4	374	3.72e-122	363
HP0247	BSU39110	38.005	371	227	2	22	390	4	373	4.35e-90	280
HP0247	BSU25140	37.808	365	218	4	27	385	11	372	3.99e-80	253
HP0247	BSU07430	31.014	345	233	4	38	380	22	363	4.32e-59	196
HP0247	BSU23020	24.302	358	240	12	39	380	13	355	2.46e-17	81.3
HP0247	BSU19220	24.332	337	229	12	39	363	14	336	8.17e-13	67.4
HP0247	BSU24580	28.125	96	68	1	259	354	374	468	1.48e-07	50.4
HP0247	BSU22220	21.530	353	236	13	47	365	59	404	9.66e-07	48.1
HP0247	BSU00550	25.000	92	66	2	267	357	846	935	8.27e-04	38.9
HP0247	BSU35170	31.633	98	62	2	258	350	446	543	0.004	36.6
HP0247	BSU15870	24.752	101	73	2	287	384	507	607	0.005	36.2
HP0247	BSU35470	20.408	343	225	14	29	350	107	422	0.045	32.7
HP0247	BSU15710	25.833	120	68	5	264	366	563	678	0.054	32.7
HP0247	BSU35940	27.273	99	59	4	128	214	367	464	0.22	30.8
HP0247	BSU08530	41.935	31	17	1	30	59	74	104	0.58	27.7
HP0247	BSU02750	26.415	53	39	0	162	214	156	208	0.75	28.5
HP0247	BSU35300	26.316	114	64	3	251	356	433	534	1.1	28.5
HP0247	BSU39480	34.146	41	27	0	124	164	202	242	1.2	28.1
HP0247	BSU07270	34.146	41	23	1	170	210	178	214	1.6	27.7
HP0247	BSU04490	25.000	128	85	4	162	281	152	276	2.1	27.3
HP0247	BSU16430	27.103	107	61	4	191	287	525	624	3.9	26.9
HP0247	BSU06770	23.077	65	45	1	291	350	308	372	4.8	26.6
HP0247	BSU32600	51.724	29	12	1	254	280	303	331	9.7	25.4
HP0248	BSU19950	32.432	37	25	0	286	322	36	72	0.82	26.2
HP0248	BSU03490	34.146	41	26	1	226	266	76	115	3.6	26.6
HP0248	BSU07840	30.380	79	48	3	229	302	946	1022	3.6	26.6
HP0248	BSU06840	37.838	37	23	0	216	252	193	229	4.2	25.8
HP0248	BSU15710	26.667	60	40	1	301	356	84	143	5.1	25.8
HP0248	BSU23670	39.394	33	15	1	307	339	203	230	8.1	25.0
HP0248	BSU05900	28.889	45	20	2	94	134	37	73	8.5	25.0
HP0248	BSU19580	58.824	17	7	0	44	60	285	301	10.0	25.0
HP0249	BSU36590	32.432	37	23	1	125	159	56	92	0.99	26.6
HP0249	BSU35070	33.929	56	28	2	118	167	75	127	6.4	23.9
HP0249	BSU36500	19.608	102	44	3	54	155	86	149	9.5	23.1
HP0250	BSU11460	44.622	251	128	4	1	242	7	255	1.98e-63	207
HP0250	BSU11460	40.230	261	141	6	263	514	7	261	4.29e-51	175
HP0250	BSU11470	39.535	258	149	3	259	514	1	253	2.13e-57	190
HP0250	BSU11470	35.496	262	150	5	1	252	5	257	1.83e-44	155
HP0250	BSU11370	42.748	262	143	5	258	514	4	263	6.09e-57	190
HP0250	BSU11370	36.481	233	144	2	16	248	35	263	4.29e-45	158
HP0250	BSU12950	37.363	273	159	5	1	262	4	275	2.83e-54	183
HP0250	BSU12950	38.136	236	136	5	288	514	24	258	1.59e-41	149
HP0250	BSU11360	39.241	237	139	3	16	248	23	258	2.99e-48	167
HP0250	BSU11360	39.924	263	141	6	262	514	3	258	1.89e-47	164
HP0250	BSU13000	38.158	228	140	1	288	514	27	254	5.77e-48	166
HP0250	BSU13000	35.039	254	151	5	16	264	26	270	1.66e-44	156
HP0250	BSU32750	37.555	229	133	5	288	513	21	242	1.17e-35	133
HP0250	BSU32750	29.653	317	206	7	16	330	20	321	1.67e-31	121
HP0250	BSU35940	25.545	505	324	18	2	490	3	471	4.28e-35	134
HP0250	BSU35940	27.917	240	155	8	284	515	14	243	6.22e-14	70.9
HP0250	BSU39480	35.345	232	138	8	287	513	16	240	3.74e-34	126
HP0250	BSU39480	30.116	259	164	8	1	254	1	247	2.81e-26	104
HP0250	BSU13220	27.470	506	300	19	17	487	25	498	2.03e-31	124
HP0250	BSU13220	30.380	237	143	7	256	485	1	222	1.15e-19	89.0
HP0250	BSU13220	27.149	221	141	6	1	219	294	496	6.26e-17	80.5
HP0250	BSU27430	32.328	232	147	8	287	516	16	239	1.04e-29	114
HP0250	BSU27430	30.488	246	161	6	1	246	1	236	8.45e-27	105
HP0250	BSU29340	33.766	231	141	8	287	512	16	239	6.75e-29	112
HP0250	BSU29340	27.863	262	152	8	1	247	1	240	8.18e-25	100
HP0250	BSU01460	30.660	212	142	2	291	500	13	221	2.76e-28	110
HP0250	BSU01460	30.357	224	142	6	15	234	8	221	7.93e-24	98.2
HP0250	BSU23960	31.687	243	156	7	1	243	1	233	3.00e-28	109
HP0250	BSU23960	33.898	236	145	8	284	516	13	240	1.12e-27	108
HP0250	BSU33730	27.848	237	158	4	16	251	17	241	2.72e-27	110
HP0250	BSU33730	27.273	231	156	5	285	512	15	236	4.51e-23	97.8
HP0250	BSU33830	27.848	237	158	4	16	251	17	241	4.54e-27	109
HP0250	BSU33830	30.290	241	148	7	285	515	15	245	1.49e-24	102
HP0250	BSU33270	31.579	209	133	5	17	225	21	219	4.59e-27	105
HP0250	BSU33270	35.071	211	122	10	286	491	19	219	5.87e-21	88.6
HP0250	BSU24950	31.452	248	151	10	3	242	15	251	4.27e-26	104
HP0250	BSU24950	29.412	272	143	11	258	508	8	251	6.54e-22	92.0
HP0250	BSU03590	28.226	248	162	7	1	243	1	237	1.20e-25	102
HP0250	BSU03590	31.466	232	146	7	287	512	16	240	1.85e-25	102
HP0250	BSU14360	31.100	209	134	5	17	225	21	219	6.97e-25	99.8
HP0250	BSU14360	32.057	209	129	9	287	491	20	219	1.01e-21	90.9
HP0250	BSU24960	30.075	266	155	9	263	516	22	268	9.51e-25	100
HP0250	BSU24960	29.231	260	157	10	1	248	22	266	1.55e-22	94.4
HP0250	BSU39640	28.194	227	151	7	1	224	4	221	3.39e-24	98.6
HP0250	BSU39640	34.188	234	132	10	263	490	4	221	8.00e-24	97.4
HP0250	BSU30420	31.746	189	121	3	17	205	25	205	2.03e-23	95.9
HP0250	BSU30420	34.021	194	115	6	286	474	23	208	3.75e-21	89.4
HP0250	BSU02980	30.131	229	144	7	27	251	59	275	2.72e-23	99.0
HP0250	BSU02980	31.878	229	149	5	288	514	49	272	9.86e-23	97.4
HP0250	BSU31550	22.963	540	304	19	1	491	4	480	2.32e-22	97.1
HP0250	BSU31550	25.909	220	139	7	290	499	22	227	8.17e-07	48.1
HP0250	BSU01450	30.667	225	143	6	279	500	16	230	2.89e-22	93.6
HP0250	BSU01450	31.100	209	128	7	16	222	24	218	1.43e-21	91.7
HP0250	BSU35260	29.204	226	149	6	1	225	1	216	5.04e-22	91.7
HP0250	BSU35260	26.108	203	143	5	290	491	20	216	5.77e-14	68.2
HP0250	BSU34700	31.963	219	136	8	288	500	25	236	6.55e-21	89.4
HP0250	BSU34700	28.837	215	128	7	16	222	24	221	9.78e-19	82.8
HP0250	BSU30380	30.144	209	138	6	284	490	19	221	7.81e-21	89.0
HP0250	BSU30380	27.103	214	147	4	11	224	17	221	8.92e-19	82.8
HP0250	BSU05950	23.333	570	308	17	1	492	3	521	1.06e-20	92.4
HP0250	BSU05950	32.673	101	56	2	144	240	443	535	7.71e-08	51.6
HP0250	BSU04490	30.222	225	139	7	1	224	5	212	1.56e-20	89.0
HP0250	BSU04490	29.439	214	124	7	285	490	18	212	6.27e-16	75.5
HP0250	BSU12250	28.992	238	145	8	17	250	32	249	1.59e-20	87.8
HP0250	BSU12250	28.440	218	137	5	301	514	45	247	9.79e-20	85.5
HP0250	BSU38810	29.114	237	147	9	284	514	16	237	3.27e-20	89.0
HP0250	BSU38810	26.556	241	160	6	16	256	19	242	1.22e-16	78.2
HP0250	BSU07490	27.434	226	146	6	17	237	19	231	7.12e-20	86.3
HP0250	BSU07490	29.412	221	145	6	287	503	18	231	1.25e-16	77.0
HP0250	BSU38660	29.386	228	133	7	1	224	1	204	2.26e-19	85.5
HP0250	BSU38660	29.612	206	124	7	288	490	17	204	1.28e-15	74.3
HP0250	BSU32940	30.000	230	140	7	17	235	21	240	4.75e-19	84.3
HP0250	BSU32940	28.440	218	145	6	287	500	20	230	4.14e-17	78.6
HP0250	BSU08310	28.632	234	151	7	1	233	1	219	5.28e-19	84.7
HP0250	BSU08310	26.512	215	143	6	284	495	13	215	8.88e-17	78.2
HP0250	BSU33290	28.505	214	137	5	17	226	19	220	8.36e-19	83.2
HP0250	BSU33290	27.064	218	148	5	287	500	18	228	6.36e-16	74.7
HP0250	BSU09080	26.613	248	152	7	1	241	4	228	1.52e-18	83.2
HP0250	BSU09080	26.009	223	136	8	285	498	17	219	2.09e-16	77.0
HP0250	BSU32550	27.511	229	153	7	288	514	19	236	1.74e-18	84.0
HP0250	BSU32550	26.316	228	150	6	12	237	14	225	3.60e-17	80.1
HP0250	BSU03820	27.468	233	141	7	285	501	14	234	2.76e-18	81.3
HP0250	BSU03820	24.583	240	143	5	1	226	1	216	1.84e-14	70.1
HP0250	BSU30760	29.060	234	148	9	284	511	15	236	3.41e-18	81.3
HP0250	BSU30760	24.091	220	151	7	2	219	4	209	1.02e-10	58.9
HP0250	BSU08830	31.068	206	113	7	275	473	9	192	4.08e-18	80.9
HP0250	BSU08830	28.230	209	120	7	17	220	22	205	1.49e-14	70.5
HP0250	BSU03730	28.986	207	136	6	273	476	6	204	1.06e-17	79.0
HP0250	BSU03730	26.316	209	137	6	17	222	21	215	1.19e-13	67.4
HP0250	BSU02750	23.556	225	159	5	16	240	20	231	1.37e-17	79.3
HP0250	BSU02750	25.455	220	150	5	288	504	21	229	8.34e-15	71.2
HP0250	BSU07420	22.556	532	317	17	1	473	3	498	2.31e-17	81.6
HP0250	BSU07420	25.506	247	119	8	262	472	2	219	1.53e-10	60.1
HP0250	BSU08210	26.609	233	138	7	16	238	346	555	2.69e-16	78.6
HP0250	BSU08210	29.150	247	149	9	278	516	337	565	1.51e-14	72.8
HP0250	BSU08690	27.500	240	141	9	284	508	354	575	4.83e-16	77.8
HP0250	BSU08690	29.508	244	130	14	17	245	358	574	9.18e-16	76.6
HP0250	BSU37230	29.339	242	137	10	14	244	346	564	5.76e-16	77.4
HP0250	BSU37230	28.846	208	130	7	291	492	352	547	8.48e-16	77.0
HP0250	BSU30450	25.974	231	140	7	287	507	16	225	6.81e-16	75.1
HP0250	BSU30450	22.267	247	163	7	1	244	1	221	1.92e-13	67.8
HP0250	BSU02860	26.728	217	129	7	17	223	19	215	6.89e-16	73.9
HP0250	BSU02860	25.991	227	144	7	286	500	17	231	4.32e-15	71.6
HP0250	BSU14320	27.155	232	149	7	288	513	352	569	1.27e-15	76.3
HP0250	BSU14320	24.809	262	149	11	16	261	351	580	9.77e-13	67.0
HP0250	BSU14330	27.189	217	136	7	284	492	375	577	2.28e-15	75.5
HP0250	BSU14330	28.054	221	128	9	16	226	378	577	1.53e-10	60.1
HP0250	BSU01950	26.271	236	138	10	1	226	3	212	2.95e-15	72.4
HP0250	BSU01950	28.846	208	131	7	288	492	19	212	2.69e-12	63.5
HP0250	BSU09720	30.804	224	116	10	17	226	446	644	3.05e-15	75.1
HP0250	BSU09720	27.843	255	153	11	252	499	421	651	1.96e-14	72.8
HP0250	BSU38730	31.336	217	121	10	292	498	357	555	3.92e-15	74.7
HP0250	BSU38730	29.333	225	121	9	12	223	348	547	1.19e-12	67.0
HP0250	BSU33160	26.180	233	145	6	287	502	15	237	5.21e-15	73.9
HP0250	BSU33160	36.735	98	61	1	125	222	118	214	7.03e-12	63.9
HP0250	BSU15340	24.686	239	170	6	1	236	2	233	6.63e-15	71.6
HP0250	BSU15340	28.571	238	146	7	285	505	15	245	2.59e-14	70.1
HP0250	BSU34090	27.907	215	126	8	284	491	17	209	1.83e-14	70.9
HP0250	BSU34090	27.149	221	133	11	11	225	11	209	7.64e-13	66.2
HP0250	BSU02570	27.488	211	135	6	17	226	20	213	2.08e-14	70.9
HP0250	BSU02570	26.606	218	143	5	285	499	17	220	4.86e-11	60.8
HP0250	BSU10040	24.779	226	152	7	1	224	3	212	3.98e-14	68.9
HP0250	BSU10040	26.531	245	148	9	262	499	2	221	1.27e-10	58.5
HP0250	BSU30610	28.692	237	147	7	271	504	6	223	5.08e-14	68.9
HP0250	BSU30610	23.938	259	161	7	6	253	5	238	6.89e-13	65.5
HP0250	BSU09710	26.339	224	142	7	16	233	353	559	2.06e-13	69.3
HP0250	BSU09710	26.180	233	150	8	278	502	344	562	2.65e-11	62.8
HP0250	BSU07370	22.801	557	320	19	1	491	3	515	3.84e-13	68.6
HP0250	BSU07370	23.506	251	148	8	278	500	9	243	6.26e-08	52.0
HP0250	BSU07370	23.377	231	139	7	1	225	318	516	1.52e-06	47.4
HP0250	BSU08220	25.837	209	135	7	291	492	385	580	5.48e-13	68.2
HP0250	BSU08220	23.874	222	136	9	16	226	381	580	1.70e-12	66.6
HP0250	BSU30010	23.140	242	135	7	17	245	21	224	3.82e-12	63.2
HP0250	BSU30010	23.853	218	146	5	284	501	17	214	2.21e-09	54.7
HP0250	BSU38740	32.227	211	120	10	307	509	362	557	2.95e-11	62.4
HP0250	BSU38740	31.683	101	63	4	146	245	464	559	4.93e-05	42.7
HP0250	BSU09070	24.775	222	142	8	14	233	15	213	3.72e-11	60.1
HP0250	BSU09070	25.114	219	134	7	288	499	18	213	2.21e-10	57.8
HP0250	BSU34820	27.315	216	131	10	17	224	357	554	8.40e-11	61.2
HP0250	BSU34820	36.190	105	62	3	412	516	479	578	1.03e-10	60.8
HP0250	BSU21470	26.906	223	124	9	285	492	496	694	3.32e-10	59.3
HP0250	BSU21470	26.596	188	104	9	4	177	483	650	8.73e-06	45.1
HP0250	BSU37390	23.651	241	168	5	262	501	2	227	7.86e-10	56.2
HP0250	BSU37390	25.214	234	151	7	17	240	20	239	1.20e-09	55.5
HP0250	BSU32710	23.950	238	157	8	2	228	6	230	3.75e-09	54.3
HP0250	BSU32710	24.545	220	143	7	285	491	18	227	1.30e-05	43.5
HP0250	BSU09890	22.422	223	139	6	288	499	17	216	4.22e-09	54.7
HP0250	BSU09890	20.444	225	162	5	1	225	1	208	9.18e-08	50.4
HP0250	BSU35700	23.684	228	147	7	276	499	25	229	2.26e-08	53.1
HP0250	BSU35700	22.772	101	77	1	138	238	135	234	2.30e-04	40.4
HP0250	BSU35700	32.000	50	31	1	12	61	34	80	3.19e-04	40.0
HP0250	BSU05610	23.786	206	122	6	1	205	291	462	2.90e-08	52.8
HP0250	BSU05610	25.121	207	103	8	291	493	23	181	2.42e-06	46.6
HP0250	BSU05610	21.681	226	128	7	1	226	4	180	5.99e-05	42.4
HP0250	BSU05610	22.705	207	124	9	284	486	303	477	6.31e-05	42.4
HP0250	BSU40620	37.500	80	49	1	411	490	128	206	3.42e-08	50.8
HP0250	BSU40620	23.605	233	142	6	1	224	1	206	1.01e-05	43.5
HP0250	BSU14430	21.963	214	146	6	285	482	14	222	2.82e-07	49.7
HP0250	BSU14430	33.708	89	55	2	146	234	440	524	3.16e-07	49.7
HP0250	BSU14430	27.551	98	67	1	395	492	423	516	2.76e-05	43.5
HP0250	BSU14430	22.500	200	123	8	1	179	1	189	0.001	38.1
HP0250	BSU35160	31.092	119	68	5	395	503	470	584	6.72e-05	42.4
HP0250	BSU35160	36.047	86	51	2	395	477	811	895	1.20e-04	41.6
HP0250	BSU35160	25.701	214	134	7	120	323	459	657	2.96e-04	40.4
HP0250	BSU35160	46.875	32	16	1	13	44	13	43	0.29	30.4
HP0250	BSU35160	36.364	33	21	0	16	48	621	653	8.4	25.8
HP0250	BSU40150	35.714	70	38	3	412	477	114	180	0.019	33.5
HP0250	BSU40150	21.076	223	116	7	17	224	16	193	0.041	32.3
HP0250	BSU39520	29.630	81	41	4	14	91	196	263	0.12	31.6
HP0250	BSU37170	20.909	220	133	9	153	344	78	284	0.12	31.6
HP0250	BSU16800	24.107	112	79	3	11	120	444	551	0.56	29.6
HP0250	BSU22910	36.111	36	22	1	225	259	164	199	0.95	28.5
HP0250	BSU07360	31.111	90	54	3	3	85	169	257	1.1	28.5
HP0250	BSU19760	27.419	62	44	1	60	120	337	398	1.2	28.5
HP0250	BSU10650	43.590	39	21	1	301	339	31	68	1.2	28.5
HP0250	BSU10550	44.000	25	14	0	307	331	122	146	1.8	27.7
HP0250	BSU31875	38.462	39	22	1	281	319	988	1024	2.5	27.7
HP0250	BSU00860	39.394	33	20	0	293	325	196	228	3.0	27.3
HP0250	BSU28220	48.000	25	13	0	297	321	108	132	5.4	26.2
HP0250	BSU26370	52.174	23	11	0	298	320	2	24	7.8	25.4
HP0250	BSU13950	34.000	50	31	1	3	50	467	516	9.0	25.8
HP0250	BSU15940	55.556	18	8	0	30	47	27	44	9.3	25.8
HP0250	BSU14000	28.261	46	33	0	278	323	316	361	9.6	25.4
HP0250	BSU27840	33.333	54	34	2	3	55	25	77	9.7	25.4
HP0250	BSU07130	29.213	89	42	4	166	237	339	423	10.0	25.4
HP0250	BSU03210	33.333	39	23	1	238	276	112	147	10.0	25.4
HP0251	BSU11400	37.118	229	139	3	116	340	76	303	2.36e-39	138
HP0251	BSU11450	28.879	232	160	2	112	340	76	305	1.04e-33	123
HP0251	BSU12940	31.579	228	154	1	115	340	93	320	3.13e-32	119
HP0251	BSU12930	24.242	198	128	6	116	298	77	267	2.02e-06	45.4
HP0251	BSU11390	40.426	47	28	0	216	262	198	244	3.43e-05	41.6
HP0251	BSU11440	28.440	109	72	3	217	324	187	290	1.60e-04	39.7
HP0251	BSU18330	36.923	65	36	3	96	158	654	715	0.056	32.3
HP0251	BSU27460	31.915	47	31	1	211	257	97	142	0.44	28.9
HP0251	BSU30170	24.444	135	80	4	142	262	68	194	0.89	27.7
HP0251	BSU35810	46.154	26	14	0	74	99	325	350	4.1	25.8
HP0251	BSU29610	42.308	26	15	0	162	187	156	181	4.9	25.8
HP0251	BSU17910	47.826	23	12	0	141	163	1	23	5.7	23.9
HP0251	BSU30280	29.630	54	37	1	201	254	165	217	6.4	25.4
HP0252	BSU35690	25.532	94	58	2	135	228	9	90	2.2	27.3
HP0252	BSU29805	38.889	36	22	0	53	88	595	630	3.3	26.9
HP0252	BSU16060	25.984	127	77	4	85	195	3	128	3.5	26.6
HP0252	BSU38920	30.435	46	29	1	199	241	356	401	3.7	26.6
HP0255	BSU40420	43.675	419	225	5	4	411	5	423	7.25e-124	362
HP0255	BSU21730	32.353	68	34	1	209	264	26	93	0.11	30.8
HP0255	BSU04060	30.303	66	35	3	169	225	293	356	0.79	28.5
HP0255	BSU30860	39.286	28	17	0	116	143	34	61	6.7	25.8
HP0255	BSU39050	23.232	99	64	4	94	186	1	93	9.9	25.0
HP0255	BSU32480	33.333	39	26	0	88	126	390	428	9.9	25.0
HP0256	BSU35830	40.476	42	22	1	93	131	188	229	1.1	25.8
HP0256	BSU18450	21.978	91	49	4	48	136	57	127	5.1	23.9
HP0256	BSU18240	35.897	39	25	0	10	48	393	431	5.4	23.9
HP0256	BSU31410	32.836	67	28	5	80	142	16	69	8.0	23.1
HP0256	BSU07370	32.353	34	21	1	70	103	381	412	9.2	23.1
HP0256	BSU04460	50.000	26	13	0	92	117	104	129	9.9	22.7
HP0257	BSU16260	36.620	71	45	0	106	176	127	197	2.14e-06	43.5
HP0258	BSU16560	31.429	280	157	9	82	347	162	420	3.12e-24	99.4
HP0258	BSU16560	39.130	69	42	0	3	71	7	75	1.04e-10	59.3
HP0258	BSU27970	36.923	65	33	2	279	341	115	173	0.71	28.1
HP0258	BSU25970	33.333	48	26	1	186	233	60	101	0.98	27.7
HP0258	BSU24230	32.727	55	34	2	135	186	143	197	1.2	27.7
HP0258	BSU28770	33.333	87	51	3	165	245	26	111	1.6	27.3
HP0258	BSU23220	34.146	41	26	1	194	234	126	165	1.8	26.9
HP0258	BSU28990	44.444	45	23	2	137	180	363	406	3.2	26.6
HP0258	BSU33500	25.316	79	55	1	39	113	351	429	3.3	26.6
HP0258	BSU08320	48.000	25	13	0	87	111	242	266	4.6	25.8
HP0259	BSU24300	33.990	406	248	9	26	420	31	427	2.48e-70	226
HP0259	BSU17200	22.785	79	58	2	141	216	2312	2390	0.43	29.6
HP0259	BSU18300	27.778	72	47	2	266	337	53	119	0.80	28.9
HP0259	BSU31250	26.230	122	72	5	261	381	328	432	1.5	27.7
HP0259	BSU27740	38.889	36	22	0	108	143	155	190	1.6	27.3
HP0259	BSU32310	38.462	26	14	1	115	140	46	69	1.9	25.8
HP0259	BSU25200	36.735	49	27	3	218	262	251	299	2.4	26.9
HP0259	BSU03490	34.146	41	25	1	80	118	1889	1929	3.5	26.9
HP0259	BSU22950	28.125	96	45	4	85	156	84	179	4.0	26.2
HP0259	BSU16580	35.849	53	28	2	1	47	1	53	4.4	26.6
HP0259	BSU01845	27.451	51	37	0	312	362	324	374	6.6	25.8
HP0259	BSU03420	31.250	32	21	1	74	105	90	120	6.8	25.0
HP0259	BSU34220	50.000	16	8	0	200	215	78	93	7.8	25.4
HP0260	BSU06030	25.581	129	76	4	136	260	102	214	0.37	29.6
HP0260	BSU25470	27.473	91	61	2	235	320	92	182	1.3	27.7
HP0260	BSU11550	30.612	49	29	1	181	229	1	44	2.1	26.9
HP0260	BSU07480	28.571	56	40	0	111	166	136	191	2.4	26.9
HP0260	BSU05070	33.333	42	28	0	311	352	2	43	2.5	26.6
HP0260	BSU15650	50.000	20	10	0	265	284	520	539	3.9	26.2
HP0260	BSU32180	26.582	79	47	3	124	194	112	187	4.0	26.2
HP0260	BSU37690	34.615	26	17	0	341	366	116	141	6.2	25.4
HP0260	BSU05240	27.419	62	42	1	116	177	307	365	6.4	25.4
HP0260	BSU02560	40.000	35	21	0	129	163	50	84	6.7	25.4
HP0261	BSU33730	27.397	73	50	3	14	86	164	233	0.78	26.2
HP0261	BSU40200	30.000	80	44	3	35	102	307	386	1.7	25.4
HP0261	BSU36130	22.449	98	59	3	35	116	30	126	1.9	24.6
HP0261	BSU29230	64.286	14	5	0	31	44	230	243	2.4	25.0
HP0261	BSU38920	28.358	67	34	4	19	75	281	343	3.2	24.3
HP0261	BSU02140	42.308	26	12	1	30	55	216	238	5.1	23.9
HP0262	BSU28750	27.660	47	34	0	3	49	94	140	0.35	28.1
HP0262	BSU16460	29.070	86	55	3	1	84	11	92	1.0	26.2
HP0262	BSU09470	25.862	58	41	1	96	153	190	245	1.3	26.6
HP0262	BSU00080	35.000	40	21	2	1	38	134	170	4.8	24.6
HP0262	BSU05970	31.250	32	22	0	19	50	17	48	6.5	24.3
HP0262	BSU40520	37.209	43	27	0	46	88	267	309	7.1	24.3
HP0262	BSU07100	28.000	50	33	1	61	110	103	149	8.4	23.9
HP0263	BSU22170	40.476	42	24	1	186	226	173	214	0.026	32.3
HP0263	BSU27740	27.941	68	49	0	117	184	112	179	5.1	24.6
HP0263	BSU38910	36.364	33	21	0	71	103	18	50	7.6	24.3
HP0263	BSU03480	24.590	61	38	1	52	104	2257	2317	7.7	24.6
HP0263	BSU13080	30.189	53	31	2	69	115	109	161	8.6	23.9
HP0264	BSU00860	42.955	873	407	13	3	854	2	804	0.0	659
HP0264	BSU13700	49.379	322	155	3	535	851	376	694	1.48e-98	319
HP0264	BSU13700	57.741	239	100	1	159	397	74	311	5.78e-87	288
HP0264	BSU28200	28.669	293	151	18	436	695	176	443	3.24e-06	47.4
HP0264	BSU28200	31.111	90	50	5	193	277	341	423	2.6	28.1
HP0264	BSU28210	30.822	146	75	6	568	696	69	205	2.70e-05	44.3
HP0264	BSU28210	30.864	81	43	2	132	212	38	105	0.17	32.0
HP0264	BSU27530	27.273	198	98	10	178	367	22	181	4.85e-05	43.5
HP0264	BSU27530	30.189	53	25	1	567	619	19	59	3.5	27.7
HP0264	BSU16160	34.653	101	43	5	562	655	11	95	1.13e-04	42.4
HP0264	BSU28220	23.932	351	181	14	566	850	71	401	5.78e-04	40.0
HP0264	BSU28220	38.889	90	39	6	196	280	108	186	0.24	31.6
HP0264	BSU17420	27.891	147	93	6	204	346	99	236	8.76e-04	38.9
HP0264	BSU00190	27.660	141	75	5	570	696	18	145	0.001	39.3
HP0264	BSU27080	28.313	166	98	10	579	730	120	278	0.007	36.6
HP0264	BSU19390	27.619	105	52	4	602	695	69	160	0.14	32.0
HP0264	BSU00690	30.851	94	49	5	201	291	198	278	0.16	32.3
HP0264	BSU24730	47.826	23	12	0	599	621	138	160	0.30	31.2
HP0264	BSU40150	38.889	72	40	2	723	794	107	174	0.33	30.4
HP0264	BSU08220	41.463	41	22	2	597	636	390	429	0.48	30.8
HP0264	BSU33730	32.609	46	28	2	580	622	7	52	0.63	30.0
HP0264	BSU40200	28.926	121	76	6	93	207	51	167	1.9	28.5
HP0264	BSU33830	31.667	60	37	3	599	655	28	86	1.9	28.5
HP0264	BSU38660	33.333	54	31	1	603	656	32	80	2.2	28.1
HP0264	BSU35520	26.744	86	53	4	62	142	245	325	2.5	28.1
HP0264	BSU14320	38.095	42	22	2	592	633	359	396	2.7	28.1
HP0264	BSU15600	34.545	55	33	2	595	648	22	74	3.4	27.3
HP0264	BSU12530	46.154	26	14	0	197	222	117	142	4.1	27.3
HP0264	BSU08310	22.059	68	42	1	562	629	2	58	4.3	27.3
HP0264	BSU01950	42.424	33	18	1	603	635	34	65	4.7	26.9
HP0264	BSU04940	33.333	51	32	2	471	520	2	51	4.8	27.3
HP0264	BSU25630	33.333	48	30	2	72	118	135	181	4.9	26.6
HP0264	BSU17220	22.857	105	73	4	526	625	2067	2168	5.6	27.3
HP0264	BSU31640	27.160	81	43	2	107	171	62	142	6.4	26.2
HP0264	BSU40050	32.609	46	28	1	702	744	18	63	7.3	26.6
HP0264	BSU09070	32.258	31	20	1	603	633	33	62	8.2	26.2
HP0264	BSU12420	28.571	56	37	1	166	221	192	244	9.6	26.2
HP0265	BSU17930	34.434	212	128	5	21	228	12	216	8.69e-35	121
HP0265	BSU04460	30.189	53	34	1	159	211	81	130	0.10	30.0
HP0265	BSU22860	29.167	48	22	1	72	107	127	174	1.2	26.6
HP0265	BSU14270	31.579	38	26	0	143	180	157	194	1.7	26.6
HP0265	BSU03110	30.882	68	42	3	174	237	242	308	6.2	24.6
HP0265	BSU34810	29.412	34	24	0	117	150	231	264	6.4	24.6
HP0265	BSU14350	69.231	13	4	0	50	62	329	341	7.8	24.3
HP0266	BSU15500	22.275	422	270	11	2	369	4	421	2.60e-20	88.6
HP0266	BSU38050	29.412	34	23	1	128	161	297	329	3.5	26.6
HP0266	BSU06500	41.176	34	16	2	78	110	293	323	4.5	25.8
HP0266	BSU12750	28.261	92	58	3	140	231	411	494	6.3	25.8
HP0266	BSU17180	30.000	70	37	3	166	227	798	863	6.9	25.8
HP0266	BSU16550	29.508	122	58	8	51	153	51	163	7.8	25.4
HP0266	BSU14280	40.541	37	19	1	168	201	354	390	8.1	25.0
HP0267	BSU23620	28.333	60	43	0	217	276	81	140	0.002	37.0
HP0267	BSU15940	22.963	135	89	6	17	143	437	564	0.13	31.2
HP0267	BSU29550	31.111	45	29	1	26	68	25	69	2.3	26.9
HP0267	BSU38880	35.556	45	26	2	35	78	88	130	2.8	26.6
HP0267	BSU29380	30.000	70	41	3	226	288	130	198	2.9	26.6
HP0267	BSU18340	47.826	23	12	0	75	97	1690	1712	4.0	26.6
HP0267	BSU14520	30.189	53	29	3	19	71	37	81	4.8	26.2
HP0267	BSU34170	44.444	27	15	0	303	329	9	35	5.3	25.8
HP0267	BSU27650	36.667	30	19	0	204	233	400	429	6.5	25.8
HP0267	BSU39660	24.138	58	44	0	224	281	63	120	6.9	25.4
HP0268	BSU11900	30.769	39	27	0	26	64	88	126	0.30	25.8
HP0268	BSU19590	26.415	53	35	2	16	65	187	238	1.1	24.3
HP0268	BSU18080	28.000	50	29	2	15	62	80	124	1.2	23.9
HP0268	BSU36700	60.000	15	6	0	43	57	179	193	1.3	24.3
HP0268	BSU20670	37.037	27	17	0	19	45	113	139	1.3	23.9
HP0268	BSU31440	27.869	61	37	2	11	64	141	201	1.6	23.9
HP0268	BSU28760	30.000	50	34	1	20	69	311	359	1.6	23.9
HP0268	BSU11382	30.612	49	25	2	13	53	324	371	1.7	23.9
HP0268	BSU27410	37.037	27	17	0	49	75	14	40	3.0	23.1
HP0268	BSU27770	40.741	27	14	1	21	47	60	84	3.7	22.7
HP0268	BSU27260	28.571	42	30	0	32	73	207	248	3.8	22.7
HP0268	BSU40150	32.500	40	26	1	39	78	115	153	5.1	22.3
HP0268	BSU33770	33.333	36	24	0	37	72	70	105	7.6	21.9
HP0269	BSU17010	40.278	432	238	9	2	422	67	489	4.69e-98	300
HP0269	BSU25430	29.412	374	251	5	3	369	4	371	2.02e-54	184
HP0269	BSU10180	23.364	107	66	4	198	304	111	201	0.068	32.0
HP0269	BSU01770	29.310	58	37	1	9	66	319	372	0.31	30.0
HP0269	BSU09840	21.028	214	125	9	137	325	166	360	0.62	29.3
HP0269	BSU15430	39.583	48	24	2	381	426	348	392	2.4	27.3
HP0269	BSU35620	35.714	42	23	1	90	127	454	495	3.5	26.6
HP0269	BSU32310	37.500	40	20	1	188	222	1	40	4.3	25.0
HP0269	BSU04230	34.483	29	19	0	258	286	114	142	5.6	25.8
HP0269	BSU18610	27.273	44	32	0	212	255	94	137	7.9	25.4
HP0269	BSU25130	40.000	30	13	1	209	238	193	217	8.2	25.4
HP0269	BSU27740	33.333	54	29	2	110	157	35	87	9.8	25.0
HP0269	BSU21280	46.429	28	15	0	298	325	109	136	10.0	24.6
HP0270	BSU16080	34.091	44	27	1	133	176	33	74	0.41	26.9
HP0270	BSU37280	46.667	30	16	0	116	145	897	926	1.6	26.6
HP0270	BSU22750	57.143	21	9	0	83	103	205	225	2.3	25.8
HP0270	BSU37270	26.531	49	25	2	146	191	17	57	2.5	25.8
HP0270	BSU24050	28.571	49	34	1	24	72	23	70	3.2	25.4
HP0270	BSU08779	29.412	34	24	0	28	61	43	76	6.6	23.5
HP0271	BSU08160	33.333	48	30	1	207	252	351	398	0.30	29.6
HP0271	BSU31490	31.944	72	38	2	182	245	89	157	0.88	28.1
HP0271	BSU29090	26.582	79	47	4	124	199	300	370	1.9	26.9
HP0271	BSU31170	30.000	50	35	0	82	131	84	133	2.1	26.9
HP0271	BSU10470	27.419	62	44	1	239	299	4	65	2.2	25.8
HP0271	BSU05870	27.778	36	26	0	118	153	144	179	2.9	26.2
HP0271	BSU31690	28.261	46	30	1	141	186	314	356	5.7	25.4
HP0271	BSU10630	32.836	67	31	3	252	305	845	910	7.0	25.4
HP0271	BSU15980	27.273	66	48	0	63	128	145	210	9.5	24.6
HP0272	BSU32580	37.209	43	24	3	7	48	25	65	1.2	26.2
HP0272	BSU13980	27.941	68	39	2	70	132	578	640	1.6	26.2
HP0272	BSU16270	32.000	50	30	1	49	94	95	144	1.9	25.8
HP0272	BSU12100	36.842	19	12	0	23	41	9	27	3.8	24.6
HP0272	BSU00690	27.381	84	50	4	22	104	9	82	7.2	23.9
HP0272	BSU24620	35.000	40	25	1	16	55	6	44	7.3	23.9
HP0272	BSU07250	22.857	70	42	2	39	101	179	243	8.0	23.9
HP0272	BSU21470	38.710	31	16	1	111	138	136	166	8.6	23.9
HP0273	BSU17580	26.374	91	61	3	60	148	392	478	0.57	27.3
HP0273	BSU18970	31.579	76	48	3	42	113	905	980	1.0	26.6
HP0273	BSU30750	31.707	41	27	1	64	103	308	348	2.5	25.4
HP0273	BSU25760	27.500	80	47	3	17	90	9	83	2.7	24.6
HP0273	BSU16660	64.286	14	5	0	3	16	192	205	4.9	24.3
HP0273	BSU32660	29.310	58	35	2	17	74	24	75	5.0	23.9
HP0273	BSU30570	29.268	41	29	0	98	138	19	59	5.4	23.1
HP0273	BSU06710	25.882	85	47	1	81	165	706	774	5.6	24.3
HP0273	BSU11310	47.619	21	11	0	137	157	4	24	6.9	22.7
HP0273	BSU00160	25.882	85	51	3	24	107	127	200	9.1	23.5
HP0274	BSU11610	34.286	35	21	1	73	105	224	258	0.80	26.2
HP0274	BSU00580	34.091	44	29	0	38	81	430	473	1.2	25.8
HP0274	BSU06690	25.000	64	47	1	2	65	79	141	1.8	25.0
HP0274	BSU08240	50.000	20	10	0	59	78	74	93	3.5	24.3
HP0274	BSU12672	50.000	16	8	0	57	72	33	48	8.2	21.6
HP0274	BSU07930	33.333	39	23	1	60	95	163	201	8.4	23.1
HP0274	BSU38800	25.000	44	32	1	55	97	154	197	9.2	22.7
HP0275	BSU10630	28.358	67	44	1	57	123	15	77	0.023	33.9
HP0275	BSU03830	42.424	33	17	1	368	400	273	303	0.24	30.0
HP0275	BSU27490	33.333	66	34	3	340	404	18	74	1.4	27.3
HP0275	BSU37020	39.286	28	17	0	110	137	82	109	3.5	25.8
HP0275	BSU40930	23.729	59	45	0	295	353	551	609	4.2	26.6
HP0275	BSU24870	36.000	50	31	1	101	149	428	477	5.1	26.2
HP0275	BSU25600	33.333	33	21	1	139	171	30	61	5.6	25.8
HP0275	BSU08030	23.684	76	50	1	69	136	130	205	5.6	25.8
HP0275	BSU12590	30.769	52	35	1	143	194	90	140	6.0	25.8
HP0276	BSU00010	36.585	41	22	1	23	63	67	103	1.6	26.2
HP0276	BSU37790	20.000	140	95	4	44	180	294	419	2.8	25.4
HP0276	BSU19340	27.143	70	42	1	81	150	289	349	5.1	24.6
HP0276	BSU33810	26.786	112	70	5	3	110	198	301	5.2	24.3
HP0277	BSU27220	29.231	65	33	2	7	61	151	212	0.057	28.1
HP0277	BSU27220	35.897	39	18	1	17	55	132	163	0.46	25.4
HP0277	BSU12160	25.882	85	50	2	7	81	146	227	0.11	27.3
HP0277	BSU12160	38.710	31	12	1	25	55	135	158	1.7	23.9
HP0277	BSU08910	25.714	70	33	3	5	58	184	250	0.77	25.0
HP0277	BSU33750	35.714	28	18	0	14	41	68	95	1.9	23.5
HP0277	BSU15370	31.818	44	30	0	33	76	182	225	2.5	23.5
HP0277	BSU40250	28.261	46	26	1	1	46	104	142	2.6	23.5
HP0277	BSU06680	37.500	32	19	1	1	32	74	104	3.8	23.1
HP0277	BSU38040	29.545	44	19	1	22	65	14	45	4.6	22.7
HP0277	BSU28690	53.846	13	6	0	9	21	78	90	5.2	22.3
HP0277	BSU37980	41.176	17	10	0	16	32	247	263	6.9	21.9
HP0277	BSU11530	58.333	12	5	0	15	26	318	329	8.4	21.9
HP0277	BSU37180	41.667	12	7	0	9	20	371	382	9.0	21.9
HP0278	BSU14470	36.364	44	23	1	131	174	151	189	0.53	29.3
HP0278	BSU15280	30.337	89	56	2	107	194	178	261	0.61	29.3
HP0278	BSU12480	33.333	36	22	1	90	125	145	178	0.71	28.5
HP0278	BSU36410	35.484	31	20	0	122	152	139	169	1.6	27.7
HP0278	BSU28030	45.161	31	15	1	124	152	144	174	1.8	27.7
HP0278	BSU26870	38.298	47	24	2	433	475	230	275	5.6	25.8
HP0278	BSU12940	33.333	36	24	0	87	122	107	142	8.0	25.4
HP0278	BSU19350	32.653	49	25	1	252	300	211	251	8.9	25.4
HP0278	BSU28670	34.483	29	19	0	238	266	22	50	9.4	25.4
HP0279	BSU29650	44.186	43	19	2	229	269	131	170	9.4	25.0
HP0280	BSU33450	26.250	80	55	1	246	321	531	610	0.45	29.3
HP0280	BSU07270	27.723	101	62	5	56	156	144	233	0.51	28.5
HP0280	BSU11290	32.143	56	33	3	113	164	78	132	0.74	27.7
HP0280	BSU25270	24.779	113	72	3	51	155	39	146	1.2	27.3
HP0280	BSU17790	29.630	54	33	2	26	76	124	175	1.5	26.9
HP0280	BSU04860	27.778	72	49	1	85	156	300	368	4.5	25.8
HP0280	BSU33330	31.034	58	29	3	137	192	85	133	4.5	25.8
HP0280	BSU33480	31.250	32	22	0	297	328	111	142	4.9	25.4
HP0280	BSU15030	34.146	41	20	1	117	150	353	393	7.7	25.0
HP0280	BSU18000	26.087	46	32	1	211	256	845	888	9.1	25.0
HP0280	BSU06760	32.609	46	27	1	19	64	741	782	9.9	24.6
HP0281	BSU27710	45.355	366	196	3	2	366	9	371	2.61e-120	350
HP0281	BSU18660	30.882	68	46	1	172	238	28	95	0.066	31.6
HP0281	BSU31520	22.105	95	53	3	187	275	118	197	0.25	30.0
HP0281	BSU08820	25.000	116	71	5	83	184	111	224	0.45	29.3
HP0281	BSU41020	21.198	217	140	10	61	255	54	261	0.60	28.9
HP0281	BSU39520	29.310	58	41	0	15	72	201	258	1.4	27.7
HP0281	BSU22980	22.404	183	112	6	139	312	75	236	1.6	27.3
HP0281	BSU29960	40.909	22	13	0	236	257	1	22	8.2	24.6
HP0282	BSU34320	22.500	80	59	1	372	451	22	98	0.67	28.9
HP0282	BSU13890	41.379	29	17	0	45	73	343	371	0.71	29.3
HP0282	BSU26990	30.303	33	23	0	247	279	47	79	4.5	25.0
HP0282	BSU01540	41.667	36	20	1	442	477	78	112	5.5	26.2
HP0282	BSU12230	28.889	45	29	1	366	410	187	228	6.0	25.8
HP0282	BSU14490	31.250	48	27	2	404	446	73	119	9.7	25.4
HP0283	BSU22700	35.616	365	203	11	1	342	1	356	4.80e-66	209
HP0283	BSU28760	32.609	92	51	3	88	176	109	192	6.33e-06	44.3
HP0283	BSU39040	32.394	71	40	3	274	340	10	76	0.11	29.3
HP0283	BSU24300	38.710	31	19	0	88	118	200	230	2.1	26.9
HP0283	BSU16160	38.095	42	22	1	295	332	33	74	3.0	26.6
HP0283	BSU29980	35.714	28	18	0	69	96	386	413	3.7	26.2
HP0283	BSU23820	33.333	33	22	0	97	129	228	260	3.7	26.2
HP0283	BSU39580	22.472	89	66	2	13	101	4	89	4.5	25.0
HP0283	BSU15780	40.909	22	13	0	84	105	206	227	5.5	25.4
HP0283	BSU39670	22.500	120	87	3	132	249	94	209	8.3	25.0
HP0283	BSU02060	42.500	40	16	2	85	123	13	46	8.5	25.0
HP0284	BSU09640	22.835	127	83	2	262	388	137	248	0.036	33.1
HP0284	BSU15010	34.091	44	28	1	382	424	48	91	0.21	30.0
HP0284	BSU16810	34.247	73	40	3	38	107	5	72	0.36	29.6
HP0284	BSU09240	28.261	46	33	0	343	388	154	199	0.48	29.3
HP0284	BSU37570	17.989	189	128	5	318	494	285	458	0.95	28.9
HP0284	BSU26880	28.000	75	40	4	408	469	204	277	1.3	28.1
HP0284	BSU18740	56.000	25	10	1	71	95	35	58	2.2	25.8
HP0284	BSU14390	28.000	50	34	1	456	503	35	84	3.2	26.9
HP0284	BSU04260	25.926	54	39	1	450	503	491	543	3.5	26.9
HP0284	BSU24590	30.612	49	31	1	373	418	95	143	5.5	26.2
HP0284	BSU18100	25.862	58	38	1	403	460	57	109	7.6	25.8
HP0284	BSU05140	33.333	39	24	1	290	326	19	57	8.3	24.3
HP0284	BSU23280	37.500	32	20	0	88	119	244	275	9.8	25.4
HP0284	BSU02420	26.923	104	64	5	271	369	349	445	9.8	25.4
HP0285	BSU25430	34.006	347	215	8	1	333	1	347	5.15e-58	193
HP0285	BSU17010	28.065	367	244	8	2	349	66	431	8.91e-44	156
HP0285	BSU36700	26.415	159	92	8	138	284	21	166	0.021	33.5
HP0285	BSU09840	21.311	183	119	5	144	308	180	355	0.20	30.4
HP0285	BSU01920	20.000	50	40	0	138	187	111	160	1.7	27.7
HP0285	BSU32530	28.736	87	51	5	75	159	161	238	1.8	27.3
HP0285	BSU09540	26.923	78	56	1	35	111	101	178	1.9	26.9
HP0285	BSU37200	38.462	39	22	1	187	223	279	317	3.0	26.6
HP0285	BSU13740	33.333	21	13	1	131	151	22	41	3.2	26.6
HP0285	BSU39500	43.590	39	18	2	350	387	220	255	3.2	26.6
HP0285	BSU00500	28.571	49	32	2	246	292	231	278	5.9	25.8
HP0285	BSU07620	31.034	58	33	2	30	81	192	248	6.1	25.4
HP0285	BSU19240	27.059	85	52	3	254	336	53	129	8.2	25.0
HP0285	BSU14200	23.077	52	32	1	21	64	7	58	8.9	23.9
HP0286	BSU00690	39.444	360	202	4	159	502	158	517	2.39e-82	266
HP0286	BSU12420	32.000	225	104	8	170	376	193	386	3.40e-18	84.0
HP0286	BSU16160	41.304	46	26	1	193	237	50	95	2.30e-05	43.5
HP0286	BSU16160	39.474	38	21	1	256	291	274	311	8.2	25.8
HP0286	BSU28220	32.468	77	46	2	198	268	112	188	5.95e-05	42.4
HP0286	BSU28210	27.136	199	88	10	110	266	8	191	3.79e-04	39.7
HP0286	BSU17420	24.757	206	122	10	164	350	58	249	5.75e-04	38.9
HP0286	BSU21470	25.781	128	66	5	112	222	421	536	8.95e-04	38.9
HP0286	BSU28200	32.759	116	58	6	162	266	320	426	0.002	38.1
HP0286	BSU27530	30.275	109	52	5	198	305	41	126	0.002	37.7
HP0286	BSU27730	38.235	68	35	1	166	233	31	91	0.002	37.0
HP0286	BSU13700	34.091	88	43	4	199	271	116	203	0.004	37.0
HP0286	BSU13700	32.500	80	39	4	199	264	443	521	0.074	32.7
HP0286	BSU33290	30.588	85	53	3	188	268	20	102	0.020	33.9
HP0286	BSU00860	37.647	85	41	4	199	271	205	289	0.045	33.1
HP0286	BSU00860	47.222	36	12	2	181	216	531	559	0.16	31.6
HP0286	BSU28980	26.596	94	61	4	126	218	98	184	0.082	32.0
HP0286	BSU13220	48.387	31	14	1	187	215	25	55	0.53	29.6
HP0286	BSU13220	39.394	33	18	1	187	217	310	342	7.3	26.2
HP0286	BSU17330	36.207	58	32	3	198	253	9	63	0.70	29.3
HP0286	BSU29370	44.444	27	15	0	236	262	28	54	0.89	28.5
HP0286	BSU24100	28.054	221	84	13	161	341	365	550	0.93	28.9
HP0286	BSU19390	46.429	28	15	0	190	217	60	87	1.2	28.5
HP0286	BSU01820	27.907	43	31	0	224	266	20	62	1.3	27.7
HP0286	BSU06330	68.421	19	6	0	198	216	42	60	2.0	27.7
HP0286	BSU05950	31.707	41	26	1	177	215	333	373	2.6	27.7
HP0286	BSU24430	26.282	156	83	7	198	345	139	270	2.7	27.3
HP0286	BSU15680	39.286	28	17	0	198	225	8	35	2.8	26.9
HP0286	BSU30250	45.000	40	21	1	168	207	78	116	3.9	26.6
HP0286	BSU00870	30.000	80	43	4	190	264	84	155	4.3	26.6
HP0286	BSU30760	36.585	41	23	2	177	215	10	49	4.3	26.6
HP0286	BSU08220	32.653	49	25	2	180	226	375	417	4.9	26.6
HP0286	BSU37080	27.059	85	50	4	137	217	116	192	6.2	26.2
HP0286	BSU16390	71.429	14	4	0	190	203	281	294	6.7	26.2
HP0286	BSU24090	37.931	29	18	0	497	525	234	262	7.0	25.8
HP0286	BSU18830	36.364	33	15	1	51	77	301	333	7.7	26.2
HP0286	BSU12530	40.625	32	15	1	198	225	120	151	8.1	25.8
HP0286	BSU29330	36.735	49	28	1	147	195	266	311	8.5	25.8
HP0286	BSU32940	28.358	67	46	1	265	331	138	202	8.9	25.4
HP0286	BSU40990	32.653	49	31	1	147	193	1	49	9.1	25.4
HP0287	BSU00870	37.931	29	18	0	75	103	380	408	0.20	28.5
HP0287	BSU24030	35.897	39	21	2	117	151	116	154	3.6	24.6
HP0287	BSU37780	22.807	114	69	5	62	170	336	435	3.7	24.6
HP0287	BSU17220	50.000	18	9	0	22	39	2295	2312	4.2	24.6
HP0287	BSU40930	33.333	45	27	2	90	132	249	292	8.5	23.9
HP0288	BSU29580	27.586	58	40	1	41	98	239	294	0.15	28.9
HP0288	BSU26020	33.333	33	22	0	74	106	84	116	0.38	27.3
HP0288	BSU10560	32.432	37	25	0	104	140	182	218	0.88	26.6
HP0288	BSU01680	28.125	32	23	0	35	66	28	59	4.2	24.3
HP0288	BSU34010	44.000	25	13	1	59	82	358	382	7.4	23.5
HP0288	BSU34390	44.828	29	13	1	46	71	118	146	7.9	23.5
HP0289	BSU10030	31.148	61	39	2	1652	1712	34	91	1.5	29.6
HP0289	BSU39350	37.838	37	23	0	792	828	305	341	4.8	29.3
HP0289	BSU07800	27.869	61	41	2	90	150	411	468	7.5	28.5
HP0289	BSU10280	26.230	61	43	1	2600	2660	67	125	8.3	27.3
HP0290	BSU23380	33.738	412	247	11	7	398	25	430	1.31e-64	210
HP0290	BSU40510	27.184	103	53	5	217	308	155	246	0.97	28.5
HP0290	BSU37150	33.333	60	35	1	85	139	350	409	2.1	27.3
HP0290	BSU12330	38.235	34	20	1	339	372	71	103	4.5	26.2
HP0290	BSU15760	28.125	128	59	9	237	352	86	192	4.6	25.8
HP0290	BSU12210	38.095	42	21	2	45	85	357	394	4.9	26.2
HP0290	BSU20960	36.111	36	19	1	84	115	50	85	5.3	25.8
HP0290	BSU22680	22.667	75	43	1	266	325	325	399	5.5	25.8
HP0290	BSU31710	32.727	55	30	2	209	263	150	197	7.3	25.4
HP0290	BSU15140	30.986	71	44	3	286	354	206	273	8.4	25.0
HP0290	BSU09810	23.944	71	36	1	116	168	174	244	8.6	25.0
HP0291	BSU29750	23.171	82	61	1	9	88	6	87	0.66	25.4
HP0291	BSU04090	24.324	37	28	0	47	83	188	224	1.2	24.6
HP0291	BSU22180	23.529	68	51	1	2	69	27	93	1.4	23.9
HP0291	BSU26010	35.185	54	31	2	46	96	98	150	2.2	23.9
HP0291	BSU24160	37.500	24	15	0	73	96	25	48	2.9	23.5
HP0291	BSU18100	40.000	25	15	0	46	70	505	529	3.1	23.5
HP0291	BSU05610	28.070	57	35	1	19	69	50	106	4.2	23.1
HP0291	BSU16150	30.556	36	22	1	55	87	33	68	6.3	22.3
HP0291	BSU37280	47.826	23	11	1	70	91	500	522	7.8	22.3
HP0291	BSU31680	27.778	54	28	1	22	75	87	129	7.9	22.3
HP0292	BSU14960	26.230	61	41	1	126	182	44	104	3.3	25.8
HP0292	BSU31270	28.947	38	27	0	125	162	55	92	3.5	25.8
HP0292	BSU32330	26.923	78	52	3	84	157	100	176	5.6	25.0
HP0292	BSU01440	29.762	84	49	3	165	240	11	92	6.1	24.3
HP0292	BSU39050	31.034	58	39	1	219	275	9	66	7.6	25.0
HP0293	BSU00740	33.459	266	168	4	104	367	209	467	3.95e-39	146
HP0293	BSU22680	27.458	295	205	5	85	378	222	508	4.24e-28	114
HP0293	BSU30830	24.621	264	188	5	92	352	203	458	2.90e-16	78.2
HP0293	BSU31990	26.368	201	136	6	155	352	194	385	1.59e-09	56.6
HP0293	BSU14090	33.333	60	38	1	35	92	224	283	0.029	33.9
HP0293	BSU04220	36.585	41	24	1	376	414	85	125	1.9	26.9
HP0293	BSU06110	21.094	128	73	3	416	520	76	198	4.6	26.6
HP0293	BSU36320	33.333	39	26	0	405	443	25	63	6.1	25.4
HP0293	BSU08310	24.528	53	40	0	376	428	259	311	7.0	25.8
HP0293	BSU09070	31.148	61	42	0	3	63	100	160	7.5	25.8
HP0293	BSU14810	40.909	22	13	0	65	86	172	193	8.7	25.8
HP0293	BSU13910	30.303	66	41	2	20	84	1	62	8.8	25.8
HP0294	BSU13570	25.896	251	164	6	37	276	20	259	5.94e-17	76.3
HP0294	BSU09250	24.554	224	138	10	13	221	229	436	2.03e-05	42.7
HP0294	BSU37980	29.032	62	38	3	114	170	30	90	4.6	25.8
HP0294	BSU39730	26.087	69	40	3	206	263	14	82	5.1	25.8
HP0294	BSU23500	24.359	78	50	2	239	313	33	104	6.3	25.4
HP0294	BSU16760	35.294	34	22	0	145	178	307	340	8.6	25.0
HP0294	BSU03050	24.528	53	38	1	174	226	69	119	9.8	24.6
HP0295	BSU35400	28.859	149	106	0	1	149	1	149	2.13e-15	74.7
HP0295	BSU38000	25.316	79	48	3	730	806	4	73	0.53	29.6
HP0295	BSU31960	33.333	45	29	1	313	356	1966	2010	0.63	30.4
HP0295	BSU07450	36.000	75	45	2	246	318	50	123	1.6	28.5
HP0295	BSU01070	35.484	62	35	2	294	350	359	420	1.7	28.9
HP0295	BSU35040	30.588	85	53	3	168	251	696	775	2.3	28.5
HP0295	BSU16070	26.190	84	53	3	402	477	170	252	3.2	27.7
HP0295	BSU32870	24.675	77	53	3	241	314	37	111	3.8	26.9
HP0295	BSU36640	33.333	45	30	0	127	171	36	80	3.8	27.7
HP0295	BSU31170	24.194	62	46	1	679	739	71	132	4.3	27.3
HP0295	BSU26935	57.895	19	8	0	216	234	13	31	5.4	23.9
HP0295	BSU12920	35.185	54	26	2	272	316	186	239	6.0	26.6
HP0296	BSU27960	40.196	102	60	1	3	104	2	102	1.24e-17	68.9
HP0296	BSU34050	38.235	34	18	1	31	61	20	53	0.30	26.6
HP0296	BSU31760	44.000	25	11	1	42	66	15	36	0.45	25.8
HP0296	BSU09260	41.379	29	17	0	24	52	383	411	1.5	24.6
HP0296	BSU31170	28.889	45	32	0	30	74	72	116	2.8	23.9
HP0296	BSU27080	40.909	22	13	0	53	74	773	794	7.4	22.7
HP0297	BSU27940	60.494	81	32	0	1	81	9	89	4.32e-29	97.1
HP0297	BSU25130	30.909	55	36	1	12	66	78	130	0.084	27.7
HP0297	BSU15890	58.824	17	7	0	52	68	7	23	1.2	24.3
HP0297	BSU31370	29.032	31	22	0	34	64	164	194	2.5	23.5
HP0297	BSU33830	47.619	21	11	0	62	82	291	311	3.3	23.1
HP0297	BSU34600	43.750	16	9	0	54	69	67	82	3.4	23.1
HP0297	BSU16160	25.000	40	30	0	49	88	412	451	3.7	23.1
HP0297	BSU36590	29.091	55	39	0	15	69	180	234	4.1	23.1
HP0297	BSU31550	37.500	32	15	2	38	64	61	92	6.5	22.3
HP0297	BSU17260	64.286	14	5	0	69	82	43	56	9.8	21.9
HP0298	BSU12960	26.367	512	319	17	48	531	51	532	1.99e-33	130
HP0298	BSU11382	27.851	377	245	10	177	533	2	371	3.12e-33	127
HP0298	BSU11430	24.758	517	339	15	59	548	52	545	5.96e-33	129
HP0298	BSU10590	24.672	381	215	19	58	431	144	459	2.58e-12	65.9
HP0298	BSU11381	31.731	104	51	4	73	173	67	153	0.003	35.4
HP0298	BSU32440	48.485	33	17	0	329	361	97	129	0.37	30.0
HP0298	BSU38280	25.000	48	36	0	420	467	108	155	3.5	26.9
HP0298	BSU39330	39.394	33	20	0	137	169	301	333	3.6	26.9
HP0298	BSU11450	27.778	72	45	2	361	426	187	257	3.8	26.9
HP0298	BSU30550	29.412	51	31	2	98	148	347	392	4.4	26.6
HP0298	BSU06100	33.333	51	25	2	198	244	168	213	5.4	26.2
HP0298	BSU06060	34.615	52	31	1	271	322	194	242	8.8	25.8
HP0298	BSU20840	37.838	37	22	1	111	147	6	41	9.1	23.9
HP0298	BSU00670	42.105	38	14	1	199	228	109	146	9.4	25.8
HP0299	BSU11390	41.742	333	175	4	1	332	1	315	1.35e-88	265
HP0299	BSU12930	35.608	337	180	6	1	333	1	304	5.82e-69	215
HP0299	BSU11440	36.905	336	179	4	1	334	1	305	1.02e-56	183
HP0299	BSU11400	27.559	127	75	4	217	330	178	300	2.57e-05	42.0
HP0299	BSU12940	27.273	143	81	6	206	332	184	319	0.040	32.3
HP0299	BSU11450	23.611	72	51	1	216	287	181	248	0.070	31.2
HP0299	BSU23180	28.431	102	59	3	99	192	7	102	0.13	30.0
HP0299	BSU16760	47.619	21	11	0	284	304	353	373	0.81	28.1
HP0299	BSU20350	22.018	109	65	3	25	120	107	208	1.2	27.7
HP0299	BSU30220	31.250	48	33	0	75	122	72	119	2.0	26.9
HP0299	BSU18790	39.286	28	17	0	47	74	182	209	6.8	25.0
HP0299	BSU17740	40.909	22	13	0	31	52	13	34	9.4	23.1
HP0300	BSU11400	41.577	279	155	2	7	283	29	301	4.65e-75	228
HP0300	BSU12940	40.000	275	158	2	9	282	49	317	6.77e-64	200
HP0300	BSU11450	39.068	279	164	1	4	282	30	302	6.36e-61	192
HP0300	BSU12930	25.974	154	92	4	69	205	83	231	5.74e-05	40.8
HP0300	BSU30620	27.500	120	74	4	100	208	83	200	0.047	31.6
HP0300	BSU19720	31.579	76	47	1	202	277	31	101	0.068	30.8
HP0300	BSU11440	22.344	273	158	11	35	282	58	301	0.15	30.0
HP0300	BSU11390	26.087	46	34	0	160	205	198	243	0.60	28.1
HP0300	BSU34590	23.871	155	104	6	68	212	54	204	1.2	27.3
HP0300	BSU23730	28.261	92	53	3	43	134	102	180	1.7	26.9
HP0300	BSU30290	28.947	38	23	1	161	198	156	189	4.9	25.4
HP0300	BSU02750	50.000	16	8	0	4	19	176	191	6.1	25.0
HP0300	BSU27420	28.723	94	59	3	56	142	197	289	9.7	24.3
HP0301	BSU11360	59.459	259	102	3	2	259	4	260	5.34e-100	293
HP0301	BSU11460	58.301	259	105	3	2	259	7	263	1.04e-96	286
HP0301	BSU12950	53.462	260	118	3	2	260	4	261	1.00e-92	275
HP0301	BSU11470	49.077	271	127	4	2	270	5	266	6.64e-78	236
HP0301	BSU11370	46.739	276	130	7	2	269	9	275	8.93e-70	216
HP0301	BSU13000	44.815	270	138	5	2	269	6	266	2.31e-65	204
HP0301	BSU39480	33.080	263	149	12	12	263	1	247	1.90e-36	127
HP0301	BSU32750	30.385	260	168	5	2	261	1	247	1.15e-35	127
HP0301	BSU23960	33.198	247	141	9	17	258	12	239	2.75e-34	121
HP0301	BSU29340	31.395	258	160	8	2	258	1	242	1.88e-32	117
HP0301	BSU27430	32.773	238	138	7	25	258	20	239	1.92e-32	117
HP0301	BSU03590	32.700	263	157	10	2	261	1	246	2.05e-32	117
HP0301	BSU14360	31.381	239	150	8	2	240	1	225	2.70e-31	113
HP0301	BSU33270	38.571	210	115	9	25	234	24	219	3.35e-30	110
HP0301	BSU02980	32.443	262	154	9	17	273	48	291	7.55e-30	113
HP0301	BSU01450	32.389	247	140	9	2	243	6	230	9.57e-30	110
HP0301	BSU33830	30.992	242	148	7	16	255	12	236	1.45e-28	109
HP0301	BSU30380	33.054	239	141	8	1	236	2	224	1.49e-28	107
HP0301	BSU33730	31.325	249	148	8	9	255	9	236	2.61e-28	108
HP0301	BSU24950	31.557	244	154	7	17	257	24	257	1.65e-27	104
HP0301	BSU30420	37.173	191	106	6	25	214	28	205	5.79e-27	102
HP0301	BSU01460	32.314	229	133	7	21	243	9	221	7.58e-26	100
HP0301	BSU07490	30.303	231	137	9	22	246	19	231	1.83e-25	99.0
HP0301	BSU24960	29.572	257	158	10	2	252	22	261	3.34e-25	98.6
HP0301	BSU35260	32.143	224	134	8	20	241	16	223	8.10e-25	96.3
HP0301	BSU13220	27.273	286	168	9	2	287	294	539	8.39e-25	100
HP0301	BSU13220	30.952	210	130	4	25	231	28	225	1.08e-20	88.6
HP0301	BSU33290	30.172	232	132	10	22	244	19	229	2.30e-23	93.6
HP0301	BSU38660	31.336	217	121	7	19	233	14	204	1.37e-22	91.7
HP0301	BSU32940	29.386	228	137	6	22	243	21	230	3.63e-21	87.4
HP0301	BSU34700	26.316	247	164	8	2	243	3	236	1.04e-20	85.9
HP0301	BSU12250	27.586	232	146	7	25	255	35	245	1.49e-20	85.5
HP0301	BSU32550	27.888	251	160	6	21	271	18	247	3.70e-20	85.9
HP0301	BSU39640	30.833	240	142	12	2	236	4	224	5.19e-20	84.0
HP0301	BSU02750	28.455	246	159	7	2	247	1	229	9.99e-20	83.2
HP0301	BSU38810	27.888	251	158	6	21	270	19	247	1.21e-19	84.7
HP0301	BSU04490	32.444	225	126	9	17	238	16	217	1.86e-19	83.2
HP0301	BSU08310	28.862	246	147	10	2	244	1	221	1.44e-18	80.9
HP0301	BSU08830	28.571	210	126	5	19	228	19	204	2.65e-18	79.3
HP0301	BSU10040	27.572	243	150	6	2	242	3	221	1.03e-17	77.4
HP0301	BSU34090	29.464	224	122	11	21	238	20	213	1.41e-17	77.8
HP0301	BSU01950	27.778	234	145	8	2	235	3	212	2.37e-17	76.3
HP0301	BSU03730	27.536	207	135	7	25	231	24	215	3.01e-17	75.9
HP0301	BSU15340	25.333	225	152	7	25	245	21	233	1.44e-16	74.7
HP0301	BSU08690	27.477	222	138	6	25	242	361	563	2.46e-16	75.9
HP0301	BSU09710	31.111	225	132	8	25	245	357	562	3.86e-16	75.1
HP0301	BSU14330	27.468	233	138	8	20	244	377	586	6.84e-16	74.3
HP0301	BSU09890	30.131	229	133	8	17	242	12	216	7.26e-16	73.2
HP0301	BSU09080	26.087	230	148	7	22	250	20	228	9.13e-16	72.8
HP0301	BSU38730	27.907	258	144	10	2	244	329	559	6.12e-15	71.6
HP0301	BSU35940	27.016	248	151	8	1	241	1	225	2.01e-14	69.7
HP0301	BSU35940	31.092	119	79	2	123	241	364	479	3.17e-12	63.2
HP0301	BSU30610	27.586	232	137	9	2	228	3	208	2.07e-14	68.6
HP0301	BSU14320	27.193	228	143	6	19	242	349	557	4.03e-14	68.9
HP0301	BSU09720	27.391	230	132	9	25	244	449	653	4.24e-14	68.9
HP0301	BSU02570	28.631	241	142	10	10	242	2	220	8.30e-14	67.4
HP0301	BSU33160	26.906	223	136	10	17	231	11	214	9.47e-14	67.8
HP0301	BSU30760	25.837	209	131	8	25	229	22	210	1.60e-13	65.9
HP0301	BSU02860	24.359	234	146	7	21	243	18	231	1.75e-13	65.5
HP0301	BSU03820	26.027	219	146	6	26	243	21	224	2.98e-13	65.1
HP0301	BSU08210	27.542	236	138	9	20	247	345	555	3.96e-13	66.2
HP0301	BSU30010	23.214	224	141	6	20	242	19	212	2.40e-12	62.0
HP0301	BSU08220	25.610	246	153	11	3	242	366	587	1.50e-11	61.2
HP0301	BSU30450	24.658	219	130	9	16	225	5	197	1.95e-11	60.1
HP0301	BSU35700	26.761	213	126	6	21	233	38	220	2.13e-11	60.8
HP0301	BSU05950	26.190	252	135	12	1	225	2	229	2.38e-11	60.8
HP0301	BSU05950	28.037	214	113	10	25	235	346	521	1.52e-07	48.9
HP0301	BSU37230	27.273	231	139	11	19	242	346	554	4.20e-11	60.1
HP0301	BSU34820	26.971	241	142	10	22	245	343	566	6.57e-11	59.3
HP0301	BSU38740	29.289	239	145	10	18	252	339	557	3.15e-10	57.4
HP0301	BSU31550	26.840	231	144	10	21	245	19	230	4.24e-10	57.0
HP0301	BSU31550	22.553	235	151	8	20	241	271	487	7.04e-08	50.1
HP0301	BSU07420	25.941	239	130	10	2	215	3	219	6.55e-10	56.2
HP0301	BSU07420	24.779	226	127	10	1	225	324	507	1.33e-05	43.1
HP0301	BSU07370	24.621	264	162	10	2	247	3	247	6.79e-10	56.2
HP0301	BSU07370	25.253	99	68	2	136	234	424	516	2.59e-05	42.0
HP0301	BSU40620	26.168	214	134	9	21	233	16	206	9.77e-10	54.3
HP0301	BSU09070	21.681	226	152	6	17	242	13	213	5.16e-09	52.4
HP0301	BSU14430	33.000	100	63	2	144	243	429	524	2.45e-08	51.6
HP0301	BSU14430	24.889	225	144	12	13	223	11	224	2.96e-05	42.0
HP0301	BSU32710	23.047	256	174	8	24	277	23	257	2.11e-07	47.8
HP0301	BSU21470	26.263	198	119	8	22	214	499	674	7.14e-07	47.0
HP0301	BSU37390	31.646	79	53	1	155	233	139	216	3.21e-06	44.3
HP0301	BSU05610	22.917	240	134	9	2	236	291	484	3.99e-05	41.6
HP0301	BSU05610	28.235	85	50	3	155	232	104	184	2.54e-04	38.9
HP0301	BSU35160	35.526	76	44	3	154	226	827	900	3.79e-04	38.5
HP0301	BSU35160	24.757	206	129	11	76	267	413	606	0.004	35.4
HP0301	BSU35160	25.564	133	88	4	25	152	19	145	0.29	29.6
HP0301	BSU40150	31.944	72	42	2	154	221	113	181	0.001	35.8
HP0301	BSU35170	32.812	64	40	2	16	79	19	79	0.007	34.7
HP0301	BSU16560	26.250	80	53	3	70	143	42	121	0.77	28.1
HP0301	BSU15490	30.108	93	50	5	72	150	16	107	1.5	26.9
HP0301	BSU24240	31.944	72	42	3	156	223	447	515	2.8	26.2
HP0301	BSU11250	31.429	35	24	0	76	110	34	68	2.8	26.2
HP0301	BSU38690	40.000	30	18	0	244	273	21	50	3.6	24.6
HP0301	BSU40350	21.591	88	58	2	10	92	137	218	3.7	25.8
HP0301	BSU24100	34.375	32	21	0	21	52	378	409	6.1	25.0
HP0301	BSU12010	29.412	51	29	1	44	94	370	413	9.6	24.6
HP0301	BSU13500	31.343	67	43	2	169	233	356	421	9.7	24.6
HP0302	BSU11470	50.000	266	125	3	2	265	4	263	3.44e-87	259
HP0302	BSU11370	49.027	257	129	2	3	257	9	265	1.81e-84	253
HP0302	BSU13000	45.736	258	134	2	1	257	4	256	3.12e-83	249
HP0302	BSU11460	43.123	269	139	4	2	262	6	268	4.35e-71	219
HP0302	BSU12950	40.075	267	146	4	2	260	3	263	8.94e-65	202
HP0302	BSU11360	38.971	272	152	4	3	266	4	269	4.46e-64	201
HP0302	BSU03590	33.333	258	153	7	3	256	1	243	9.31e-44	145
HP0302	BSU32750	33.891	239	150	4	26	262	18	250	1.58e-41	142
HP0302	BSU29340	34.766	256	151	6	3	256	1	242	2.93e-41	139
HP0302	BSU39480	35.065	231	142	6	29	256	17	242	1.29e-40	137
HP0302	BSU23960	33.188	229	146	6	29	256	17	239	2.01e-38	132
HP0302	BSU33830	30.328	244	156	5	28	264	17	253	3.73e-38	134
HP0302	BSU02980	36.522	230	141	4	28	256	48	273	6.10e-37	132
HP0302	BSU33730	29.956	227	151	4	28	253	17	236	1.05e-36	130
HP0302	BSU27430	32.035	231	150	6	27	256	15	239	1.13e-34	122
HP0302	BSU30420	34.123	211	132	5	3	212	1	205	4.46e-34	120
HP0302	BSU30380	33.206	262	160	9	1	258	1	251	3.17e-33	119
HP0302	BSU38810	31.579	228	147	4	28	255	19	237	5.45e-33	120
HP0302	BSU01450	33.816	207	124	5	27	230	23	219	2.18e-30	112
HP0302	BSU33270	32.353	238	146	8	3	237	1	226	5.21e-30	109
HP0302	BSU39640	32.547	212	131	5	2	212	3	203	2.65e-29	108
HP0302	BSU14360	29.004	231	151	8	3	232	1	219	4.15e-29	107
HP0302	BSU01460	30.374	214	136	3	28	235	9	215	6.70e-29	107
HP0302	BSU35260	32.174	230	142	5	3	232	1	216	1.00e-28	106
HP0302	BSU32550	28.829	222	149	4	34	255	24	236	3.37e-28	107
HP0302	BSU38660	31.915	235	131	6	3	235	1	208	5.35e-28	105
HP0302	BSU24950	31.760	233	141	7	27	249	27	251	5.44e-28	105
HP0302	BSU30610	28.163	245	154	5	1	245	1	223	2.36e-27	103
HP0302	BSU08830	32.323	198	119	4	29	226	22	204	2.82e-26	100
HP0302	BSU24960	29.811	265	154	9	3	255	22	266	6.76e-26	99.8
HP0302	BSU34700	28.017	232	157	6	1	231	1	223	2.99e-25	97.8
HP0302	BSU07490	29.148	223	141	4	29	244	19	231	7.71e-25	97.1
HP0302	BSU02750	26.106	226	153	7	23	245	15	229	4.57e-24	94.4
HP0302	BSU02570	29.956	227	142	5	17	240	8	220	1.44e-23	94.4
HP0302	BSU33290	28.947	228	151	6	18	242	10	229	1.71e-23	93.2
HP0302	BSU08310	27.347	245	149	8	3	242	1	221	3.10e-22	90.5
HP0302	BSU12250	24.400	250	172	4	4	253	13	245	4.16e-22	89.4
HP0302	BSU01950	27.468	233	148	6	1	233	1	212	7.45e-21	85.5
HP0302	BSU04490	28.780	205	131	5	29	231	21	212	9.98e-21	86.7
HP0302	BSU35940	29.388	245	138	8	4	237	3	223	1.18e-20	87.8
HP0302	BSU35940	28.019	207	137	5	32	231	270	471	9.45e-17	76.3
HP0302	BSU09720	28.319	226	144	6	29	248	446	659	1.65e-19	84.7
HP0302	BSU03820	28.440	218	147	5	28	243	16	226	1.96e-19	82.0
HP0302	BSU08690	27.917	240	142	6	29	254	358	580	2.29e-19	84.3
HP0302	BSU10040	24.803	254	144	8	1	240	1	221	7.78e-19	80.1
HP0302	BSU09080	26.066	211	141	4	29	237	20	217	9.08e-19	80.9
HP0302	BSU34090	28.708	209	132	6	28	235	20	212	1.51e-18	80.5
HP0302	BSU30760	28.571	210	121	6	29	227	19	210	2.96e-18	78.6
HP0302	BSU13220	28.879	232	147	7	2	228	6	224	5.05e-18	80.1
HP0302	BSU13220	24.645	211	148	5	32	242	313	512	1.26e-17	79.0
HP0302	BSU14330	25.551	227	139	7	28	242	378	586	1.31e-17	79.0
HP0302	BSU34820	29.310	232	125	9	20	235	350	558	1.59e-17	79.0
HP0302	BSU38730	27.074	229	132	7	29	243	353	560	2.65e-17	78.2
HP0302	BSU03730	27.136	199	137	5	32	229	24	215	5.08e-17	74.7
HP0302	BSU09710	31.556	225	126	10	22	235	347	554	9.38e-17	76.6
HP0302	BSU32940	24.312	218	156	4	29	243	21	232	4.15e-16	73.2
HP0302	BSU14320	26.009	223	139	5	23	235	346	552	4.96e-16	74.3
HP0302	BSU33160	26.238	202	145	3	29	229	16	214	6.14e-16	73.9
HP0302	BSU31550	28.085	235	145	7	14	234	258	482	1.29e-15	73.2
HP0302	BSU31550	24.891	229	134	6	26	237	17	224	1.40e-11	60.8
HP0302	BSU15340	25.112	223	150	6	29	242	18	232	2.04e-15	70.9
HP0302	BSU08220	23.651	241	149	6	12	241	372	588	2.22e-15	72.4
HP0302	BSU08210	28.452	239	127	9	22	242	340	552	2.56e-15	72.4
HP0302	BSU35700	23.967	242	131	6	17	241	25	230	5.96e-15	71.2
HP0302	BSU37230	26.991	226	141	7	27	243	347	557	2.56e-14	69.3
HP0302	BSU07370	22.835	254	152	7	1	231	1	233	3.20e-14	68.9
HP0302	BSU07370	27.381	84	57	1	149	232	437	516	1.71e-06	45.4
HP0302	BSU02860	25.243	206	141	4	29	230	19	215	8.05e-14	65.9
HP0302	BSU40620	26.540	211	126	7	29	231	17	206	4.13e-13	63.9
HP0302	BSU21470	29.825	171	98	6	22	184	494	650	4.47e-13	65.5
HP0302	BSU30450	22.407	241	157	10	3	240	1	214	5.04e-13	64.3
HP0302	BSU38740	27.979	193	123	7	48	235	362	543	5.28e-13	65.5
HP0302	BSU07420	25.869	259	153	9	1	236	1	243	5.66e-13	65.1
HP0302	BSU07420	20.442	181	117	6	32	212	343	496	0.004	35.0
HP0302	BSU05950	24.883	213	129	6	29	238	343	527	1.06e-11	61.6
HP0302	BSU05950	23.786	206	125	5	1	185	1	195	3.87e-09	53.5
HP0302	BSU09890	20.657	213	157	4	28	240	16	216	1.43e-11	60.5
HP0302	BSU09070	23.636	220	138	8	28	240	17	213	1.61e-11	59.3
HP0302	BSU32710	23.684	228	141	7	29	238	21	233	2.43e-10	56.2
HP0302	BSU05610	23.750	240	142	10	2	239	290	490	5.38e-10	56.2
HP0302	BSU05610	27.711	83	56	1	151	233	102	180	7.18e-05	40.4
HP0302	BSU05610	39.130	23	14	0	32	54	23	45	1.4	26.9
HP0302	BSU37390	24.779	226	118	5	29	231	20	216	5.57e-10	55.1
HP0302	BSU30010	23.585	212	142	4	29	240	21	212	1.19e-09	54.3
HP0302	BSU14430	22.222	216	145	3	18	233	324	516	2.11e-08	51.2
HP0302	BSU14430	22.388	201	125	4	44	221	32	224	8.99e-08	49.3
HP0302	BSU40150	23.383	201	123	6	44	241	31	203	5.45e-04	37.0
HP0302	BSU35160	27.500	120	77	4	133	244	467	584	0.002	36.6
HP0302	BSU35160	27.338	139	89	5	133	262	808	943	0.017	33.1
HP0302	BSU20060	28.378	74	43	2	148	213	234	305	0.31	29.3
HP0302	BSU17380	28.378	74	43	2	148	213	235	306	0.41	28.9
HP0302	BSU04000	36.111	36	19	2	104	139	293	324	0.84	27.7
HP0302	BSU00140	40.000	25	15	0	36	60	6	30	1.1	26.9
HP0302	BSU22890	42.857	35	13	2	42	71	7	39	2.0	26.2
HP0302	BSU30830	25.850	147	80	8	74	208	131	260	2.2	26.6
HP0302	BSU06280	26.230	61	43	2	63	121	128	188	2.6	26.2
HP0302	BSU23760	52.632	19	9	0	41	59	91	109	4.1	25.4
HP0302	BSU22840	32.692	52	26	3	41	88	5	51	5.0	25.4
HP0302	BSU10280	36.111	36	19	1	217	252	53	84	6.0	24.3
HP0302	BSU33500	35.897	39	25	0	41	79	450	488	7.8	24.6
HP0302	BSU04940	27.586	58	31	2	44	100	468	515	9.8	24.6
HP0303	BSU27920	47.557	307	151	4	1	297	1	307	6.33e-73	229
HP0303	BSU40920	40.594	101	44	2	160	244	6	106	1.24e-15	73.9
HP0303	BSU22840	25.899	139	89	4	161	294	180	309	0.002	36.2
HP0303	BSU22840	40.000	25	15	0	159	183	6	30	7.7	25.0
HP0303	BSU17430	31.148	61	42	0	156	216	200	260	0.015	33.9
HP0303	BSU38920	23.333	90	59	3	226	312	267	349	0.68	28.5
HP0303	BSU22440	32.143	56	33	2	53	106	90	142	2.1	26.9
HP0303	BSU25670	31.667	60	39	1	158	215	161	220	2.3	26.9
HP0303	BSU04960	29.000	100	51	4	230	329	651	730	2.3	26.9
HP0303	BSU30760	54.167	24	11	0	159	182	32	55	2.8	26.6
HP0303	BSU20970	48.148	27	12	1	257	281	37	63	2.8	26.2
HP0303	BSU16050	54.167	24	9	1	161	184	125	146	3.7	26.2
HP0303	BSU25290	28.571	56	40	0	159	214	11	66	4.1	25.8
HP0303	BSU25240	28.319	113	60	5	155	265	143	236	4.8	25.8
HP0303	BSU26620	27.586	58	35	1	192	242	218	275	4.9	25.8
HP0303	BSU34710	36.111	36	23	0	89	124	227	262	6.3	25.4
HP0303	BSU38260	34.884	43	27	1	309	350	347	389	6.9	25.4
HP0303	BSU08310	41.463	41	24	0	141	181	12	52	7.1	25.0
HP0303	BSU37390	48.276	29	15	0	149	177	23	51	8.3	25.0
HP0303	BSU05950	35.135	37	24	0	141	177	14	50	8.7	25.0
HP0303	BSU34930	40.000	35	20	1	276	309	357	391	8.9	25.0
HP0304	BSU35680	33.766	77	38	4	181	255	548	613	1.2	27.7
HP0304	BSU17180	19.549	133	89	4	41	172	1290	1405	7.6	25.4
HP0305	BSU07910	27.692	65	39	2	29	85	205	269	0.60	27.3
HP0305	BSU09650	37.838	37	21	1	12	46	42	78	1.4	26.2
HP0305	BSU21600	44.000	25	14	0	21	45	332	356	3.9	24.6
HP0305	BSU18899	31.250	48	27	2	20	66	17	59	4.0	23.5
HP0305	BSU17480	44.000	25	14	0	21	45	89	113	4.1	23.9
HP0305	BSU16320	31.148	61	37	2	46	101	305	365	5.1	24.6
HP0305	BSU33910	32.258	31	21	0	154	184	178	208	9.0	23.9
HP0305	BSU02790	47.059	17	9	0	103	119	89	105	9.3	23.9
HP0306	BSU28120	48.694	421	212	2	10	428	11	429	6.32e-144	414
HP0306	BSU08710	40.566	424	248	3	6	426	5	427	1.70e-118	349
HP0306	BSU03900	27.874	348	218	12	33	355	28	367	8.13e-31	120
HP0306	BSU11220	29.197	274	178	7	38	307	15	276	2.29e-28	112
HP0306	BSU40340	24.252	301	205	10	35	324	26	314	2.28e-17	80.1
HP0306	BSU09260	25.387	323	212	11	40	337	40	358	3.47e-16	77.0
HP0306	BSU30230	23.913	322	207	9	24	312	16	332	4.41e-12	64.3
HP0306	BSU19740	23.770	366	222	14	36	360	15	364	1.69e-10	59.3
HP0306	BSU29970	34.694	49	25	1	199	247	65	106	0.028	33.1
HP0306	BSU30220	23.232	99	65	4	178	269	147	241	0.092	31.6
HP0306	BSU00730	31.667	60	32	2	190	247	54	106	1.4	27.7
HP0306	BSU06770	30.189	53	35	1	203	253	481	533	2.9	26.9
HP0306	BSU06770	44.000	25	14	0	1	25	548	572	7.7	25.4
HP0306	BSU32110	37.333	75	38	4	57	131	248	313	3.8	26.6
HP0306	BSU11810	32.500	40	27	0	70	109	34	73	3.8	25.0
HP0306	BSU05810	47.619	21	11	0	332	352	61	81	9.2	24.3
HP0306	BSU09540	26.923	52	37	1	181	231	139	190	9.5	25.0
HP0306	BSU15790	30.769	39	27	0	126	164	160	198	9.6	25.0
HP0306	BSU00820	29.630	54	35	2	72	123	16	68	9.8	25.0
HP0307	BSU39240	26.667	45	33	0	18	62	130	174	0.060	28.1
HP0307	BSU19440	24.490	49	36	1	27	74	400	448	0.30	26.2
HP0307	BSU06990	28.947	38	27	0	18	55	98	135	0.43	25.8
HP0307	BSU30360	30.769	91	31	5	20	78	1	91	1.6	23.9
HP0307	BSU01750	31.915	47	30	1	10	56	32	76	2.5	23.5
HP0307	BSU17910	43.478	23	13	0	23	45	11	33	3.7	22.3
HP0307	BSU01890	32.432	37	25	0	38	74	354	390	3.9	23.1
HP0307	BSU18640	32.558	43	29	0	26	68	42	84	5.2	22.3
HP0307	BSU30070	33.333	42	19	2	39	71	2	43	5.8	22.3
HP0307	BSU08400	43.590	39	21	1	12	49	53	91	6.4	22.3
HP0307	BSU15940	39.130	23	12	1	64	86	454	474	6.5	22.3
HP0307	BSU00920	26.190	42	25	1	40	75	58	99	6.7	22.3
HP0307	BSU37750	30.000	30	21	0	24	53	153	182	8.2	21.9
HP0307	BSU35190	45.455	22	12	0	56	77	105	126	8.4	21.9
HP0307	BSU22060	34.146	41	25	1	4	44	323	361	9.5	21.9
HP0308	BSU39410	40.476	42	19	2	30	71	198	233	0.14	28.5
HP0308	BSU08620	22.368	76	53	2	13	88	142	211	1.9	25.0
HP0308	BSU21750	32.258	31	20	1	62	91	97	127	3.8	23.9
HP0308	BSU36870	52.941	17	8	0	38	54	119	135	3.9	23.9
HP0308	BSU15030	29.268	41	29	0	35	75	85	125	4.4	23.9
HP0308	BSU24870	44.000	25	14	0	88	112	286	310	5.9	23.5
HP0308	BSU17710	57.143	14	6	0	56	69	48	61	7.3	21.9
HP0308	BSU20370	37.209	43	24	2	43	85	273	312	7.6	23.1
HP0308	BSU03700	47.368	19	8	1	87	105	452	468	8.4	23.1
HP0309	BSU13570	32.806	253	140	6	38	283	29	258	1.29e-28	107
HP0309	BSU09250	24.354	271	188	8	11	271	229	492	6.73e-12	62.4
HP0309	BSU35310	29.688	64	36	1	42	96	6	69	0.83	27.3
HP0309	BSU08500	45.455	22	12	0	37	58	5	26	1.5	24.3
HP0309	BSU24080	38.710	31	19	0	18	48	171	201	2.7	26.2
HP0309	BSU11520	25.962	104	44	4	148	247	129	203	2.8	25.8
HP0309	BSU03490	34.146	41	22	1	187	222	3484	3524	4.7	25.8
HP0309	BSU17190	33.333	36	24	0	47	82	3921	3956	6.3	25.4
HP0309	BSU37640	28.571	56	37	1	233	288	32	84	8.9	24.6
HP0310	BSU07980	31.325	83	57	0	44	126	82	164	1.16e-08	51.6
HP0310	BSU16700	27.174	92	67	0	39	130	141	232	2.70e-06	44.7
HP0310	BSU12100	26.506	83	61	0	45	127	295	377	7.45e-05	40.8
HP0310	BSU09660	28.704	108	67	4	45	145	101	205	4.90e-04	37.7
HP0310	BSU09660	28.226	124	63	7	147	261	142	248	0.053	31.6
HP0310	BSU01570	23.353	167	100	4	23	186	50	191	0.003	35.0
HP0310	BSU38800	25.000	100	71	1	49	144	139	238	0.045	31.6
HP0310	BSU24560	28.571	56	31	1	173	219	167	222	1.6	26.9
HP0310	BSU40370	37.931	29	18	0	204	232	153	181	2.2	26.6
HP0310	BSU03890	24.324	74	50	1	166	233	37	110	4.7	25.4
HP0310	BSU37890	26.667	45	33	0	55	99	28	72	5.8	25.0
HP0310	BSU25450	35.135	37	24	0	65	101	7	43	8.2	24.6
HP0311	BSU30290	42.424	33	19	0	66	98	208	240	0.26	27.3
HP0311	BSU38750	32.609	46	30	1	74	118	171	216	0.44	26.6
HP0311	BSU07710	28.846	52	37	0	19	70	471	522	0.51	26.6
HP0311	BSU07170	23.636	110	67	5	2	97	27	133	1.3	25.0
HP0311	BSU28950	40.000	20	12	0	87	106	437	456	2.6	24.6
HP0311	BSU36840	35.294	34	21	1	73	106	78	110	5.9	23.1
HP0311	BSU00840	29.545	44	13	1	1	26	2	45	7.0	23.1
HP0311	BSU14090	60.000	15	6	0	107	121	80	94	8.2	23.1
HP0311	BSU40120	32.500	40	27	0	56	95	18	57	8.5	21.9
HP0311	BSU26510	31.579	38	26	0	73	110	72	109	9.0	22.7
HP0312	BSU03360	28.241	216	114	9	1	184	1	207	2.35e-18	81.6
HP0312	BSU14290	45.161	31	17	0	5	35	8	38	0.019	32.3
HP0312	BSU14060	31.250	48	32	1	135	181	32	79	1.3	27.3
HP0312	BSU03800	37.037	27	17	0	228	254	80	106	1.5	26.9
HP0312	BSU06310	29.310	58	39	1	251	308	19	74	2.7	26.6
HP0312	BSU40770	31.250	64	42	1	206	267	277	340	2.9	26.2
HP0312	BSU20810	30.508	59	39	1	257	315	203	259	2.9	26.2
HP0312	BSU02430	26.087	46	32	1	173	218	5	48	3.8	25.8
HP0312	BSU11010	50.000	26	13	0	6	31	580	605	4.7	25.8
HP0312	BSU02520	52.000	25	8	1	263	287	196	216	6.0	25.4
HP0312	BSU06140	35.417	48	30	1	5	51	194	241	6.3	25.4
HP0312	BSU38260	29.268	82	51	2	186	265	147	223	7.5	25.0
HP0313	BSU37320	26.630	184	120	5	90	261	85	265	0.001	37.4
HP0313	BSU37750	26.316	304	179	15	92	369	107	391	0.001	37.0
HP0313	BSU05090	26.214	103	72	2	232	331	67	168	0.016	33.9
HP0313	BSU40770	23.958	96	64	2	94	185	106	196	0.48	29.3
HP0313	BSU31980	36.364	44	27	1	297	339	287	330	0.51	29.3
HP0313	BSU35760	33.333	30	20	0	102	131	178	207	0.83	28.5
HP0313	BSU12220	27.586	58	36	1	19	70	115	172	2.6	26.9
HP0313	BSU31130	28.986	69	38	3	98	161	103	165	2.6	26.9
HP0313	BSU02670	34.091	44	24	1	118	161	136	174	3.1	26.6
HP0313	BSU03070	27.941	68	48	1	94	161	103	169	3.8	26.2
HP0313	BSU06230	23.358	137	98	4	228	359	44	178	4.1	26.2
HP0313	BSU18540	27.536	138	78	6	149	269	156	288	6.4	25.4
HP0313	BSU17570	23.077	130	71	7	197	305	322	443	9.2	25.0
HP0315	BSU33190	27.586	58	38	2	33	90	50	103	0.55	25.4
HP0315	BSU14160	24.074	54	40	1	18	70	206	259	0.87	25.0
HP0315	BSU30120	26.923	52	38	0	18	69	148	199	1.3	24.6
HP0315	BSU04970	27.419	62	41	1	10	71	116	173	1.8	24.3
HP0315	BSU16430	26.667	60	43	1	30	88	156	215	4.0	23.1
HP0315	BSU04620	31.034	58	24	3	10	65	77	120	4.1	22.7
HP0315	BSU19220	26.415	53	35	1	23	75	181	229	4.2	23.1
HP0315	BSU39630	34.286	35	20	1	27	58	330	364	4.4	23.1
HP0315	BSU06250	27.500	40	29	0	10	49	83	122	5.1	22.7
HP0315	BSU35070	64.706	17	6	0	22	38	123	139	7.2	22.3
HP0315	BSU07550	37.500	24	15	0	14	37	61	84	7.9	21.9
HP0315	BSU06070	26.667	45	33	0	7	51	167	211	8.0	22.3
HP0315	BSU00640	29.630	27	19	0	61	87	336	362	8.8	22.3
HP0315	BSU19730	34.783	23	15	0	34	56	85	107	8.8	21.9
HP0315	BSU31540	28.571	70	36	2	23	83	295	359	9.3	21.9
HP0315	BSU04990	27.397	73	45	4	18	87	21	88	9.7	21.9
HP0316	BSU25860	28.788	66	37	2	22	78	214	278	0.33	27.3
HP0316	BSU23200	29.577	71	36	3	14	77	100	163	1.0	25.4
HP0316	BSU14700	26.667	60	42	1	54	113	379	436	1.2	25.4
HP0316	BSU00190	50.000	26	11	1	42	67	251	274	1.3	25.4
HP0316	BSU35040	34.091	44	29	0	9	52	1183	1226	1.4	25.4
HP0316	BSU28550	38.235	34	21	0	39	72	58	91	1.6	25.0
HP0316	BSU16690	24.194	62	39	2	14	75	231	284	2.0	25.0
HP0316	BSU24530	50.000	20	10	0	48	67	206	225	2.8	24.3
HP0316	BSU20680	43.478	23	12	1	76	98	43	64	3.5	23.9
HP0316	BSU17570	47.368	19	10	0	41	59	441	459	3.7	24.3
HP0316	BSU31490	26.667	60	41	2	38	94	253	312	4.9	23.9
HP0316	BSU13490	22.892	83	58	3	7	87	82	160	5.0	23.5
HP0316	BSU27080	39.286	28	17	0	11	38	408	435	6.2	23.5
HP0316	BSU31050	28.571	56	39	1	8	63	330	384	6.8	23.5
HP0316	BSU21420	37.500	24	15	0	50	73	33	56	8.1	21.9
HP0317	BSU24240	23.529	136	81	6	467	597	209	326	0.13	32.3
HP0317	BSU15430	30.864	81	46	3	164	235	114	193	1.1	29.3
HP0317	BSU09780	42.105	38	21	1	94	131	211	247	1.3	28.9
HP0317	BSU10070	40.625	32	19	0	510	541	223	254	1.5	28.5
HP0317	BSU06460	33.333	30	20	0	515	544	8	37	7.0	25.0
HP0317	BSU05550	45.455	22	12	0	606	627	34	55	8.0	25.4
HP0317	BSU23150	28.814	59	38	2	433	488	60	117	9.7	25.4
HP0318	BSU04280	22.222	63	46	1	13	75	109	168	1.5	26.6
HP0318	BSU13560	45.833	24	13	0	164	187	363	386	8.1	24.6
HP0318	BSU20280	28.814	59	31	3	148	197	84	140	8.8	23.9
HP0318	BSU25510	61.538	13	5	0	64	76	421	433	9.0	24.3
HP0318	BSU09530	34.884	43	25	1	199	241	37	76	9.1	24.3
HP0319	BSU37330	36.630	546	327	8	3	537	19	556	8.57e-118	356
HP0319	BSU00380	38.636	44	27	0	121	164	17	60	0.002	37.7
HP0319	BSU28090	32.836	67	40	3	332	397	492	554	0.025	34.3
HP0319	BSU28090	25.490	102	68	1	96	189	26	127	0.043	33.5
HP0319	BSU00940	48.571	35	16	1	363	397	263	295	0.043	33.1
HP0319	BSU30320	29.825	57	39	1	96	151	17	73	0.37	30.4
HP0319	BSU30320	39.024	41	23	1	353	393	563	601	8.9	25.8
HP0319	BSU26020	32.653	49	32	1	298	345	159	207	0.74	28.9
HP0319	BSU00920	61.111	18	7	0	118	135	10	27	0.83	28.9
HP0319	BSU15430	41.935	31	18	0	363	393	589	619	2.5	27.7
HP0319	BSU07420	29.091	55	33	2	279	333	200	248	5.1	26.6
HP0319	BSU38560	40.000	45	22	2	251	290	288	332	6.1	26.2
HP0319	BSU15520	22.973	74	54	2	261	334	518	588	6.6	26.2
HP0319	BSU11970	45.833	24	13	0	222	245	56	79	8.4	24.6
HP0319	BSU33160	40.625	32	19	0	495	526	56	87	9.7	25.4
HP0320	BSU05980	41.667	48	25	1	10	54	8	55	2.92e-07	40.4
HP0320	BSU02630	29.412	51	32	1	7	53	7	57	4.79e-04	32.3
HP0320	BSU17710	34.211	38	25	0	6	43	4	41	0.001	31.2
HP0320	BSU08260	25.301	83	51	4	1	72	176	258	0.043	28.1
HP0320	BSU25010	33.929	56	34	1	14	66	367	422	2.0	23.5
HP0320	BSU05660	35.714	56	28	2	28	76	9	63	2.2	23.5
HP0320	BSU08400	30.233	43	21	2	4	37	163	205	2.5	23.1
HP0320	BSU19130	45.000	20	11	0	2	21	12	31	2.5	23.1
HP0320	BSU30530	58.333	12	5	0	4	15	367	378	5.7	22.3
HP0320	BSU02400	29.630	27	19	0	5	31	127	153	6.2	22.3
HP0320	BSU04320	28.302	53	25	1	4	56	430	469	6.6	21.9
HP0320	BSU17630	41.379	29	12	1	12	40	373	396	6.7	21.9
HP0320	BSU37760	28.000	25	18	0	7	31	125	149	7.9	21.9
HP0320	BSU33300	25.581	43	25	2	6	42	203	244	9.6	21.6
HP0321	BSU15680	37.989	179	106	2	7	180	7	185	6.61e-40	132
HP0321	BSU35730	26.357	129	57	5	74	194	273	371	0.13	29.6
HP0321	BSU30760	31.481	54	26	1	7	49	31	84	0.14	29.3
HP0321	BSU26370	48.276	29	14	1	6	34	4	31	0.22	28.5
HP0321	BSU24730	41.176	34	19	1	7	40	139	171	0.27	28.5
HP0321	BSU32550	54.545	22	10	0	4	25	28	49	0.33	28.5
HP0321	BSU22890	47.619	21	11	0	8	28	7	27	0.45	27.7
HP0321	BSU27430	27.451	51	35	1	7	55	29	79	0.48	27.7
HP0321	BSU00480	30.233	43	27	1	68	110	15	54	0.58	26.9
HP0321	BSU37230	53.333	30	7	1	3	25	350	379	0.62	27.7
HP0321	BSU38810	39.024	41	16	2	3	34	21	61	0.64	27.3
HP0321	BSU25210	32.258	62	33	2	104	165	118	170	0.70	27.3
HP0321	BSU12250	39.474	38	11	1	12	49	49	74	0.72	27.3
HP0321	BSU02570	37.838	37	11	1	12	48	37	61	0.86	26.9
HP0321	BSU02980	23.200	125	76	3	4	119	58	171	1.0	26.9
HP0321	BSU15320	28.333	60	43	0	4	63	147	206	1.1	26.6
HP0321	BSU34700	30.769	52	22	2	12	61	42	81	1.1	26.6
HP0321	BSU08830	66.667	18	6	0	8	25	35	52	1.2	26.6
HP0321	BSU00150	42.308	26	15	0	3	28	2	27	1.3	26.2
HP0321	BSU18100	30.952	42	29	0	159	200	688	729	1.3	26.6
HP0321	BSU35260	61.905	21	6	1	10	28	33	53	1.4	26.2
HP0321	BSU05910	41.176	34	20	0	6	39	29	62	1.4	25.8
HP0321	BSU28200	26.562	64	44	2	7	68	349	411	1.5	26.6
HP0321	BSU00140	41.667	24	14	0	6	29	10	33	1.8	25.8
HP0321	BSU39480	52.632	19	9	0	7	25	29	47	2.1	25.8
HP0321	BSU03820	55.000	20	9	0	12	31	34	53	2.3	25.8
HP0321	BSU13700	28.571	70	45	1	12	76	446	515	2.6	25.8
HP0321	BSU25930	55.556	18	8	0	48	65	5	22	2.7	23.5
HP0321	BSU33270	71.429	14	4	0	8	21	34	47	3.2	25.0
HP0321	BSU19390	25.532	94	51	3	8	101	68	142	3.5	25.0
HP0321	BSU24950	57.143	21	9	0	12	32	46	66	3.7	25.0
HP0321	BSU11470	25.397	63	39	1	144	206	184	238	4.0	25.0
HP0321	BSU08310	46.154	26	11	1	5	30	30	52	4.1	25.0
HP0321	BSU08220	64.286	14	5	0	12	25	399	412	4.2	25.0
HP0321	BSU34820	66.667	15	5	0	12	26	374	388	4.2	25.0
HP0321	BSU05950	42.857	28	16	0	10	37	358	385	4.3	25.0
HP0321	BSU16050	27.350	117	54	5	8	115	124	218	4.9	24.6
HP0321	BSU32710	32.394	71	40	3	12	75	38	107	5.2	24.6
HP0321	BSU03590	47.368	19	10	0	7	25	29	47	5.2	24.6
HP0321	BSU38910	33.333	36	24	0	154	189	160	195	5.2	24.6
HP0321	BSU30880	26.667	45	32	1	21	65	28	71	5.3	24.6
HP0321	BSU04470	30.556	36	25	0	132	167	256	291	5.4	24.6
HP0321	BSU13220	55.000	20	9	0	6	25	321	340	5.4	24.6
HP0321	BSU13220	44.000	25	14	0	8	32	38	62	7.2	24.3
HP0321	BSU12420	34.286	35	21	1	8	40	223	257	5.4	24.6
HP0321	BSU08970	50.000	20	10	0	7	26	97	116	5.5	24.6
HP0321	BSU25020	26.154	65	44	2	68	128	128	192	6.1	24.3
HP0321	BSU21180	36.667	30	19	0	84	113	2	31	6.2	23.5
HP0321	BSU18970	30.000	30	21	0	10	39	63	92	6.2	24.6
HP0321	BSU35700	47.619	21	11	0	12	32	56	76	6.4	24.6
HP0321	BSU14320	43.478	23	13	0	3	25	360	382	6.5	24.6
HP0321	BSU14150	28.333	60	29	2	155	200	42	101	6.7	23.9
HP0321	BSU02860	56.250	16	7	0	10	25	34	49	7.0	24.3
HP0321	BSU35940	36.735	49	26	2	10	53	33	81	7.1	24.3
HP0321	BSU17040	32.000	25	17	0	1	25	591	615	7.2	24.3
HP0321	BSU33290	45.833	24	12	1	10	33	34	56	7.5	24.3
HP0321	BSU14430	54.167	24	10	1	10	32	32	55	7.5	24.3
HP0321	BSU34770	36.000	25	16	0	3	27	7	31	7.7	24.3
HP0321	BSU23960	64.286	14	5	0	12	25	34	47	7.9	23.9
HP0321	BSU28220	33.333	39	25	1	10	48	114	151	8.1	24.3
HP0321	BSU07370	62.500	16	6	0	10	25	34	49	8.2	24.3
HP0321	BSU34090	24.603	126	55	6	12	133	38	127	9.6	23.9
HP0321	BSU00860	45.455	22	12	0	8	29	541	562	9.9	23.9
HP0322	BSU39120	29.870	77	50	2	141	216	230	303	0.076	32.0
HP0322	BSU11910	44.444	45	20	1	156	195	190	234	0.39	30.0
HP0322	BSU02520	34.043	47	26	1	4	45	210	256	1.3	28.1
HP0322	BSU13280	33.333	57	36	1	331	387	40	94	1.4	27.3
HP0322	BSU19360	31.132	106	58	3	177	271	30	131	1.5	28.1
HP0322	BSU03440	24.793	121	74	5	36	144	130	245	1.8	27.7
HP0322	BSU03710	27.660	94	47	4	415	487	105	198	3.4	26.9
HP0322	BSU06140	25.000	72	54	0	300	371	304	375	3.5	26.9
HP0322	BSU37980	32.143	28	19	0	1	28	5	32	5.3	26.2
HP0323	BSU37240	28.671	143	88	5	45	180	344	479	7.03e-10	53.9
HP0323	BSU37240	21.138	123	78	4	35	145	148	263	0.72	26.9
HP0323	BSU37190	25.203	123	83	4	39	159	236	351	1.76e-04	38.1
HP0323	BSU36590	26.984	126	77	4	33	153	314	429	0.001	35.4
HP0323	BSU36590	21.094	128	95	3	19	141	113	239	0.18	28.9
HP0323	BSU35750	36.538	52	33	0	7	58	84	135	0.083	29.6
HP0323	BSU13440	29.167	48	33	1	18	65	226	272	1.0	26.6
HP0323	BSU14140	42.105	19	11	0	97	115	113	131	2.4	25.4
HP0323	BSU31890	26.667	60	39	2	91	147	18	75	2.8	25.4
HP0323	BSU28220	34.375	32	21	0	31	62	64	95	3.8	25.0
HP0323	BSU16690	32.353	34	23	0	35	68	183	216	4.4	24.6
HP0323	BSU23550	25.000	76	41	1	106	165	119	194	5.3	24.3
HP0323	BSU40150	32.203	59	29	3	80	127	135	193	6.8	23.9
HP0323	BSU10300	24.286	70	47	2	38	104	214	280	6.8	23.9
HP0323	BSU03630	40.909	22	13	0	49	70	63	84	8.0	23.5
HP0323	BSU21580	45.455	22	12	0	118	139	59	80	8.9	23.9
HP0324	BSU36490	27.419	62	35	2	176	228	126	186	3.0	25.4
HP0324	BSU05970	29.545	44	30	1	115	158	50	92	9.3	23.9
HP0325	BSU36820	23.077	91	50	2	36	119	36	113	1.9	26.2
HP0325	BSU34820	26.984	63	45	1	32	94	459	520	2.5	26.2
HP0325	BSU20080	32.000	50	29	1	119	168	13	57	3.1	25.0
HP0325	BSU24770	35.000	40	23	1	25	64	27	63	4.6	24.3
HP0325	BSU40030	31.667	60	38	1	77	136	104	160	6.3	24.6
HP0325	BSU08300	47.619	21	11	0	95	115	120	140	7.5	24.3
HP0325	BSU40270	28.750	80	50	2	102	177	24	100	8.1	24.3
HP0325	BSU15710	41.935	31	17	1	131	160	554	584	8.5	24.3
HP0325	BSU34240	29.167	48	32	1	29	76	48	93	8.6	23.9
HP0325	BSU14330	26.506	83	43	3	26	92	457	537	8.8	24.3
HP0325	BSU18430	34.375	32	17	1	42	69	266	297	9.6	24.3
HP0326	BSU37850	22.526	293	190	9	228	485	1	291	5.22e-05	42.0
HP0326	BSU36830	30.769	65	41	2	92	154	184	246	0.89	28.9
HP0326	BSU16580	26.027	73	47	3	170	235	592	664	2.9	27.3
HP0326	BSU13780	23.077	91	69	1	114	203	88	178	3.1	26.9
HP0326	BSU19420	21.359	103	62	5	400	499	284	370	3.6	26.9
HP0326	BSU27510	29.787	47	33	0	356	402	49	95	5.1	26.2
HP0326	BSU04800	36.667	30	19	0	344	373	11	40	5.7	26.2
HP0326	BSU17190	46.154	26	14	0	421	446	1647	1672	5.7	26.6
HP0326	BSU31180	27.711	83	48	3	267	346	219	292	7.6	25.8
HP0326	BSU38260	40.000	35	21	0	144	178	328	362	8.4	25.8
HP0326	BSU34790	32.353	34	23	0	464	497	226	259	9.8	25.4
HP0327	BSU17520	28.723	94	62	3	76	165	70	162	0.13	28.9
HP0327	BSU26600	32.000	50	34	0	100	149	91	140	0.19	28.1
HP0327	BSU11890	30.000	50	32	1	101	147	105	154	0.87	26.6
HP0327	BSU25160	25.510	98	58	4	62	149	46	138	1.8	25.8
HP0327	BSU32150	38.889	72	39	5	95	164	99	167	2.3	25.0
HP0327	BSU39870	33.333	33	22	0	114	146	89	121	2.7	25.0
HP0327	BSU35240	28.736	87	51	4	86	172	212	287	6.7	24.3
HP0327	BSU21550	27.368	95	63	2	76	165	72	165	7.6	23.5
HP0327	BSU35820	34.615	26	17	0	103	128	74	99	7.7	23.9
HP0327	BSU15170	44.444	27	14	1	125	150	305	331	9.0	23.9
HP0327	BSU23240	25.424	59	33	1	45	92	25	83	9.1	23.1
HP0327	BSU21350	29.730	37	26	0	39	75	359	395	10.0	23.9
HP0328	BSU31250	33.333	45	28	1	1	43	128	172	0.70	28.5
HP0328	BSU39550	30.769	52	36	0	213	264	152	203	1.3	27.3
HP0328	BSU38410	26.471	68	42	1	11	70	283	350	1.5	27.3
HP0328	BSU38050	26.250	80	49	2	11	82	284	361	1.9	26.9
HP0328	BSU08150	40.426	47	27	1	186	232	133	178	2.2	26.6
HP0328	BSU36770	73.333	15	4	0	243	257	54	68	3.2	25.8
HP0328	BSU37620	26.000	50	36	1	143	192	126	174	5.1	25.4
HP0329	BSU03130	31.944	216	128	7	13	211	27	240	5.57e-20	83.6
HP0329	BSU06360	28.934	197	103	8	14	182	203	390	2.97e-06	44.7
HP0329	BSU27500	23.383	201	120	8	27	194	9	208	5.80e-05	40.4
HP0329	BSU25430	34.043	47	27	2	128	174	95	137	0.24	29.3
HP0329	BSU16580	24.775	222	104	10	65	254	543	733	0.52	28.5
HP0329	BSU10790	36.111	36	23	0	32	67	264	299	1.1	27.3
HP0329	BSU04360	26.667	45	33	0	7	51	144	188	2.4	26.2
HP0329	BSU14520	24.444	45	34	0	115	159	445	489	4.1	25.4
HP0329	BSU10080	29.508	61	39	2	118	177	393	450	4.4	25.4
HP0329	BSU33430	33.333	30	20	0	143	172	146	175	7.3	24.6
HP0329	BSU23860	30.952	42	29	0	18	59	113	154	8.4	24.6
HP0329	BSU39480	25.352	71	48	3	32	100	140	207	8.7	24.3
HP0329	BSU00110	29.412	51	29	1	191	234	184	234	9.0	24.3
HP0329	BSU35860	42.308	26	15	0	175	200	156	181	9.5	24.3
HP0330	BSU28290	48.000	325	164	4	5	326	4	326	1.24e-93	279
HP0330	BSU22830	24.390	164	89	7	20	158	3	156	0.24	29.6
HP0330	BSU17170	33.333	39	26	0	111	149	127	165	0.74	28.1
HP0330	BSU17180	32.258	62	40	2	204	263	4850	4911	1.2	27.7
HP0330	BSU18560	26.437	87	54	3	21	104	166	245	2.0	26.9
HP0330	BSU17200	30.645	62	37	2	185	245	1325	1381	2.1	26.9
HP0330	BSU17200	22.951	61	45	1	102	160	3223	3283	8.4	25.0
HP0330	BSU23070	28.723	94	59	4	21	110	141	230	2.5	26.6
HP0330	BSU10040	37.500	32	20	0	86	117	106	137	4.1	25.8
HP0330	BSU08860	26.804	97	51	3	151	228	244	339	4.7	25.8
HP0330	BSU39920	28.261	46	32	1	69	114	505	549	5.4	25.8
HP0330	BSU19370	50.000	16	8	0	99	114	663	678	7.1	25.4
HP0331	BSU27990	43.704	270	143	4	1	267	1	264	9.35e-78	233
HP0331	BSU16410	34.839	155	93	4	2	152	31	181	9.72e-20	83.6
HP0331	BSU40970	25.856	263	143	10	1	235	1	239	5.03e-09	52.4
HP0331	BSU36250	31.092	119	77	3	5	121	48	163	9.08e-08	48.5
HP0331	BSU01540	24.345	267	149	12	2	243	106	344	1.38e-07	48.5
HP0331	BSU34360	29.508	122	76	5	5	121	47	163	3.56e-04	37.7
HP0331	BSU19000	28.750	80	52	2	1	79	375	450	0.090	30.8
HP0331	BSU34265	44.444	27	15	0	20	46	247	273	1.3	27.3
HP0331	BSU28030	26.400	125	60	5	39	135	2	122	1.6	26.9
HP0331	BSU13530	25.000	108	60	3	165	251	25	132	1.9	26.6
HP0331	BSU17370	38.095	42	21	1	3	39	39	80	1.9	25.8
HP0331	BSU37050	40.816	49	17	3	115	160	144	183	1.9	26.6
HP0331	BSU15950	50.000	26	13	0	10	35	127	152	2.0	26.6
HP0331	BSU14580	40.000	35	19	1	20	52	154	188	3.1	25.8
HP0331	BSU16400	43.750	32	17	1	10	40	182	213	4.0	25.4
HP0331	BSU15600	36.364	44	28	0	9	52	32	75	4.4	25.0
HP0331	BSU15670	28.169	71	44	3	124	188	6	75	4.5	24.3
HP0331	BSU35000	36.957	46	24	2	7	51	150	191	5.6	25.0
HP0331	BSU07970	38.710	31	16	1	144	171	31	61	5.6	23.5
HP0331	BSU36830	29.310	58	36	1	23	75	166	223	6.4	25.0
HP0331	BSU21580	28.916	83	57	2	1	81	375	457	6.4	25.0
HP0331	BSU12860	29.032	31	22	0	191	221	157	187	7.2	24.6
HP0331	BSU20270	25.843	89	53	2	32	108	2	89	8.1	24.3
HP0331	BSU32610	25.000	48	36	0	27	74	114	161	9.8	24.3
HP0331	BSU34920	38.235	34	20	1	40	73	68	100	9.9	24.3
HP0332	BSU16520	29.730	37	24	1	36	70	107	143	0.19	26.2
HP0332	BSU13870	33.333	39	22	1	29	67	68	102	0.41	25.4
HP0332	BSU00910	72.727	11	3	0	32	42	107	117	2.0	23.1
HP0332	BSU22440	28.205	39	28	0	3	41	9	47	2.2	23.5
HP0332	BSU06110	28.169	71	40	2	15	74	247	317	3.9	22.7
HP0332	BSU29570	47.619	21	11	0	12	32	16	36	4.5	21.9
HP0332	BSU13020	30.000	60	30	3	21	75	23	75	4.9	22.3
HP0332	BSU28510	28.889	45	28	1	5	49	243	283	5.0	22.3
HP0332	BSU18320	25.000	48	31	1	25	67	2243	2290	5.3	22.3
HP0332	BSU00880	32.353	34	21	1	39	70	131	164	5.4	22.3
HP0332	BSU09750	47.619	21	11	0	12	32	14	34	5.4	21.6
HP0332	BSU38050	32.258	31	21	0	8	38	18	48	6.8	21.9
HP0332	BSU17210	29.730	37	18	1	5	41	355	383	7.7	21.9
HP0332	BSU10980	25.714	35	26	0	8	42	6	40	8.6	21.6
HP0333	BSU16110	32.075	212	129	4	22	228	94	295	1.40e-28	107
HP0333	BSU31440	27.143	70	46	2	172	241	242	306	2.1	26.6
HP0333	BSU08280	27.083	48	32	1	34	81	7	51	2.8	26.2
HP0333	BSU39260	26.506	83	51	3	154	234	343	417	5.5	25.0
HP0333	BSU40270	42.857	35	18	2	226	259	336	369	6.5	25.0
HP0333	BSU14530	34.286	35	22	1	7	40	138	172	6.6	25.0
HP0333	BSU11300	30.233	43	30	0	8	50	248	290	7.2	24.6
HP0334	BSU24060	24.074	108	70	4	22	126	216	314	0.15	28.5
HP0334	BSU27390	24.088	137	86	6	2	126	3	133	0.18	27.7
HP0334	BSU20350	28.333	60	32	1	82	130	30	89	0.27	27.7
HP0334	BSU04490	27.500	80	47	2	38	117	49	117	0.45	26.9
HP0334	BSU14460	55.556	18	7	1	6	23	4	20	1.8	23.5
HP0334	BSU38110	31.111	45	23	2	29	73	194	230	6.4	23.5
HP0334	BSU21140	58.333	12	5	0	57	68	142	153	6.5	23.1
HP0334	BSU19220	37.209	43	26	1	83	124	87	129	7.6	23.5
HP0334	BSU14690	32.432	37	19	1	64	100	231	261	8.9	23.1
HP0334	BSU35470	45.833	24	13	0	102	125	366	389	9.5	23.1
HP0336	BSU30540	32.692	52	34	1	6	57	383	433	1.2	26.6
HP0337	BSU17260	27.723	101	68	2	2	101	51	147	0.002	32.7
HP0337	BSU40420	33.333	36	24	0	31	66	153	188	1.0	25.0
HP0337	BSU09910	36.667	30	19	0	25	54	375	404	1.1	25.0
HP0337	BSU03900	37.931	29	18	0	30	58	109	137	2.7	23.9
HP0337	BSU35540	26.087	23	17	0	9	31	350	372	5.1	23.1
HP0337	BSU24020	31.481	54	23	3	32	71	82	135	5.6	22.7
HP0337	BSU22950	33.333	33	22	0	16	48	257	289	5.9	22.7
HP0337	BSU07130	28.571	35	25	0	26	60	301	335	6.2	22.7
HP0338	BSU32780	35.135	37	24	0	135	171	15	51	1.6	25.4
HP0338	BSU00660	25.333	75	51	1	83	152	238	312	3.6	25.0
HP0338	BSU36530	24.419	86	48	2	1	77	12	89	4.2	24.6
HP0338	BSU18320	29.167	48	34	0	111	158	201	248	8.4	23.9
HP0338	BSU17180	36.842	38	24	0	138	175	3291	3328	8.8	23.9
HP0338	BSU23980	43.333	30	17	0	142	171	121	150	9.2	23.5
HP0338	BSU38140	29.630	54	18	3	27	80	14	47	9.9	23.1
HP0339	BSU37650	45.000	20	11	0	87	106	6	25	3.0	24.3
HP0339	BSU31010	36.207	58	34	2	61	118	156	210	6.3	23.5
HP0339	BSU31830	33.333	33	22	0	31	63	33	65	6.8	23.1
HP0339	BSU00010	23.810	42	32	0	17	58	351	392	7.9	23.1
HP0340	BSU19790	32.500	40	23	1	16	51	178	217	1.8	23.9
HP0340	BSU29580	32.558	43	29	0	15	57	20	62	2.1	23.9
HP0340	BSU19890	34.146	41	20	1	40	80	66	99	2.4	23.1
HP0340	BSU23800	27.143	70	48	2	18	85	184	252	2.9	23.5
HP0340	BSU16220	26.415	53	39	0	23	75	275	327	3.3	23.1
HP0340	BSU01550	30.000	30	20	1	55	84	32	60	5.3	22.3
HP0340	BSU30880	40.000	20	12	0	27	46	20	39	6.9	22.3
HP0340	BSU14450	48.000	25	11	1	66	88	292	316	9.7	21.9
HP0342	BSU28840	35.714	84	52	1	8	89	6	89	1.20e-13	59.3
HP0342	BSU28560	34.483	29	19	0	35	63	204	232	8.2	23.1
HP0342	BSU04290	42.424	33	16	1	36	68	529	558	8.3	23.1
HP0342	BSU03770	30.233	43	30	0	77	119	139	181	8.8	23.1
HP0343	BSU40660	36.000	50	30	2	14	63	238	285	2.9	25.8
HP0343	BSU38770	32.500	40	26	1	13	52	133	171	7.4	24.6
HP0343	BSU07400	25.688	109	77	3	4	110	145	251	7.8	24.6
HP0343	BSU17820	34.483	29	19	0	69	97	23	51	8.1	24.3
HP_0345	BSU37180	25.000	100	65	2	6	99	404	499	0.14	28.1
HP_0345	BSU22320	22.449	49	38	0	14	62	790	838	0.24	27.3
HP_0345	BSU22320	20.690	58	44	1	7	62	793	850	0.99	25.4
HP_0345	BSU19210	36.585	41	23	1	3	43	129	166	0.92	25.4
HP_0345	BSU14410	35.135	37	22	1	46	82	3	37	1.2	25.0
HP_0345	BSU12940	26.230	61	44	1	17	77	11	70	1.6	24.6
HP_0345	BSU15770	27.907	86	58	2	1	83	263	347	2.2	24.3
HP_0345	BSU16430	33.333	45	30	0	18	62	248	292	5.2	23.5
HP_0345	BSU04960	25.424	59	44	0	3	61	585	643	5.9	23.1
HP_0345	BSU06710	34.211	38	25	0	20	57	762	799	8.4	22.7
HP0346	BSU26490	30.120	83	42	3	98	173	185	258	0.13	30.0
HP0346	BSU05800	41.379	29	16	1	133	161	334	361	0.52	28.1
HP0346	BSU06560	24.194	124	74	3	38	157	406	513	0.65	28.1
HP0346	BSU15940	31.429	35	24	0	197	231	1016	1050	0.73	28.1
HP0346	BSU31420	23.000	100	62	4	130	216	91	188	0.91	27.3
HP0346	BSU14570	33.333	63	31	2	186	242	73	130	1.2	26.9
HP0346	BSU07450	36.458	96	47	4	56	144	87	175	2.0	26.2
HP0346	BSU22470	35.897	39	24	1	179	217	147	184	2.2	26.2
HP0346	BSU07810	37.500	40	24	1	169	208	506	544	2.5	26.2
HP0346	BSU27320	37.838	37	23	0	224	260	22	58	2.7	25.4
HP0346	BSU23830	23.810	84	57	3	139	215	89	172	3.0	25.8
HP0346	BSU21580	35.000	40	23	2	189	227	151	188	4.9	25.4
HP0346	BSU14860	22.727	66	42	3	138	199	549	609	5.6	25.0
HP0346	BSU40400	25.000	56	40	1	199	252	34	89	8.8	24.6
HP0347	BSU09210	29.536	237	144	6	23	240	24	256	3.41e-22	91.3
HP0347	BSU15460	26.383	235	145	9	71	294	82	299	3.40e-16	74.3
HP0347	BSU11620	29.936	157	93	5	90	240	92	237	1.22e-11	60.8
HP0347	BSU23160	25.397	126	71	4	113	234	96	202	0.002	35.8
HP0347	BSU15060	21.951	82	58	1	11	92	180	255	0.24	29.6
HP0347	BSU30020	32.500	40	26	1	143	181	8	47	0.63	26.6
HP0347	BSU38580	32.203	59	39	1	147	204	363	421	0.64	28.1
HP0347	BSU38390	28.571	63	44	1	146	207	362	424	0.67	28.1
HP0347	BSU07420	48.000	25	12	1	61	84	314	338	0.78	28.1
HP0347	BSU07930	37.209	43	25	1	113	155	139	179	1.1	27.3
HP0347	BSU19710	28.916	83	52	3	175	256	231	307	1.9	26.9
HP0347	BSU27600	40.000	40	20	2	142	177	480	519	4.6	25.8
HP0347	BSU10140	35.714	42	24	1	140	181	21	59	4.9	25.4
HP0347	BSU26240	32.258	62	34	2	174	233	8	63	5.4	23.5
HP0347	BSU23830	32.558	43	23	1	120	156	59	101	5.6	25.0
HP0347	BSU14330	27.143	70	39	2	17	86	197	254	8.0	25.0
HP0348	BSU27620	30.545	514	322	13	23	513	57	558	1.56e-65	223
HP0348	BSU20350	23.211	517	293	24	13	459	16	498	6.69e-13	67.8
HP0348	BSU20890	30.233	43	30	0	10	52	95	137	1.2	27.7
HP0348	BSU35620	24.590	61	46	0	79	139	30	90	2.7	27.3
HP0348	BSU28670	27.500	80	55	1	248	327	220	296	3.4	26.9
HP0348	BSU22350	27.778	54	33	1	460	513	30	77	5.9	25.8
HP0348	BSU24840	28.333	60	39	3	171	228	54	111	6.2	26.2
HP0348	BSU37230	28.571	84	50	4	366	449	65	138	8.3	25.8
HP0349	BSU37150	47.874	541	266	5	4	538	2	532	0.0	539
HP0349	BSU06470	37.288	59	28	2	334	383	33	91	2.48e-04	39.7
HP0349	BSU14280	29.703	101	54	5	87	184	208	294	0.022	33.9
HP0349	BSU11230	37.500	64	28	4	344	399	203	262	0.047	32.7
HP0349	BSU07850	31.746	63	35	2	344	403	67	124	0.34	29.6
HP0349	BSU15510	30.000	60	38	1	344	399	212	271	1.3	28.1
HP0349	BSU10430	25.974	77	54	1	312	385	68	144	2.5	27.3
HP0349	BSU31240	28.070	57	40	1	97	153	495	550	4.4	26.9
HP0349	BSU37050	22.222	117	71	2	304	406	241	351	5.6	26.6
HP0349	BSU06360	28.125	128	69	6	372	491	79	191	5.8	26.2
HP0349	BSU29470	34.211	38	20	1	340	377	318	350	6.0	26.2
HP0349	BSU27020	34.000	50	30	2	339	385	61	110	6.6	25.4
HP0349	BSU30890	25.714	70	47	1	37	106	10	74	7.1	25.4
HP0349	BSU19270	23.729	59	38	1	479	537	35	86	7.3	24.6
HP0350	BSU19650	26.012	173	106	7	34	194	10	172	2.62e-07	46.2
HP0350	BSU20150	40.625	32	19	0	140	171	27	58	3.8	24.3
HP0350	BSU37320	57.143	21	9	0	194	214	96	116	5.6	24.6
HP0350	BSU31860	23.894	113	67	5	88	190	943	1046	7.2	24.6
HP0351	BSU16210	26.027	365	248	10	4	354	3	359	4.00e-29	118
HP0351	BSU34590	38.462	39	23	1	14	52	233	270	0.54	29.3
HP0351	BSU01080	27.835	97	58	3	350	446	970	1054	1.8	28.1
HP0351	BSU10840	33.333	42	27	1	55	95	119	160	2.7	27.3
HP0351	BSU13610	30.303	66	43	2	206	268	53	118	3.7	26.6
HP0351	BSU37130	25.000	72	51	2	175	246	39	107	7.3	25.0
HP0351	BSU07620	23.684	76	58	0	299	374	8	83	7.3	25.8
HP0351	BSU02920	50.000	26	9	1	56	77	37	62	8.2	25.8
HP0352	BSU16220	38.855	332	199	3	14	342	7	337	2.19e-76	235
HP0352	BSU16220	25.664	113	78	3	1	109	113	223	0.50	28.9
HP0352	BSU39520	22.807	114	79	4	222	334	313	418	2.1	26.9
HP0352	BSU17180	36.111	36	22	1	140	175	3990	4024	4.1	26.2
HP0352	BSU16560	37.255	51	29	2	277	325	302	351	4.6	25.8
HP0352	BSU35200	47.368	19	10	0	320	338	123	141	4.8	25.4
HP0352	BSU16730	24.793	121	72	4	198	300	2	121	5.9	25.4
HP0352	BSU28050	29.268	41	25	1	104	144	31	67	6.0	25.0
HP0352	BSU18720	25.000	64	48	0	98	161	78	141	8.1	25.0
HP0352	BSU09150	34.783	46	29	1	283	328	138	182	8.4	24.6
HP0352	BSU00810	33.333	39	25	1	50	87	211	249	9.0	24.6
HP0353	BSU16230	22.727	198	131	6	68	253	12	199	1.83e-05	41.2
HP0353	BSU36850	32.584	89	49	2	85	173	78	155	7.97e-05	38.9
HP0353	BSU11570	30.000	80	46	3	123	201	49	119	0.98	26.9
HP0353	BSU15280	45.714	35	18	1	95	129	374	407	2.4	26.2
HP0353	BSU13960	33.929	56	36	1	48	103	39	93	7.5	24.6
HP0353	BSU02130	36.364	44	25	2	12	53	100	142	8.1	24.3
HP0353	BSU01845	26.562	64	43	1	115	178	332	391	8.3	24.6
HP0353	BSU16960	33.333	63	33	4	118	177	117	173	8.6	24.6
HP0354	BSU24270	39.675	615	363	6	1	608	6	619	2.05e-149	442
HP0354	BSU17890	27.273	165	106	5	379	533	436	596	1.46e-07	51.2
HP0354	BSU14580	37.500	64	40	0	120	183	156	219	1.07e-05	44.7
HP0354	BSU08070	21.176	255	171	6	306	533	4	255	2.53e-05	43.5
HP0354	BSU24040	22.177	248	167	8	350	578	52	292	0.002	37.7
HP0354	BSU24050	29.348	92	57	2	87	176	105	190	0.014	34.7
HP0354	BSU14590	24.731	93	65	2	483	572	193	283	0.017	34.3
HP0354	BSU08060	26.230	61	45	0	116	176	129	189	0.047	33.1
HP0354	BSU30270	32.468	77	45	4	523	598	107	177	1.9	28.1
HP0354	BSU24870	33.333	75	46	3	306	377	85	158	3.1	27.3
HP0354	BSU17190	26.316	152	103	6	313	457	3258	3407	3.6	27.3
HP0354	BSU30820	24.390	123	75	4	106	217	39	154	4.9	26.9
HP0354	BSU10640	31.707	41	23	2	142	177	57	97	5.3	26.6
HP0354	BSU11310	23.913	46	30	1	349	389	7	52	5.4	24.6
HP0354	BSU31560	27.778	72	48	2	274	341	29	100	5.5	26.6
HP0354	BSU28420	32.432	37	20	1	212	243	22	58	7.3	25.4
HP0354	BSU00360	31.818	44	27	1	147	190	170	210	9.0	25.8
HP0354	BSU31030	30.556	72	38	3	198	264	95	159	10.0	25.0
HP0355	BSU25510	56.281	597	255	3	3	596	13	606	0.0	712
HP0355	BSU14770	28.261	506	297	18	3	475	6	478	9.14e-45	165
HP0355	BSU01120	34.637	179	105	4	1	176	7	176	2.38e-20	92.0
HP0355	BSU01120	24.681	235	141	9	161	372	260	481	2.90e-08	53.5
HP0355	BSU01120	22.286	175	118	6	310	469	496	667	2.54e-05	43.9
HP0355	BSU01130	26.122	245	155	6	2	226	10	248	1.31e-11	63.5
HP0355	BSU16630	25.110	227	144	5	8	227	223	430	1.16e-09	57.8
HP0355	BSU33770	30.508	59	35	1	56	108	29	87	2.1	27.3
HP0355	BSU06620	33.333	36	24	0	41	76	287	322	3.3	27.3
HP0355	BSU04390	22.388	134	83	5	459	577	145	272	5.1	26.6
HP0355	BSU39280	34.000	50	31	1	428	475	35	84	7.0	25.0
HP0355	BSU14700	30.000	50	34	1	51	99	228	277	7.8	26.2
HP0355	BSU33610	32.394	71	40	3	79	141	414	484	8.0	26.2
HP0355	BSU15780	30.645	62	35	2	91	150	75	130	8.5	25.8
HP0355	BSU27480	25.000	52	39	0	95	146	450	501	9.1	25.8
HP0355	BSU28270	50.000	20	10	0	382	401	78	97	9.9	25.8
HP0356	BSU36440	52.632	19	9	0	88	106	119	137	0.28	28.1
HP0356	BSU36830	23.448	145	80	9	64	204	280	397	1.1	27.3
HP0356	BSU05550	38.710	31	19	0	164	194	44	74	1.6	26.2
HP0356	BSU37510	28.750	80	45	3	119	195	170	240	2.9	26.2
HP0356	BSU08920	28.378	74	36	4	7	77	149	208	8.4	24.3
HP0356	BSU30230	27.536	69	48	1	87	153	248	316	8.6	24.3
HP0356	BSU34560	32.692	52	32	1	187	235	483	534	8.8	24.3
HP0356	BSU04800	34.615	26	17	0	50	75	340	365	9.1	24.3
HP0356	BSU14071	37.931	29	18	0	28	56	102	130	9.5	24.3
HP0356	BSU01780	40.000	40	20	2	15	54	156	191	9.9	24.3
HP0357	BSU23780	31.489	235	147	5	3	232	8	233	1.85e-27	103
HP0357	BSU37720	29.661	236	135	7	4	220	8	231	9.00e-23	90.5
HP0357	BSU13770	34.463	177	110	3	5	179	10	182	5.37e-20	83.2
HP0357	BSU32980	30.556	180	117	4	5	179	7	183	3.96e-19	81.3
HP0357	BSU18500	32.000	150	98	2	32	178	37	185	8.97e-18	76.6
HP0357	BSU15910	26.230	244	150	9	5	228	8	241	2.75e-17	75.5
HP0357	BSU33190	28.090	178	124	3	4	179	10	185	4.61e-16	72.4
HP0357	BSU33590	26.939	245	154	8	5	230	11	249	2.24e-15	70.5
HP0357	BSU03930	26.339	224	156	6	4	220	10	231	5.80e-15	69.3
HP0357	BSU29420	27.234	235	154	8	1	223	1	230	2.85e-13	64.3
HP0357	BSU38540	27.222	180	121	5	4	178	8	182	4.24e-13	63.9
HP0357	BSU40000	25.991	227	158	7	4	224	34	256	9.47e-13	63.9
HP0357	BSU22140	26.702	191	130	5	5	190	16	201	6.08e-12	60.8
HP0357	BSU39840	25.281	178	129	2	5	179	10	186	2.33e-11	59.3
HP0357	BSU31840	29.268	164	105	5	1	159	1	158	3.90e-11	58.2
HP0357	BSU02830	21.778	225	169	4	5	223	11	234	2.27e-10	56.2
HP0357	BSU38970	26.144	153	105	3	5	152	7	156	3.69e-10	55.5
HP0357	BSU32900	29.412	119	75	3	108	223	1	113	1.71e-08	48.9
HP0357	BSU14060	23.137	255	176	10	4	245	6	253	3.34e-08	49.7
HP0357	BSU32000	25.703	249	155	9	5	232	12	251	3.78e-08	49.7
HP0357	BSU09450	26.702	191	110	7	5	179	49	225	1.33e-07	48.1
HP0357	BSU12350	22.967	209	136	7	55	241	67	272	4.45e-07	46.6
HP0357	BSU16870	25.000	180	126	5	5	179	6	181	1.27e-06	45.1
HP0357	BSU37680	22.632	190	135	6	5	186	7	192	9.36e-05	39.7
HP0357	BSU10400	31.818	110	61	5	76	179	120	221	1.21e-04	39.3
HP0357	BSU31220	24.603	126	93	2	54	178	485	609	1.37e-04	39.7
HP0357	BSU11720	36.667	60	36	1	120	179	135	192	0.003	35.0
HP0357	BSU11980	34.483	58	38	0	127	184	140	197	0.018	32.3
HP0357	BSU04190	21.667	180	133	4	5	179	46	222	0.032	32.0
HP0357	BSU10430	22.778	180	132	2	5	179	55	232	0.032	32.0
HP0357	BSU24100	29.545	44	31	0	50	93	222	265	0.42	28.5
HP0357	BSU19810	21.481	135	87	5	4	135	18	136	0.61	27.3
HP0357	BSU17210	24.370	119	78	5	5	114	2182	2297	1.7	26.9
HP0357	BSU02520	27.907	43	31	0	32	74	264	306	2.5	25.8
HP0357	BSU37820	28.947	38	27	0	1	38	1	38	6.3	24.6
HP0357	BSU14940	27.103	107	69	4	62	164	5	106	6.9	23.9
HP0357	BSU18250	33.333	39	23	2	150	188	352	387	8.5	24.6
HP0357	BSU40358	50.000	16	8	0	50	65	1	16	9.7	21.9
HP0358	BSU08050	26.531	98	64	4	404	497	35	128	0.051	32.3
HP0358	BSU37240	19.512	82	60	1	115	190	238	319	0.51	29.6
HP0358	BSU15650	37.500	32	20	0	450	481	349	380	4.6	26.6
HP0358	BSU14240	35.135	37	17	1	266	295	150	186	5.2	25.8
HP0358	BSU32360	52.381	21	10	0	304	324	33	53	7.3	24.6
HP0358	BSU03820	46.429	28	14	1	77	104	77	103	8.2	25.4
HP0360	BSU38860	33.235	340	212	7	1	337	1	328	4.82e-61	196
HP0360	BSU30870	29.664	327	191	9	1	321	1	294	3.09e-30	114
HP0360	BSU37830	25.392	319	197	10	4	316	6	289	4.68e-22	91.7
HP0360	BSU07280	21.802	344	222	12	3	336	9	315	1.65e-12	64.3
HP0360	BSU34350	22.951	183	126	3	3	185	271	438	2.58e-06	45.8
HP0360	BSU19810	22.656	128	89	3	3	129	18	136	0.003	34.3
HP0360	BSU37820	24.277	173	90	7	3	168	4	142	0.014	33.5
HP0360	BSU22030	26.596	94	65	3	209	298	110	203	2.1	26.9
HP0360	BSU15590	37.500	40	15	1	45	84	235	264	2.5	26.6
HP0360	BSU29480	23.622	127	83	4	208	330	75	191	2.6	26.6
HP0360	BSU21670	28.571	42	27	1	147	185	1	42	3.0	26.2
HP0360	BSU18970	36.735	49	21	2	20	58	247	295	3.2	26.6
HP0360	BSU11220	27.119	59	38	3	23	77	199	256	5.8	25.4
HP0360	BSU16845	31.707	41	27	1	243	282	182	222	5.9	25.4
HP0360	BSU13700	27.083	48	35	0	101	148	464	511	6.3	25.4
HP0360	BSU31520	32.308	65	34	2	19	80	216	273	10.0	24.6
HP0361	BSU01480	33.871	248	150	7	4	242	3	245	1.01e-29	108
HP0361	BSU18595	36.667	30	19	0	96	125	4	33	0.15	26.9
HP0361	BSU40110	28.261	46	31	1	1	44	81	126	0.60	28.1
HP0361	BSU18450	33.333	48	26	2	27	74	1153	1194	2.2	26.2
HP0361	BSU01990	30.556	36	25	0	70	105	246	281	2.3	26.2
HP0361	BSU38920	24.528	53	34	1	64	110	252	304	4.1	25.4
HP0361	BSU07210	28.814	59	39	1	152	207	16	74	4.3	25.0
HP0361	BSU00470	32.258	31	21	0	155	185	88	118	7.9	24.3
HP0362	BSU25260	22.857	105	75	3	32	133	382	483	1.5	27.7
HP0362	BSU25470	32.653	49	28	1	103	146	366	414	2.3	26.9
HP0362	BSU21300	35.897	39	23	1	76	112	236	274	2.7	26.6
HP0362	BSU18110	33.333	54	31	1	82	135	63	111	3.1	25.8
HP0362	BSU05500	36.364	33	21	0	87	119	41	73	6.8	24.6
HP0362	BSU13380	28.235	85	56	3	179	259	427	510	7.6	25.0
HP0362	BSU13820	28.333	60	30	2	112	169	8	56	9.8	24.6
HP0363	BSU27360	31.111	90	56	3	67	150	46	135	8.61e-04	35.8
HP0363	BSU06730	21.905	105	74	2	66	164	302	404	0.37	28.5
HP0363	BSU19600	29.545	44	31	0	79	122	39	82	0.44	27.7
HP0363	BSU04180	31.579	57	31	2	71	122	22	75	0.74	26.9
HP0363	BSU17850	35.714	28	18	0	166	193	150	177	1.0	26.6
HP0363	BSU05650	29.268	82	34	2	62	135	422	487	1.1	26.9
HP0363	BSU09710	47.368	19	10	0	134	152	411	429	2.1	26.2
HP0363	BSU03160	25.532	47	35	0	79	125	41	87	8.2	23.9
HP0363	BSU18910	23.571	140	82	5	9	134	102	230	9.1	23.9
HP0364	BSU20040	23.711	291	207	7	53	336	30	312	2.70e-15	72.4
HP0364	BSU17390	23.051	295	217	6	53	341	30	320	1.12e-14	70.9
HP0364	BSU05720	28.571	56	36	1	104	155	339	394	1.3	27.7
HP0364	BSU13590	22.689	119	77	4	99	208	176	288	1.4	27.3
HP0364	BSU05890	34.091	44	29	0	195	238	1	44	1.5	27.3
HP0364	BSU30720	30.000	50	27	1	170	219	305	346	3.4	26.2
HP0364	BSU04700	30.303	66	38	2	186	245	228	291	3.6	26.2
HP0364	BSU33420	23.404	47	34	1	79	123	2	48	4.2	26.2
HP0364	BSU28990	32.500	40	25	1	262	301	58	95	4.4	25.8
HP0364	BSU39740	34.043	47	19	2	144	178	115	161	5.3	25.4
HP0364	BSU06910	30.769	26	18	0	212	237	158	183	8.9	24.6
HP0364	BSU10770	28.571	42	30	0	110	151	667	708	9.4	25.0
HP0366	BSU37890	32.275	378	230	8	6	361	11	384	1.93e-62	202
HP0366	BSU34230	25.323	387	268	9	2	375	3	381	4.44e-32	121
HP0366	BSU10550	24.930	357	223	12	21	356	90	422	4.17e-18	82.0
HP0366	BSU32040	28.814	118	80	4	63	179	133	247	0.38	29.3
HP0366	BSU15430	28.070	57	39	1	169	225	448	502	0.85	28.5
HP0366	BSU22370	26.316	114	69	5	51	154	94	202	1.3	27.7
HP0366	BSU06360	29.688	64	42	1	206	266	249	312	1.5	27.7
HP0366	BSU01770	25.472	106	71	4	43	147	170	268	2.7	26.6
HP0366	BSU31180	22.689	119	85	4	147	259	252	369	3.9	26.2
HP0366	BSU16430	26.250	80	53	2	281	360	438	511	4.2	26.2
HP0366	BSU31400	27.473	91	58	2	76	158	115	205	4.3	26.2
HP0366	BSU36520	22.581	62	47	1	60	120	10	71	7.6	24.3
HP0366	BSU33750	32.432	37	25	0	82	118	48	84	8.8	24.6
HP0366	BSU21190	26.316	114	65	4	190	294	71	174	8.9	24.6
HP0367	BSU29470	27.500	80	54	2	65	143	270	346	0.011	32.7
HP0367	BSU11139	34.615	26	17	0	82	107	38	63	1.0	25.0
HP0367	BSU24070	24.691	81	55	2	119	193	124	204	1.3	26.6
HP0367	BSU36900	35.714	42	27	0	71	112	366	407	1.5	26.2
HP0367	BSU29330	22.535	71	43	1	124	194	99	157	2.4	25.8
HP0367	BSU21350	36.364	33	21	0	119	151	35	67	2.4	25.8
HP0367	BSU00260	26.744	172	97	7	25	190	157	305	2.7	25.4
HP0367	BSU29910	50.000	22	11	0	139	160	67	88	2.7	24.3
HP0367	BSU25140	26.316	38	28	0	16	53	327	364	2.9	25.4
HP0367	BSU12300	33.333	39	21	1	4	42	19	52	5.7	24.6
HP0367	BSU06880	23.913	46	32	1	96	141	233	275	6.4	24.3
HP0367	BSU05010	27.397	146	72	7	34	148	75	217	6.7	24.3
HP0367	BSU01870	35.294	34	22	0	83	116	9	42	6.8	23.5
HP0367	BSU34460	26.596	94	62	4	43	135	99	186	6.9	24.3
HP0367	BSU30250	30.357	56	31	2	53	103	232	284	7.7	23.9
HP0368	BSU16930	34.286	35	23	0	128	162	213	247	0.45	27.3
HP0368	BSU28550	32.836	67	37	4	3	67	94	154	4.5	24.3
HP0368	BSU37050	36.667	30	14	1	50	79	467	491	4.5	24.6
HP0368	BSU07220	26.316	38	28	0	32	69	87	124	5.2	23.9
HP0368	BSU01520	21.569	51	38	1	30	78	28	78	7.3	23.5
HP0368	BSU30230	34.783	23	15	0	130	152	387	409	9.2	23.5
HP0368	BSU21409	29.167	72	39	1	12	83	3	62	9.3	22.3
HP0370	BSU24340	51.810	442	211	2	13	452	2	443	2.72e-161	460
HP0370	BSU18240	46.622	444	235	2	13	455	2	444	8.60e-139	402
HP0370	BSU14860	42.637	455	249	5	8	452	1	453	4.95e-124	385
HP0370	BSU11240	25.541	231	164	3	105	333	107	331	2.10e-13	69.3
HP0370	BSU11240	20.937	363	205	12	8	333	550	867	1.11e-08	54.3
HP0370	BSU15520	23.497	366	235	10	87	441	84	415	1.89e-12	66.2
HP0370	BSU15520	24.359	234	167	5	101	333	641	865	7.49e-09	54.7
HP0370	BSU06530	26.891	119	79	4	100	215	76	189	0.015	34.3
HP0370	BSU06430	17.680	181	136	5	113	292	94	262	0.029	33.1
HP0370	BSU02230	23.276	116	84	3	116	231	95	205	0.11	31.6
HP0370	BSU04560	21.918	219	150	6	87	292	88	298	0.13	31.2
HP0370	BSU37710	28.188	149	79	8	77	220	92	217	0.96	28.5
HP0370	BSU20280	33.333	69	36	3	90	155	74	135	0.99	27.7
HP0370	BSU04340	32.692	52	29	1	134	185	200	245	2.4	27.3
HP0370	BSU13190	20.833	48	38	0	107	154	217	264	4.1	26.2
HP0370	BSU03490	29.730	37	24	1	56	92	799	833	7.7	25.8
HP0371	BSU24350	34.194	155	100	1	1	153	2	156	4.54e-18	73.2
HP0371	BSU14860	29.630	54	38	0	102	155	1094	1147	0.010	32.3
HP0371	BSU18239	59.091	22	9	0	100	121	15	36	0.014	30.0
HP0371	BSU09880	31.373	51	32	1	87	137	178	225	0.061	29.6
HP0371	BSU20960	29.545	44	29	1	12	55	140	181	0.21	28.5
HP0371	BSU27440	36.000	50	32	0	107	156	105	154	0.63	26.6
HP0371	BSU24820	33.333	51	34	0	76	126	168	218	1.2	26.2
HP0371	BSU08080	28.571	49	35	0	102	150	25	73	1.6	25.8
HP0371	BSU32340	24.000	125	74	5	6	116	158	275	1.9	25.4
HP0371	BSU13819	29.268	41	26	1	1	38	1	41	3.3	23.1
HP0371	BSU17210	36.667	30	19	0	111	140	5062	5091	7.3	23.9
HP0371	BSU01080	22.727	66	45	1	54	113	959	1024	10.0	23.5
HP0372	BSU18340	32.727	55	36	1	65	118	1511	1565	0.26	28.9
HP0372	BSU20800	30.159	63	40	1	13	75	104	162	0.40	28.1
HP0372	BSU30280	23.256	172	94	6	26	187	77	220	2.1	25.8
HP0372	BSU30035	35.484	31	19	1	63	93	93	122	6.6	23.9
HP0373	BSU02690	29.825	57	40	0	65	121	24	80	0.48	30.0
HP0373	BSU18450	23.958	96	67	2	193	287	700	790	3.0	27.7
HP0373	BSU11780	29.167	48	31	1	477	521	13	60	6.3	25.8
HP0373	BSU10590	28.916	83	49	2	132	208	436	514	6.4	26.6
HP0373	BSU19590	25.610	82	60	1	557	637	45	126	6.6	26.6
HP0373	BSU31680	24.762	105	53	4	33	123	96	188	7.1	26.2
HP0373	BSU31945	51.852	27	12	1	591	616	116	142	8.9	25.8
HP0374	BSU25440	22.368	228	159	7	12	222	17	243	0.48	28.1
HP0374	BSU28470	23.232	198	120	8	3	192	179	352	6.4	24.6
HP0374	BSU32400	29.630	54	30	2	133	178	26	79	6.6	23.9
HP0374	BSU12190	24.000	50	37	1	119	168	28	76	7.6	24.3
HP0374	BSU03510	50.000	20	10	0	152	171	471	490	8.2	24.3
HP0374	BSU13710	43.333	30	17	0	30	59	228	257	8.6	24.3
HP0375	BSU12080	25.000	120	58	5	10	117	12	111	0.89	26.2
HP0375	BSU28710	35.714	56	32	1	11	62	216	271	1.1	25.8
HP0375	BSU03720	48.485	33	16	1	20	51	274	306	1.6	25.4
HP0375	BSU03940	30.189	53	37	0	89	141	10	62	8.0	23.1
HP0375	BSU20360	55.000	20	9	0	36	55	229	248	9.2	23.1
HP0376	BSU10130	22.490	249	172	8	75	309	44	285	1.86e-11	60.8
HP0376	BSU40950	28.986	69	40	2	50	118	29	88	1.4	26.9
HP0376	BSU05940	25.000	104	62	3	186	287	220	309	4.8	25.8
HP0376	BSU37770	42.308	26	15	0	92	117	400	425	5.4	25.8
HP0376	BSU05320	23.469	98	58	3	153	250	31	111	6.1	25.0
HP0376	BSU10620	64.286	14	5	0	81	94	918	931	6.2	25.4
HP0376	BSU04080	22.500	80	56	2	209	283	69	147	6.6	25.0
HP0376	BSU33890	37.037	27	17	0	51	77	69	95	9.3	24.3
HP0376	BSU19310	40.000	25	15	0	62	86	248	272	9.8	24.6
HP0376	BSU15760	28.125	32	23	0	196	227	128	159	9.9	24.6
HP0377	BSU01980	24.779	113	63	5	68	168	20	122	0.17	28.9
HP0377	BSU29320	25.000	52	27	1	81	120	7	58	0.46	26.6
HP0377	BSU11381	60.000	15	6	0	11	25	10	24	1.4	26.2
HP0377	BSU05790	48.148	27	13	1	7	32	20	46	2.4	25.4
HP0377	BSU08220	41.935	31	18	0	95	125	215	245	3.3	25.4
HP0377	BSU01380	35.714	28	18	0	174	201	153	180	4.0	25.0
HP0377	BSU20170	33.333	30	20	0	137	166	112	141	4.5	24.6
HP0377	BSU32370	34.483	58	34	3	134	188	81	137	5.4	24.6
HP0377	BSU18560	27.907	86	45	4	142	214	78	159	6.0	24.6
HP0377	BSU17180	35.849	53	25	3	103	148	1601	1651	6.8	24.6
HP0377	BSU18510	37.209	43	22	2	4	44	3	42	6.8	23.5
HP0377	BSU11950	45.833	24	13	0	54	77	2	25	7.3	23.5
HP0377	BSU23150	23.077	143	98	4	36	175	27	160	7.8	23.9
HP0378	BSU23130	46.667	75	37	2	826	899	319	391	4.80e-13	68.6
HP0378	BSU23130	31.818	132	83	4	656	783	33	161	4.05e-06	47.0
HP0378	BSU15140	27.586	145	78	8	261	389	13	146	0.11	32.3
HP0378	BSU32840	27.083	96	61	3	230	325	635	721	0.44	30.8
HP0378	BSU01390	52.632	19	9	0	541	559	43	61	1.9	26.6
HP0378	BSU36740	23.952	167	96	7	366	528	41	180	4.0	27.3
HP0378	BSU03950	29.412	102	68	3	315	415	380	478	4.7	27.3
HP0378	BSU28230	38.298	47	27	2	580	624	337	383	5.7	27.3
HP0378	BSU35800	30.000	50	29	1	863	906	398	447	6.6	26.9
HP0378	BSU38760	35.556	45	25	2	403	444	277	320	7.8	26.6
HP0378	BSU24320	27.027	111	72	4	111	217	7	112	7.9	25.8
HP0378	BSU18070	29.730	74	50	2	682	755	28	99	8.3	26.2
HP0378	BSU37130	47.368	19	10	0	270	288	16	34	8.7	25.4
HP0379	BSU28830	32.203	59	27	3	257	315	77	122	1.1	27.3
HP0379	BSU11540	36.111	36	20	1	357	392	369	401	4.0	26.6
HP0379	BSU35070	36.667	30	16	1	221	250	208	234	6.6	25.4
HP0379	BSU07580	31.429	35	24	0	278	312	347	381	7.6	25.4
HP0379	BSU07810	27.381	84	53	3	265	341	8	90	9.6	25.4
HP0380	BSU37790	30.075	399	254	6	48	442	40	417	1.83e-51	176
HP0380	BSU22960	29.703	404	256	7	46	442	38	420	3.66e-46	162
HP0380	BSU24080	25.269	186	116	6	81	258	33	203	0.021	33.5
HP0380	BSU03480	31.707	41	28	0	376	416	3070	3110	0.19	31.2
HP0380	BSU03480	24.561	114	69	4	61	165	846	951	0.69	29.3
HP0380	BSU03490	31.707	41	28	0	376	416	3066	3106	0.20	30.8
HP0380	BSU34840	23.636	110	77	2	212	320	261	364	0.26	30.4
HP0380	BSU39470	31.646	79	43	3	159	234	162	232	1.8	27.7
HP0380	BSU23080	27.632	76	50	2	313	383	167	242	9.7	25.0
HP0381	BSU37000	35.106	282	159	8	2	265	3	278	3.60e-35	125
HP0381	BSU27360	34.921	63	41	0	104	166	47	109	5.48e-04	37.0
HP0381	BSU22170	35.088	57	35	1	136	190	254	310	6.93e-04	37.4
HP0381	BSU01060	26.316	76	52	2	117	189	64	138	0.018	32.3
HP0381	BSU25450	32.051	78	51	2	96	173	161	236	0.026	32.3
HP0381	BSU12980	26.667	60	44	0	57	116	215	274	0.97	27.3
HP0381	BSU06730	29.032	62	42	1	95	156	295	354	2.1	26.6
HP0381	BSU22590	30.928	97	45	4	184	275	234	313	2.7	26.2
HP0381	BSU15260	29.134	127	71	5	97	212	75	193	3.9	25.4
HP0381	BSU39630	39.286	28	17	0	232	259	438	465	3.9	25.8
HP0381	BSU07390	50.000	24	12	0	28	51	59	82	4.3	25.0
HP0381	BSU13990	31.111	45	24	1	71	108	53	97	5.3	25.4
HP0381	BSU12940	32.432	37	25	0	70	106	210	246	6.2	25.0
HP0381	BSU09720	56.250	16	7	0	94	109	599	614	6.4	25.0
HP0381	BSU27560	32.500	40	22	1	50	84	229	268	6.9	25.0
HP0381	BSU21470	24.460	139	94	4	28	164	430	559	7.6	25.0
HP0381	BSU35790	39.474	38	19	2	176	213	45	78	9.0	24.3
HP0381	BSU31520	68.750	16	5	0	17	32	108	123	9.5	24.6
HP0382	BSU10290	25.846	325	215	13	96	405	102	415	6.03e-20	87.8
HP0382	BSU13490	22.162	185	128	5	235	405	116	298	9.21e-08	50.1
HP0382	BSU38780	25.806	155	92	7	212	358	328	467	0.035	33.1
HP0382	BSU24550	36.000	50	27	2	223	270	306	352	0.54	29.3
HP0382	BSU08400	32.000	100	52	6	78	172	215	303	1.1	28.1
HP0382	BSU03820	29.310	58	37	2	235	290	25	80	1.1	27.7
HP0382	BSU17570	32.836	67	37	3	274	332	355	421	1.5	27.7
HP0382	BSU22170	38.462	39	22	1	346	384	163	199	5.1	25.8
HP0382	BSU28280	25.610	82	42	3	29	104	109	177	5.5	25.8
HP0382	BSU15340	25.301	83	58	3	216	294	4	86	6.1	25.4
HP0382	BSU12790	44.444	18	10	0	286	303	72	89	6.5	24.3
HP0382	BSU09920	30.952	42	28	1	191	232	555	595	7.8	25.4
HP0383	BSU27150	35.484	31	18	1	5	33	20	50	1.1	25.4
HP0383	BSU19360	34.694	49	27	3	64	109	364	410	2.6	25.4
HP0383	BSU40690	28.205	39	28	0	1	39	71	109	4.6	24.3
HP0383	BSU37790	35.294	34	22	0	90	123	229	262	4.6	24.6
HP0383	BSU36590	26.744	86	51	4	38	111	255	340	5.0	24.3
HP0383	BSU06990	32.857	70	41	1	55	124	13	76	5.2	24.3
HP0383	BSU03310	50.000	26	11	1	121	146	237	260	8.2	23.9
HP0383	BSU08440	26.316	38	28	0	28	65	258	295	8.3	23.5
HP0383	BSU23830	31.579	38	26	0	29	66	57	94	8.7	23.5
HP0384	BSU29870	37.500	40	25	0	131	170	28	67	0.14	28.5
HP0384	BSU10150	54.545	22	10	0	55	76	28	49	3.2	25.4
HP0384	BSU00380	33.962	53	29	2	130	182	174	220	3.8	25.8
HP0384	BSU08060	54.545	22	8	1	224	243	259	280	5.1	25.0
HP0385	BSU11770	48.485	33	17	0	4	36	51	83	0.84	24.3
HP0385	BSU40510	52.632	19	9	0	8	26	377	395	1.2	23.9
HP0385	BSU05210	40.000	25	15	0	8	32	4	28	1.2	23.9
HP0385	BSU36810	44.737	38	19	2	25	61	361	397	1.3	23.9
HP0385	BSU19990	90.000	10	1	0	63	72	39	48	2.1	23.1
HP0385	BSU35870	48.000	25	13	0	6	30	29	53	3.7	21.9
HP0385	BSU36590	36.842	19	12	0	41	59	167	185	4.4	22.3
HP0385	BSU01120	29.670	91	40	4	8	74	188	278	4.9	22.3
HP0385	BSU08260	38.462	39	21	1	26	64	219	254	5.2	22.3
HP0385	BSU03981	81.818	11	2	0	13	23	468	478	5.7	21.9
HP0385	BSU27600	23.636	55	34	1	14	68	218	264	6.2	21.9
HP0385	BSU41000	50.000	24	12	0	20	43	173	196	6.9	21.9
HP0385	BSU19410	29.412	34	24	0	20	53	30	63	7.5	21.9
HP0386	BSU27560	30.120	83	45	3	3	72	157	239	0.85	24.6
HP0386	BSU05210	53.846	26	10	2	36	59	95	120	1.0	24.3
HP0386	BSU37960	34.884	43	27	1	31	73	31	72	1.7	23.9
HP0386	BSU01860	35.714	28	18	0	50	77	97	124	2.1	23.1
HP0386	BSU10620	33.333	30	20	0	35	64	155	184	7.6	21.9
HP0386	BSU35540	46.667	15	8	0	55	69	171	185	7.8	21.9
HP0386	BSU02010	28.302	53	35	1	27	76	126	178	8.1	21.6
HP0386	BSU01070	31.915	47	25	2	6	45	397	443	9.4	21.6
HP0387	BSU15710	35.318	487	298	6	124	593	287	773	2.25e-93	302
HP0387	BSU00550	31.092	119	77	2	121	234	640	758	2.54e-09	57.0
HP0387	BSU00550	26.761	71	41	1	417	487	869	928	0.058	33.1
HP0387	BSU15870	30.370	135	83	3	111	234	257	391	3.24e-08	53.1
HP0387	BSU15870	24.658	73	39	2	420	487	510	571	1.5	28.5
HP0387	BSU15870	23.684	76	48	2	146	211	459	534	5.2	26.9
HP0387	BSU35170	30.556	72	43	1	424	495	487	551	0.005	36.6
HP0387	BSU16940	38.636	44	27	0	130	173	62	105	0.026	33.9
HP0387	BSU39110	26.549	113	65	6	411	520	268	365	0.14	31.6
HP0387	BSU35470	22.353	255	162	9	113	351	126	360	0.16	31.6
HP0387	BSU06610	31.481	54	37	0	129	182	28	81	0.98	29.3
HP0387	BSU23900	33.333	39	26	0	316	354	130	168	0.99	28.5
HP0387	BSU10620	33.929	56	25	2	126	169	2	57	1.1	28.9
HP0387	BSU22220	29.851	67	45	1	115	179	59	125	1.9	28.1
HP0387	BSU34760	24.242	99	56	2	98	177	62	160	3.1	27.3
HP0387	BSU41040	38.235	34	20	1	45	77	155	188	3.2	26.9
HP0387	BSU13360	27.941	68	47	1	380	445	55	122	3.5	26.6
HP0387	BSU21770	37.209	43	26	1	18	59	371	413	4.6	26.9
HP0387	BSU11010	28.788	66	38	1	442	498	36	101	5.5	26.6
HP0387	BSU40050	21.622	74	55	1	378	448	167	240	5.5	26.2
HP0387	BSU29740	39.024	41	22	1	461	501	93	130	6.9	26.2
HP0387	BSU06190	36.000	25	16	0	342	366	4	28	8.2	25.8
HP0388	BSU25610	35.065	77	41	3	58	133	29	97	0.007	33.5
HP0388	BSU22750	32.653	49	33	0	66	114	53	101	0.008	33.5
HP0388	BSU02940	30.909	55	32	2	19	73	147	195	6.0	24.6
HP0388	BSU24260	33.333	36	22	1	39	74	63	96	6.1	24.6
HP0388	BSU31490	27.869	61	44	0	135	195	109	169	6.8	24.6
HP0389	BSU25020	37.073	205	112	5	2	194	3	202	4.84e-41	135
HP0389	BSU19330	27.919	197	136	3	3	195	81	275	1.07e-23	92.4
HP0389	BSU16810	33.333	45	30	0	38	82	151	195	0.35	28.1
HP0389	BSU21300	29.545	44	28	1	108	151	157	197	3.3	25.4
HP0389	BSU41000	28.947	38	27	0	160	197	95	132	4.2	25.0
HP0389	BSU00450	30.000	60	27	2	87	142	8	56	6.3	22.7
HP0389	BSU21750	26.027	73	49	1	120	187	52	124	7.9	23.9
HP0389	BSU39170	25.000	40	30	0	170	209	11	50	9.2	23.5
HP0389	BSU11230	25.581	43	32	0	140	182	260	302	9.2	23.9
HP0390	BSU29490	41.566	166	94	1	1	166	1	163	5.83e-41	132
HP0390	BSU40939	28.205	39	28	0	94	132	20	58	0.89	25.0
HP0390	BSU40090	24.828	145	89	7	9	148	7	136	3.1	24.6
HP0390	BSU10170	20.438	137	95	4	14	137	3	138	3.1	25.0
HP0390	BSU12520	28.947	38	27	0	114	151	46	83	3.6	24.6
HP0390	BSU08720	21.805	133	97	3	17	144	2	132	5.0	23.9
HP0390	BSU11700	28.916	83	46	3	46	127	197	267	6.5	23.9
HP0390	BSU24830	28.571	56	22	2	98	135	318	373	7.3	23.9
HP0391	BSU16440	30.657	137	94	1	29	164	10	146	4.17e-19	76.3
HP0391	BSU14010	29.412	136	91	4	28	161	17	149	3.48e-13	62.8
HP0391	BSU16430	30.864	81	48	4	37	114	552	627	0.012	32.3
HP0391	BSU34660	38.235	34	21	0	111	144	402	435	0.85	26.6
HP0391	BSU24750	36.585	41	23	1	44	81	245	285	0.97	26.6
HP0391	BSU24750	37.778	45	21	2	92	129	253	297	4.3	24.6
HP0391	BSU35600	44.444	36	16	2	30	64	312	344	1.3	26.2
HP0391	BSU30560	35.714	28	18	0	22	49	99	126	7.9	23.9
HP0391	BSU40970	34.783	46	26	2	76	119	98	141	8.8	23.5
HP0392	BSU16430	36.681	687	377	9	3	648	2	671	1.34e-138	422
HP0392	BSU40410	33.613	119	74	3	679	797	5	118	9.60e-12	62.4
HP0392	BSU39660	25.210	119	84	2	679	797	4	117	6.88e-11	60.1
HP0392	BSU02550	27.119	118	81	2	680	797	1	113	2.88e-10	58.2
HP0392	BSU23120	32.075	106	67	2	679	784	9	109	2.32e-09	55.5
HP0392	BSU29110	27.826	115	79	2	679	793	5	115	2.39e-09	55.5
HP0392	BSU03750	33.333	90	55	2	708	797	32	116	2.42e-09	55.5
HP0392	BSU34720	29.333	75	50	1	723	797	46	117	4.29e-09	54.7
HP0392	BSU16330	24.370	119	85	3	679	796	5	119	1.14e-08	50.8
HP0392	BSU26430	27.586	116	78	2	677	792	3	112	1.49e-08	53.1
HP0392	BSU33010	26.230	122	85	2	677	798	3	119	5.61e-08	51.2
HP0392	BSU33221	26.667	120	82	4	679	797	6	120	1.16e-07	50.4
HP0392	BSU30400	25.352	71	50	1	723	793	46	113	2.08e-07	49.7
HP0392	BSU13250	24.000	125	91	2	679	803	6	126	2.34e-06	46.2
HP0392	BSU14010	30.328	122	65	2	681	782	167	288	2.98e-06	46.6
HP0392	BSU16420	36.607	112	54	6	679	782	4	106	6.91e-06	45.8
HP0392	BSU37130	22.764	123	91	2	679	801	6	124	3.92e-05	40.8
HP0392	BSU04460	32.955	88	54	4	700	786	30	113	4.07e-05	42.4
HP0392	BSU02000	22.430	107	76	3	677	783	4	103	4.47e-05	42.4
HP0392	BSU24220	29.213	89	61	1	706	794	35	121	6.91e-05	42.4
HP0392	BSU02740	31.034	87	54	3	711	797	38	118	1.14e-04	41.2
HP0392	BSU14490	23.418	158	84	3	358	515	304	424	4.92e-04	40.0
HP0392	BSU40359	39.474	38	23	0	477	514	17	54	5.32e-04	36.2
HP0392	BSU09330	26.804	97	61	3	688	778	8	100	8.10e-04	38.5
HP0392	BSU30390	21.429	112	64	2	404	515	237	324	0.003	37.4
HP0392	BSU04450	35.185	54	31	1	462	515	477	526	0.003	37.4
HP0392	BSU31450	24.684	158	71	6	357	514	314	423	0.004	37.0
HP0392	BSU33210	23.077	91	46	1	417	507	505	571	0.006	36.6
HP0392	BSU05420	28.000	75	51	1	723	797	48	119	0.007	35.4
HP0392	BSU13660	25.714	140	67	4	377	516	402	504	0.009	36.2
HP0392	BSU31530	29.870	77	46	2	719	792	44	115	0.021	34.3
HP0392	BSU28920	23.171	82	59	2	720	801	45	122	0.033	33.5
HP0392	BSU38910	24.359	78	57	1	723	800	52	127	0.039	33.5
HP0392	BSU34060	25.806	93	65	2	705	797	32	120	0.039	33.1
HP0392	BSU03760	40.541	37	22	0	480	516	433	469	0.040	33.9
HP0392	BSU23110	39.474	38	23	0	477	514	549	586	0.044	33.9
HP0392	BSU07580	25.000	136	67	3	379	514	425	525	0.046	33.9
HP0392	BSU02440	23.464	179	88	7	343	515	268	403	0.067	33.1
HP0392	BSU35500	35.897	39	25	0	479	517	347	385	0.088	32.7
HP0392	BSU31520	25.170	147	71	5	368	514	417	524	0.16	32.0
HP0392	BSU19200	23.596	89	62	2	705	793	32	114	0.20	31.2
HP0392	BSU29100	45.455	33	18	0	475	507	533	565	0.32	31.2
HP0392	BSU13990	28.090	89	57	3	426	514	523	604	0.33	31.2
HP0392	BSU06960	25.882	85	58	3	699	782	26	106	0.62	30.0
HP0392	BSU33080	27.273	77	52	2	705	781	32	104	0.68	29.3
HP0392	BSU29230	26.027	73	53	1	638	710	542	613	1.7	28.9
HP0392	BSU39650	35.294	34	22	0	480	513	288	321	2.1	28.1
HP0392	BSU21350	40.741	27	16	0	406	432	1648	1674	2.4	28.5
HP0392	BSU02560	28.125	96	35	4	412	502	229	295	2.4	28.1
HP0392	BSU35490	26.230	61	41	2	679	737	6	64	3.7	27.3
HP0392	BSU36350	21.951	41	32	0	743	783	2	42	3.7	27.3
HP0392	BSU20250	48.000	25	13	0	4	28	250	274	3.8	27.3
HP0392	BSU31030	33.846	65	41	1	113	177	28	90	3.9	26.9
HP0392	BSU40540	24.691	81	57	1	280	360	21	97	4.4	26.2
HP0392	BSU40400	28.070	114	57	5	403	514	509	599	5.2	27.3
HP0392	BSU08300	29.670	91	51	4	706	793	33	113	5.8	26.6
HP0392	BSU12270	61.111	18	7	0	110	127	125	142	7.0	26.2
HP0392	BSU14900	46.154	26	14	0	390	415	43	68	7.3	26.6
HP0392	BSU36550	34.043	47	26	2	406	447	188	234	8.2	26.2
HP0392	BSU33090	34.545	55	24	2	471	515	292	344	8.3	26.2
HP0392	BSU13530	36.842	38	24	0	478	515	690	727	8.4	26.6
HP0392	BSU22500	45.714	35	17	1	365	397	57	91	9.9	25.0
HP0393	BSU14010	29.965	287	178	9	8	287	11	281	1.20e-30	114
HP0393	BSU16440	26.357	129	88	3	34	160	21	144	1.09e-07	47.8
HP0393	BSU16330	29.688	128	76	5	183	308	5	120	2.43e-06	42.7
HP0393	BSU29110	23.256	129	86	3	183	310	5	121	7.99e-05	40.0
HP0393	BSU02550	26.364	110	68	3	184	293	1	97	1.32e-04	39.3
HP0393	BSU39660	24.324	111	71	2	183	293	4	101	6.50e-04	37.4
HP0393	BSU13250	23.881	134	87	4	180	311	3	123	0.003	35.0
HP0393	BSU04460	28.244	131	79	6	178	305	3	121	0.004	34.7
HP0393	BSU16420	33.333	105	50	4	183	285	4	90	0.010	33.9
HP0393	BSU30400	34.286	35	20	1	238	272	49	80	0.40	28.9
HP0393	BSU40410	25.000	76	47	1	183	258	5	70	0.67	28.1
HP0393	BSU24220	24.752	101	65	3	207	306	32	122	1.0	27.7
HP0393	BSU06960	26.829	82	56	2	213	293	27	105	1.3	27.3
HP0393	BSU09330	29.825	57	38	1	237	293	49	103	2.1	26.6
HP0393	BSU03750	21.622	111	74	2	183	293	3	100	2.5	26.2
HP0393	BSU33490	30.952	42	28	1	81	122	614	654	4.2	25.8
HP0393	BSU03890	20.000	45	36	0	83	127	231	275	7.0	25.0
HP0394	BSU17610	25.000	72	49	2	91	162	416	482	1.5	26.9
HP0394	BSU36170	33.333	48	27	1	142	184	188	235	1.8	26.2
HP0394	BSU28070	41.935	31	18	0	196	226	2	32	2.3	26.2
HP0394	BSU40370	30.952	42	29	0	47	88	132	173	2.7	25.8
HP0394	BSU34620	29.032	31	22	0	29	59	340	370	4.4	25.4
HP0394	BSU40480	57.692	26	11	0	137	162	46	71	6.3	24.6
HP0394	BSU03160	36.364	33	21	0	53	85	203	235	6.8	24.6
HP0394	BSU25930	32.143	28	19	0	165	192	19	46	7.4	22.7
HP0394	BSU00950	31.034	29	20	0	40	68	97	125	8.7	23.9
HP0394	BSU34100	26.984	63	39	2	91	153	33	88	8.8	24.3
HP0395	BSU15380	38.693	199	109	6	28	219	28	220	2.55e-34	119
HP0395	BSU17550	33.333	33	20	1	94	124	42	74	1.5	25.4
HP0395	BSU15300	29.825	57	33	2	1	57	1149	1198	2.9	25.8
HP0395	BSU15870	22.099	181	116	6	43	205	387	560	3.1	25.8
HP0395	BSU30460	44.444	27	15	0	139	165	6	32	3.3	24.6
HP0395	BSU25110	27.941	68	34	4	119	180	197	255	4.1	25.0
HP0395	BSU36750	27.068	133	69	7	62	181	66	183	4.3	25.0
HP0395	BSU36010	31.707	41	24	2	39	75	329	369	4.4	25.0
HP0395	BSU15650	30.952	42	28	1	135	176	531	571	4.9	25.0
HP0395	BSU31960	39.535	43	22	1	123	161	418	460	6.3	24.6
HP0395	BSU03490	27.027	111	52	5	94	187	1968	2066	8.2	24.3
HP0396	BSU03640	25.971	412	259	14	2	398	7	387	3.89e-30	120
HP0396	BSU13530	25.263	95	53	3	148	235	168	251	6.0	26.6
HP0397	BSU23070	37.170	530	317	8	1	522	1	522	1.95e-114	345
HP0397	BSU34680	31.399	293	192	6	33	318	35	325	3.03e-38	139
HP0397	BSU18560	29.333	225	139	5	78	290	94	310	2.14e-28	112
HP0397	BSU15850	24.242	132	99	1	389	519	84	215	1.85e-09	54.7
HP0397	BSU28475	22.892	166	108	6	159	313	7	163	1.4	27.7
HP0397	BSU28470	23.952	167	105	7	159	313	252	408	2.9	27.3
HP0397	BSU11770	27.143	70	31	2	430	499	7	56	3.4	25.8
HP0397	BSU09640	30.189	53	37	0	338	390	114	166	4.4	26.6
HP0397	BSU18300	25.397	63	47	0	420	482	1091	1153	6.0	26.2
HP0397	BSU31090	36.364	33	21	0	140	172	4	36	7.0	25.8
HP0397	BSU02230	32.353	34	23	0	141	174	3	36	9.0	25.4
HP0398	BSU18510	34.694	49	28	1	6	50	2	50	3.0	24.3
HP0398	BSU07430	50.000	30	14	1	115	143	164	193	3.7	25.0
HP0398	BSU36720	45.455	22	12	0	5	26	11	32	3.7	23.1
HP0398	BSU30390	50.000	16	8	0	120	135	186	201	5.5	24.3
HP0398	BSU30710	28.000	50	34	1	12	61	119	166	6.9	24.3
HP0398	BSU16780	26.667	30	22	0	127	156	520	549	8.7	23.9
HP0399	BSU22880	29.653	317	207	8	58	365	39	348	2.96e-37	139
HP0399	BSU22880	26.377	345	230	11	228	556	42	378	1.50e-23	99.4
HP0399	BSU00630	41.026	78	44	2	374	450	4	80	3.15e-10	55.1
HP0399	BSU00630	29.870	77	52	2	289	365	6	80	2.23e-07	47.0
HP0399	BSU00630	32.584	89	58	2	201	288	3	90	2.23e-05	41.2
HP0399	BSU00630	29.670	91	45	5	462	543	7	87	0.45	28.9
HP0399	BSU31390	38.095	84	51	1	209	291	13	96	6.25e-08	48.5
HP0399	BSU31390	34.568	81	52	1	371	450	3	83	6.82e-08	48.5
HP0399	BSU31390	30.000	70	48	1	296	365	15	83	1.43e-07	47.4
HP0399	BSU31390	24.348	115	65	3	454	546	1	115	0.13	30.4
HP0399	BSU04780	34.247	73	47	1	286	358	646	717	2.05e-06	47.4
HP0399	BSU04780	37.647	85	46	3	189	271	638	717	0.002	37.7
HP0399	BSU04780	32.353	68	45	1	376	442	649	716	0.011	35.4
HP0399	BSU16690	37.333	75	45	2	374	447	621	694	1.16e-05	44.7
HP0399	BSU16690	35.088	57	36	1	296	352	630	685	2.48e-04	40.4
HP0399	BSU16690	42.029	69	38	2	208	275	627	694	3.66e-04	40.0
HP0399	BSU33610	27.957	93	54	3	295	374	634	726	1.29e-04	41.6
HP0399	BSU33610	24.719	89	55	3	374	450	626	714	0.001	38.5
HP0399	BSU33610	29.885	87	46	3	209	280	633	719	0.062	32.7
HP0399	BSU11350	22.388	67	49	1	293	356	36	102	0.37	30.0
HP0399	BSU11030	25.397	126	72	5	387	510	31	136	0.69	29.3
HP0399	BSU11030	29.293	99	43	4	215	309	31	106	3.6	26.9
HP0399	BSU16600	29.577	71	42	2	377	445	136	200	2.7	27.3
HP0399	BSU26030	31.250	64	38	2	329	392	130	187	2.8	27.7
HP0399	BSU32530	33.333	51	30	2	151	201	357	403	4.7	26.6
HP0399	BSU37510	35.484	31	20	0	48	78	475	505	6.4	26.2
HP0399	BSU31490	27.536	69	47	2	13	81	465	530	8.0	25.8
HP0400	BSU25160	29.181	281	184	6	1	267	1	280	3.46e-30	112
HP0400	BSU02030	28.070	114	64	5	90	187	47	158	0.12	30.0
HP0400	BSU40100	30.000	70	37	3	35	98	280	343	1.8	26.9
HP0400	BSU00690	22.013	159	102	5	63	203	356	510	2.8	26.2
HP0400	BSU39460	23.333	30	23	0	41	70	356	385	3.8	25.8
HP0400	BSU31090	38.095	42	24	2	101	142	21	60	4.0	25.4
HP0400	BSU00510	25.000	64	48	0	87	150	226	289	4.4	25.4
HP0400	BSU06070	41.463	41	23	1	44	83	38	78	5.0	25.4
HP0400	BSU09830	31.579	38	26	0	68	105	20	57	5.5	25.0
HP0400	BSU04450	25.806	62	46	0	112	173	29	90	5.5	25.4
HP0400	BSU00460	28.571	49	32	1	82	127	150	198	6.0	25.0
HP0400	BSU25470	36.000	50	23	2	164	213	274	314	7.0	25.0
HP0400	BSU13570	36.667	30	19	0	163	192	174	203	7.0	24.6
HP0401	BSU22600	39.573	422	240	7	9	425	17	428	1.89e-95	290
HP0401	BSU37100	24.715	263	167	13	95	345	106	349	3.61e-04	39.3
HP0401	BSU36760	26.500	200	130	9	87	279	97	286	0.19	30.8
HP0401	BSU11420	26.582	79	50	1	10	80	111	189	0.66	28.9
HP0401	BSU10620	27.857	140	73	10	34	160	554	678	0.72	28.9
HP0401	BSU22880	35.185	54	26	1	1	54	152	196	1.5	27.7
HP0401	BSU38810	35.000	40	25	1	77	116	40	78	4.9	26.2
HP0401	BSU38660	36.842	38	22	1	75	110	32	69	5.5	25.8
HP0401	BSU38470	25.926	162	77	6	36	183	206	338	8.1	25.4
HP0401	BSU01950	37.143	35	19	1	279	310	58	92	8.8	25.0
HP0401	BSU05210	42.105	38	15	1	281	311	117	154	9.3	25.0
HP0402	BSU28630	28.695	812	490	29	17	764	18	804	7.57e-70	242
HP0402	BSU29820	50.459	109	51	3	18	125	72	178	6.57e-18	79.7
HP0402	BSU00380	33.735	83	50	2	46	127	572	650	1.07e-04	42.4
HP0402	BSU21920	43.243	37	20	1	683	719	334	369	1.7	28.5
HP0402	BSU21229	34.000	50	30	1	266	312	41	90	4.5	26.9
HP0403	BSU28640	41.994	331	183	6	5	328	13	341	1.28e-89	269
HP0403	BSU08170	32.099	81	50	2	9	84	18	98	0.041	30.4
HP0403	BSU01870	26.667	45	30	1	179	223	24	65	0.50	27.3
HP0403	BSU27560	36.111	36	23	0	269	304	278	313	1.6	27.3
HP0403	BSU09540	40.000	15	9	0	264	278	36	50	8.0	24.6
HP0403	BSU15300	32.927	82	42	4	30	105	114	188	8.1	25.0
HP0403	BSU03320	22.917	144	89	4	53	175	174	316	8.2	25.0
HP0403	BSU06812	36.000	50	30	1	35	84	186	233	8.4	25.0
HP0404	BSU10030	40.777	103	51	3	3	99	8	106	5.35e-17	68.2
HP0404	BSU30940	24.590	61	37	1	27	87	416	467	0.55	26.2
HP0404	BSU01070	30.769	39	27	0	33	71	425	463	0.97	25.4
HP0404	BSU35770	27.500	40	29	0	42	81	3	42	1.1	25.0
HP0404	BSU21470	26.027	73	53	1	3	75	75	146	1.8	24.6
HP0404	BSU07070	21.154	52	41	0	21	72	156	207	2.6	23.9
HP0404	BSU39230	28.571	70	37	3	29	95	2265	2324	3.7	23.5
HP0404	BSU12190	28.205	39	28	0	39	77	29	67	5.5	22.7
HP0404	BSU05830	45.455	22	12	0	3	24	1	22	6.5	22.7
HP0404	BSU09810	34.483	29	19	0	24	52	55	83	6.7	22.7
HP0404	BSU21210	25.862	58	33	2	12	62	121	175	7.3	22.7
HP0404	BSU03890	23.810	42	32	0	50	91	178	219	9.6	22.3
HP0404	BSU31520	23.333	90	52	3	28	101	261	349	9.9	22.3
HP0405	BSU32690	26.329	395	246	14	52	435	38	398	2.51e-28	112
HP0405	BSU27880	30.370	135	75	7	76	207	44	162	0.010	34.7
HP0405	BSU24550	26.724	116	79	3	132	243	160	273	0.053	32.3
HP0405	BSU32520	24.096	83	58	1	169	251	122	199	0.22	30.4
HP0405	BSU17000	29.310	58	38	1	170	224	154	211	0.85	28.5
HP0405	BSU18560	29.032	62	34	1	156	207	12	73	1.0	28.1
HP0405	BSU30220	25.000	56	39	1	170	222	153	208	2.3	27.3
HP0405	BSU30220	39.394	33	18	1	409	439	354	386	8.2	25.4
HP0405	BSU27120	31.111	45	29	1	260	304	84	126	2.5	26.6
HP0405	BSU22050	36.842	38	16	1	396	433	15	44	3.0	26.9
HP0405	BSU13180	36.364	33	20	1	304	336	247	278	3.0	26.9
HP0405	BSU27090	62.500	16	6	0	12	27	271	286	3.2	26.9
HP0405	BSU31860	25.203	246	124	11	106	336	98	298	4.1	26.6
HP0405	BSU31319	37.037	27	17	0	110	136	61	87	4.7	24.6
HP0405	BSU08380	33.333	60	37	2	194	250	8	67	5.6	25.8
HP0405	BSU27600	31.429	35	24	0	399	433	352	386	6.2	25.8
HP0405	BSU00320	23.596	89	49	3	166	254	95	164	7.0	25.4
HP0405	BSU29590	20.488	410	240	18	58	440	27	377	8.4	25.4
HP0405	BSU19090	25.581	43	32	0	325	367	42	84	9.9	24.6
HP0406	BSU39260	24.194	124	75	3	54	173	295	403	0.099	30.0
HP0406	BSU25390	36.538	52	31	1	4	53	210	261	0.72	27.3
HP0406	BSU30500	29.310	58	39	1	48	103	289	346	0.79	26.9
HP0406	BSU25430	24.419	86	62	2	73	158	254	336	3.7	25.0
HP0406	BSU06920	34.375	32	21	0	131	162	1	32	4.0	24.6
HP0406	BSU17040	26.804	97	65	4	71	163	654	748	5.4	24.6
HP0406	BSU39230	39.286	28	17	0	111	138	1958	1985	6.2	24.6
HP0406	BSU02980	26.050	119	75	6	17	131	139	248	7.0	24.3
HP0406	BSU18340	24.658	73	43	2	91	163	1628	1688	9.8	23.9
HP0407	BSU18570	25.204	734	434	30	26	737	10	650	1.46e-40	155
HP0407	BSU40930	25.000	656	415	20	85	730	45	633	1.93e-31	127
HP0407	BSU27220	22.571	669	415	24	85	723	305	900	1.24e-15	78.2
HP0407	BSU12160	24.281	313	214	9	233	536	443	741	2.26e-15	77.0
HP0407	BSU03310	21.722	511	336	17	100	585	84	555	9.25e-12	65.1
HP0407	BSU37280	25.660	265	135	12	75	303	107	345	6.93e-09	56.2
HP0407	BSU37280	22.517	151	87	5	406	532	678	822	0.36	31.2
HP0407	BSU37280	23.864	88	58	2	307	388	490	574	3.4	27.7
HP0407	BSU20060	23.871	155	95	6	640	775	675	825	1.5	28.9
HP0407	BSU00260	28.767	73	49	2	490	562	144	213	2.5	28.1
HP0407	BSU03600	43.478	23	13	0	708	730	110	132	8.3	26.2
HP0408	BSU34810	36.842	38	24	0	20	57	380	417	7.0	23.9
HP0408	BSU38560	40.000	30	17	1	6	34	163	192	8.1	23.5
HP0408	BSU34550	37.500	24	15	0	70	93	128	151	9.4	23.1
HP0409	BSU06360	53.033	511	232	5	1	508	8	513	0.0	543
HP0409	BSU00750	31.720	186	118	4	1	179	1	184	1.57e-14	68.9
HP0409	BSU11230	37.363	91	50	3	2	90	164	249	5.82e-08	51.6
HP0409	BSU15510	26.570	207	109	11	2	188	172	355	2.07e-04	40.4
HP0409	BSU00670	27.907	129	79	4	207	321	15	143	0.008	35.4
HP0409	BSU00120	25.342	146	78	7	45	169	41	176	0.42	29.3
HP0409	BSU27500	24.103	195	114	8	203	373	1	185	0.51	29.6
HP0409	BSU16130	30.882	68	44	2	437	501	63	130	0.69	29.3
HP0409	BSU35300	26.923	52	35	1	97	148	700	748	0.74	29.3
HP0409	BSU31725	39.130	23	14	0	55	77	18	40	2.0	24.6
HP0409	BSU27020	29.851	67	44	2	23	86	45	111	2.3	26.9
HP0409	BSU00400	53.571	28	12	1	328	354	71	98	2.3	27.3
HP0409	BSU37150	75.000	12	3	0	71	82	374	385	5.0	26.6
HP0409	BSU21910	23.077	156	88	6	31	176	88	221	5.5	26.2
HP0409	BSU34890	29.348	92	54	3	1	86	1	87	6.7	25.8
HP0409	BSU20670	26.923	52	38	0	136	187	27	78	8.8	25.4
HP0410	BSU31300	30.000	70	45	2	123	189	360	428	0.24	29.3
HP0410	BSU27760	28.302	106	53	7	17	103	163	264	0.32	28.9
HP0410	BSU17000	34.545	55	29	2	120	172	179	228	0.35	28.9
HP0410	BSU04270	27.957	93	50	6	144	220	157	248	0.47	28.5
HP0410	BSU35400	32.836	67	38	2	101	161	179	244	3.0	25.8
HP0410	BSU23380	31.707	41	18	1	13	53	86	116	3.5	25.8
HP0410	BSU29580	25.424	118	60	4	2	96	166	278	4.5	25.4
HP0410	BSU16050	46.154	26	14	0	129	154	230	255	5.1	25.0
HP0410	BSU12100	30.000	60	35	2	177	233	408	463	5.4	25.0
HP0410	BSU02890	18.667	75	53	1	171	237	103	177	6.4	24.6
HP0410	BSU10160	37.037	27	16	1	206	232	90	115	6.9	24.6
HP0410	BSU03990	29.167	48	26	2	176	217	232	277	7.3	24.6
HP0410	BSU24070	41.379	29	17	0	164	192	62	90	8.6	24.3
HP0410	BSU04160	22.472	89	65	1	19	103	371	459	9.1	24.3
HP0413	BSU20470	40.000	35	20	1	284	317	60	94	1.9	26.6
HP0413	BSU24760	36.842	38	23	1	282	318	119	156	2.7	26.9
HP0413	BSU14330	33.333	42	26	1	29	70	245	284	3.0	26.9
HP0413	BSU11910	39.286	28	17	0	50	77	274	301	8.9	25.4
HP0414	BSU31180	41.935	31	16	1	88	118	212	240	0.74	26.2
HP0414	BSU16590	34.091	44	26	1	48	88	112	155	1.4	25.0
HP0414	BSU13940	31.818	22	15	0	115	136	186	207	2.3	24.6
HP0414	BSU00650	23.457	81	60	2	1	80	121	200	2.5	24.6
HP0414	BSU17180	32.432	37	25	0	86	122	1804	1840	3.0	24.6
HP0414	BSU09850	35.135	37	24	0	52	88	57	93	4.7	23.9
HP0414	BSU02720	36.364	33	20	1	26	58	17	48	5.6	23.9
HP0414	BSU40920	42.857	21	12	0	47	67	239	259	6.0	23.5
HP0414	BSU37770	34.375	32	19	1	27	58	312	341	7.4	23.5
HP0415	BSU09640	27.273	385	224	9	241	614	16	355	1.39e-37	140
HP0415	BSU14210	28.682	129	86	2	348	476	53	175	4.19e-13	66.6
HP0415	BSU07940	26.966	89	62	2	388	475	81	167	1.04e-07	50.4
HP0415	BSU03720	25.610	164	91	6	298	437	41	197	0.004	36.6
HP0415	BSU23840	32.000	50	34	0	61	110	147	196	0.77	29.3
HP0415	BSU06990	21.333	75	52	3	86	158	3	72	1.3	28.5
HP0415	BSU05400	53.846	26	10	1	21	44	111	136	2.1	26.9
HP0415	BSU13480	32.609	46	30	1	464	508	80	125	2.6	27.3
HP0415	BSU29300	34.545	55	30	1	365	419	173	221	3.2	26.9
HP0415	BSU36510	59.091	22	8	1	10	31	372	392	3.5	27.3
HP0415	BSU04280	36.957	46	24	1	254	294	89	134	3.9	26.9
HP0415	BSU08850	35.897	39	24	1	218	256	167	204	4.3	26.6
HP0415	BSU22320	41.463	41	20	2	468	505	423	462	5.3	26.9
HP0415	BSU06470	27.143	70	34	2	420	489	45	97	6.9	25.8
HP0415	BSU23110	38.710	31	17	1	335	365	380	408	9.5	25.8
HP0415	BSU03860	35.714	28	18	0	449	476	195	222	9.9	25.4
HP0416	BSU25610	29.907	107	65	4	164	266	35	135	8.49e-04	37.4
HP0416	BSU22750	30.833	120	66	7	151	262	37	147	0.001	37.0
HP0416	BSU39890	21.481	135	104	1	132	266	7	139	0.001	37.0
HP0416	BSU03160	26.230	122	86	3	145	266	21	138	0.002	36.2
HP0416	BSU27360	28.571	63	44	1	154	215	47	109	0.002	35.8
HP0416	BSU04180	28.866	97	63	4	142	236	6	98	0.043	32.0
HP0416	BSU25450	24.107	112	78	2	159	270	173	277	0.11	31.2
HP0416	BSU27010	33.333	48	31	1	154	200	170	217	0.56	28.9
HP0416	BSU08020	26.490	151	84	7	81	211	223	366	0.57	28.9
HP0416	BSU29230	28.205	39	28	0	312	350	289	327	0.60	29.3
HP0416	BSU38600	33.333	51	34	0	292	342	405	455	1.5	27.7
HP0416	BSU00340	23.276	116	73	4	164	274	48	152	2.2	26.9
HP0416	BSU34050	32.353	68	35	2	170	236	171	228	2.5	26.6
HP0416	BSU06240	30.508	59	35	3	152	208	159	213	4.2	26.2
HP0416	BSU01060	24.528	106	63	3	165	262	62	158	5.0	25.4
HP0416	BSU35760	33.333	54	31	1	200	253	127	175	6.0	25.8
HP0416	BSU35160	28.571	42	30	0	163	204	809	850	6.6	25.8
HP0416	BSU34300	28.205	39	26	1	350	386	16	54	8.1	25.0
HP0416	BSU19600	35.484	31	20	0	143	173	17	47	8.9	25.0
HP0416	BSU31875	26.829	41	30	0	211	251	1070	1110	9.0	25.4
HP0416	BSU23220	31.707	41	15	1	41	81	165	192	9.1	25.0
HP0416	BSU09260	34.483	29	19	0	250	278	236	264	9.3	25.0
HP0417	BSU00380	39.788	661	374	11	6	649	10	663	8.06e-156	461
HP0417	BSU19040	29.245	106	72	3	547	649	4	109	5.50e-08	48.5
HP0417	BSU28090	26.984	189	122	7	286	466	509	689	1.21e-07	51.6
HP0417	BSU28090	28.689	122	69	3	18	121	56	177	2.64e-07	50.4
HP0417	BSU30320	25.767	163	109	3	18	175	48	203	9.06e-07	48.9
HP0417	BSU30320	24.731	93	62	2	301	385	576	668	0.30	30.8
HP0417	BSU15430	22.857	385	243	17	165	512	454	821	0.002	37.7
HP0417	BSU15430	25.352	142	88	4	9	134	56	195	0.006	36.6
HP0417	BSU00940	32.394	71	47	1	260	329	224	294	0.081	32.7
HP0417	BSU00940	25.641	78	55	2	3	79	25	100	3.3	27.3
HP0417	BSU28630	30.588	85	45	2	555	630	46	125	0.39	30.4
HP0417	BSU37330	34.211	38	25	0	291	328	372	409	2.0	28.1
HP0417	BSU35470	46.875	32	16	1	188	219	365	395	2.3	27.7
HP0417	BSU24270	25.352	71	51	1	164	232	392	462	4.4	26.9
HP0417	BSU34110	39.286	28	16	1	593	620	32	58	7.0	26.2
HP0417	BSU14860	31.373	51	34	1	225	274	603	653	9.9	26.2
HP0418	BSU21710	33.333	60	36	3	95	151	304	362	0.77	28.1
HP0418	BSU15180	34.848	66	33	3	10	69	13	74	1.3	27.7
HP0418	BSU30270	28.571	42	28	1	49	90	86	125	2.3	26.6
HP0418	BSU17240	38.710	31	19	0	5	35	16	46	5.5	24.6
HP0419	BSU05670	32.927	82	43	3	88	167	12	83	0.31	28.5
HP0419	BSU03160	22.764	123	72	5	47	159	29	138	0.32	28.9
HP0419	BSU22720	35.385	65	39	3	117	178	187	251	0.41	28.5
HP0419	BSU08740	31.148	61	36	2	68	126	42	98	0.41	27.7
HP0419	BSU39890	26.724	116	69	6	55	162	36	143	1.1	26.9
HP0419	BSU33720	28.235	85	56	2	64	148	10	89	1.9	26.2
HP0419	BSU24260	32.353	34	23	0	54	87	81	114	3.0	25.8
HP0419	BSU19600	32.075	53	31	2	47	96	27	77	3.3	25.4
HP0419	BSU17440	30.909	55	34	1	10	60	117	171	3.3	25.8
HP0419	BSU17380	23.864	88	50	3	6	76	335	422	4.4	25.4
HP0419	BSU09890	28.261	46	33	0	179	224	96	141	6.7	24.6
HP0419	BSU10480	35.556	45	26	1	176	217	80	124	7.4	24.3
HP0419	BSU09730	30.000	50	33	1	84	133	26	73	8.8	24.3
HP0421	BSU24910	29.412	102	68	2	209	306	182	283	8.11e-07	47.4
HP0421	BSU34340	24.224	161	116	5	215	371	210	368	9.00e-04	37.7
HP0421	BSU22460	26.027	146	96	7	235	373	232	372	0.13	30.8
HP0421	BSU30950	21.053	190	132	7	205	380	296	481	0.34	29.6
HP0421	BSU13840	24.771	109	72	4	142	240	16	124	0.86	27.7
HP0421	BSU35590	21.864	279	184	11	74	337	87	346	2.9	26.6
HP0421	BSU01250	50.000	20	10	0	299	318	60	79	5.0	24.6
HP0421	BSU16720	40.909	22	13	0	27	48	49	70	6.1	24.3
HP0421	BSU00740	20.270	148	100	4	197	340	276	409	6.8	25.4
HP0421	BSU03350	52.381	21	10	0	243	263	151	171	8.7	24.6
HP0421	BSU37050	24.051	79	56	3	96	173	60	135	9.3	25.0
HP0422	BSU23380	24.490	294	181	11	46	327	29	293	3.01e-06	46.6
HP0422	BSU40670	26.316	95	60	2	299	383	64	158	0.029	33.5
HP0422	BSU34900	31.081	74	36	3	509	567	11	84	0.41	29.6
HP0422	BSU05700	57.143	21	9	0	208	228	44	64	2.0	27.7
HP0422	BSU25240	34.375	64	32	3	200	263	213	266	4.0	26.9
HP0422	BSU16800	19.512	82	66	0	311	392	230	311	4.3	26.9
HP0422	BSU26590	31.884	69	42	1	88	156	28	91	5.1	26.6
HP0422	BSU05550	36.111	36	23	0	495	530	35	70	6.8	25.4
HP0422	BSU33550	30.769	52	35	1	220	271	237	287	8.9	25.8
HP0423	BSU30940	24.731	93	64	1	126	212	697	789	2.6	26.6
HP0423	BSU16120	57.143	14	6	0	218	231	179	192	4.0	25.8
HP0423	BSU06120	37.838	37	21	1	224	258	17	53	5.1	24.6
HP0423	BSU11410	28.283	99	54	4	50	137	19	111	5.3	25.4
HP0423	BSU02650	22.857	70	42	3	212	280	96	154	6.8	24.6
HP0423	BSU38920	36.000	50	19	3	259	296	25	73	7.5	25.0
HP0423	BSU38410	36.364	33	21	0	171	203	23	55	9.5	24.6
HP0424	BSU21610	24.138	58	44	0	58	115	234	291	0.94	28.9
HP0424	BSU11250	42.857	28	16	0	102	129	153	180	2.2	27.7
HP0424	BSU15170	36.957	46	27	1	197	240	478	523	5.8	26.6
HP0424	BSU37860	26.415	53	37	1	501	551	113	165	7.8	25.8
HP0425	BSU27620	22.829	403	251	20	17	406	71	426	1.87e-05	43.5
HP0425	BSU11150	23.301	103	72	3	15	115	14	111	0.79	28.5
HP0425	BSU26990	27.692	65	38	2	87	144	2	64	1.5	26.2
HP0425	BSU00060	34.211	38	25	0	14	51	482	519	1.7	27.7
HP0425	BSU23410	31.944	72	46	2	173	244	162	230	3.4	26.6
HP0425	BSU05650	31.429	35	24	0	209	243	442	476	4.8	26.2
HP0425	BSU21270	42.308	26	15	0	297	322	19	44	6.4	23.9
HP0425	BSU09200	36.667	30	19	0	204	233	129	158	9.5	24.6
HP0426	BSU17090	28.736	87	54	3	55	136	140	223	0.70	28.9
HP0426	BSU10540	40.909	44	21	2	449	487	85	128	1.3	28.1
HP0426	BSU22580	39.130	23	14	0	182	204	6	28	9.7	25.0
HP0426	BSU22520	41.667	36	15	1	536	571	149	178	9.9	25.4
HP_0427	BSU39970	27.941	68	41	2	10	69	171	238	0.43	25.8
HP_0427	BSU29200	25.641	39	29	0	25	63	283	321	0.48	25.8
HP_0427	BSU00570	25.000	56	38	1	36	87	71	126	0.61	25.4
HP_0427	BSU13700	32.558	43	29	0	2	44	39	81	2.1	23.9
HP_0427	BSU16070	22.727	44	34	0	13	56	418	461	5.0	22.7
HP_0427	BSU12080	35.484	31	20	0	55	85	241	271	8.0	22.3
HP_0427	BSU14090	40.909	22	13	0	42	63	248	269	8.2	22.3
HP_0427	BSU29960	22.500	40	31	0	17	56	96	135	8.4	21.9
HP_0427	BSU35100	35.714	28	18	0	59	86	40	67	8.7	21.9
HP_0427	BSU31110	47.059	17	9	0	61	77	15	31	9.1	21.6
HP_RS02135	BSU18000	30.233	43	29	1	3	44	132	174	0.44	26.2
HP0431	BSU07280	24.419	86	63	1	144	227	98	183	0.079	30.4
HP0431	BSU04740	32.203	59	37	1	25	80	27	85	0.092	30.0
HP0431	BSU37010	34.000	50	32	1	174	222	66	115	3.0	25.4
HP0431	BSU17210	27.027	111	65	4	55	163	965	1061	3.0	25.8
HP0431	BSU39490	29.310	58	36	2	54	108	104	159	3.7	25.0
HP0431	BSU08100	37.500	24	15	0	163	186	95	118	8.3	24.3
HP0431	BSU26748	57.143	14	6	0	112	125	26	39	8.6	22.3
HP0432	BSU02030	33.333	99	57	4	14	106	25	120	0.051	31.6
HP0432	BSU15770	42.857	28	16	0	229	256	188	215	0.92	27.7
HP0432	BSU38880	38.095	42	21	2	197	233	243	284	3.0	26.2
HP0432	BSU13580	40.909	22	13	0	192	213	191	212	4.5	25.4
HP0432	BSU20860	36.585	41	25	1	176	215	277	317	5.3	25.4
HP0432	BSU00860	24.675	77	53	3	120	194	226	299	5.4	25.4
HP0432	BSU35650	30.612	49	31	2	222	267	96	144	6.2	25.0
HP0432	BSU28560	28.571	28	20	0	268	295	241	268	7.1	25.0
HP0432	BSU34570	26.923	52	38	0	212	263	643	694	7.3	25.0
HP0432	BSU40190	50.000	26	13	0	174	199	269	294	8.1	25.0
HP_0433	BSU02030	35.088	57	35	1	73	129	120	174	0.012	31.6
HP_0433	BSU15010	27.143	70	48	2	36	105	36	102	0.57	26.6
HP_0433	BSU22230	28.378	74	45	3	63	134	31	98	0.88	25.8
HP_0433	BSU07250	38.462	26	16	0	115	140	427	452	3.8	24.3
HP_0433	BSU21910	38.636	44	24	2	69	112	2	42	3.8	24.3
HP_0433	BSU04160	23.656	93	51	3	26	104	86	172	4.3	24.3
HP_0433	BSU08640	34.211	38	21	1	82	119	13	46	4.7	23.1
HP_0433	BSU06410	41.176	17	10	0	2	18	38	54	6.0	22.3
HP_0433	BSU30760	41.176	17	10	0	88	104	181	197	9.4	23.1
HP_0433	BSU30150	25.862	58	39	2	83	136	659	716	9.9	23.1
HP0434	BSU11010	37.500	32	20	0	357	388	94	125	1.9	28.1
HP0434	BSU14290	25.352	71	50	1	289	359	105	172	4.2	26.6
HP0434	BSU21110	47.059	34	14	2	139	168	249	282	5.7	26.9
HP0434	BSU32780	44.444	27	15	0	152	178	37	63	5.9	25.8
HP0434	BSU27030	29.032	31	22	0	329	359	541	571	6.2	26.6
HP0434	BSU40670	30.769	52	31	1	302	348	142	193	6.6	26.2
HP0437	BSU03700	33.333	48	31	1	36	82	30	77	2.1	25.0
HP0437	BSU15740	72.727	11	3	0	122	132	433	443	3.7	24.3
HP0437	BSU13200	33.333	54	34	1	13	66	179	230	5.3	23.9
HP0437	BSU39470	33.333	36	24	0	45	80	47	82	5.4	23.9
HP0437	BSU09290	33.333	24	16	0	48	71	374	397	6.4	23.9
HP0437	BSU04670	34.286	35	23	0	13	47	164	198	7.8	23.5
HP0438	BSU15710	37.500	32	14	1	321	352	537	562	0.52	29.3
HP0438	BSU17200	25.806	124	77	2	290	413	3571	3679	1.7	27.7
HP0438	BSU27110	47.619	21	11	0	244	264	169	189	5.4	25.8
HP0438	BSU11610	30.952	42	22	1	46	80	92	133	6.7	25.4
HP0438	BSU31860	24.576	118	76	5	268	377	661	773	8.4	25.4
HP0439	BSU15440	26.667	45	33	0	121	165	16	60	1.8	26.2
HP0439	BSU16140	23.596	89	53	2	185	258	200	288	4.3	25.8
HP0439	BSU13020	29.310	58	32	2	111	168	102	150	6.4	25.4
HP0440	BSU16120	29.494	573	344	21	1	545	1	541	5.20e-47	174
HP0440	BSU04260	24.449	499	323	16	69	542	99	568	9.63e-20	90.5
HP0440	BSU37740	31.183	93	47	4	149	241	88	163	0.44	29.6
HP0440	BSU10830	28.099	121	70	6	530	642	94	205	1.4	28.5
HP0440	BSU25990	45.833	24	13	0	401	424	114	137	1.9	27.3
HP0440	BSU39540	25.000	124	64	4	277	395	195	294	2.6	27.7
HP0440	BSU27990	47.059	34	14	2	89	119	101	133	2.8	27.3
HP0440	BSU31480	34.545	55	26	2	113	167	74	118	6.2	26.6
HP0440	BSU06600	50.000	22	11	0	545	566	194	215	8.3	25.8
HP0440	BSU23120	26.506	83	56	2	510	592	59	136	9.3	25.8
HP0441	BSU04940	26.316	190	123	8	319	494	318	504	0.076	33.1
HP0441	BSU36810	41.667	36	20	1	452	486	151	186	0.63	30.0
HP0441	BSU04860	47.826	23	12	0	454	476	229	251	1.3	28.9
HP0441	BSU34840	30.159	63	43	1	137	199	383	444	2.1	28.5
HP0441	BSU30710	50.000	26	13	0	357	382	387	412	2.3	28.1
HP0441	BSU16400	32.609	46	29	1	445	488	168	213	2.7	27.7
HP0441	BSU40190	21.333	75	54	1	436	510	213	282	3.5	27.7
HP0441	BSU20830	56.522	23	10	0	340	362	36	58	3.9	26.2
HP0441	BSU20060	44.828	29	12	1	104	128	730	758	4.6	27.3
HP0441	BSU03510	35.484	31	20	0	200	230	189	219	5.2	27.3
HP0441	BSU16240	35.556	45	26	2	457	501	163	204	5.2	26.9
HP0441	BSU09480	20.000	70	50	2	712	778	403	469	6.1	26.9
HP0441	BSU13850	31.915	47	31	1	113	159	434	479	7.0	26.6
HP0441	BSU04870	46.154	26	10	1	261	286	37	58	8.6	26.2
HP0441	BSU15430	28.571	35	25	0	697	731	214	248	9.4	26.6
HP0442	BSU39630	40.541	37	22	0	52	88	552	588	1.4	24.3
HP0442	BSU30290	29.091	55	39	0	2	56	80	134	1.7	23.9
HP0442	BSU13850	25.333	75	51	2	16	85	241	315	2.6	23.5
HP0442	BSU06990	34.615	26	17	0	39	64	155	180	7.3	22.3
HP0443	BSU35570	40.741	27	16	0	23	49	206	232	0.90	25.0
HP0443	BSU13890	34.091	44	26	2	17	57	17	60	2.2	24.3
HP0443	BSU28200	33.333	21	14	0	28	48	181	201	5.3	23.1
HP0443	BSU12650	34.783	23	15	0	35	57	365	387	6.2	22.7
HP0443	BSU29040	50.000	22	9	1	53	74	370	389	6.9	22.7
HP0443	BSU26075	39.130	23	14	0	35	57	365	387	8.1	22.3
HP0444	BSU35240	33.962	53	32	1	346	398	179	228	0.26	30.4
HP0444	BSU19000	62.500	16	6	0	305	320	581	596	1.2	28.5
HP0444	BSU31230	25.287	87	51	2	384	470	588	660	1.2	28.5
HP0444	BSU19170	33.333	30	20	0	242	271	67	96	1.3	28.1
HP0444	BSU21120	43.750	48	23	2	280	327	181	224	2.8	27.3
HP0444	BSU02090	24.096	83	56	3	431	507	59	140	3.0	26.9
HP0444	BSU29620	28.378	74	49	3	234	305	83	154	4.1	26.6
HP0444	BSU37440	23.881	67	42	2	33	99	141	198	4.9	26.6
HP0444	BSU21350	62.500	16	6	0	291	306	1343	1358	5.2	26.6
HP0444	BSU03490	28.205	78	48	3	406	482	3175	3245	8.7	25.8
HP0444	BSU13070	29.825	57	29	3	306	360	60	107	9.0	25.0
HP0445	BSU22050	21.519	79	46	1	6	68	207	285	1.1	25.0
HP0445	BSU39230	55.000	20	9	0	11	30	481	500	1.2	25.0
HP0445	BSU31230	58.333	12	5	0	17	28	128	139	1.3	24.6
HP0445	BSU07330	28.889	45	28	1	3	47	139	179	1.6	24.3
HP0445	BSU35050	58.824	17	7	0	2	18	15	31	1.9	23.9
HP0445	BSU38930	27.027	37	27	0	20	56	14	50	5.3	22.3
HP0445	BSU30320	52.174	23	11	0	28	50	728	750	6.6	22.7
HP0445	BSU04390	34.615	26	17	0	9	34	145	170	7.8	22.3
HP0445	BSU15710	28.889	45	27	1	6	45	113	157	9.9	22.3
HP0446	BSU28160	29.032	62	43	1	88	149	66	126	0.084	30.4
HP0446	BSU25130	24.096	83	57	3	34	115	91	168	0.56	28.1
HP0446	BSU34130	24.731	93	63	2	29	114	353	445	1.2	27.3
HP0446	BSU01670	22.115	104	63	4	92	194	119	205	2.5	26.2
HP0446	BSU21760	29.268	41	22	1	75	108	42	82	3.5	24.3
HP0446	BSU28040	20.000	65	52	0	65	129	80	144	8.1	24.3
HP0447	BSU17040	26.667	60	28	2	159	202	529	588	1.1	28.1
HP0447	BSU11140	29.412	34	24	0	170	203	90	123	2.1	26.9
HP0447	BSU11820	28.947	38	25	1	89	124	341	378	4.3	26.2
HP0447	BSU27900	38.095	42	16	1	258	299	33	64	4.9	25.8
HP0447	BSU00600	26.087	92	55	4	248	326	3	94	5.2	24.6
HP0447	BSU33600	28.947	76	44	3	81	155	86	152	6.2	25.0
HP0447	BSU13890	25.000	100	57	5	134	223	516	607	8.8	25.0
HP0448	BSU09670	57.143	28	10	1	30	57	205	230	0.38	26.6
HP0448	BSU41000	30.435	46	30	1	67	112	30	73	2.9	23.9
HP0448	BSU05330	29.508	61	37	1	23	77	32	92	3.3	23.5
HP0448	BSU06710	40.000	25	14	1	54	78	342	365	4.7	23.5
HP0449	BSU25560	29.070	86	49	3	383	465	153	229	1.3	28.1
HP0449	BSU03480	26.452	155	103	6	53	202	3261	3409	1.6	28.1
HP0449	BSU10580	38.636	44	24	1	281	321	228	271	2.2	27.3
HP0449	BSU34800	31.579	76	39	3	379	452	115	179	4.8	26.2
HP0449	BSU22980	26.087	46	32	1	168	213	142	185	6.3	25.8
HP0449	BSU12700	33.333	24	16	0	418	441	11	34	6.6	25.8
HP0449	BSU25380	50.000	20	10	0	367	386	300	319	9.2	25.4
HP0449	BSU02140	43.333	30	17	0	364	393	207	236	9.9	25.4
HP_RS07935	BSU28280	39.474	38	23	0	2	39	427	464	8.9	21.6
HP0451	BSU21350	30.909	55	32	2	9	61	22	72	2.1	23.9
HP0451	BSU00040	69.231	13	4	0	40	52	196	208	2.2	23.9
HP0451	BSU00440	25.974	77	49	1	6	74	1	77	2.5	23.1
HP0451	BSU20980	20.225	89	47	2	12	76	148	236	2.5	23.9
HP0451	BSU07250	36.364	22	14	0	32	53	609	630	4.5	23.1
HP0451	BSU11190	32.653	49	30	1	35	80	97	145	4.9	22.7
HP0451	BSU39230	33.333	24	16	0	4	27	120	143	5.4	22.7
HP0451	BSU15410	52.941	17	8	0	57	73	30	46	6.5	22.3
HP0451	BSU37100	27.778	36	26	0	51	86	124	159	6.6	22.7
HP0451	BSU04910	29.730	37	26	0	58	94	97	133	6.6	22.3
HP0451	BSU34480	39.130	23	14	0	44	66	147	169	7.1	22.3
HP0451	BSU07090	21.667	60	47	0	6	65	470	529	7.5	22.3
HP0451	BSU01640	29.787	47	30	2	36	79	305	351	8.3	22.3
HP0451	BSU35830	31.707	41	27	1	4	44	195	234	8.5	22.3
HP0451	BSU17190	27.273	44	32	0	31	74	3300	3343	9.9	21.9
HP_0452	BSU13700	25.194	258	138	9	77	319	334	551	0.56	29.6
HP_0452	BSU37770	42.857	42	22	1	35	74	370	411	0.78	29.3
HP_0452	BSU21130	36.066	61	33	2	69	126	327	384	1.5	28.1
HP_0452	BSU08000	27.907	43	31	0	190	232	255	297	2.5	27.3
HP_0452	BSU22620	32.653	49	31	1	269	317	34	80	2.6	27.3
HP_0452	BSU12680	35.135	37	24	0	112	148	3	39	3.0	27.3
HP_0452	BSU31875	37.143	35	15	1	201	235	675	702	5.0	26.6
HP_0452	BSU00130	23.077	182	126	4	53	220	33	214	5.9	26.2
HP_0452	BSU15510	31.707	41	28	0	454	494	94	134	8.3	25.8
HP_0452	BSU20710	34.483	29	19	0	1	29	7	35	9.3	23.9
HP_0452	BSU30830	55.556	18	8	0	387	404	159	176	9.7	25.4
HP0453	BSU26440	38.710	31	17	1	384	412	37	67	1.8	28.9
HP0453	BSU29680	35.593	59	28	3	359	411	15	69	2.2	28.9
HP0453	BSU21470	26.364	110	54	6	697	791	2	99	2.5	28.5
HP0453	BSU28950	22.917	48	37	0	157	204	86	133	3.9	28.1
HP0453	BSU09300	28.571	70	48	2	767	835	457	525	4.3	27.7
HP0453	BSU01480	27.160	81	49	2	492	572	30	100	5.1	27.3
HP0454	BSU35420	30.357	56	37	1	132	185	76	131	0.16	28.9
HP0454	BSU23380	33.333	48	26	2	67	112	107	150	0.47	28.1
HP0454	BSU22980	29.032	62	39	3	34	92	145	204	2.7	25.4
HP0454	BSU34170	40.000	25	15	0	78	102	262	286	2.7	25.8
HP0454	BSU33520	26.087	69	51	0	140	208	33	101	2.9	24.6
HP0454	BSU32080	21.667	60	42	1	57	111	45	104	4.7	24.3
HP0454	BSU06048	41.935	31	17	1	94	123	2	32	5.3	23.9
HP0454	BSU04270	23.853	109	70	2	19	119	60	163	7.5	24.3
HP0454	BSU08300	32.000	50	28	1	46	89	5	54	7.6	24.3
HP0454	BSU16530	28.261	46	32	1	5	49	148	193	8.4	23.9
HP0454	BSU12490	37.209	43	26	1	46	87	161	203	9.3	23.9
HP0454	BSU38530	23.438	64	45	2	13	72	325	388	9.4	23.9
HP_RS02245	BSU36000	58.824	17	7	0	203	219	190	206	2.0	26.2
HP_RS02245	BSU36170	35.714	28	18	0	5	32	30	57	9.4	24.3
HP0456a	BSU18340	21.311	61	45	1	2	59	1463	1523	2.8	23.1
HP0456a	BSU18310	31.429	35	24	0	5	39	3346	3380	2.9	23.1
HP0456a	BSU26300	31.250	32	22	0	20	51	20	51	3.6	21.9
HP0456a	BSU37230	43.590	39	13	1	11	49	484	513	4.4	22.3
HP0456a	BSU33120	23.913	46	35	0	24	69	155	200	7.2	21.9
HP0456	BSU10070	22.807	57	43	1	2	57	120	176	1.3	25.8
HP0456	BSU26580	25.600	125	65	4	5	126	86	185	1.5	25.4
HP0456	BSU04700	26.027	73	42	3	76	136	139	211	2.7	24.6
HP0456	BSU27080	35.714	28	18	0	48	75	179	206	5.5	23.9
HP0456	BSU12630	45.455	22	12	0	46	67	129	150	6.9	23.5
HP0456	BSU13340	27.027	74	53	1	74	147	44	116	8.3	23.1
HP0456	BSU07460	32.500	40	27	0	79	118	65	104	9.9	23.1
HP_RS02260	BSU26620	37.931	29	18	0	2	30	127	155	3.3	23.5
HP0457	BSU21350	24.706	85	58	1	1	85	1678	1756	3.7	23.1
HP0457	BSU10520	33.333	45	24	1	9	53	123	161	6.2	22.3
HP0457	BSU20040	36.000	25	16	0	63	87	277	301	7.8	21.9
HP0457	BSU23420	30.769	26	18	0	9	34	10	35	9.4	21.6
HP0458	BSU29060	30.645	62	33	3	13	64	1	62	0.61	24.6
HP0458	BSU13700	26.829	82	42	3	6	71	36	115	2.2	23.5
HP0458	BSU24630	33.333	51	33	1	25	75	39	88	2.4	23.1
HP0458	BSU20750	34.375	32	21	0	26	57	3	34	3.7	21.9
HP0458	BSU11430	23.404	47	36	0	13	59	391	437	4.2	22.7
HP0458	BSU17220	32.143	28	19	0	41	68	1351	1378	6.6	21.9
HP0459	BSU29805	36.842	38	21	1	480	514	634	671	0.37	31.2
HP0459	BSU04490	25.439	114	76	3	483	596	36	140	0.49	30.4
HP0459	BSU09710	34.545	55	27	3	479	524	364	418	0.89	29.6
HP0459	BSU15110	21.384	159	84	5	392	520	10	157	0.95	29.3
HP0459	BSU24730	43.243	37	19	1	480	514	137	173	1.3	28.9
HP0459	BSU34090	41.176	34	19	1	483	516	36	68	2.6	28.1
HP0459	BSU03930	26.415	106	60	4	709	803	46	144	4.1	27.3
HP0459	BSU40820	24.390	82	57	2	479	560	195	271	4.3	27.7
HP0459	BSU11790	31.579	38	26	0	119	156	12	49	6.6	25.8
HP0459	BSU09080	46.429	28	14	1	484	511	36	62	7.1	26.6
HP0459	BSU26260	23.404	47	36	0	483	529	169	215	7.1	26.6
HP0459	BSU18310	30.769	52	29	1	201	245	126	177	8.2	26.9
HP0459	BSU03990	31.461	89	41	6	375	456	131	206	8.8	26.6
HP0459	BSU30380	62.500	16	6	0	483	498	38	53	9.9	26.2
HP_0460	BSU10650	33.333	66	35	3	65	129	649	706	1.1	26.6
HP_0460	BSU21350	27.200	125	76	6	4	125	1998	2110	1.3	26.2
HP_0460	BSU34030	20.930	43	34	0	55	97	1	43	1.4	25.8
HP_0460	BSU26270	25.000	92	56	3	68	146	99	190	5.0	23.9
HP_0460	BSU02850	39.130	46	26	2	39	83	151	195	5.5	23.9
HP_0460	BSU10060	25.275	91	60	4	76	159	21	110	5.9	23.9
HP_0460	BSU40170	30.435	46	32	0	59	104	30	75	6.2	23.9
HP_0460	BSU15840	36.364	33	21	0	87	119	204	236	6.9	23.9
HP_0460	BSU00310	22.727	132	84	5	23	140	102	229	8.0	23.5
HP_0460	BSU40510	24.138	58	26	1	102	159	324	363	8.3	23.5
HP_0460	BSU32530	24.324	74	47	1	1	74	104	168	8.5	23.5
HP0462	BSU36230	31.148	61	30	3	213	261	370	430	1.3	27.7
HP0462	BSU15530	29.167	72	47	1	41	112	122	189	2.7	26.6
HP0462	BSU33930	27.273	44	32	0	218	261	340	383	2.7	26.6
HP0462	BSU17560	28.788	132	81	5	121	242	5	133	3.0	25.8
HP0462	BSU17410	31.667	60	35	3	92	146	138	196	5.5	25.4
HP0462	BSU15170	28.049	82	57	2	156	236	74	154	6.3	25.4
HP0462	BSU37080	34.483	29	19	0	2	30	86	114	9.7	25.0
HP0463	BSU29480	20.737	217	142	7	211	422	98	289	0.46	29.6
HP0463	BSU37000	29.412	85	52	5	231	315	117	193	0.70	28.9
HP0463	BSU09480	40.000	30	16	1	388	415	152	181	1.7	28.1
HP0463	BSU25270	28.889	45	32	0	351	395	235	279	2.8	27.3
HP0463	BSU25330	40.000	30	12	1	197	226	335	358	7.7	26.2
HP0463	BSU03140	29.167	72	47	3	337	406	43	112	8.2	25.4
HP0463	BSU17190	40.000	25	15	0	453	477	3184	3208	9.6	25.8
HP0464	BSU12650	20.968	124	54	2	287	410	45	124	0.065	33.5
HP0464	BSU34370	24.590	122	69	3	345	466	67	165	0.31	31.2
HP0464	BSU35480	31.507	73	40	2	872	936	15	85	0.76	30.0
HP0464	BSU23890	35.000	60	33	3	996	1055	86	139	5.1	27.3
HP0464	BSU26075	19.512	123	55	2	287	409	45	123	5.3	27.3
HP0464	BSU07280	76.923	13	3	0	170	182	136	148	7.4	26.9
HP0464	BSU08520	26.582	79	39	1	576	654	97	156	7.9	26.6
HP0464	BSU17610	27.848	79	50	3	604	677	235	311	8.1	26.9
HP0464	BSU19890	36.000	50	27	2	833	882	39	83	8.3	25.4
HP0464	BSU09090	59.091	22	9	0	1011	1032	54	75	8.6	26.6
HP0464	BSU28580	27.273	88	46	3	607	694	547	616	8.7	26.9
HP0464	BSU18330	29.825	57	39	1	987	1043	406	461	9.1	26.9
HP0464	BSU06770	21.111	90	65	2	637	720	307	396	9.3	26.6
HP0465	BSU12520	32.203	59	36	1	289	343	25	83	1.4	28.1
HP0465	BSU39200	41.935	31	18	0	487	517	29	59	1.7	26.9
HP0465	BSU28430	41.667	36	20	1	315	349	97	132	2.1	27.7
HP0465	BSU13780	27.632	76	47	3	255	327	117	187	3.6	27.3
HP0465	BSU08110	26.190	42	31	0	491	532	18	59	4.5	24.6
HP0465	BSU15940	26.786	56	39	1	15	70	1025	1078	5.5	26.9
HP0465	BSU09830	26.804	97	59	4	8	97	73	164	6.9	26.2
HP0465	BSU09720	28.571	70	38	2	251	317	525	585	9.6	25.8
HP0465	BSU33440	27.848	79	49	3	265	339	440	514	9.9	25.8
HP0466	BSU39110	24.490	98	62	3	86	178	363	453	0.10	30.4
HP0466	BSU20370	36.207	58	36	1	141	198	150	206	0.24	29.3
HP0467	BSU00520	47.826	23	12	0	7	29	153	175	0.37	26.2
HP0467	BSU22930	29.630	54	34	1	53	102	105	158	1.2	25.0
HP0467	BSU17190	36.364	33	18	1	50	82	3297	3326	1.5	24.6
HP0467	BSU22060	31.148	61	30	2	2	50	63	123	1.7	24.6
HP0467	BSU24620	52.632	19	9	0	3	21	12	30	1.8	24.3
HP0467	BSU03480	37.255	51	28	1	44	90	3283	3333	3.9	23.5
HP0467	BSU03840	27.273	44	25	1	14	50	213	256	4.3	23.5
HP0467	BSU07390	33.333	42	20	2	49	88	89	124	4.5	23.1
HP0467	BSU27110	47.619	21	10	1	15	35	190	209	4.7	23.1
HP0467	BSU34660	45.000	20	11	0	27	46	389	408	5.3	23.1
HP0467	BSU03300	34.211	38	20	2	47	79	760	797	6.5	22.7
HP0467	BSU23830	37.931	29	18	0	58	86	140	168	6.7	22.7
HP0467	BSU08360	33.333	24	16	0	30	53	125	148	9.8	22.3
HP0468	BSU39400	27.174	92	58	4	172	254	272	363	0.65	29.3
HP0468	BSU31725	45.000	20	11	0	11	30	16	35	1.8	25.0
HP0468	BSU00120	40.625	32	19	0	379	410	122	153	1.9	27.3
HP0468	BSU39820	32.000	50	30	1	334	383	445	490	2.0	27.7
HP0468	BSU20440	30.952	42	29	0	1	42	1	42	5.6	25.0
HP0468	BSU02430	35.714	56	30	2	5	54	161	216	5.7	26.2
HP0468	BSU18849	45.000	20	11	0	255	274	24	43	9.0	23.9
HP0468	BSU24940	29.545	44	31	0	304	347	55	98	9.1	25.0
HP0469	BSU23900	22.222	81	59	2	84	160	112	192	0.79	26.6
HP0469	BSU40250	23.438	64	45	2	68	128	198	260	1.2	26.2
HP0469	BSU17150	33.333	30	20	0	22	51	71	100	3.0	25.0
HP0469	BSU25470	33.871	62	29	3	96	146	482	542	3.2	25.0
HP0469	BSU35560	25.510	98	51	3	59	156	29	104	4.6	24.3
HP0469	BSU13400	53.333	15	7	0	6	20	518	532	6.8	23.9
HP0469	BSU05940	21.429	56	44	0	45	100	40	95	8.1	23.5
HP0470	BSU11540	26.167	600	399	18	3	573	80	664	7.38e-46	168
HP0470	BSU32960	25.591	465	326	12	106	556	25	483	4.00e-37	141
HP0470	BSU32970	26.190	84	56	1	4	81	8	91	0.066	30.4
HP0470	BSU25470	28.261	46	33	0	347	392	21	66	0.67	29.6
HP0470	BSU15910	29.167	72	49	2	352	422	31	101	0.75	28.9
HP0470	BSU30280	40.541	37	21	1	472	507	11	47	2.3	27.7
HP0470	BSU30740	45.000	20	11	0	538	557	127	146	4.5	26.6
HP0470	BSU27770	31.081	74	40	3	122	184	79	152	5.8	26.2
HP0470	BSU38950	28.767	73	47	3	266	334	172	243	7.3	26.2
HP0470	BSU15640	36.364	44	23	1	502	540	330	373	7.3	26.2
HP0470	BSU30550	36.364	33	21	0	59	91	282	314	8.2	25.8
HP0470	BSU04780	29.412	102	51	3	125	226	63	143	9.1	25.8
HP0470	BSU11650	50.000	22	11	0	323	344	215	236	9.3	25.4
HP0471	BSU09850	26.014	296	212	5	47	339	55	346	6.11e-13	66.6
HP0471	BSU11640	24.390	287	188	12	25	290	27	305	1.58e-05	43.9
HP0471	BSU39970	27.679	112	74	2	231	341	223	328	0.001	37.4
HP0471	BSU03390	24.779	113	64	4	156	258	22	123	0.97	27.7
HP0471	BSU23380	35.484	31	15	1	210	240	370	395	3.5	26.6
HP0471	BSU25280	30.909	55	35	1	235	289	162	213	6.9	25.4
HP0472	BSU37760	28.125	96	51	4	15	92	20	115	0.57	27.3
HP0472	BSU32370	30.612	49	32	1	56	104	131	177	1.4	26.2
HP0472	BSU03790	35.294	34	21	1	140	173	396	428	2.1	25.8
HP0472	BSU19860	28.000	25	18	0	123	147	5	29	4.8	23.1
HP0472	BSU05690	35.000	40	18	3	42	77	57	92	5.6	24.3
HP0472	BSU27580	42.424	33	16	1	145	174	113	145	6.3	24.3
HP0473	BSU33380	32.759	232	140	6	24	246	36	260	3.74e-22	89.0
HP0473	BSU35760	29.268	82	53	2	32	113	238	314	0.83	27.3
HP0473	BSU33200	26.606	109	61	5	99	197	61	160	2.3	26.2
HP0473	BSU24650	28.947	38	27	0	11	48	12	49	6.7	23.9
HP0473	BSU23620	40.741	27	14	1	176	202	14	38	8.3	24.3
HP0473	BSU28020	23.656	93	68	1	125	217	143	232	8.6	24.3
HP0474	BSU33390	27.064	218	156	1	4	221	15	229	7.43e-26	97.4
HP0474	BSU24980	30.481	187	105	6	12	190	92	261	8.46e-13	63.2
HP0474	BSU24970	29.814	161	99	2	12	170	65	213	8.54e-13	63.2
HP0474	BSU32580	27.885	104	75	0	89	192	161	264	7.98e-05	39.7
HP0474	BSU32740	30.769	78	54	0	98	175	102	179	0.002	35.0
HP0474	BSU02990	21.659	217	139	6	9	222	90	278	0.008	33.5
HP0474	BSU10290	41.304	46	26	1	4	49	99	143	0.025	32.0
HP0474	BSU30280	25.397	126	80	3	32	146	100	222	0.031	31.6
HP0474	BSU03600	38.235	34	21	0	109	142	120	153	0.038	31.2
HP0474	BSU32590	21.693	189	135	5	46	221	104	292	0.30	28.5
HP0474	BSU28730	25.581	86	52	2	82	162	137	215	0.30	28.5
HP0474	BSU06990	29.787	47	33	0	115	161	183	229	0.36	28.5
HP0474	BSU23970	27.723	101	64	3	109	204	108	204	0.43	28.1
HP0474	BSU34140	27.778	54	39	0	109	162	163	216	0.78	27.3
HP0474	BSU34590	22.581	62	48	0	101	162	150	211	2.3	25.8
HP0474	BSU34150	26.282	156	99	3	27	170	205	356	2.4	25.8
HP0474	BSU06360	29.231	65	34	2	136	191	435	496	2.5	25.8
HP0474	BSU20560	50.000	24	12	0	180	203	37	60	4.5	24.3
HP0474	BSU27600	36.667	30	19	0	53	82	51	80	7.1	24.6
HP0474	BSU27460	26.496	117	70	3	39	155	53	153	8.5	23.9
HP0475	BSU32550	34.343	198	117	2	20	210	21	212	6.34e-38	134
HP0475	BSU08830	40.838	191	98	5	20	205	24	204	1.41e-36	127
HP0475	BSU38810	33.838	198	118	2	20	210	22	213	1.96e-36	129
HP0475	BSU27430	34.361	227	120	6	21	224	20	240	2.00e-31	113
HP0475	BSU23960	36.683	199	115	3	20	210	19	214	2.83e-30	110
HP0475	BSU35260	34.343	198	121	4	20	210	20	215	1.30e-29	108
HP0475	BSU02980	31.019	216	140	3	4	210	33	248	2.37e-29	111
HP0475	BSU03590	36.634	202	113	7	21	210	20	218	1.01e-28	106
HP0475	BSU39480	34.419	215	124	7	20	221	19	229	1.49e-28	106
HP0475	BSU30420	28.788	198	133	3	20	210	27	223	5.94e-28	104
HP0475	BSU33270	31.818	198	122	4	20	208	23	216	7.38e-28	103
HP0475	BSU33830	33.500	200	119	5	20	210	20	214	8.30e-28	107
HP0475	BSU39640	30.256	195	128	2	21	208	26	219	1.03e-27	104
HP0475	BSU14360	32.701	211	121	6	16	212	17	220	1.03e-27	103
HP0475	BSU33730	31.658	199	124	4	20	210	20	214	1.93e-26	103
HP0475	BSU30380	29.444	180	120	1	20	192	25	204	2.01e-26	100
HP0475	BSU32750	33.333	210	131	4	20	221	23	231	2.14e-26	102
HP0475	BSU29340	31.837	245	139	8	20	240	19	259	7.33e-26	99.4
HP0475	BSU01460	32.212	208	130	4	20	217	12	218	1.01e-24	96.7
HP0475	BSU34700	30.457	197	123	5	22	208	29	221	3.94e-24	94.7
HP0475	BSU24950	30.455	220	130	8	20	221	31	245	9.06e-24	94.0
HP0475	BSU03730	30.303	198	124	5	20	208	23	215	4.61e-23	91.3
HP0475	BSU38660	32.338	201	113	5	20	211	19	205	7.93e-23	92.0
HP0475	BSU08310	30.357	224	131	6	1	214	1	209	7.53e-22	89.7
HP0475	BSU02750	31.553	206	109	10	20	208	23	213	5.73e-21	85.9
HP0475	BSU01950	35.135	185	94	6	20	187	21	196	1.34e-20	84.7
HP0475	BSU04490	28.866	194	129	5	21	210	24	212	1.97e-20	85.5
HP0475	BSU02570	27.979	193	130	2	20	208	22	209	5.57e-20	84.3
HP0475	BSU01450	29.954	217	126	7	6	208	14	218	6.70e-20	83.6
HP0475	BSU09080	29.897	194	125	4	20	208	22	209	1.42e-19	83.2
HP0475	BSU02860	27.228	202	124	5	21	208	22	214	1.60e-19	81.6
HP0475	BSU30760	32.222	180	109	6	20	191	21	195	1.78e-19	82.0
HP0475	BSU08210	28.634	227	137	6	20	232	349	564	4.35e-19	83.2
HP0475	BSU07490	29.851	201	128	4	20	210	21	218	1.54e-18	79.7
HP0475	BSU24960	31.364	220	128	9	20	221	40	254	1.56e-18	79.7
HP0475	BSU33290	30.049	203	127	6	18	210	21	218	2.01e-18	79.3
HP0475	BSU13220	32.979	188	110	5	20	194	27	211	2.89e-18	80.9
HP0475	BSU13220	28.846	208	138	5	20	222	312	514	1.21e-16	75.9
HP0475	BSU09070	24.870	193	131	3	20	208	20	202	2.98e-18	78.2
HP0475	BSU30610	28.436	211	126	5	20	220	25	220	4.15e-18	78.6
HP0475	BSU11360	27.404	208	131	5	20	208	26	232	2.19e-17	77.4
HP0475	BSU33160	27.948	229	141	6	20	232	18	238	2.87e-17	77.8
HP0475	BSU08690	25.439	228	147	5	20	233	360	578	3.27e-17	77.8
HP0475	BSU08690	37.500	40	20	3	98	135	343	379	4.1	25.4
HP0475	BSU40620	27.000	200	135	4	20	215	19	211	3.72e-17	75.1
HP0475	BSU37230	28.713	202	125	5	20	209	351	545	5.51e-17	77.0
HP0475	BSU14320	28.571	203	125	7	20	210	354	548	7.78e-17	76.6
HP0475	BSU34090	30.102	196	118	6	20	208	23	206	1.14e-16	75.1
HP0475	BSU35940	25.980	204	128	6	20	208	20	215	1.28e-16	75.9
HP0475	BSU35940	22.222	216	141	7	14	210	264	471	1.69e-14	69.7
HP0475	BSU12250	28.426	197	124	6	20	208	34	221	3.11e-16	73.2
HP0475	BSU11470	30.500	200	125	6	6	191	11	210	3.32e-16	73.6
HP0475	BSU03820	26.267	217	150	3	1	210	1	214	4.22e-16	72.8
HP0475	BSU09890	25.943	212	130	6	9	208	9	205	4.29e-16	73.2
HP0475	BSU07370	27.386	241	137	6	1	208	3	238	6.84e-16	73.9
HP0475	BSU07370	26.257	179	104	5	41	210	357	516	2.80e-08	51.2
HP0475	BSU38740	31.188	202	104	7	37	218	362	548	1.39e-15	72.8
HP0475	BSU11460	24.468	282	171	9	20	262	29	307	1.76e-15	72.0
HP0475	BSU31550	28.972	214	129	6	20	215	22	230	1.85e-15	72.4
HP0475	BSU31550	24.413	213	131	7	20	210	275	479	2.29e-04	38.9
HP0475	BSU13000	29.947	187	112	6	20	191	29	211	5.43e-15	70.5
HP0475	BSU12950	27.053	207	133	5	20	208	26	232	7.23e-15	70.1
HP0475	BSU32940	25.871	201	130	4	20	207	23	217	1.12e-14	68.9
HP0475	BSU11370	27.094	203	132	4	2	191	21	220	1.63e-14	68.9
HP0475	BSU34820	27.136	199	124	7	25	210	364	554	7.51e-14	67.8
HP0475	BSU30450	26.178	191	131	4	20	207	19	202	1.04e-13	66.2
HP0475	BSU08220	25.221	226	148	6	20	232	384	601	1.15e-13	67.4
HP0475	BSU09710	27.094	203	128	7	20	210	356	550	7.07e-13	65.1
HP0475	BSU38730	27.451	204	121	7	20	208	355	546	1.37e-12	63.9
HP0475	BSU21470	28.837	215	130	8	18	220	501	704	4.84e-12	62.4
HP0475	BSU10040	24.878	205	127	6	20	210	21	212	7.28e-12	60.5
HP0475	BSU30010	21.963	214	145	6	1	208	4	201	1.28e-11	59.7
HP0475	BSU05950	26.728	217	95	7	20	191	21	218	1.69e-11	60.8
HP0475	BSU05950	28.877	187	111	5	28	211	353	520	1.79e-11	60.8
HP0475	BSU15340	27.354	223	138	8	20	224	20	236	1.98e-11	59.7
HP0475	BSU07420	25.592	211	122	7	11	191	13	218	2.03e-11	60.5
HP0475	BSU07420	23.404	188	125	3	7	193	329	498	1.13e-09	55.1
HP0475	BSU14330	23.762	202	130	7	21	208	382	573	1.42e-10	58.2
HP0475	BSU05610	25.604	207	127	7	9	211	299	482	9.73e-10	55.5
HP0475	BSU05610	27.326	172	91	5	20	191	22	159	2.66e-09	53.9
HP0475	BSU14430	23.711	194	132	6	20	211	337	516	2.93e-08	50.8
HP0475	BSU14430	24.390	205	126	6	20	199	19	219	9.80e-08	49.3
HP0475	BSU09720	26.341	205	127	8	20	210	448	642	1.05e-07	49.3
HP0475	BSU37390	25.253	198	130	7	21	207	23	213	1.84e-07	47.8
HP0475	BSU35700	19.898	196	132	4	20	208	41	218	2.44e-06	45.1
HP0475	BSU40150	24.510	102	75	2	108	207	89	190	2.05e-04	38.1
HP0475	BSU32710	23.280	189	121	7	20	190	23	205	3.43e-04	37.7
HP0475	BSU35160	33.981	103	54	4	95	191	795	889	0.004	35.0
HP0475	BSU35160	44.681	47	16	3	132	168	487	533	0.95	27.7
HP0475	BSU35160	39.394	33	20	0	12	44	10	42	1.4	27.3
HP0475	BSU00140	29.545	44	31	0	25	68	6	49	0.67	27.7
HP0475	BSU26370	28.846	52	35	1	31	82	5	54	1.6	26.2
HP0475	BSU07955	24.510	102	62	3	106	200	57	150	2.9	25.8
HP0475	BSU17580	26.596	94	59	4	130	214	363	455	2.9	26.2
HP0475	BSU18970	48.148	27	14	0	19	45	49	75	3.2	26.2
HP0475	BSU16400	41.667	24	14	0	28	51	175	198	3.3	25.8
HP0475	BSU16690	33.333	39	23	1	215	250	86	124	4.6	25.4
HP0475	BSU22840	52.381	21	10	0	30	50	5	25	5.2	25.0
HP0475	BSU20050	26.667	60	38	2	60	119	5	58	7.0	24.3
HP0475	BSU12530	38.710	31	18	1	31	61	120	149	8.0	24.6
HP0475	BSU22890	47.368	19	10	0	31	49	7	25	9.1	24.3
HP0475	BSU19590	26.667	75	45	3	27	97	308	376	9.6	24.3
HP0476	BSU00920	37.029	478	279	5	4	459	5	482	1.79e-104	317
HP0476	BSU24770	29.870	77	50	2	294	369	9	82	0.80	27.7
HP0476	BSU16730	27.273	77	45	3	150	219	32	104	2.4	26.9
HP0476	BSU15060	32.609	46	24	1	279	324	289	327	2.6	26.9
HP0476	BSU10530	36.000	50	24	3	257	300	300	347	6.9	25.8
HP0476	BSU26930	25.000	32	24	0	222	253	56	87	9.7	24.3
HP0477	BSU10830	22.857	70	47	2	139	208	223	285	0.27	29.6
HP0477	BSU39400	18.121	149	109	4	46	181	142	290	0.32	29.6
HP0477	BSU04440	29.730	74	42	3	146	216	96	162	3.1	26.6
HP0477	BSU18330	24.658	73	52	2	38	108	1042	1113	3.4	26.6
HP0477	BSU35690	34.615	26	17	0	109	134	31	56	4.2	26.2
HP0477	BSU05940	28.378	74	43	2	60	133	224	287	5.6	25.8
HP0477	BSU08700	43.478	23	13	0	57	79	230	252	5.9	25.4
HP0477	BSU29670	28.421	95	49	4	207	295	101	182	8.0	25.0
HP0477	BSU01080	23.256	86	54	4	20	105	524	597	8.4	25.4
HP0478	BSU29480	24.699	166	108	5	131	288	116	272	0.004	36.2
HP0478	BSU22170	21.839	87	66	1	160	244	255	341	0.079	32.3
HP0478	BSU21870	35.556	45	26	2	215	259	175	216	1.7	28.1
HP0478	BSU01760	33.333	36	24	0	266	301	302	337	3.3	26.9
HP0478	BSU36890	29.545	44	29	1	111	152	101	144	3.6	26.6
HP0478	BSU30490	29.167	48	34	0	136	183	23	70	3.8	26.6
HP0478	BSU25450	25.455	55	41	0	142	196	182	236	4.0	26.6
HP0478	BSU14860	37.838	37	23	0	373	409	119	155	5.4	26.6
HP0478	BSU06760	27.500	80	37	4	95	153	277	356	6.8	26.2
HP0479	BSU31570	25.676	74	51	2	19	90	241	312	2.0	26.6
HP0479	BSU38460	32.203	59	36	1	169	223	146	204	2.5	26.2
HP0479	BSU27280	46.154	26	14	0	52	77	4	29	2.7	25.8
HP0479	BSU27280	24.390	82	57	2	7	87	136	213	5.2	25.0
HP0479	BSU37160	36.957	46	24	2	40	84	39	80	4.1	25.0
HP0479	BSU32260	35.714	28	18	0	132	159	325	352	4.9	25.4
HP0479	BSU29830	34.783	46	28	2	237	282	171	214	5.7	25.0
HP0479	BSU29140	26.829	41	30	0	71	111	328	368	7.2	24.6
HP0480	BSU14770	53.936	597	269	4	3	595	6	600	0.0	673
HP0480	BSU25510	29.051	506	291	16	4	472	14	488	1.63e-49	178
HP0480	BSU01120	44.526	137	74	1	1	135	7	143	3.47e-29	119
HP0480	BSU01120	25.726	241	142	9	180	396	265	492	3.13e-13	69.3
HP0480	BSU01120	21.519	79	57	2	391	465	596	673	2.7	27.7
HP0480	BSU01130	29.078	282	172	8	2	271	10	275	1.27e-18	85.1
HP0480	BSU16630	37.956	137	69	2	7	143	222	342	3.05e-15	75.9
HP0480	BSU22840	28.358	134	70	4	8	130	179	297	5.22e-04	39.3
HP0480	BSU25290	35.065	77	40	4	72	140	61	135	8.14e-04	38.5
HP0480	BSU16550	26.000	50	37	0	502	551	114	163	0.80	29.3
HP0480	BSU10890	23.129	147	93	3	364	501	38	173	0.80	28.9
HP0480	BSU03480	28.571	49	35	0	506	554	669	717	1.9	28.1
HP0480	BSU36450	52.632	19	9	0	409	427	65	83	2.6	27.7
HP0480	BSU38170	35.294	34	22	0	522	555	216	249	3.7	26.9
HP0480	BSU24760	27.536	69	38	2	355	412	42	109	5.1	26.6
HP0480	BSU07140	36.364	44	27	1	350	393	101	143	6.9	25.8
HP0481	BSU37640	43.590	39	16	2	65	102	173	206	3.0	26.2
HP0481	BSU22470	31.111	45	31	0	129	173	132	176	5.1	25.4
HP0481	BSU29380	42.105	38	19	2	3	37	83	120	7.5	24.6
HP0482	BSU20460	51.515	33	12	1	25	57	71	99	0.16	28.9
HP0482	BSU32140	37.143	35	21	1	120	153	145	179	0.43	27.3
HP0482	BSU10970	41.667	36	17	2	135	166	293	328	0.60	26.9
HP0482	BSU13430	36.667	30	19	0	71	100	71	100	1.5	25.8
HP0482	BSU27550	27.907	43	31	0	55	97	305	347	3.8	24.6
HP0482	BSU09390	47.059	17	9	0	154	170	182	198	4.4	24.6
HP0482	BSU22640	33.333	39	21	1	3	41	27	60	5.8	24.3
HP0482	BSU17220	26.923	52	38	0	31	82	1126	1177	8.0	23.9
HP0483	BSU06060	28.342	374	193	16	4	339	86	422	4.01e-32	121
HP0483	BSU20250	28.643	199	103	4	3	164	5	201	1.24e-14	71.2
HP0483	BSU06070	27.811	169	110	7	3	165	2	164	3.60e-09	54.3
HP0483	BSU06070	25.490	51	31	1	297	340	240	290	4.2	25.8
HP0483	BSU19200	24.779	113	70	5	164	272	78	179	0.15	30.0
HP0483	BSU14160	44.444	27	15	0	11	37	136	162	0.33	29.3
HP0483	BSU11880	25.000	84	62	1	17	100	281	363	0.76	28.5
HP0483	BSU36200	42.105	38	21	1	171	207	5	42	1.7	25.8
HP0483	BSU28150	23.810	63	39	1	125	178	215	277	2.6	26.6
HP0483	BSU24140	25.197	127	89	3	69	190	54	179	3.3	26.2
HP0483	BSU06040	33.333	39	21	1	51	89	93	126	3.4	25.4
HP0483	BSU35590	33.333	42	25	1	143	184	80	118	3.5	26.2
HP0483	BSU06710	23.864	88	49	3	183	256	627	710	9.4	25.0
HP0484	BSU13010	29.487	78	39	2	55	132	267	328	0.57	28.1
HP0484	BSU17280	31.579	38	20	1	203	240	63	94	4.4	24.6
HP0484	BSU06210	47.826	23	9	1	216	238	167	186	4.9	25.0
HP0484	BSU01770	26.016	123	84	3	103	220	82	202	7.1	24.6
HP0484	BSU22870	25.610	82	50	3	96	166	168	249	9.0	24.3
HP0485	BSU38630	25.676	148	104	3	73	214	118	265	8.46e-08	50.1
HP0485	BSU08820	20.069	289	197	10	42	302	51	333	1.11e-05	43.5
HP0485	BSU39050	20.000	290	200	12	42	302	75	361	2.94e-04	39.3
HP0485	BSU09990	31.373	51	35	0	175	225	7	57	0.20	29.6
HP0485	BSU11550	37.209	43	26	1	247	288	58	100	0.48	28.5
HP0485	BSU06610	41.667	36	19	1	256	291	693	726	2.3	26.6
HP0485	BSU26560	30.435	46	30	1	238	281	61	106	3.1	25.8
HP0485	BSU11850	61.905	21	8	0	14	34	131	151	3.1	25.8
HP0485	BSU25340	27.869	61	39	1	253	313	154	209	3.2	26.2
HP0485	BSU15430	25.843	89	53	3	215	303	836	911	3.4	26.2
HP0485	BSU06520	26.190	42	29	1	117	158	213	252	3.7	26.2
HP0485	BSU18020	40.741	27	11	1	227	253	16	37	3.9	23.5
HP0485	BSU03590	52.941	17	8	0	105	121	188	204	4.3	25.4
HP0485	BSU28230	22.500	40	31	0	209	248	305	344	5.0	25.4
HP0486	BSU34940	30.508	59	41	0	17	75	106	164	1.2	28.1
HP0486	BSU17200	24.561	57	38	2	100	156	404	455	7.2	26.2
HP0486	BSU28230	27.451	51	35	1	52	102	140	188	7.5	25.8
HP0487	BSU40110	27.200	125	70	6	270	384	227	340	0.024	33.9
HP0487	BSU35160	70.588	17	5	0	166	182	724	740	1.1	28.5
HP0487	BSU18330	36.842	38	24	0	29	66	379	416	1.6	28.1
HP0487	BSU40660	29.508	61	30	2	94	141	107	167	5.9	26.2
HP0487	BSU20960	21.622	37	29	0	125	161	271	307	7.2	25.8
HP0487	BSU05930	40.909	22	13	0	428	449	46	67	7.9	25.0
HP0487	BSU17200	25.455	55	41	0	141	195	3997	4051	8.8	25.8
HP0487	BSU09570	26.744	86	45	4	344	427	244	313	9.3	25.4
HP0487	BSU13120	48.000	25	13	0	258	282	163	187	9.8	25.4
HP_RS07940	BSU06038	36.364	33	21	0	34	66	51	83	0.020	28.1
HP_RS07940	BSU34620	28.947	38	27	0	18	55	290	327	5.4	21.9
HP_RS07940	BSU35700	70.000	10	3	0	32	41	301	310	6.2	21.6
HP_RS07940	BSU06660	50.000	18	9	0	49	66	319	336	8.0	21.6
HP_RS07940	BSU36510	50.000	24	11	1	8	30	114	137	8.9	21.2
HP0488	BSU12410	26.667	120	73	4	244	359	27	135	2.3	27.7
HP0488	BSU15520	40.741	27	16	0	404	430	168	194	3.7	28.1
HP0488	BSU33120	35.294	34	19	1	608	641	5	35	3.9	27.3
HP0488	BSU28440	38.235	34	21	0	72	105	171	204	5.4	27.3
HP0488	BSU19370	26.562	64	46	1	762	824	328	391	9.9	26.6
HP0489	BSU26180	33.333	120	59	7	9	120	377	483	0.83	28.1
HP0489	BSU17140	31.250	48	31	1	47	92	340	387	2.2	26.6
HP0489	BSU33740	34.694	49	21	1	18	66	135	172	2.8	25.8
HP0489	BSU18310	28.261	46	33	0	1	46	429	474	4.2	25.8
HP0490	BSU13500	35.821	67	32	3	43	99	243	308	0.11	31.2
HP0490	BSU16960	27.419	62	41	2	102	163	343	400	0.35	29.6
HP0490	BSU03670	24.762	105	69	2	24	118	31	135	1.3	27.7
HP0490	BSU10320	38.710	31	19	0	228	258	171	201	2.5	26.6
HP0490	BSU31100	37.037	54	32	2	47	100	255	306	3.3	26.6
HP0490	BSU18340	24.324	111	72	2	239	349	2186	2284	3.8	26.6
HP0490	BSU24220	37.255	51	31	1	204	253	52	102	5.0	25.8
HP0490	BSU03990	26.190	84	47	3	93	172	2	74	5.2	25.8
HP0490	BSU20500	47.619	21	11	0	267	287	74	94	5.5	25.4
HP0491	BSU15820	38.596	57	34	1	1	57	1	56	3.52e-07	39.7
HP0491	BSU04900	24.000	50	36	1	1	48	26	75	0.071	26.6
HP0491	BSU29370	32.653	49	27	2	8	50	210	258	0.35	25.0
HP0491	BSU17190	34.211	38	20	1	1	38	10	42	0.87	23.9
HP0491	BSU23850	47.619	21	11	0	25	45	365	385	1.8	23.1
HP0491	BSU22920	40.000	25	15	0	19	43	330	354	2.0	22.7
HP0491	BSU23950	56.250	16	7	0	28	43	228	243	2.3	22.7
HP0491	BSU17180	28.947	38	27	0	21	58	1877	1914	2.4	22.7
HP0491	BSU39300	22.449	49	38	0	12	60	137	185	2.8	22.3
HP0491	BSU18490	58.824	17	7	0	34	50	59	75	3.7	21.9
HP0491	BSU25250	34.783	23	15	0	11	33	21	43	5.2	21.6
HP0492	BSU12960	30.108	93	46	3	1	83	1	84	1.58e-04	39.7
HP0492	BSU12830	36.170	47	27	2	223	267	101	146	1.1	27.3
HP0492	BSU27770	27.586	58	32	3	135	192	133	180	1.4	26.9
HP0492	BSU37970	37.778	45	24	1	101	141	5	49	1.8	26.6
HP0492	BSU05220	32.609	46	31	0	7	52	1	46	1.9	26.2
HP0492	BSU03990	26.042	96	47	3	183	278	239	310	2.8	26.2
HP0492	BSU37220	30.435	46	31	1	164	208	12	57	3.5	25.4
HP0492	BSU33070	35.000	40	25	1	89	127	275	314	7.4	24.6
HP0493	BSU15190	38.279	337	173	9	14	341	2	312	3.51e-59	191
HP0493	BSU35530	32.719	217	106	11	58	267	40	223	1.15e-15	73.9
HP0493	BSU36990	26.000	50	37	0	93	142	38	87	2.1	25.4
HP0493	BSU16350	30.357	56	26	1	23	65	69	124	2.8	26.2
HP0493	BSU10580	45.833	24	13	0	241	264	155	178	6.9	25.4
HP0494	BSU15200	28.571	385	255	12	46	415	64	443	3.20e-29	115
HP0494	BSU04570	27.132	129	80	5	97	214	108	233	4.13e-04	39.3
HP0494	BSU15180	26.724	116	58	3	97	186	104	218	0.001	37.7
HP0494	BSU29790	23.741	139	88	5	59	185	56	188	0.002	36.6
HP0494	BSU02310	28.395	81	52	2	334	411	138	215	1.2	28.1
HP0494	BSU02750	22.414	116	78	2	97	200	33	148	1.8	27.3
HP0494	BSU13400	21.849	119	86	2	208	322	321	436	2.3	27.3
HP0494	BSU38090	27.500	40	29	0	57	96	184	223	3.3	26.9
HP0494	BSU25730	41.379	29	16	1	1	28	1	29	4.1	26.2
HP0494	BSU11010	42.424	33	13	1	24	50	212	244	7.9	25.4
HP0494	BSU28080	32.558	43	22	2	100	139	46	84	8.7	25.4
HP0494	BSU19579	40.741	27	16	0	185	211	5	31	9.4	23.5
HP0494	BSU14710	28.986	69	45	2	349	414	267	334	9.4	25.4
HP0495	BSU11680	47.368	19	10	0	25	43	13	31	1.8	23.1
HP0495	BSU40390	41.176	34	20	0	47	80	238	271	4.4	22.7
HP0495	BSU00660	26.866	67	47	2	20	86	168	232	6.6	22.3
HP0495	BSU12740	28.205	39	24	1	45	79	102	140	9.3	21.6
HP0496	BSU18040	27.049	122	78	5	14	132	2	115	0.002	32.7
HP0496	BSU28420	26.786	56	41	0	2	57	23	78	0.086	28.5
HP0496	BSU37850	27.273	88	47	3	2	85	31	105	1.1	25.8
HP0496	BSU30270	24.286	70	49	2	10	77	348	415	1.8	25.0
HP0496	BSU18300	29.630	27	19	0	79	105	169	195	2.7	24.6
HP0496	BSU16400	25.000	56	40	1	79	132	177	232	5.6	23.5
HP0496	BSU05840	21.898	137	88	3	11	133	140	271	7.1	23.5
HP0496	BSU36950	41.667	24	14	0	4	27	269	292	7.6	23.1
HP0496	BSU29530	38.235	34	21	0	18	51	86	119	9.2	23.1
HP0497	BSU09470	33.708	445	277	7	6	441	11	446	2.25e-73	234
HP0497	BSU19340	35.520	442	271	8	6	441	9	442	1.05e-72	232
HP0497	BSU34850	37.209	43	24	1	39	81	6	45	0.19	30.4
HP0497	BSU08200	32.836	67	33	2	275	341	55	109	6.4	25.8
HP0497	BSU03070	29.268	41	29	0	324	364	184	224	7.2	25.8
HP0498	BSU19340	34.910	444	266	10	5	438	9	439	4.56e-67	218
HP0498	BSU09470	33.481	451	265	9	5	438	11	443	2.14e-63	208
HP0498	BSU37630	39.062	64	37	2	309	371	234	296	0.037	32.7
HP0498	BSU37630	46.429	28	15	0	295	322	1	28	8.3	25.4
HP0498	BSU31600	31.579	76	47	3	168	241	34	106	0.15	31.2
HP0498	BSU31600	31.746	63	41	1	171	231	664	726	3.3	26.9
HP0498	BSU25080	30.952	84	38	4	273	354	61	126	3.8	25.8
HP0498	BSU03740	28.889	45	28	1	67	111	235	275	4.7	26.2
HP0498	BSU14910	35.484	31	18	1	316	346	79	107	5.9	25.4
HP0498	BSU40480	36.111	36	20	1	318	353	62	94	6.3	25.8
HP0498	BSU13520	28.169	71	48	2	337	404	107	177	9.0	25.4
HP0499	BSU12080	26.923	52	38	0	5	56	70	121	0.51	28.9
HP0499	BSU20910	43.333	30	16	1	10	39	7	35	1.0	26.2
HP0499	BSU12500	25.000	64	37	3	56	119	62	114	1.7	26.9
HP0499	BSU08380	27.273	66	29	3	117	166	4	66	4.1	26.2
HP0499	BSU03930	21.429	182	108	7	19	171	26	201	4.5	25.8
HP0500	BSU00020	23.192	401	253	12	1	372	1	375	2.48e-21	91.3
HP0500	BSU05440	23.881	67	44	1	277	343	86	145	4.1	26.2
HP0500	BSU28670	24.691	81	51	3	81	154	51	128	6.3	25.4
HP0500	BSU14390	35.294	51	33	0	288	338	241	291	8.6	25.0
HP0500	BSU18880	31.148	61	30	3	78	129	61	118	9.5	24.6
HP0501	BSU00060	53.047	558	250	6	3	553	7	559	0.0	571
HP0501	BSU00060	47.191	89	45	1	685	773	552	638	3.97e-19	88.6
HP0501	BSU18090	49.171	543	262	8	3	537	8	544	3.22e-175	515
HP0501	BSU18090	54.839	62	28	0	701	762	569	630	8.48e-17	81.3
HP0501	BSU28930	36.170	47	25	2	41	82	480	526	0.21	31.6
HP0501	BSU27870	35.294	34	22	0	64	97	247	280	0.36	30.8
HP0501	BSU21270	37.037	27	17	0	211	237	18	44	1.1	26.6
HP0501	BSU03320	26.111	180	103	10	141	306	309	472	2.1	28.5
HP0501	BSU40420	25.547	137	81	5	188	315	167	291	2.2	28.1
HP0501	BSU11230	27.778	72	44	1	68	131	205	276	2.6	27.7
HP0501	BSU18430	24.000	100	67	3	444	536	217	314	2.7	27.7
HP0501	BSU10100	35.556	45	27	1	27	71	42	84	2.8	27.3
HP0501	BSU08800	27.027	74	50	1	335	404	304	377	3.9	27.3
HP0501	BSU14330	37.931	29	18	0	336	364	318	346	7.2	26.6
HP0501	BSU34070	28.947	38	27	0	40	77	290	327	7.7	26.6
HP0501	BSU04340	25.342	146	93	5	560	701	72	205	7.8	26.6
HP0501	BSU23160	30.612	49	34	0	56	104	71	119	7.8	26.2
HP0501	BSU14640	30.612	49	30	1	672	716	3	51	9.4	24.6
HP_0502	BSU18870	39.286	28	17	0	10	37	43	70	0.12	26.2
HP_0502	BSU39010	44.444	18	10	0	39	56	90	107	4.6	21.9
HP_0502	BSU03360	38.462	26	16	0	33	58	8	33	7.1	21.6
HP_0502	BSU31630	33.333	27	18	0	18	44	231	257	7.3	21.6
HP_0502	BSU21110	34.483	29	19	0	5	33	204	232	9.0	21.2
HP0502	BSU12330	25.301	83	53	2	61	143	242	315	1.3	26.9
HP0502	BSU23220	28.395	81	53	2	33	112	172	248	1.7	26.6
HP0502	BSU00510	24.324	111	74	3	106	208	179	287	1.7	26.6
HP0502	BSU22170	72.727	11	3	0	22	32	300	310	3.8	25.8
HP0502	BSU38470	25.385	130	84	4	122	242	148	273	3.9	25.8
HP0502	BSU31600	30.435	69	40	3	64	124	165	233	4.4	25.4
HP0502	BSU00040	23.026	152	97	5	101	237	39	185	6.5	25.0
HP0502	BSU36110	26.230	61	41	2	120	177	19	78	9.4	23.9
HP0506	BSU21350	39.669	121	68	4	239	358	1563	1679	4.99e-17	80.5
HP0506	BSU32340	36.634	101	56	2	256	348	201	301	8.70e-11	59.3
HP0506	BSU36550	30.709	127	81	5	261	382	121	245	6.77e-07	47.4
HP0506	BSU24100	26.415	53	33	1	324	376	275	321	0.61	28.9
HP0506	BSU22660	30.986	71	44	3	124	190	5	74	3.0	26.6
HP0506	BSU21490	22.059	68	47	2	163	227	40	104	4.0	25.0
HP0506	BSU13680	32.500	40	27	0	213	252	192	231	4.3	26.2
HP0506	BSU35040	17.021	94	78	0	36	129	849	942	7.2	25.8
HP0507	BSU04330	48.276	29	14	1	97	125	28	55	0.30	28.1
HP0507	BSU13830	42.000	50	25	3	128	174	396	444	0.80	27.3
HP0507	BSU09920	33.333	39	25	1	129	167	836	873	1.1	26.9
HP0507	BSU29650	32.258	31	21	0	79	109	86	116	2.3	25.8
HP0507	BSU17750	44.828	29	15	1	92	120	143	170	6.8	24.3
HP0508	BSU04960	24.473	237	123	11	241	443	593	807	0.056	32.7
HP0508	BSU05220	28.571	56	39	1	370	424	32	87	3.3	26.6
HP0508	BSU00860	32.653	49	31	1	400	446	411	459	5.9	26.2
HP0509	BSU28680	41.124	445	258	4	15	457	15	457	4.27e-120	356
HP0509	BSU11170	29.940	167	106	6	47	213	52	207	1.30e-07	50.4
HP0509	BSU34520	27.027	74	52	2	40	113	33	104	0.006	35.4
HP0509	BSU08800	22.857	210	145	8	36	241	30	226	0.014	34.3
HP0509	BSU34140	27.500	80	46	3	196	269	203	276	0.47	29.3
HP0509	BSU37640	28.571	63	36	3	350	404	69	130	0.55	28.9
HP0509	BSU03760	42.857	35	17	1	388	422	406	437	0.78	28.9
HP0509	BSU03010	27.273	77	52	1	285	357	4	80	1.7	27.7
HP0509	BSU28720	34.146	41	27	0	337	377	136	176	4.1	26.6
HP0509	BSU10250	47.222	36	17	2	40	74	40	74	4.1	26.6
HP0509	BSU12700	27.451	102	64	3	116	215	157	250	4.6	26.2
HP0509	BSU22370	39.286	28	15	1	40	67	175	200	5.4	26.2
HP0509	BSU33370	33.333	27	18	0	3	29	270	296	5.9	25.8
HP0509	BSU08540	54.545	22	10	0	75	96	364	385	6.6	25.8
HP0510	BSU22490	26.122	245	161	9	1	231	6	244	1.68e-11	59.7
HP0510	BSU36620	57.143	21	9	0	1	21	1	21	0.49	28.1
HP0510	BSU26827	34.375	32	20	1	209	239	14	45	0.72	25.4
HP0510	BSU01630	24.324	74	53	2	58	128	86	159	3.2	25.8
HP0510	BSU09730	52.632	19	9	0	1	19	1	19	3.6	25.4
HP0510	BSU39070	35.294	34	19	1	205	238	182	212	4.5	25.0
HP0510	BSU20900	32.432	37	25	0	215	251	3	39	4.7	23.1
HP0510	BSU17210	26.415	53	36	1	152	201	477	529	4.9	25.4
HP0510	BSU14200	27.500	40	29	0	57	96	32	71	5.1	23.9
HP0510	BSU21110	35.714	28	18	0	87	114	111	138	5.1	25.0
HP0510	BSU19180	29.545	44	30	1	133	176	280	322	6.6	24.6
HP0510	BSU30870	65.000	20	7	0	1	20	1	20	9.8	24.3
HP0511	BSU06560	71.429	14	4	0	15	28	510	523	0.72	22.7
HP0511	BSU13390	28.947	38	27	0	1	38	64	101	0.96	22.3
HP0511	BSU06950	56.250	16	7	0	15	30	109	124	1.1	22.3
HP0511	BSU06140	52.174	23	10	1	12	34	727	748	1.5	21.9
HP0511	BSU07790	50.000	22	11	0	2	23	370	391	4.0	20.8
HP0511	BSU34340	41.176	17	10	0	18	34	8	24	4.3	20.8
HP0511	BSU23370	60.000	15	6	0	22	36	112	126	5.2	20.4
HP0511	BSU21050	42.857	21	12	0	11	31	15	35	6.2	20.0
HP0512	BSU17460	37.310	461	248	11	17	469	11	438	4.43e-90	279
HP0512	BSU29480	26.667	60	38	2	45	100	67	124	0.33	30.0
HP0512	BSU04080	30.612	49	28	1	85	127	46	94	1.4	27.7
HP0512	BSU19990	40.000	20	12	0	417	436	71	90	3.4	25.4
HP0512	BSU26830	31.707	82	43	4	321	394	154	230	3.6	26.6
HP0512	BSU01730	40.000	20	12	0	98	117	20	39	4.1	26.2
HP0512	BSU13200	24.590	61	43	2	193	250	215	275	7.8	25.4
HP0512	BSU17210	31.707	41	23	1	304	339	1186	1226	9.3	25.8
HP0513	BSU12450	30.137	73	46	2	616	686	11	80	1.2	26.9
HP0513	BSU33180	29.630	54	34	1	389	438	169	222	5.5	26.6
HP0513	BSU21920	22.951	61	40	2	121	174	90	150	5.6	26.6
HP0513	BSU23150	41.667	24	14	0	191	214	35	58	5.8	26.2
HP0513	BSU17190	33.333	57	30	3	550	601	1023	1076	7.0	26.6
HP0513	BSU32570	20.253	79	63	0	617	695	62	140	8.2	26.2
HP0513	BSU40440	30.000	90	50	3	417	505	35	112	9.5	26.2
HP0514	BSU40500	40.940	149	81	4	1	146	1	145	2.63e-21	81.3
HP0514	BSU26200	32.558	43	29	0	90	132	189	231	0.69	26.6
HP0514	BSU28640	36.486	74	38	4	9	79	30	97	1.7	25.4
HP0514	BSU38730	17.073	82	68	0	17	98	400	481	1.8	25.4
HP0514	BSU36080	30.357	56	32	2	86	134	78	133	2.4	24.6
HP0514	BSU01820	52.941	17	8	0	75	91	137	153	4.2	23.9
HP0514	BSU24700	50.000	20	10	0	122	141	121	140	5.3	23.5
HP0514	BSU00010	34.211	38	25	0	42	79	6	43	6.8	23.5
HP0514	BSU08710	52.632	19	9	0	81	99	78	96	8.6	23.5
HP0514	BSU24760	33.333	57	22	3	77	117	8	64	9.2	23.1
HP0515	BSU16150	48.901	182	85	4	2	180	4	180	2.65e-54	167
HP0515	BSU36060	28.571	91	57	3	19	109	146	228	0.62	27.3
HP0515	BSU27860	27.731	119	65	4	49	164	103	203	1.2	26.2
HP0515	BSU38810	45.714	35	18	1	3	36	117	151	1.5	26.2
HP0515	BSU03440	44.737	38	16	2	136	168	402	439	2.6	25.4
HP0515	BSU26860	36.765	68	32	5	19	81	35	96	3.8	25.0
HP0515	BSU36100	34.483	29	18	1	151	178	128	156	4.9	24.6
HP0515	BSU15150	66.667	15	5	0	77	91	81	95	4.9	23.9
HP0515	BSU27600	27.083	48	33	1	75	122	360	405	5.0	24.6
HP0515	BSU18450	32.075	53	33	1	11	60	105	157	6.3	24.3
HP0515	BSU12590	42.424	33	19	0	78	110	79	111	6.3	24.3
HP0515	BSU13420	52.381	21	10	0	103	123	260	280	6.5	24.3
HP0516	BSU16160	47.761	469	217	5	1	443	1	467	3.19e-146	422
HP0516	BSU28220	34.762	210	82	6	250	409	176	380	1.75e-23	99.0
HP0516	BSU28220	38.710	155	86	5	8	160	64	211	3.52e-21	92.0
HP0516	BSU00690	39.655	58	33	2	52	109	194	249	1.02e-05	44.7
HP0516	BSU13700	37.879	66	34	3	9	73	401	460	0.003	36.6
HP0516	BSU13700	25.581	86	55	2	320	405	594	670	0.59	29.3
HP0516	BSU13700	56.000	25	10	1	54	77	114	138	9.2	25.4
HP0516	BSU17420	26.087	115	71	3	222	336	129	229	0.026	33.1
HP0516	BSU17420	28.431	102	59	6	19	110	58	155	0.18	30.4
HP0516	BSU03150	40.625	32	19	0	53	84	12	43	0.040	32.0
HP0516	BSU00860	27.206	136	69	6	54	169	540	665	0.040	33.1
HP0516	BSU00860	50.000	24	12	0	51	74	200	223	4.1	26.6
HP0516	BSU16400	33.962	53	28	1	46	98	169	214	0.074	32.0
HP0516	BSU28200	30.233	86	44	3	41	114	340	421	0.11	31.6
HP0516	BSU19390	34.000	50	26	1	53	102	66	108	0.28	30.0
HP0516	BSU21470	36.000	25	16	0	55	79	512	536	0.76	28.9
HP0516	BSU25790	25.000	88	56	4	31	111	4	88	1.2	28.1
HP0516	BSU26370	30.556	36	23	1	53	88	3	36	1.9	26.9
HP0516	BSU00140	38.710	31	17	1	46	74	1	31	3.2	26.6
HP0516	BSU20390	43.333	30	17	0	53	82	20	49	3.3	26.6
HP0516	BSU00550	50.000	22	11	0	52	73	644	665	3.4	26.9
HP0516	BSU32940	42.857	21	12	0	56	76	35	55	4.0	26.2
HP0516	BSU07420	25.000	92	59	2	54	137	31	120	4.8	26.2
HP0516	BSU07490	30.233	43	22	1	57	99	34	68	7.3	25.4
HP0516	BSU06970	33.333	39	26	0	358	396	157	195	9.1	25.4
HP0517	BSU25290	32.095	296	190	4	4	294	7	296	6.30e-46	154
HP0517	BSU22840	24.405	168	113	3	8	171	6	163	3.51e-14	69.3
HP0517	BSU22840	23.669	169	113	4	10	167	180	343	1.15e-07	49.3
HP0517	BSU41020	24.468	94	66	1	10	103	226	314	4.53e-06	44.7
HP0517	BSU28190	27.132	129	74	5	8	125	26	145	2.39e-04	38.1
HP0517	BSU16050	30.000	70	37	2	1	68	116	175	0.005	34.7
HP0517	BSU27920	21.000	200	126	8	8	188	161	347	0.008	34.3
HP0517	BSU35160	48.485	33	17	0	7	39	634	666	0.052	32.0
HP0517	BSU17430	23.497	183	98	7	8	156	203	377	0.49	28.5
HP0517	BSU35940	56.522	23	10	0	9	31	32	54	0.54	28.5
HP0517	BSU30380	43.750	32	16	1	4	35	32	61	0.62	28.1
HP0517	BSU05950	46.429	28	15	0	1	28	349	376	0.64	28.5
HP0517	BSU05950	60.000	15	6	0	8	22	32	46	7.1	25.0
HP0517	BSU16410	25.926	54	40	0	223	276	17	70	0.72	28.1
HP0517	BSU26260	45.000	20	11	0	8	27	167	186	0.75	28.1
HP0517	BSU40920	50.000	20	10	0	9	28	6	25	0.83	27.7
HP0517	BSU30420	28.571	56	32	3	4	57	34	83	0.91	27.3
HP0517	BSU34700	47.826	23	12	0	3	25	33	55	1.1	27.3
HP0517	BSU05610	45.714	35	15	1	8	38	320	354	1.1	27.7
HP0517	BSU05610	45.833	24	13	0	4	27	29	52	2.9	26.2
HP0517	BSU39210	44.828	29	16	0	139	167	92	120	1.2	26.9
HP0517	BSU13700	28.767	73	43	2	228	300	366	429	1.3	27.3
HP0517	BSU22030	55.000	20	9	0	7	26	45	64	1.4	27.3
HP0517	BSU37390	50.000	22	11	0	4	25	29	50	2.0	26.6
HP0517	BSU11400	41.379	29	17	0	108	136	184	212	2.4	26.2
HP0517	BSU31550	57.895	19	8	0	9	27	34	52	2.5	26.6
HP0517	BSU30760	47.619	21	11	0	7	27	31	51	2.8	26.2
HP0517	BSU33270	42.308	26	14	1	1	25	26	51	3.0	25.8
HP0517	BSU33860	32.692	52	24	3	178	227	110	152	4.3	25.4
HP0517	BSU09720	52.632	19	9	0	8	26	459	477	4.8	25.8
HP0517	BSU17040	21.429	112	75	2	30	133	47	153	4.9	25.8
HP0517	BSU00410	27.660	47	34	0	113	159	139	185	5.7	25.0
HP0517	BSU12530	45.000	20	11	0	8	27	120	139	5.9	25.0
HP0517	BSU31580	26.087	92	66	2	119	209	155	245	6.2	25.0
HP0517	BSU39640	47.368	19	10	0	7	25	35	53	6.5	25.0
HP0517	BSU01460	50.000	22	11	0	4	25	19	40	6.6	25.0
HP0517	BSU10040	28.000	75	47	3	8	81	32	100	7.4	24.6
HP0517	BSU39480	61.111	18	7	0	8	25	30	47	7.6	24.6
HP0517	BSU12470	28.125	64	39	3	6	68	2	59	7.9	24.3
HP0517	BSU14360	28.571	49	29	2	7	54	33	76	9.7	24.3
HP0517	BSU30010	45.833	24	13	0	4	27	30	53	9.7	24.3
HP0518	BSU03480	27.397	73	52	1	107	179	1263	1334	1.2	27.7
HP0518	BSU27350	23.636	55	36	2	15	64	250	303	3.5	26.2
HP0518	BSU12900	32.500	40	27	0	139	178	220	259	4.3	25.8
HP0518	BSU29680	55.000	20	9	0	14	33	508	527	7.6	25.0
HP0519	BSU04380	22.642	53	40	1	60	111	3	55	1.9	26.2
HP0519	BSU33090	35.417	48	28	1	94	141	297	341	2.5	26.2
HP0519	BSU18190	26.190	42	31	0	10	51	130	171	3.3	25.4
HP0519	BSU34840	47.368	19	10	0	53	71	411	429	5.4	25.4
HP0519	BSU21700	41.379	29	17	0	44	72	91	119	5.4	24.6
HP0519	BSU21370	28.889	45	31	1	162	206	17	60	9.2	24.6
HP0520	BSU26590	34.884	43	28	0	26	68	277	319	0.47	26.6
HP0520	BSU40590	28.571	21	15	0	36	56	157	177	2.6	24.3
HP0520	BSU38050	29.333	75	39	2	11	71	356	430	3.2	23.9
HP0520	BSU05620	42.424	33	19	0	58	90	281	313	3.7	23.9
HP0520	BSU40310	69.231	13	4	0	38	50	5	17	7.1	21.2
HP0520	BSU10580	26.531	49	31	1	35	83	350	393	7.1	23.1
HP0520	BSU30330	50.000	14	7	0	43	56	8	21	9.1	22.3
HP_0521	BSU27350	36.842	38	19	2	12	48	123	156	3.8	23.9
HP_0521	BSU35930	41.379	29	17	0	26	54	56	84	6.1	22.7
HP0522	BSU13620	26.415	106	70	3	319	420	46	147	0.031	32.3
HP0522	BSU17800	33.333	39	23	1	251	286	436	474	5.4	26.2
HP0523	BSU33910	37.500	56	30	3	98	152	14	65	0.45	27.7
HP0523	BSU21340	29.545	44	31	0	21	64	79	122	0.84	26.6
HP0523	BSU19470	24.561	57	41	1	112	166	2	58	1.9	25.0
HP0523	BSU35440	42.308	26	14	1	3	28	71	95	4.4	23.9
HP0523	BSU11370	32.258	31	21	0	22	52	39	69	9.3	23.5
HP0523	BSU29210	58.824	17	7	0	27	43	270	286	9.7	23.5
HP0524	BSU23820	33.898	59	36	2	307	363	263	320	1.6	28.5
HP0524	BSU34920	26.316	95	64	4	282	372	47	139	3.0	27.3
HP0524	BSU22600	23.000	100	65	2	374	461	287	386	3.3	27.7
HP0524	BSU08380	37.209	43	21	1	23	65	176	212	4.9	26.9
HP0524	BSU32890	28.571	28	20	0	279	306	44	71	6.8	25.8
HP0525	BSU24730	33.898	118	65	5	174	284	140	251	5.59e-09	53.5
HP0525	BSU19810	31.034	58	38	1	172	227	16	73	0.004	34.3
HP0525	BSU14330	23.148	216	128	8	145	324	365	578	0.009	34.7
HP0525	BSU30760	32.653	49	33	0	156	204	14	62	0.029	32.3
HP0525	BSU07430	34.722	72	33	4	139	200	4	71	0.070	31.6
HP0525	BSU23960	34.615	52	34	0	157	208	13	64	0.075	31.2
HP0525	BSU09710	45.455	33	18	0	171	203	364	396	0.089	31.2
HP0525	BSU35260	35.417	48	31	0	144	191	1	48	0.096	30.8
HP0525	BSU29340	41.667	36	21	0	171	206	27	62	0.12	30.4
HP0525	BSU19390	41.935	31	18	0	167	197	61	91	0.15	30.4
HP0525	BSU25670	37.255	51	29	1	156	203	141	191	0.15	30.4
HP0525	BSU02750	24.324	74	52	2	156	225	13	86	0.31	29.3
HP0525	BSU11460	34.211	38	25	0	159	196	25	62	0.34	29.3
HP0525	BSU20980	46.667	30	16	0	175	204	6	35	0.38	29.3
HP0525	BSU28800	23.246	228	133	9	23	243	167	359	0.52	28.9
HP0525	BSU13970	31.481	54	34	2	95	148	132	182	0.56	28.5
HP0525	BSU11880	29.091	55	39	0	115	169	11	65	0.63	28.5
HP0525	BSU34700	43.333	30	17	0	159	188	23	52	0.77	28.1
HP0525	BSU08220	25.926	54	40	0	155	208	376	429	0.92	28.1
HP0525	BSU01450	25.352	71	50	1	155	222	19	89	1.1	27.7
HP0525	BSU30420	33.333	51	30	3	156	202	17	67	1.3	27.3
HP0525	BSU30380	39.394	33	20	0	156	188	18	50	1.7	26.9
HP0525	BSU04920	41.379	29	14	1	40	68	46	71	1.9	25.4
HP0525	BSU12420	23.750	80	39	2	112	191	183	240	2.0	26.9
HP0525	BSU33830	37.778	45	27	1	158	201	15	59	2.3	26.6
HP0525	BSU35170	28.333	60	42	1	145	203	5	64	2.4	26.6
HP0525	BSU27620	35.294	34	20	1	64	95	564	597	3.2	26.2
HP0525	BSU27430	23.864	88	50	2	171	243	27	112	3.3	25.8
HP0525	BSU04860	30.357	56	29	3	173	220	229	282	3.6	26.2
HP0525	BSU10120	22.727	44	34	0	56	99	25	68	3.9	25.8
HP0525	BSU01460	30.645	62	43	0	160	221	9	70	4.1	25.8
HP0525	BSU00860	27.551	98	55	4	175	263	542	632	4.5	25.8
HP0525	BSU31875	30.081	123	73	7	169	284	673	789	4.7	25.8
HP0525	BSU08210	25.843	89	56	3	109	197	301	379	4.7	25.8
HP0525	BSU16160	34.884	43	21	2	152	194	40	75	4.7	25.8
HP0525	BSU34840	22.523	111	80	1	171	281	481	585	5.0	25.8
HP0525	BSU39640	42.424	33	19	0	159	191	21	53	5.3	25.4
HP0525	BSU38810	29.268	41	29	0	151	191	10	50	5.3	25.4
HP0525	BSU03590	42.857	21	12	0	171	191	27	47	5.4	25.4
HP0525	BSU13350	21.519	79	62	0	212	290	191	269	6.0	25.4
HP0525	BSU05610	44.000	25	14	0	168	192	314	338	6.0	25.4
HP0525	BSU07420	41.379	29	16	1	171	198	350	378	6.0	25.4
HP0525	BSU15350	29.167	24	17	0	242	265	66	89	6.4	25.4
HP0525	BSU22800	45.000	20	11	0	176	195	22	41	6.5	25.4
HP0525	BSU34090	29.787	47	32	1	156	201	16	62	6.8	25.0
HP0525	BSU07490	27.083	48	31	1	162	205	16	63	6.9	25.0
HP0525	BSU02860	53.846	26	10	1	5	30	109	132	7.2	25.0
HP0525	BSU31360	24.603	126	67	4	171	278	30	145	7.9	25.0
HP0525	BSU34350	37.255	51	27	2	171	221	268	313	8.2	25.0
HP0525	BSU12950	28.947	38	27	0	159	196	22	59	8.7	24.6
HP0525	BSU37230	27.273	66	41	1	140	205	335	393	9.2	25.0
HP0525	BSU36810	35.294	34	22	0	171	204	151	184	9.3	24.6
HP0526	BSU33580	25.926	81	38	2	63	121	107	187	1.1	26.2
HP0526	BSU26370	27.381	84	54	3	9	92	50	126	7.1	23.9
HP0526	BSU01200	37.500	24	15	0	123	146	45	68	7.9	23.1
HP0526	BSU06650	25.532	47	32	2	25	71	174	217	9.1	23.9
HP0527	BSU30410	26.882	93	63	1	519	611	122	209	2.1	29.6
HP0527	BSU33280	32.258	31	21	0	340	370	4	34	2.1	29.6
HP0527	BSU31860	23.737	198	101	8	821	990	108	283	3.3	29.3
HP0527	BSU34910	28.302	106	65	4	675	776	242	340	4.6	28.5
HP0527	BSU05950	29.032	62	42	1	1382	1441	95	156	4.7	28.5
HP0527	BSU35100	42.308	26	15	0	1786	1811	18	43	4.9	27.3
HP0527	BSU13180	39.394	33	20	0	364	396	118	150	5.0	28.5
HP0527	BSU16750	27.419	62	41	1	64	125	65	122	8.1	27.7
HP0527	BSU16750	27.419	62	41	1	194	255	65	122	8.1	27.7
HP0527	BSU39300	23.529	68	52	0	1037	1104	58	125	9.6	27.7
HP0528	BSU33530	30.612	49	31	1	80	125	182	230	0.063	32.3
HP0528	BSU08840	44.828	29	16	0	60	88	160	188	1.5	28.1
HP0528	BSU21450	27.273	99	60	3	295	392	323	410	2.4	27.3
HP0528	BSU04640	24.793	121	68	4	6	103	186	306	4.5	26.6
HP0528	BSU04570	26.471	68	48	1	454	521	296	361	6.2	26.2
HP0528	BSU24500	26.316	57	40	1	159	215	65	119	8.5	25.0
HP0529	BSU18540	26.616	263	168	11	179	430	41	289	0.043	33.1
HP0530	BSU09510	25.833	120	74	4	36	152	67	174	2.8	25.8
HP0530	BSU28730	40.625	32	19	0	43	74	116	147	2.8	25.8
HP0530	BSU14400	45.833	24	13	0	15	38	477	500	6.1	25.0
HP0530	BSU17890	22.619	84	50	2	69	152	146	214	7.9	24.6
HP0530	BSU30550	20.202	99	56	2	83	162	114	208	8.7	24.3
HP0530	BSU29100	31.034	29	20	0	13	41	241	269	9.0	24.3
HP0531	BSU15520	26.087	69	51	0	128	196	792	860	1.1	26.9
HP0531	BSU05440	24.138	58	43	1	100	157	125	181	2.0	25.8
HP0531	BSU31860	30.682	88	57	1	2	85	510	597	2.8	25.8
HP0531	BSU15940	27.451	51	37	0	22	72	849	899	6.4	24.6
HP0531	BSU36570	30.769	52	33	1	120	171	102	150	6.9	23.9
HP0531	BSU38490	46.154	26	10	2	103	127	163	185	7.1	24.3
HP0531	BSU27100	32.692	52	29	2	154	204	43	89	8.3	23.9
HP0531	BSU24160	25.641	78	52	2	114	191	200	271	8.8	23.9
HP0532	BSU30190	29.204	113	62	6	95	204	267	364	0.60	28.1
HP0532	BSU30830	32.000	50	28	1	17	60	331	380	0.95	27.7
HP0532	BSU37920	50.000	22	11	0	149	170	12	33	2.3	25.8
HP0532	BSU11240	26.531	49	33	1	216	261	938	986	4.7	25.4
HP0532	BSU17190	47.826	23	12	0	114	136	2911	2933	6.5	25.0
HP0532	BSU40150	32.000	50	21	1	200	236	13	62	7.3	24.6
HP0532	BSU06800	32.609	46	28	1	98	140	22	67	7.3	23.1
HP0534	BSU29620	31.579	38	25	1	51	87	137	174	0.66	27.3
HP0534	BSU00550	35.135	37	23	1	126	162	439	474	3.3	25.4
HP0534	BSU21780	21.053	133	71	5	87	192	105	230	3.3	25.0
HP0534	BSU24490	43.478	23	13	0	107	129	117	139	6.4	24.3
HP0534	BSU37050	20.930	129	78	5	16	120	53	181	7.2	24.3
HP0535	BSU03170	27.778	54	39	0	64	117	188	241	0.098	28.5
HP0535	BSU12370	27.778	54	35	2	57	107	77	129	2.0	24.6
HP0535	BSU33090	30.612	49	34	0	28	76	4	52	2.1	24.6
HP0535	BSU29620	44.444	18	10	0	78	95	19	36	2.8	24.3
HP0535	BSU18450	30.000	30	21	0	71	100	466	495	5.1	23.9
HP0535	BSU00100	40.541	37	21	1	12	48	365	400	6.3	23.5
HP0535	BSU01460	43.478	23	13	0	65	87	244	266	6.7	23.1
HP0535	BSU33080	36.364	22	14	0	18	39	122	143	9.3	22.7
HP0536	BSU12680	32.500	40	25	2	23	61	533	571	0.12	28.1
HP0536	BSU33780	39.024	41	21	2	38	74	160	200	0.99	25.4
HP0536	BSU02480	34.884	43	24	1	29	71	94	132	3.0	23.9
HP0536	BSU21329	52.381	21	10	0	42	62	22	42	3.4	22.7
HP0536	BSU05099	52.381	21	10	0	42	62	22	42	3.4	22.7
HP0536	BSU34340	39.286	28	15	1	3	30	177	202	3.4	23.9
HP0536	BSU30940	30.000	30	21	0	56	85	564	593	3.7	23.9
HP0536	BSU29070	26.230	61	38	3	16	72	117	174	4.4	23.5
HP0536	BSU06090	38.710	31	18	1	13	43	247	276	5.2	23.1
HP0536	BSU06990	33.333	45	30	0	46	90	31	75	8.4	22.7
HP0536	BSU29160	31.818	44	28	1	17	60	47	88	9.8	22.3
HP0536	BSU12400	37.037	27	17	0	37	63	149	175	9.9	22.3
HP0537	BSU17190	32.895	76	45	3	38	107	3317	3392	2.1	27.3
HP0537	BSU21350	24.299	107	75	2	190	293	270	373	4.8	26.2
HP0537	BSU24240	32.143	56	30	2	198	245	310	365	5.5	25.8
HP0537	BSU09800	40.000	45	22	2	264	304	13	56	8.7	24.3
HP0538	BSU14060	37.500	40	24	1	139	178	81	119	0.025	32.3
HP0538	BSU05740	39.130	46	27	1	100	144	136	181	0.61	28.5
HP0538	BSU21370	26.786	56	37	1	69	120	373	428	1.2	27.7
HP0538	BSU33200	31.579	38	26	0	25	62	227	264	1.6	26.9
HP0538	BSU08590	32.787	61	34	3	143	198	126	184	2.0	26.6
HP0538	BSU17210	39.286	28	17	0	80	107	5452	5479	2.7	26.6
HP0538	BSU28810	35.294	34	18	1	160	189	278	311	9.5	24.6
HP0539	BSU13990	35.417	48	27	2	65	112	404	447	0.18	29.6
HP0539	BSU05900	35.897	39	22	1	73	108	22	60	2.9	25.8
HP0539	BSU37820	40.000	25	15	0	208	232	257	281	8.8	24.3
HP0540	BSU39760	28.049	82	49	2	151	232	3	74	0.85	28.5
HP0540	BSU22370	35.417	48	25	2	69	110	212	259	3.4	26.6
HP0540	BSU04840	28.889	45	27	1	320	359	12	56	3.9	24.6
HP0540	BSU28760	41.176	34	20	0	240	273	133	166	4.3	26.2
HP0540	BSU28340	48.000	25	13	0	343	367	135	159	5.9	25.4
HP0541	BSU17040	22.000	100	74	2	255	351	629	727	0.28	30.0
HP0541	BSU17210	27.027	111	73	3	66	170	427	535	0.41	29.6
HP0541	BSU19240	25.000	44	33	0	154	197	103	146	0.59	28.1
HP0541	BSU14860	29.091	55	35	1	274	328	411	461	0.60	28.9
HP0541	BSU06210	39.024	41	20	2	330	368	122	159	0.71	28.5
HP0541	BSU15510	35.484	31	16	1	157	187	225	251	2.0	26.9
HP0541	BSU14810	29.630	27	19	0	132	158	6	32	4.8	25.8
HP0541	BSU37170	26.866	67	39	1	14	80	231	287	5.3	25.8
HP0541	BSU18240	31.111	45	31	0	275	319	400	444	6.1	25.4
HP0541	BSU26910	23.776	143	95	7	152	293	117	246	6.3	25.4
HP0541	BSU03480	26.415	106	65	4	46	140	1024	1127	7.9	25.4
HP0541	BSU34160	25.217	115	63	6	251	359	87	184	8.2	25.0
HP0541	BSU35280	43.478	23	13	0	50	72	206	228	8.4	25.0
HP0542	BSU05860	23.214	56	36	1	48	103	23	71	1.0	25.8
HP0542	BSU28220	25.714	70	47	2	67	136	87	151	1.1	25.8
HP0542	BSU06160	41.667	24	14	0	3	26	330	353	1.6	25.4
HP0542	BSU37950	30.000	60	41	1	61	120	26	84	4.0	23.5
HP0542	BSU17180	52.632	19	9	0	25	43	173	191	5.1	24.3
HP0542	BSU27720	38.462	26	14	1	69	92	188	213	6.0	23.5
HP0543	BSU06040	33.333	33	22	0	73	105	78	110	0.13	29.3
HP0543	BSU29240	31.579	38	26	0	174	211	103	140	0.77	27.3
HP0543	BSU23280	34.375	32	21	0	219	250	231	262	3.3	25.8
HP0543	BSU21058	36.364	22	14	0	197	218	24	45	3.7	23.9
HP0544	BSU31875	33.333	48	27	1	576	623	666	708	0.57	30.8
HP0544	BSU34180	30.233	43	30	0	465	507	1	43	0.65	29.6
HP0544	BSU15650	25.974	77	52	2	65	141	61	132	2.3	28.5
HP0544	BSU10160	29.487	78	41	3	350	413	46	123	2.8	28.5
HP0544	BSU04860	54.545	22	10	0	592	613	229	250	2.9	28.1
HP0544	BSU30320	34.545	55	25	2	256	303	63	113	3.1	28.1
HP0544	BSU03120	20.755	159	104	6	532	673	25	178	3.2	27.7
HP0544	BSU19190	31.250	48	25	2	38	83	13	54	3.2	28.1
HP0544	BSU27730	45.833	24	13	0	592	615	55	78	4.1	27.7
HP0544	BSU29805	55.000	20	9	0	592	611	634	653	5.2	27.7
HP0544	BSU27080	66.667	15	5	0	592	606	140	154	5.6	27.3
HP0544	BSU40620	29.508	61	41	2	816	875	139	198	6.0	26.9
HP0544	BSU14780	35.897	39	23	1	60	98	27	63	6.1	25.8
HP0544	BSU19020	23.158	95	57	3	273	354	145	236	7.6	26.9
HP0544	BSU06980	26.400	125	58	4	842	950	98	204	8.1	26.6
HP0544	BSU18520	30.000	50	31	1	300	345	3	52	8.7	26.6
HP0545	BSU17680	78.571	14	3	0	126	139	244	257	0.49	27.7
HP0545	BSU22870	31.148	61	39	2	7	66	75	133	2.0	25.8
HP0545	BSU36260	29.762	84	50	4	94	175	65	141	3.2	25.0
HP0545	BSU15170	30.303	33	23	0	163	195	275	307	4.0	25.0
HP0545	BSU09860	37.500	32	20	0	175	206	40	71	4.5	24.6
HP0545	BSU38200	27.778	54	35	1	142	191	210	263	4.6	25.0
HP0545	BSU01900	28.736	87	46	4	124	203	27	104	6.4	23.5
HP0545	BSU18970	24.742	97	58	3	72	153	643	739	6.5	24.6
HP0545	BSU10000	36.111	36	16	1	57	85	40	75	9.0	23.1
HP0545	BSU30750	44.444	27	12	1	169	195	300	323	9.4	23.9
HP0546	BSU26550	26.000	50	37	0	2	51	10	59	1.1	24.3
HP0546	BSU31750	22.785	79	56	1	20	98	108	181	1.3	25.0
HP0546	BSU28970	37.143	35	17	1	26	60	46	75	2.5	24.3
HP0546	BSU11240	34.286	35	18	1	30	59	249	283	3.1	24.3
HP0546	BSU02260	34.783	23	15	0	83	105	20	42	5.7	23.1
HP0546	BSU09340	66.667	15	4	1	82	96	94	107	6.0	23.1
HP0546	BSU15660	32.258	31	21	0	19	49	152	182	9.6	22.3
HP0546a	BSU32130	46.154	26	14	0	32	57	55	80	0.043	28.1
HP0546a	BSU03530	29.412	34	23	1	12	44	196	229	3.5	22.7
HP0546a	BSU37280	29.730	37	26	0	13	49	152	188	3.6	22.7
HP0546a	BSU26030	36.364	33	21	0	4	36	961	993	3.9	22.7
HP0546a	BSU33360	33.333	30	20	0	37	66	430	459	4.4	22.3
HP0546a	BSU08400	37.500	24	12	1	22	42	358	381	5.8	21.9
HP0546a	BSU40510	45.455	22	12	0	41	62	526	547	7.8	21.6
HP0546a	BSU17220	42.857	21	12	0	47	67	2431	2451	8.0	21.6
HP0546a	BSU28710	25.581	43	27	1	7	44	450	492	9.2	21.6
HP0547	BSU00870	28.378	74	49	1	364	433	93	166	0.15	32.7
HP0547	BSU06740	26.163	172	105	6	548	709	101	260	2.2	28.5
HP0547	BSU07810	30.303	66	34	3	323	378	314	377	4.7	27.7
HP0547	BSU28860	26.230	61	43	1	756	816	8	66	4.9	25.4
HP0547	BSU17000	26.829	82	60	0	866	947	1	82	5.4	27.7
HP0547	BSU31490	23.256	129	81	4	239	350	398	525	7.2	27.3
HP0547	BSU37450	21.505	93	70	2	644	734	3	94	8.9	26.9
HP0548	BSU03090	24.444	45	31	1	128	172	106	147	0.56	28.1
HP0548	BSU05460	21.649	97	71	1	12	103	168	264	1.2	27.3
HP0548	BSU18250	27.500	80	47	3	15	92	412	482	1.5	27.3
HP0548	BSU29100	50.000	32	14	2	8	38	535	565	2.1	26.6
HP0548	BSU01280	25.610	82	58	1	43	124	12	90	2.3	26.2
HP0548	BSU18280	27.273	66	44	2	177	239	240	304	4.1	25.8
HP0548	BSU28270	27.027	37	27	0	140	176	137	173	4.6	25.4
HP0548	BSU15640	28.302	53	33	2	43	90	148	200	6.0	25.4
HP0548	BSU28630	41.667	24	14	0	194	217	492	515	7.6	25.0
HP0548	BSU39610	31.373	51	31	2	53	102	251	298	8.2	24.6
HP0549	BSU28390	35.798	257	151	7	3	253	6	254	2.51e-42	142
HP0549	BSU26810	31.220	205	122	4	1	195	1	196	5.07e-31	112
HP0549	BSU34430	33.803	71	42	2	63	133	75	140	2.93e-04	37.7
HP0549	BSU23210	37.736	53	31	2	9	60	117	168	0.31	28.5
HP0549	BSU11510	40.476	42	22	1	176	217	134	172	0.54	27.7
HP0549	BSU25480	32.258	62	35	3	47	102	127	187	2.3	25.8
HP0549	BSU23890	33.333	30	20	0	41	70	113	142	2.5	25.8
HP0549	BSU05490	35.897	39	20	1	37	75	103	136	3.6	25.4
HP0549	BSU23280	33.333	45	29	1	11	55	291	334	4.2	25.4
HP0549	BSU28760	62.500	16	6	0	109	124	150	165	7.4	24.6
HP0549	BSU02620	22.963	135	80	5	130	246	108	236	7.5	24.6
HP0550	BSU37080	54.217	415	185	4	25	438	6	416	1.89e-158	451
HP0550	BSU16240	30.045	223	126	7	179	385	147	355	2.54e-14	71.2
HP0550	BSU36810	25.101	247	160	7	150	385	120	352	1.44e-05	43.9
HP0550	BSU36830	38.889	36	22	0	171	206	143	178	0.014	34.3
HP0550	BSU24430	32.787	61	39	2	194	253	140	199	0.062	32.0
HP0550	BSU39240	26.316	57	41	1	287	343	176	231	1.6	27.7
HP0550	BSU16050	27.143	140	71	7	192	308	122	253	1.9	27.3
HP0550	BSU38540	41.463	41	20	1	256	292	5	45	2.1	26.9
HP0550	BSU25640	45.833	24	13	0	246	269	6	29	2.5	26.6
HP0550	BSU12010	36.111	36	23	0	68	103	206	241	3.4	26.9
HP0550	BSU00860	23.204	181	107	7	151	326	159	312	4.8	26.2
HP0550	BSU25340	32.075	53	32	1	75	123	214	266	6.8	25.4
HP0550	BSU02470	26.852	108	73	2	294	401	227	328	7.0	25.8
HP0550	BSU38050	24.242	99	60	4	329	427	275	358	7.4	25.8
HP0550	BSU12420	31.915	47	32	0	194	240	224	270	8.2	25.4
HP0550	BSU29310	26.154	65	40	2	109	170	224	283	9.7	25.4
HP0551	BSU37070	49.254	67	33	1	1	67	1	66	8.71e-19	69.3
HP0551	BSU30700	38.750	80	35	1	1	66	1	80	5.23e-14	57.4
HP0551	BSU17190	38.095	42	21	2	4	40	3163	3204	0.46	25.0
HP0551	BSU32050	45.833	24	13	0	11	34	325	348	2.1	23.1
HP0551	BSU10660	22.581	31	24	0	9	39	33	63	4.4	21.9
HP0551	BSU11410	35.484	31	20	0	1	31	122	152	5.9	21.6
HP0551	BSU40110	28.125	64	40	2	1	64	207	264	7.4	21.6
HP0551	BSU11650	41.667	24	11	1	38	61	18	38	8.8	21.2
HP0551	BSU35580	25.641	39	29	0	26	64	212	250	9.2	21.2
HP0551	BSU05830	42.857	21	12	0	14	34	264	284	9.3	21.2
HP0551	BSU13700	30.769	39	20	2	5	43	22	53	9.6	21.2
HP0551	BSU40550	25.532	47	35	0	21	67	87	133	9.6	21.2
HP0552	BSU00360	34.034	238	134	4	1	236	16	232	2.29e-38	134
HP0552	BSU10110	39.286	28	17	0	147	174	216	243	6.8	25.0
HP0552	BSU08310	25.287	87	51	3	152	235	138	213	7.6	24.6
HP0552	BSU15620	31.250	32	22	0	64	95	223	254	8.0	24.6
HP0552	BSU39100	22.523	111	70	4	132	226	118	228	8.0	24.6
HP0553	BSU00960	26.383	235	158	6	5	226	8	240	5.60e-17	74.3
HP0553	BSU28650	31.690	142	94	3	84	223	103	243	2.51e-15	69.7
HP0553	BSU30300	28.378	148	78	7	60	205	86	207	0.001	36.6
HP0553	BSU33800	31.250	64	43	1	39	101	100	163	0.35	28.1
HP0553	BSU33700	31.250	64	43	1	39	101	100	163	0.42	28.1
HP0553	BSU08930	29.412	68	46	2	158	223	80	147	0.53	27.3
HP0553	BSU29200	40.741	27	16	0	144	170	69	95	3.5	25.4
HP0553	BSU38340	32.787	61	38	2	64	123	303	361	5.8	24.6
HP0553	BSU27670	33.333	30	19	1	63	92	432	460	9.0	24.3
HP0554	BSU27130	30.357	56	28	2	221	276	208	252	0.40	28.9
HP0554	BSU19210	32.692	52	25	2	179	230	122	163	1.3	27.3
HP0554	BSU27785	45.714	35	14	2	235	264	181	215	1.5	26.9
HP0554	BSU11730	51.852	27	12	1	203	229	41	66	1.6	26.9
HP0554	BSU07840	26.786	56	26	1	133	188	159	199	1.9	26.9
HP0554	BSU07250	35.000	40	25	1	255	294	424	462	5.6	25.4
HP0554	BSU23140	23.881	67	44	3	138	198	198	263	6.5	25.4
HP0554	BSU22780	34.000	50	27	3	220	263	14	63	7.1	24.6
HP0554	BSU16910	22.481	129	80	4	46	170	1	113	10.0	24.6
HP0555	BSU13180	24.468	94	65	3	59	148	187	278	0.80	28.1
HP0555	BSU22450	45.161	31	16	1	221	250	135	165	1.3	27.3
HP0555	BSU34460	22.535	71	46	1	174	235	133	203	1.3	27.3
HP0555	BSU34460	31.250	64	41	2	142	203	326	388	1.4	26.9
HP0555	BSU39680	34.375	32	20	1	140	170	20	51	1.8	26.6
HP0555	BSU14320	44.444	27	15	0	34	60	509	535	2.8	26.2
HP0555	BSU35780	24.000	75	56	1	60	134	412	485	4.7	25.4
HP0555	BSU18460	22.951	61	45	1	158	218	124	182	5.2	25.0
HP0555	BSU17200	33.333	48	25	1	6	53	2801	2841	6.9	25.0
HP0555	BSU14040	45.000	20	11	0	192	211	109	128	8.0	24.3
HP0555	BSU08710	38.462	26	16	0	179	204	30	55	8.4	24.6
HP0555	BSU01570	31.373	51	28	3	61	109	75	120	8.5	24.3
HP0556	BSU27880	31.746	63	35	3	6	68	254	308	0.12	28.9
HP0556	BSU26480	30.159	63	42	2	13	73	24	86	0.22	27.7
HP0556	BSU03250	33.333	54	33	1	85	135	84	137	1.1	25.8
HP0556	BSU15420	41.667	24	14	0	72	95	120	143	1.2	25.4
HP0556	BSU36280	43.478	23	13	0	51	73	36	58	1.4	25.8
HP0556	BSU24570	38.889	36	20	1	34	69	109	142	2.7	24.6
HP0556	BSU38000	31.818	66	36	3	44	104	115	176	2.9	24.6
HP0556	BSU30135	27.083	48	33	1	70	117	12	57	3.2	24.6
HP0556	BSU06220	35.484	31	19	1	101	130	8	38	5.2	23.9
HP0556	BSU18310	23.188	69	51	1	2	68	93	161	7.8	23.5
HP0556	BSU25570	48.148	27	13	1	89	114	401	427	9.1	23.1
HP0557	BSU29200	48.882	313	152	3	1	305	1	313	1.16e-85	257
HP0557	BSU23920	31.544	149	86	4	132	264	333	481	1.45e-11	61.6
HP0557	BSU23920	29.762	84	56	2	131	213	103	184	1.3	27.3
HP0557	BSU18210	26.957	115	60	4	132	238	101	199	9.38e-05	40.4
HP0557	BSU08720	66.667	18	6	0	135	152	76	93	0.45	28.1
HP0557	BSU12930	50.000	24	12	0	163	186	37	60	1.7	26.9
HP0557	BSU36820	25.641	39	29	0	60	98	83	121	2.2	26.6
HP0557	BSU29680	29.545	44	30	1	68	111	426	468	3.0	26.2
HP0557	BSU16790	29.310	58	40	1	178	235	107	163	3.0	26.2
HP0557	BSU28980	26.786	112	68	5	189	298	166	265	3.5	25.8
HP0557	BSU10110	33.333	33	19	1	54	83	251	283	3.8	26.2
HP0557	BSU24160	40.741	27	16	0	35	61	58	84	4.8	25.4
HP0557	BSU05700	33.333	39	26	0	18	56	97	135	5.4	25.0
HP0557	BSU15510	30.000	60	33	1	127	177	87	146	6.8	25.0
HP0557	BSU39360	33.333	54	33	2	153	203	129	182	8.1	25.0
HP0557	BSU09780	41.667	24	14	0	282	305	279	302	8.4	24.6
HP0557	BSU32700	24.762	105	51	4	70	173	270	347	9.0	24.6
HP0557	BSU10160	50.000	16	8	0	96	111	44	59	9.3	24.6
HP0558	BSU11340	49.153	413	201	3	2	411	4	410	1.01e-134	389
HP0558	BSU17140	29.268	369	240	8	48	410	53	406	3.71e-39	142
HP0558	BSU17180	27.346	373	241	11	55	411	1828	2186	1.61e-23	100
HP0558	BSU17180	27.273	396	230	17	52	411	3406	3779	8.21e-19	86.3
HP0558	BSU17180	27.076	277	183	8	144	408	4720	4989	3.45e-11	62.4
HP0558	BSU17210	28.826	281	180	8	146	411	1240	1515	1.55e-19	88.2
HP0558	BSU17210	27.735	393	229	18	51	411	4142	4511	3.66e-16	77.8
HP0558	BSU17210	26.718	393	232	16	52	411	2643	3012	1.44e-15	75.9
HP0558	BSU17200	25.784	287	185	6	146	411	2455	2734	2.69e-19	87.4
HP0558	BSU17200	29.787	235	149	5	154	382	3677	3901	6.84e-19	86.3
HP0558	BSU17200	23.469	392	243	12	55	411	462	831	3.96e-17	80.9
HP0558	BSU17190	30.576	278	163	9	154	411	3027	3294	6.23e-19	86.3
HP0558	BSU17190	23.256	387	250	12	55	411	502	871	2.08e-15	75.5
HP0558	BSU17190	28.159	277	183	8	144	410	4214	4484	9.91e-14	70.1
HP0558	BSU17190	24.915	293	184	7	146	411	2082	2365	1.03e-13	70.1
HP0558	BSU17220	27.152	302	184	7	139	411	1652	1946	2.53e-17	81.3
HP0558	BSU17220	25.088	283	177	9	154	411	687	959	3.86e-15	74.7
HP0558	BSU33960	26.027	146	78	6	62	194	210	338	0.16	30.8
HP0558	BSU17290	31.250	48	33	0	138	185	33	80	0.95	27.3
HP0558	BSU03680	44.444	27	15	0	359	385	63	89	1.4	27.7
HP0558	BSU00250	26.316	76	53	1	26	101	87	159	2.2	26.9
HP0558	BSU16580	27.632	76	42	2	277	352	1329	1391	2.8	26.9
HP0558	BSU36760	28.889	90	51	4	223	305	121	204	3.8	26.6
HP0558	BSU05190	39.474	38	17	1	95	126	91	128	5.7	25.8
HP0558	BSU02760	23.729	59	42	1	124	182	317	372	6.7	25.4
HP0558	BSU15540	30.337	89	51	5	3	89	57	136	8.9	25.0
HP0558	BSU00600	61.538	13	5	0	32	44	31	43	9.3	23.9
HP0559	BSU15920	53.425	73	34	0	4	76	5	77	1.79e-20	74.3
HP0559	BSU17190	32.075	53	35	1	2	54	2601	2652	5.70e-04	33.5
HP0559	BSU17190	30.612	49	33	1	3	51	2743	2790	0.094	27.3
HP0559	BSU17190	29.545	44	30	1	8	51	1807	1849	4.4	22.7
HP0559	BSU17130	31.081	74	49	2	3	75	6	78	6.23e-04	32.3
HP0559	BSU38520	30.909	55	38	0	1	55	1	55	0.004	30.0
HP0559	BSU39430	32.692	52	28	1	8	52	23	74	0.64	25.0
HP0559	BSU12340	27.273	55	37	1	26	77	127	181	0.73	24.6
HP0559	BSU03490	31.250	32	22	0	46	77	820	851	0.99	24.3
HP0559	BSU35190	28.889	45	24	2	33	77	17	53	1.4	23.9
HP0559	BSU00880	38.462	39	20	1	28	62	211	249	1.4	23.9
HP0559	BSU02070	28.261	46	33	0	19	64	30	75	1.4	23.5
HP0559	BSU06440	29.167	48	33	1	7	54	194	240	1.7	23.5
HP0559	BSU31960	45.833	24	13	0	31	54	2066	2089	1.8	23.9
HP0559	BSU10270	54.545	22	9	1	33	54	291	311	2.2	23.5
HP0559	BSU30500	40.000	25	15	0	54	78	293	317	2.2	23.5
HP0559	BSU16320	44.000	25	12	1	43	65	353	377	3.3	22.7
HP0559	BSU00910	36.364	33	21	0	1	33	107	139	4.5	22.3
HP0559	BSU24450	27.273	44	27	1	13	56	89	127	6.7	21.9
HP0559	BSU04170	35.135	37	21	1	5	41	459	492	6.8	21.9
HP0559	BSU08970	45.000	20	11	0	43	62	171	190	9.7	21.6
HP0561	BSU15910	40.083	242	145	0	6	247	5	246	9.94e-60	186
HP0561	BSU02830	35.081	248	158	3	3	247	5	252	4.63e-44	146
HP0561	BSU03930	36.179	246	154	2	3	245	5	250	1.88e-42	142
HP0561	BSU38970	32.661	248	154	3	9	244	7	253	3.23e-39	134
HP0561	BSU16870	33.471	242	157	2	6	246	3	241	7.93e-38	129
HP0561	BSU04190	33.468	248	161	3	2	247	39	284	1.59e-36	127
HP0561	BSU37720	32.685	257	152	3	1	244	1	249	2.15e-35	124
HP0561	BSU22140	31.405	242	161	4	5	244	12	250	1.12e-32	116
HP0561	BSU09450	30.645	248	168	3	2	247	42	287	4.44e-31	113
HP0561	BSU39840	32.143	252	154	6	6	245	7	253	1.55e-30	111
HP0561	BSU10400	30.579	242	164	3	5	244	41	280	2.04e-29	108
HP0561	BSU14060	30.364	247	166	4	6	247	4	249	9.80e-29	106
HP0561	BSU29420	27.642	246	171	4	6	245	2	246	1.66e-28	105
HP0561	BSU32000	33.466	251	154	4	5	244	8	256	3.31e-27	102
HP0561	BSU08650	31.429	245	158	5	6	244	5	245	1.20e-26	100
HP0561	BSU13770	30.242	248	164	4	2	245	3	245	2.82e-24	94.4
HP0561	BSU11980	28.745	247	164	7	6	245	7	248	1.72e-23	92.4
HP0561	BSU10430	28.287	251	171	4	2	245	48	296	3.57e-22	89.7
HP0561	BSU37680	29.183	257	158	6	6	244	4	254	1.13e-21	87.8
HP0561	BSU33590	31.439	264	155	9	1	245	3	259	3.63e-21	86.3
HP0561	BSU33190	31.439	264	155	7	1	245	3	259	4.16e-21	86.3
HP0561	BSU40000	31.760	233	129	7	8	225	34	251	5.83e-21	87.0
HP0561	BSU18500	26.857	175	127	1	22	196	23	196	9.12e-17	73.9
HP0561	BSU12350	24.621	264	175	5	5	245	10	272	6.04e-15	69.3
HP0561	BSU23780	27.404	208	143	5	2	208	3	203	6.08e-15	69.3
HP0561	BSU31220	28.244	262	168	6	2	245	424	683	1.78e-10	57.4
HP0561	BSU31840	26.570	207	128	8	9	204	5	198	2.59e-10	55.8
HP0561	BSU32900	28.571	126	86	3	119	244	5	126	3.28e-10	53.5
HP0561	BSU11720	25.912	274	157	13	1	247	1	255	7.24e-10	54.7
HP0561	BSU32910	35.417	96	60	2	1	95	1	95	1.08e-09	51.6
HP0561	BSU38540	26.368	201	139	4	1	198	1	195	1.47e-08	50.8
HP0561	BSU17180	23.445	209	126	11	8	192	4174	4372	3.84e-05	41.6
HP0561	BSU17180	25.253	198	136	5	9	199	2853	3045	6.98e-05	40.4
HP0561	BSU17180	22.826	92	56	2	50	129	1858	1946	0.84	27.7
HP0561	BSU17180	42.500	40	21	2	189	227	780	818	8.5	24.6
HP0561	BSU32980	23.350	197	130	3	6	192	4	189	0.001	36.2
HP0561	BSU17210	25.698	179	122	6	1	175	3674	3845	0.003	35.8
HP0561	BSU17210	24.528	106	77	2	9	111	2182	2287	0.004	35.4
HP0561	BSU17210	23.267	202	133	7	32	227	5247	5432	0.006	34.7
HP0561	BSU17190	23.529	170	107	4	9	167	1524	1681	0.004	35.0
HP0561	BSU17190	22.835	127	80	4	4	112	3685	3811	0.060	31.6
HP0561	BSU06880	29.070	86	44	2	8	93	7	75	0.021	32.3
HP0561	BSU34350	40.000	30	18	0	2	31	265	294	0.66	28.1
HP0561	BSU19810	38.235	34	21	0	3	36	13	46	0.66	26.9
HP0561	BSU13350	24.590	122	72	5	39	142	16	135	2.1	26.2
HP0561	BSU09310	24.516	155	93	5	14	148	98	248	2.4	26.2
HP0561	BSU38860	26.282	156	94	7	8	154	3	146	2.4	26.2
HP0561	BSU24760	36.585	41	21	1	16	56	239	274	2.7	25.8
HP0561	BSU16825	37.500	32	20	0	63	94	191	222	2.8	25.8
HP0561	BSU02970	32.075	53	30	2	144	190	47	99	3.3	24.6
HP0561	BSU15650	24.299	107	70	4	23	129	523	618	3.7	25.8
HP0561	BSU17200	25.984	127	89	4	4	127	3143	3267	4.9	25.4
HP0561	BSU17200	23.622	127	91	4	32	157	1552	1673	5.1	25.4
HP0561	BSU30810	29.268	82	42	4	158	225	99	178	7.2	24.6
HP0562	BSU25410	34.545	55	36	0	1	55	1	55	1.78e-05	35.4
HP0562	BSU35680	33.333	42	28	0	19	60	483	524	0.21	25.8
HP0562	BSU35900	29.508	61	40	2	9	67	147	206	0.23	25.8
HP0562	BSU17260	42.857	21	12	0	30	50	35	55	0.33	25.4
HP0562	BSU28860	29.167	48	29	1	1	48	1	43	1.3	23.1
HP0562	BSU29880	46.154	26	13	1	6	31	322	346	2.1	23.1
HP0562	BSU29880	28.571	21	15	0	4	24	128	148	8.1	21.6
HP0562	BSU07370	39.286	28	17	0	38	65	240	267	4.7	22.3
HP0562	BSU27010	41.667	24	14	0	2	25	316	339	6.3	21.9
HP0562	BSU09910	64.286	14	5	0	9	22	60	73	6.8	21.6
HP0562	BSU06680	30.556	36	22	1	5	37	19	54	7.9	21.6
HP0563	BSU27650	30.357	56	39	0	186	241	86	141	0.27	30.4
HP0563	BSU24650	47.826	23	11	1	392	413	80	102	0.51	27.7
HP0563	BSU00310	29.730	74	47	2	261	333	182	251	2.5	26.9
HP0563	BSU11010	34.615	26	17	0	323	348	494	519	3.1	26.9
HP0563	BSU17220	29.630	27	19	0	142	168	198	224	4.4	26.6
HP0563	BSU31960	32.353	34	21	1	302	333	6	39	7.8	25.8
HP0564	BSU18310	30.769	52	34	1	22	73	224	273	0.37	25.8
HP0564	BSU38450	52.381	21	10	0	30	50	10	30	0.74	24.6
HP0564	BSU38540	28.000	75	48	2	1	69	26	100	2.1	23.5
HP0564	BSU10580	37.037	27	17	0	15	41	372	398	5.5	22.3
HP0564	BSU23620	42.857	21	12	0	39	59	282	302	5.8	22.3
HP0564	BSU03080	38.462	26	16	0	30	55	115	140	7.8	21.6
HP0564	BSU07980	38.095	21	13	0	24	44	97	117	8.1	21.9
HP0564	BSU13520	56.250	16	7	0	24	39	167	182	8.7	21.9
HP0564	BSU32480	40.741	27	15	1	47	73	266	291	8.9	21.9
HP0564	BSU23280	37.838	37	14	1	36	63	274	310	9.2	21.6
HP0565	BSU27670	31.818	66	40	3	1	65	313	374	2.3	25.8
HP0565	BSU04960	25.862	58	40	1	17	71	402	459	3.6	25.4
HP0565	BSU04960	38.462	26	16	0	103	128	149	174	8.2	24.3
HP0565	BSU05940	35.714	56	34	2	128	183	89	142	4.8	25.0
HP0565	BSU36570	42.857	28	16	0	108	135	54	81	5.3	24.3
HP0566	BSU32170	26.389	216	140	8	3	201	6	219	8.36e-17	75.5
HP0566	BSU24960	29.787	47	29	2	218	262	1	45	0.39	28.5
HP0566	BSU12430	31.915	47	31	1	216	261	116	162	1.0	27.3
HP0566	BSU11870	38.710	31	19	0	163	193	241	271	1.4	26.9
HP0566	BSU20420	26.471	34	25	0	30	63	11	44	2.0	25.4
HP0566	BSU31875	23.864	88	48	2	139	216	706	784	2.8	26.2
HP0566	BSU01920	30.303	66	35	3	169	234	303	357	4.2	25.4
HP0566	BSU19259	47.826	23	9	1	34	53	38	60	4.8	23.9
HP0566	BSU13420	30.645	62	29	3	205	265	142	190	5.8	25.0
HP0566	BSU23710	30.000	30	21	0	27	56	276	305	6.2	25.0
HP0566	BSU10980	26.531	49	36	0	112	160	23	71	6.8	25.0
HP0566	BSU19220	32.353	34	23	0	55	88	310	343	9.4	24.6
HP0567	BSU29160	24.561	228	143	10	105	324	140	346	3.22e-05	42.0
HP0567	BSU31800	23.196	388	238	16	1	348	2	369	1.73e-04	39.7
HP0567	BSU11610	30.986	71	48	1	211	280	141	211	0.029	32.3
HP0567	BSU09250	22.619	84	57	2	74	154	19	97	0.30	29.6
HP0567	BSU01360	25.694	144	85	7	165	296	111	244	0.87	28.1
HP0567	BSU40570	38.095	42	22	2	124	164	391	429	2.5	26.6
HP0567	BSU39400	30.952	42	28	1	114	154	203	244	5.1	25.8
HP0567	BSU03490	30.882	68	29	3	164	227	102	155	5.3	25.8
HP0567	BSU13890	27.746	173	107	8	45	210	175	336	7.9	25.0
HP0567	BSU04480	22.917	144	95	3	191	332	202	331	9.5	24.6
HP0568	BSU13740	23.913	92	61	2	19	102	34	124	0.008	33.9
HP0568	BSU01920	22.561	164	104	7	13	162	111	265	0.075	31.2
HP0568	BSU14270	30.769	52	32	1	171	218	96	147	1.8	26.6
HP0568	BSU36700	20.930	215	125	9	8	198	16	209	2.5	26.2
HP0568	BSU05050	25.373	67	48	1	218	284	46	110	2.9	25.4
HP0568	BSU28420	29.091	55	28	2	15	64	67	115	4.0	25.0
HP0568	BSU23510	27.273	88	52	3	20	105	214	291	6.3	25.0
HP0568	BSU15230	23.288	73	46	2	50	116	21	89	6.6	25.0
HP0568	BSU33049	34.783	23	15	0	134	156	39	61	6.8	23.1
HP0568	BSU22640	36.364	44	26	1	87	128	277	320	8.3	24.6
HP0569	BSU40920	52.846	369	168	4	1	366	1	366	7.65e-140	399
HP0569	BSU27920	29.474	190	102	7	5	192	161	320	4.31e-13	66.6
HP0569	BSU41020	41.071	56	30	1	2	54	221	276	0.001	37.7
HP0569	BSU16050	45.161	31	17	0	7	37	125	155	0.012	33.9
HP0569	BSU17430	22.222	135	87	4	3	136	201	318	0.031	32.7
HP0569	BSU08520	41.176	34	20	0	280	313	67	100	0.33	29.3
HP0569	BSU22840	66.667	18	6	0	5	22	6	23	0.43	29.3
HP0569	BSU22840	62.500	16	6	0	7	22	180	195	3.8	26.2
HP0569	BSU37390	29.630	54	35	1	2	55	30	80	0.43	28.9
HP0569	BSU25290	24.242	99	63	3	5	92	11	108	0.98	28.1
HP0569	BSU28190	37.209	43	26	1	5	46	26	68	1.7	26.9
HP0569	BSU34930	27.119	59	41	1	237	293	221	279	3.4	26.2
HP0569	BSU09720	30.303	66	42	1	2	67	456	517	3.9	26.2
HP0569	BSU28430	32.203	59	36	2	174	231	96	151	7.6	25.0
HP0569	BSU36590	46.667	30	16	0	308	337	387	416	8.5	25.0
HP0570	BSU32050	37.685	337	202	5	158	492	162	492	5.08e-64	213
HP0570	BSU18440	32.143	56	36	1	247	300	149	204	1.9	27.7
HP0570	BSU28000	26.437	87	50	4	283	361	139	219	2.7	26.9
HP0570	BSU18500	26.087	69	41	2	414	472	126	194	3.0	26.9
HP0570	BSU07990	31.884	69	43	1	243	307	28	96	5.1	26.2
HP0570	BSU05700	37.500	48	26	2	403	448	141	186	6.2	25.8
HP0571	BSU13430	25.175	143	103	1	16	154	30	172	2.81e-09	51.6
HP0571	BSU18190	24.627	134	97	1	25	154	27	160	1.29e-05	40.8
HP0571	BSU02280	21.384	159	112	4	6	152	1	158	8.79e-04	35.4
HP0571	BSU09440	22.951	61	41	1	31	91	198	252	5.2	24.6
HP0571	BSU07920	43.137	51	22	3	14	61	65	111	8.3	23.9
HP0571	BSU36130	34.615	26	17	0	139	164	117	142	8.4	23.5
HP0572	BSU27610	46.914	162	84	1	8	169	2	161	2.49e-43	139
HP0572	BSU00470	27.097	155	104	5	1	149	75	226	9.75e-08	47.4
HP0572	BSU22070	26.875	160	94	6	21	161	10	165	0.004	33.5
HP0572	BSU15470	27.500	120	81	5	48	162	26	144	0.026	30.8
HP0572	BSU03710	26.389	72	49	2	1	72	328	395	0.12	29.3
HP0572	BSU03490	24.038	104	70	2	73	167	1969	2072	0.22	28.9
HP0572	BSU03490	27.059	85	58	2	86	167	948	1031	0.36	28.1
HP0572	BSU15560	39.024	41	19	2	118	158	118	152	0.44	27.3
HP0572	BSU36890	29.167	48	32	1	123	170	128	173	0.52	27.3
HP0572	BSU40920	51.724	29	14	0	109	137	311	339	0.54	27.3
HP0572	BSU05680	27.000	100	57	4	65	155	227	319	1.6	25.8
HP0572	BSU35450	52.941	17	8	0	118	134	199	215	2.3	25.4
HP0572	BSU17210	30.952	42	28	1	7	47	2068	2109	2.7	25.4
HP0572	BSU05650	30.508	59	37	1	58	112	284	342	2.8	25.4
HP0572	BSU30050	37.838	37	21	1	51	85	417	453	2.9	25.4
HP0572	BSU18300	30.769	39	26	1	111	148	985	1023	3.0	25.4
HP0572	BSU10320	28.947	76	36	3	16	78	26	96	4.2	24.6
HP0572	BSU34850	33.333	39	26	0	139	177	47	85	4.4	24.6
HP0572	BSU35260	40.000	25	15	0	41	65	198	222	4.4	24.3
HP0572	BSU00510	35.897	39	24	1	116	153	214	252	4.7	24.6
HP0572	BSU06490	24.468	94	51	5	52	135	282	365	4.8	24.6
HP0572	BSU11220	28.571	42	30	0	120	161	169	210	6.1	24.3
HP0572	BSU03480	33.333	60	30	4	78	136	3515	3565	7.0	24.3
HP0572	BSU37240	34.545	55	34	2	81	135	382	434	7.0	23.9
HP0572	BSU17220	40.000	25	15	0	130	154	170	194	7.4	24.3
HP0573	BSU12790	31.818	44	30	0	63	106	6	49	0.022	29.3
HP0573	BSU00090	41.379	29	17	0	28	56	156	184	0.078	28.5
HP0573	BSU17960	28.000	50	35	1	5	53	8	57	0.24	26.6
HP0573	BSU36800	36.364	33	21	0	34	66	97	129	2.5	23.9
HP0573	BSU38090	27.451	51	36	1	55	105	39	88	2.8	24.3
HP0573	BSU09460	37.500	16	10	0	6	21	165	180	2.9	23.9
HP0573	BSU39090	47.826	23	12	0	65	87	97	119	3.0	23.9
HP0573	BSU06590	30.952	42	25	1	62	103	223	260	4.6	23.5
HP0573	BSU08520	37.931	29	18	0	49	77	180	208	5.1	23.1
HP0573	BSU13590	34.211	38	24	1	52	89	152	188	6.7	23.1
HP0573	BSU17570	39.130	23	14	0	88	110	433	455	6.9	22.7
HP0574	BSU36920	40.845	142	81	1	9	147	2	143	2.87e-36	119
HP0574	BSU19440	33.333	45	30	0	74	118	302	346	1.9	25.4
HP0574	BSU24580	33.333	45	22	1	54	98	67	103	3.0	24.6
HP0574	BSU36900	23.810	63	47	1	36	98	205	266	3.3	24.6
HP0574	BSU04160	46.154	26	13	1	60	84	409	434	3.4	24.6
HP0574	BSU29990	26.168	107	57	5	59	149	125	225	4.8	24.3
HP0574	BSU37640	27.500	40	25	1	9	44	178	217	5.2	23.9
HP0574	BSU31350	29.825	57	37	2	10	66	114	167	6.5	23.9
HP0574	BSU08940	45.455	22	12	0	104	125	9	30	9.4	23.1
HP0574	BSU01390	42.857	21	12	0	120	140	13	33	9.5	21.9
HP0575	BSU37530	40.404	99	49	3	18	116	16	104	2.02e-17	75.1
HP0575	BSU33710	26.531	49	33	1	170	218	106	151	0.41	28.1
HP0575	BSU18310	29.487	78	39	3	1	74	2718	2783	1.1	27.3
HP0575	BSU16560	43.590	39	14	2	140	178	347	377	1.8	26.6
HP0575	BSU27970	59.091	22	9	0	157	178	121	142	2.0	26.2
HP0575	BSU06620	52.000	25	12	0	174	198	516	540	2.4	26.2
HP0575	BSU03210	21.918	73	53	1	3	75	10	78	3.7	25.4
HP0575	BSU35570	29.268	41	24	1	57	92	115	155	5.5	25.0
HP0575	BSU25680	38.889	18	11	0	190	207	51	68	6.8	24.3
HP0576	BSU23310	21.488	242	113	7	5	245	10	175	5.04e-05	40.0
HP0576	BSU14410	46.341	41	21	1	206	245	144	184	5.73e-04	37.0
HP0576	BSU14410	24.771	109	56	3	18	126	31	113	0.008	33.5
HP0576	BSU10490	28.750	80	53	1	159	238	87	162	0.001	35.8
HP0576	BSU04010	19.592	245	114	12	4	245	14	178	0.044	31.2
HP0576	BSU18310	28.395	81	52	2	86	162	2823	2901	0.43	28.9
HP0576	BSU24380	38.710	31	17	1	9	39	2	30	1.7	26.6
HP0576	BSU07780	25.862	58	42	1	158	215	251	307	3.1	26.2
HP0576	BSU38260	29.167	72	41	4	68	135	169	234	3.1	26.2
HP0576	BSU23710	38.235	34	21	0	72	105	25	58	3.7	25.8
HP0576	BSU06170	35.714	28	18	0	185	212	37	64	5.1	25.4
HP0577	BSU24310	47.619	273	142	1	7	279	4	275	2.00e-92	272
HP0577	BSU35940	28.261	92	45	4	197	277	268	349	0.35	29.3
HP0577	BSU03930	29.870	77	36	3	157	231	2	62	2.6	26.2
HP0577	BSU01220	24.419	86	53	1	9	82	110	195	3.0	25.8
HP0577	BSU10850	24.060	133	86	4	92	211	65	195	3.3	25.8
HP0577	BSU17560	42.857	21	12	0	233	253	85	105	4.3	25.0
HP0577	BSU10400	30.556	36	25	0	159	194	38	73	4.6	25.4
HP0577	BSU18450	29.412	68	44	2	160	224	1085	1151	5.3	25.4
HP0577	BSU01620	36.667	30	19	0	173	202	152	181	5.3	25.4
HP0577	BSU17210	28.261	46	33	0	181	226	2180	2225	9.2	24.6
HP0577	BSU20670	23.684	76	49	3	108	174	16	91	9.5	24.3
HP0578	BSU24840	23.684	190	105	7	436	601	378	551	2.98e-07	50.4
HP0578	BSU33360	23.041	217	125	8	434	627	374	571	3.73e-07	50.1
HP0578	BSU33360	27.273	99	62	4	19	117	4	92	2.1	28.1
HP0578	BSU19530	27.551	98	62	3	455	549	14	105	5.71e-04	37.4
HP0578	BSU07260	21.965	173	101	5	458	611	404	561	0.001	38.5
HP0578	BSU07710	23.077	169	108	4	507	660	442	603	0.005	36.6
HP0578	BSU13770	31.707	41	28	0	9	49	108	148	0.77	29.3
HP0578	BSU02470	35.000	40	23	1	106	142	408	447	2.5	27.7
HP0578	BSU19150	31.034	29	20	0	507	535	112	140	2.8	27.3
HP0578	BSU27650	34.783	46	26	1	117	162	354	395	7.6	26.6
HP0578	BSU11640	44.186	43	23	1	333	375	525	566	8.2	26.2
HP0578	BSU19320	27.451	51	37	0	335	385	282	332	8.8	26.2
HP0578	BSU02820	38.636	44	24	2	16	57	99	141	9.0	25.8
HP0578	BSU19480	37.838	37	23	0	549	585	222	258	9.2	25.8
HP0579	BSU07790	23.529	51	39	0	118	168	379	429	5.2	24.6
HP0579	BSU25110	33.333	30	20	0	121	150	78	107	6.7	23.9
HP0580	BSU00670	50.000	22	11	0	102	123	158	179	1.6	27.3
HP0580	BSU37000	34.091	44	27	2	175	216	194	237	2.5	26.6
HP0580	BSU11700	31.818	44	29	1	212	255	213	255	4.7	25.8
HP0580	BSU27980	34.000	50	30	1	113	159	111	160	4.7	25.8
HP0580	BSU17380	22.222	180	118	6	157	331	71	233	5.9	25.8
HP0580	BSU38770	27.273	55	40	0	169	223	301	355	6.5	25.4
HP0580	BSU14450	35.294	34	21	1	134	167	134	166	6.7	25.4
HP0580	BSU12940	39.130	46	20	3	5	47	53	93	9.3	25.0
HP0580	BSU40030	37.143	35	18	1	69	103	121	151	9.3	25.0
HP0580	BSU28440	25.000	96	54	3	62	141	380	473	10.0	25.0
HP0581	BSU05350	23.256	129	80	6	18	142	111	224	1.2	27.3
HP0581	BSU33940	29.310	58	40	1	2	59	251	307	1.5	27.3
HP0581	BSU08700	30.769	39	27	0	85	123	284	322	1.5	27.3
HP0581	BSU21300	34.043	47	27	1	193	235	267	313	2.5	26.6
HP0581	BSU18530	36.170	47	26	1	283	329	27	69	4.6	25.4
HP0581	BSU00390	38.710	31	16	1	172	199	45	75	4.8	25.4
HP0581	BSU19520	37.500	32	20	0	123	154	388	419	4.9	25.8
HP0581	BSU40070	30.952	42	29	0	114	155	383	424	5.3	25.8
HP0581	BSU01070	29.825	57	32	1	75	123	311	367	6.9	25.4
HP0581	BSU36690	28.846	52	36	1	147	198	183	233	8.1	25.0
HP0581	BSU35740	36.842	38	24	0	107	144	8	45	9.6	24.3
HP0582	BSU22220	40.741	27	16	0	42	68	406	432	0.28	29.6
HP0582	BSU25000	38.000	50	21	1	136	175	107	156	4.0	26.2
HP0582	BSU02070	22.034	59	46	0	160	218	20	78	4.3	24.3
HP0582	BSU31945	29.091	55	34	1	183	232	97	151	7.7	24.6
HP0582	BSU07100	40.000	25	15	0	43	67	419	443	7.9	25.0
HP0582	BSU03480	33.333	36	24	0	270	305	2226	2261	8.0	25.0
HP0583	BSU17210	38.235	34	21	0	240	273	3517	3550	1.0	27.7
HP0583	BSU03120	28.205	78	38	4	209	269	24	100	1.8	26.6
HP0583	BSU36820	42.424	33	16	1	226	255	53	85	3.0	25.8
HP0583	BSU30320	24.490	49	36	1	27	74	426	474	4.4	25.8
HP0583	BSU26510	27.119	59	37	2	124	182	319	371	5.5	25.4
HP0583	BSU03760	46.429	28	14	1	140	167	91	117	5.7	25.4
HP0583	BSU03040	36.538	52	33	0	21	72	486	537	5.9	25.4
HP0583	BSU15050	31.250	32	22	0	212	243	294	325	9.8	24.3
HP0584	BSU16320	43.421	76	43	0	35	110	293	368	8.07e-15	66.2
HP0584	BSU39910	25.263	95	60	2	13	99	2	93	0.13	28.1
HP0584	BSU23720	34.211	38	23	1	1	38	25	60	1.6	23.9
HP0584	BSU23780	27.451	51	35	1	29	79	95	143	3.4	23.9
HP0584	BSU31440	27.778	72	41	2	26	97	290	350	4.6	23.9
HP0584	BSU13120	35.484	31	10	1	65	95	308	328	4.7	23.5
HP0584	BSU40510	25.000	80	52	2	25	104	487	558	9.0	22.7
HP0584	BSU27550	25.000	32	24	0	79	110	475	506	9.2	22.7
HP0585	BSU22340	45.213	188	101	1	23	208	18	205	1.37e-55	173
HP0585	BSU08630	26.244	221	146	7	1	208	1	217	1.17e-18	80.1
HP0585	BSU01800	25.000	76	57	0	60	135	172	247	0.34	28.5
HP0585	BSU37770	25.974	77	38	2	26	99	2	62	0.91	27.3
HP0585	BSU23130	26.415	53	39	0	95	147	112	164	2.9	25.4
HP0585	BSU06620	20.408	49	36	1	85	133	512	557	5.9	24.6
HP0585	BSU25580	25.676	74	49	3	80	152	2	70	6.2	24.3
HP0585	BSU27560	24.000	100	60	4	16	100	177	275	6.3	24.6
HP0585	BSU32390	30.612	49	27	2	155	196	74	122	7.3	24.3
HP0585	BSU02510	25.000	68	43	2	7	70	105	168	7.5	24.3
HP0585a	BSU29150	29.310	58	41	0	10	67	29	86	0.44	25.0
HP0585a	BSU38820	25.000	44	33	0	6	49	140	183	1.5	23.9
HP0585a	BSU32360	29.091	55	37	1	15	67	41	95	2.6	22.7
HP0585a	BSU27160	26.316	38	28	0	39	76	403	440	5.4	22.3
HP0585a	BSU38470	29.787	47	32	1	17	63	52	97	7.0	21.9
HP0585a	BSU07840	31.429	35	15	1	28	62	1206	1231	7.9	21.9
HP0585a	BSU22390	37.500	32	18	1	2	33	10	39	7.9	20.8
HP0586	BSU22210	22.222	135	103	2	761	894	197	330	1.9	28.9
HP0586	BSU07240	21.198	217	140	7	174	380	139	334	3.2	28.1
HP0586	BSU21030	40.000	35	21	0	421	455	24	58	4.2	25.4
HP0586	BSU17390	28.070	57	33	2	775	831	187	235	8.7	26.6
HP0587	BSU27370	38.462	117	70	2	205	320	233	348	1.88e-18	82.0
HP0587	BSU34560	38.776	49	28	2	233	281	89	135	0.30	29.6
HP0587	BSU16470	30.303	132	67	8	88	200	92	217	2.9	26.2
HP0587	BSU12590	34.091	44	25	2	142	184	447	487	3.3	26.2
HP0587	BSU06950	29.825	57	38	1	12	66	284	340	5.3	25.8
HP0587	BSU38940	26.471	68	31	3	143	207	89	140	6.0	25.0
HP0587	BSU05040	21.552	116	61	3	142	244	10	108	6.3	25.4
HP0587	BSU26880	33.333	48	31	1	43	89	6	53	6.8	25.0
HP0587	BSU02430	25.974	77	48	2	135	202	113	189	6.9	25.0
HP0588	BSU27220	45.833	24	13	0	11	34	188	211	0.066	28.9
HP0588	BSU27220	30.508	59	35	2	15	67	149	207	0.089	28.5
HP0588	BSU08910	47.368	19	10	0	16	34	185	203	0.33	26.9
HP0588	BSU08910	57.143	14	6	0	17	30	235	248	1.5	25.0
HP0588	BSU12160	38.710	31	18	1	12	41	184	214	0.59	26.2
HP0588	BSU12160	27.119	59	37	2	15	67	144	202	5.9	23.1
HP0588	BSU25430	48.000	25	13	0	72	96	202	226	1.1	25.4
HP0588	BSU27410	34.783	46	29	1	68	113	338	382	1.4	25.0
HP0588	BSU32410	37.500	40	24	1	14	53	249	287	2.0	24.6
HP0588	BSU28690	48.000	25	12	1	19	42	78	102	2.1	24.6
HP0588	BSU00380	40.000	25	15	0	34	58	592	616	3.0	24.3
HP0588	BSU37270	43.478	23	12	1	8	30	204	225	3.9	23.9
HP0588	BSU18570	43.478	23	13	0	62	84	16	38	5.2	23.5
HP0589	BSU15830	27.957	93	57	2	262	354	13	95	1.1	26.9
HP0589	BSU11970	34.375	32	21	0	1	32	28	59	1.5	26.2
HP0589	BSU16390	45.455	33	11	1	228	253	336	368	3.0	26.6
HP0589	BSU39110	26.016	123	80	7	110	229	182	296	3.2	26.6
HP0589	BSU19370	28.302	53	37	1	271	323	818	869	8.2	25.4
HP0589	BSU00010	48.780	41	13	2	271	304	314	353	9.3	25.0
HP0590	BSU36010	27.273	154	99	5	69	220	424	566	3.48e-05	41.6
HP0590	BSU39730	25.773	97	63	2	43	131	433	528	0.005	34.7
HP0590	BSU30800	36.735	49	23	3	85	133	105	145	3.5	25.8
HP0590	BSU37500	34.211	38	19	2	125	160	210	243	4.3	25.4
HP0590	BSU09880	34.211	38	24	1	79	115	37	74	5.0	25.0
HP0590	BSU07580	26.582	79	43	4	130	193	410	488	5.9	25.0
HP0590	BSU24010	38.710	31	19	0	111	141	3	33	5.9	25.0
HP0590	BSU32690	27.273	44	28	1	215	258	362	401	6.6	25.0
HP0590	BSU33730	24.444	90	56	4	160	245	52	133	7.5	24.6
HP0591	BSU00320	31.915	47	31	1	50	96	105	150	2.2	25.4
HP0591	BSU31580	27.778	54	26	1	100	140	318	371	4.1	24.6
HP0591	BSU36890	26.506	83	49	3	23	101	62	136	5.4	24.3
HP0591	BSU10590	26.316	57	38	1	46	98	243	299	7.3	24.3
HP0591	BSU33880	32.500	40	24	1	49	85	239	278	9.0	23.9
HP0592	BSU35170	48.718	39	19	1	43	80	20	58	1.1	29.6
HP0592	BSU38560	44.186	43	17	2	745	787	91	126	1.2	29.3
HP0592	BSU20860	25.000	80	50	2	459	528	270	349	2.2	28.5
HP0592	BSU33430	26.667	105	61	4	538	637	342	435	3.3	28.1
HP0592	BSU03160	31.915	47	27	2	645	690	150	192	3.9	27.3
HP0592	BSU39450	43.478	23	13	0	537	559	316	338	5.2	27.3
HP0592	BSU25160	31.250	32	22	0	845	876	32	63	5.4	27.3
HP0592	BSU22320	50.000	20	10	0	533	552	335	354	6.3	27.3
HP0592	BSU29580	40.426	47	24	3	93	136	20	65	8.2	26.6
HP0593	BSU07840	27.273	77	43	1	459	535	1003	1066	1.9	28.1
HP0593	BSU33950	40.625	32	19	0	410	441	150	181	2.8	27.3
HP0593	BSU19020	46.429	28	12	1	69	93	18	45	6.0	26.6
HP0593	BSU34230	30.769	26	18	0	99	124	3	28	7.3	26.2
HP0593	BSU36240	30.000	30	21	0	81	110	17	46	7.7	25.8
HP_0594	BSU22550	50.000	16	8	0	16	31	117	132	2.5	22.3
HP_0594	BSU20270	56.250	16	7	0	34	49	102	117	3.6	21.6
HP_0594	BSU26670	40.909	22	10	1	33	54	103	121	9.5	20.4
HP0595	BSU33470	32.258	62	41	1	25	86	20	80	0.046	31.6
HP0595	BSU21440	27.419	62	44	1	25	86	22	82	0.077	31.2
HP0595	BSU07800	26.984	63	45	1	62	123	393	455	2.8	27.3
HP0595	BSU28090	34.783	46	24	3	157	200	544	585	3.0	27.3
HP0595	BSU12320	37.255	51	24	2	241	291	12	54	3.2	26.9
HP0595	BSU15530	40.000	35	21	0	145	179	12	46	4.8	26.2
HP0595	BSU35720	31.667	60	37	3	79	138	622	677	5.7	26.2
HP0595	BSU27280	45.455	22	12	0	261	282	157	178	8.5	25.4
HP0595	BSU00700	34.286	35	21	1	155	187	179	213	8.7	25.4
HP0596	BSU08520	37.037	27	17	0	138	164	131	157	1.4	26.2
HP0596	BSU04140	26.190	42	31	0	111	152	337	378	4.2	25.0
HP0596	BSU31540	35.294	34	22	0	146	179	258	291	5.0	24.6
HP0596	BSU16910	32.143	56	38	0	53	108	186	241	5.1	24.6
HP0596	BSU15880	52.632	19	9	0	159	177	81	99	6.0	24.3
HP0596	BSU36900	66.667	15	5	0	140	154	361	375	6.3	24.3
HP0596	BSU27785	27.869	61	39	1	131	186	23	83	6.7	23.9
HP0596	BSU01300	30.882	68	46	1	73	139	7	74	7.3	23.5
HP0597	BSU10110	31.303	591	352	15	10	583	18	571	1.32e-79	264
HP0597	BSU37510	29.983	597	364	14	64	639	72	635	9.12e-79	261
HP0597	BSU22320	30.656	610	359	16	9	585	39	617	2.14e-75	256
HP0597	BSU31490	29.808	624	379	15	1	588	3	603	1.17e-74	249
HP0597	BSU15170	26.423	246	142	7	401	610	318	560	7.50e-13	68.2
HP0597	BSU04140	25.523	239	128	9	367	570	409	632	7.01e-08	52.4
HP0597	BSU15160	23.643	258	153	10	334	559	272	517	2.87e-07	50.4
HP0597	BSU30970	21.429	56	44	0	60	115	267	322	3.6	27.3
HP0597	BSU18310	26.230	61	44	1	547	606	3070	3130	4.9	26.9
HP0597	BSU03480	26.667	75	45	3	283	353	391	459	7.2	26.6
HP0597	BSU06620	28.333	60	40	2	229	285	242	301	7.9	26.2
HP0598	BSU30220	29.745	353	221	10	28	365	44	384	2.93e-40	143
HP0598	BSU17000	25.397	252	186	2	29	280	46	295	2.11e-25	102
HP0598	BSU37830	30.556	36	25	0	267	302	275	310	3.9	26.2
HP0598	BSU30860	30.337	89	47	3	1	81	259	340	5.8	25.8
HP0598	BSU34230	48.000	25	13	0	69	93	34	58	6.9	25.4
HP0598	BSU39670	26.190	42	31	0	191	232	137	178	9.1	25.0
HP0599	BSU03440	50.538	93	46	0	166	258	358	450	5.83e-23	98.2
HP0599	BSU31260	47.059	119	56	2	151	265	434	549	2.60e-21	93.2
HP0599	BSU13950	43.448	145	74	3	119	259	400	540	2.82e-21	93.2
HP0599	BSU31230	44.545	110	57	1	151	256	433	542	1.24e-20	91.3
HP0599	BSU31230	55.000	20	9	0	270	289	48	67	3.5	26.6
HP0599	BSU33690	47.475	99	52	0	164	262	356	454	1.98e-20	90.5
HP0599	BSU31240	38.194	144	79	1	125	258	401	544	3.26e-20	90.1
HP0599	BSU18610	46.218	119	64	0	155	273	342	460	4.31e-20	89.4
HP0599	BSU18610	27.586	116	75	5	179	290	240	350	0.58	29.3
HP0599	BSU31250	45.714	105	57	0	152	256	438	542	4.72e-20	89.4
HP0599	BSU10380	46.237	93	50	0	183	275	279	371	9.70e-20	87.8
HP0599	BSU07360	32.593	135	84	1	159	286	139	273	1.13e-15	73.9
HP0599	BSU15660	30.435	46	30	1	244	287	244	289	1.0	28.1
HP0599	BSU21880	31.148	61	37	1	361	421	272	327	1.3	28.1
HP0599	BSU19190	38.776	49	22	3	229	276	202	243	1.9	27.3
HP0599	BSU17200	24.719	89	54	1	155	230	814	902	2.4	27.3
HP0599	BSU24920	34.091	44	24	1	228	266	37	80	3.8	25.8
HP0599	BSU30080	32.143	28	19	0	365	392	9	36	4.2	24.3
HP0599	BSU35770	44.444	18	10	0	337	354	387	404	5.3	26.2
HP0600	BSU14330	27.765	443	284	15	166	593	178	599	9.87e-35	135
HP0600	BSU38730	26.010	396	265	11	206	588	188	568	1.55e-31	125
HP0600	BSU08220	29.918	244	162	5	350	591	365	601	1.27e-29	120
HP0600	BSU37230	28.926	242	167	3	350	591	332	568	1.33e-29	120
HP0600	BSU34820	28.689	244	165	6	351	592	341	577	5.50e-29	118
HP0600	BSU09710	28.906	256	175	5	338	592	325	574	5.69e-29	118
HP0600	BSU08690	27.758	281	181	7	319	591	311	577	7.01e-29	118
HP0600	BSU08210	28.926	242	164	5	351	591	330	564	9.57e-28	114
HP0600	BSU09720	26.715	277	174	8	328	592	407	666	2.70e-27	113
HP0600	BSU14320	23.573	543	359	19	74	588	54	568	2.06e-25	107
HP0600	BSU39480	28.870	239	144	8	351	577	2	226	8.31e-22	92.0
HP0600	BSU33730	26.295	251	163	8	351	592	2	239	1.02e-21	94.4
HP0600	BSU27430	26.638	229	149	10	351	572	2	218	1.04e-21	91.7
HP0600	BSU29340	25.676	222	148	8	366	579	16	228	1.52e-21	91.3
HP0600	BSU01450	28.571	238	148	8	351	579	7	231	3.26e-21	90.9
HP0600	BSU23960	26.971	241	135	8	351	573	2	219	5.33e-21	89.4
HP0600	BSU38740	31.455	213	127	6	386	591	362	562	3.02e-19	88.2
HP0600	BSU33830	25.100	251	166	8	351	592	2	239	1.76e-18	84.3
HP0600	BSU32750	25.463	216	138	7	367	572	21	223	6.18e-18	82.4
HP0600	BSU03590	24.545	220	150	7	366	577	16	227	1.19e-16	76.6
HP0600	BSU31550	24.107	224	150	9	355	570	9	220	1.35e-16	79.7
HP0600	BSU31550	21.368	234	154	10	369	584	275	496	0.005	36.6
HP0600	BSU01950	27.753	227	139	11	351	570	4	212	1.48e-16	76.3
HP0600	BSU34700	28.079	203	133	5	370	567	28	222	1.69e-16	76.6
HP0600	BSU02570	26.923	234	153	5	363	592	16	235	4.42e-16	76.3
HP0600	BSU03730	26.991	226	141	7	351	566	4	215	4.69e-16	74.7
HP0600	BSU12250	26.556	241	150	9	346	576	8	231	4.83e-16	75.1
HP0600	BSU30420	27.363	201	117	6	362	549	20	204	4.98e-16	74.7
HP0600	BSU32550	25.328	229	142	8	350	568	3	212	8.35e-16	76.3
HP0600	BSU04490	27.014	211	136	7	362	568	16	212	4.24e-15	73.2
HP0600	BSU38660	25.000	228	144	7	351	572	2	208	5.39e-15	72.8
HP0600	BSU08310	26.160	237	150	8	354	582	5	224	5.88e-15	72.8
HP0600	BSU39640	26.601	203	132	5	373	568	29	221	6.22e-15	72.0
HP0600	BSU02860	24.895	237	150	9	351	577	4	222	1.04e-14	70.9
HP0600	BSU08830	26.238	202	127	6	366	563	21	204	1.21e-14	70.9
HP0600	BSU13220	26.852	216	140	8	355	566	299	500	2.06e-14	72.8
HP0600	BSU13220	24.783	230	145	11	351	565	8	224	5.19e-10	58.9
HP0600	BSU02750	25.311	241	148	11	351	577	2	224	2.15e-14	70.1
HP0600	BSU09070	21.721	244	155	8	350	583	2	219	6.84e-14	68.6
HP0600	BSU01460	26.316	228	146	8	361	577	4	220	7.09e-14	68.9
HP0600	BSU35260	22.174	230	156	7	351	567	2	221	7.53e-14	68.2
HP0600	BSU24950	23.967	242	168	9	340	573	5	238	9.20e-14	68.6
HP0600	BSU09080	23.611	216	141	7	362	570	15	213	9.43e-14	69.3
HP0600	BSU30010	24.561	228	147	7	359	583	13	218	1.34e-13	67.4
HP0600	BSU33270	25.751	233	156	7	351	574	2	226	1.44e-13	67.4
HP0600	BSU10040	24.107	224	150	7	366	583	18	227	2.98e-13	66.6
HP0600	BSU09890	23.849	239	156	10	351	582	2	221	3.35e-13	67.4
HP0600	BSU34090	23.577	246	162	8	349	587	4	230	4.89e-13	67.0
HP0600	BSU32940	21.702	235	173	7	348	578	3	230	4.89e-13	66.6
HP0600	BSU33290	21.849	238	169	7	348	578	1	228	7.87e-13	65.9
HP0600	BSU07490	21.600	250	168	7	351	588	4	237	9.14e-13	65.5
HP0600	BSU15340	22.177	248	160	9	351	581	3	234	1.18e-12	65.1
HP0600	BSU35940	23.318	223	158	6	366	580	17	234	1.87e-12	66.2
HP0600	BSU35940	19.431	211	155	6	367	568	267	471	0.010	35.4
HP0600	BSU30380	23.967	242	152	7	362	584	18	246	1.88e-12	64.3
HP0600	BSU02980	24.569	232	150	8	371	590	53	271	2.45e-12	65.9
HP0600	BSU30760	22.535	213	141	8	351	555	4	200	6.84e-12	62.8
HP0600	BSU40620	25.837	209	131	6	366	568	16	206	8.85e-12	62.0
HP0600	BSU12950	25.000	264	156	12	346	586	2	246	1.32e-11	62.8
HP0600	BSU38810	23.810	231	154	7	350	573	3	218	1.78e-11	62.8
HP0600	BSU13000	26.512	215	136	9	368	570	28	232	5.37e-11	60.8
HP0600	BSU11470	25.455	220	133	8	368	570	26	231	9.90e-11	60.1
HP0600	BSU11460	23.770	244	152	11	356	577	15	246	9.63e-10	57.4
HP0600	BSU14360	22.650	234	150	7	351	569	2	219	1.97e-09	55.1
HP0600	BSU07370	23.256	258	151	10	354	581	7	247	2.83e-09	56.6
HP0600	BSU07370	23.164	177	110	5	351	524	319	472	0.003	37.0
HP0600	BSU24960	24.060	266	165	12	337	581	9	258	3.03e-09	55.1
HP0600	BSU21470	21.689	521	361	17	70	572	205	696	6.32e-09	55.5
HP0600	BSU30450	21.762	193	133	4	366	556	16	192	1.63e-08	53.1
HP0600	BSU11360	23.043	230	146	8	368	577	25	243	1.80e-08	53.1
HP0600	BSU30610	21.226	212	143	5	358	563	14	207	4.42e-08	51.6
HP0600	BSU32710	25.726	241	162	9	362	592	16	249	8.34e-08	50.4
HP0600	BSU11370	23.478	230	124	8	368	570	37	241	1.05e-07	50.8
HP0600	BSU03820	21.008	238	165	7	351	579	2	225	6.78e-07	47.8
HP0600	BSU33160	25.000	204	144	6	354	554	4	201	1.01e-06	48.1
HP0600	BSU14430	22.751	189	128	4	351	524	2	187	1.17e-06	48.1
HP0600	BSU14430	34.375	32	21	0	493	524	440	471	3.7	26.9
HP0600	BSU05610	23.605	233	127	10	351	579	5	190	1.87e-06	47.4
HP0600	BSU05610	30.769	52	35	1	351	402	292	342	0.003	37.0
HP0600	BSU05950	22.500	200	103	8	351	534	327	490	2.00e-05	44.3
HP0600	BSU05950	23.757	181	112	6	366	524	18	194	3.27e-04	40.4
HP0600	BSU37390	37.736	53	33	0	355	407	8	60	6.31e-05	41.6
HP0600	BSU07420	23.246	228	132	7	331	550	304	496	1.79e-04	40.8
HP0600	BSU07420	17.647	204	125	6	351	524	4	194	4.02e-04	40.0
HP0600	BSU40150	31.343	67	43	2	492	555	113	179	0.035	33.1
HP0600	BSU35700	32.653	49	33	0	368	416	40	88	0.050	33.1
HP0600	BSU35280	22.857	105	76	2	379	483	188	287	1.6	28.1
HP0600	BSU18070	38.000	50	31	0	248	297	43	92	1.7	27.7
HP0600	BSU03490	34.783	46	29	1	523	567	1576	1621	1.8	28.5
HP0600	BSU06280	39.474	38	21	1	502	539	236	271	2.4	27.3
HP0600	BSU15940	29.412	51	36	0	508	558	1108	1158	2.7	27.7
HP0600	BSU00040	33.333	39	18	1	359	397	13	43	3.9	26.9
HP0600	BSU09840	41.667	24	14	0	130	153	3	26	5.0	26.6
HP0600	BSU09920	24.590	61	34	3	367	415	17	77	5.5	26.6
HP0600	BSU39140	27.451	51	29	1	442	492	101	143	9.0	25.0
HP0601	BSU35360	33.333	189	113	3	3	179	1	188	3.99e-22	93.6
HP0601	BSU35360	44.186	86	48	0	424	509	218	303	1.37e-16	77.4
HP0601	BSU35150	48.611	72	37	0	438	509	88	159	9.50e-16	71.6
HP0601	BSU35400	27.338	139	90	3	17	145	5	142	9.80e-05	41.2
HP0601	BSU10160	35.714	112	50	6	110	217	438	531	0.073	32.3
HP0601	BSU18610	36.364	44	21	1	426	462	415	458	0.30	30.4
HP0601	BSU06280	32.203	59	39	1	112	169	5	63	0.54	29.3
HP0601	BSU36160	42.308	26	15	0	199	224	222	247	2.6	26.9
HP0601	BSU01220	40.541	37	21	1	240	276	81	116	3.8	26.6
HP0601	BSU26200	26.230	61	41	1	273	329	177	237	4.0	26.6
HP0601	BSU38420	30.435	46	31	1	145	189	127	172	4.5	26.2
HP0602	BSU22340	26.667	90	58	2	75	162	68	151	5.76e-04	36.6
HP0602	BSU16930	33.333	30	20	0	112	141	282	311	1.6	26.2
HP0602	BSU36410	34.211	38	25	0	155	192	1	38	2.3	25.8
HP0602	BSU40090	30.952	42	28	1	136	177	41	81	5.7	24.3
HP0602	BSU14280	31.481	54	27	2	97	150	303	346	7.6	24.3
HP0602	BSU00880	24.731	93	65	3	47	137	254	343	7.7	24.3
HP0602	BSU02200	32.500	40	27	0	176	215	151	190	8.8	24.3
HP0603	BSU20800	27.692	65	42	2	86	149	363	423	0.77	27.3
HP0603	BSU37640	26.126	111	79	2	59	168	67	175	2.2	25.8
HP0603	BSU28230	28.125	64	36	1	38	91	58	121	2.3	25.8
HP0603	BSU27760	31.461	89	50	4	62	139	43	131	5.7	24.6
HP0603	BSU21730	30.508	59	31	2	99	157	15	63	6.6	23.9
HP0603	BSU04700	33.333	33	22	0	134	166	213	245	8.7	23.9
HP0603	BSU09710	23.585	106	65	2	50	149	103	198	9.6	23.9
HP0604	BSU10120	38.053	339	195	10	3	334	11	341	9.38e-61	195
HP0604	BSU08320	47.368	38	13	1	232	262	244	281	0.22	30.0
HP0604	BSU38480	38.298	47	25	2	183	229	148	190	1.1	27.3
HP0604	BSU39860	32.787	61	31	2	250	308	223	275	1.2	27.7
HP0604	BSU23510	27.586	58	37	1	75	127	229	286	2.2	26.6
HP0604	BSU24090	41.935	31	15	1	307	337	60	87	4.4	25.8
HP0604	BSU03410	27.660	47	34	0	97	143	381	427	5.8	25.4
HP0605	BSU17260	53.846	26	12	0	15	40	394	419	0.099	31.6
HP0605	BSU13420	31.481	54	31	1	257	304	555	608	1.2	28.5
HP0605	BSU10530	27.835	97	61	3	195	282	121	217	2.2	27.3
HP0605	BSU09650	25.000	88	65	1	350	436	146	233	3.7	26.6
HP0605	BSU14940	42.424	33	17	1	219	251	35	65	8.9	24.6
HP0606	BSU18239	37.255	51	30	1	16	66	22	70	0.008	31.2
HP0606	BSU33280	24.848	165	94	8	28	165	66	227	0.033	32.0
HP0606	BSU03230	30.137	73	46	2	46	114	22	93	0.098	30.4
HP0606	BSU40120	51.852	27	11	1	36	62	28	52	1.2	25.4
HP0606	BSU14350	46.154	26	14	0	42	67	72	97	4.6	25.0
HP0606	BSU40510	35.714	28	18	0	203	230	67	94	4.8	25.0
HP0606	BSU39090	41.176	34	20	0	58	91	151	184	6.7	24.3
HP0607	BSU06710	25.356	1053	685	19	21	1011	27	1040	2.13e-96	326
HP0607	BSU06710	24.516	310	190	15	196	487	763	1046	8.30e-06	46.6
HP0607	BSU05650	27.219	169	109	5	864	1027	179	338	8.92e-06	46.6
HP0607	BSU00270	37.288	59	36	1	290	347	244	302	0.028	34.7
HP0607	BSU05430	24.684	158	103	6	330	479	179	328	0.86	30.0
HP0607	BSU06820	31.373	51	28	3	453	497	7	56	4.9	27.3
HP0607	BSU06680	43.333	30	17	0	274	303	8	37	5.5	27.3
HP0607	BSU06640	26.596	94	64	3	546	636	105	196	7.6	26.9
HP0607	BSU31960	27.778	54	36	2	654	706	1609	1660	8.4	26.9
HP0607	BSU38780	28.571	84	56	2	928	1007	71	154	8.4	26.9
HP0607	BSU25500	22.549	102	61	3	383	482	116	201	9.7	26.6
HP0608	BSU38420	40.000	30	18	0	152	181	19	48	1.2	26.2
HP0608	BSU31490	24.370	119	69	4	32	148	489	588	4.0	25.0
HP0608	BSU36450	45.833	24	13	0	115	138	134	157	4.3	24.6
HP0608	BSU25570	33.333	33	22	0	40	72	642	674	4.6	24.6
HP0609	BSU26450	32.000	50	31	1	259	305	55	104	0.97	30.8
HP0609	BSU27580	22.527	182	108	7	554	719	143	307	4.8	29.3
HP0609	BSU31260	34.783	46	29	1	899	943	236	281	5.8	29.3
HP0609	BSU36390	20.513	117	75	3	1114	1212	139	255	6.2	28.5
HP0609	BSU37050	28.205	39	28	0	636	674	450	488	9.0	28.5
HP_0611	BSU33720	21.600	125	80	4	44	166	19	127	0.21	28.1
HP_0611	BSU07350	25.301	83	55	3	64	144	185	262	0.76	26.9
HP_0611	BSU02400	31.250	48	30	1	38	85	399	443	2.6	25.0
HP_0611	BSU03700	31.746	63	29	2	1	56	410	465	4.4	24.6
HP_0611	BSU13660	22.857	35	27	0	3	37	239	273	5.1	24.3
HP_0611	BSU18300	36.667	30	19	0	106	135	707	736	7.8	23.9
HP_0611	BSU13390	44.737	38	20	1	117	154	217	253	8.6	23.5
HP_0611	BSU33820	24.419	86	56	3	52	133	27	107	9.7	23.1
HP0613	BSU34090	29.767	215	134	7	2	205	8	216	3.93e-20	84.0
HP0613	BSU39640	32.000	200	119	4	16	198	22	221	9.15e-19	79.3
HP0613	BSU14360	27.751	209	132	7	21	213	25	230	1.71e-14	67.4
HP0613	BSU34700	27.941	204	128	6	11	196	19	221	2.76e-13	64.3
HP0613	BSU09070	26.961	204	132	7	15	207	16	213	3.96e-13	63.5
HP0613	BSU01950	25.366	205	131	6	13	200	13	212	3.20e-12	60.8
HP0613	BSU08310	29.310	174	102	6	22	179	22	190	5.90e-12	60.8
HP0613	BSU12950	24.280	243	148	8	15	228	22	257	7.29e-12	60.8
HP0613	BSU09890	25.926	216	133	7	16	213	16	222	1.48e-11	59.7
HP0613	BSU33270	26.842	190	111	5	31	198	35	218	3.02e-11	58.2
HP0613	BSU38810	23.243	185	120	5	33	200	36	215	4.70e-11	58.5
HP0613	BSU11360	25.234	214	131	6	16	200	23	236	5.28e-11	58.2
HP0613	BSU32550	22.381	210	143	6	8	200	8	214	8.75e-11	57.8
HP0613	BSU24950	27.895	190	111	7	16	181	28	215	1.88e-10	56.2
HP0613	BSU30760	27.111	225	131	10	19	218	19	235	2.16e-10	55.8
HP0613	BSU24960	25.446	224	142	7	14	213	35	257	3.31e-10	55.5
HP0613	BSU04490	25.414	181	119	4	31	198	35	212	3.83e-10	55.5
HP0613	BSU33290	25.444	169	109	3	30	181	32	200	4.04e-10	55.5
HP0613	BSU08210	25.688	218	133	7	4	200	334	543	5.90e-10	55.5
HP0613	BSU33830	27.706	231	124	11	14	215	15	231	6.60e-10	55.1
HP0613	BSU39480	27.411	197	124	7	21	198	21	217	9.31e-10	53.9
HP0613	BSU23960	23.762	202	108	7	30	200	30	216	1.29e-09	53.5
HP0613	BSU38660	24.607	191	124	6	22	199	22	205	1.40e-09	53.9
HP0613	BSU30380	26.852	216	133	7	13	205	13	226	1.73e-09	53.1
HP0613	BSU29340	22.449	245	145	6	1	213	1	232	1.92e-09	53.1
HP0613	BSU07490	25.000	180	114	4	21	181	23	200	1.94e-09	53.1
HP0613	BSU13220	25.000	196	121	7	22	199	315	502	3.63e-09	53.1
HP0613	BSU13220	27.215	158	88	8	20	153	26	180	2.75e-04	38.1
HP0613	BSU03590	23.182	220	129	8	21	210	21	230	4.55e-09	52.0
HP0613	BSU32940	22.989	174	107	4	30	181	34	202	6.42e-09	52.0
HP0613	BSU05610	24.865	185	113	5	10	187	304	469	7.00e-09	52.4
HP0613	BSU05610	26.289	194	101	8	2	187	7	166	4.04e-06	43.9
HP0613	BSU32750	24.057	212	144	6	15	209	19	230	9.53e-09	51.6
HP0613	BSU33730	26.638	229	129	10	14	215	15	231	2.53e-08	50.4
HP0613	BSU11370	28.718	195	108	9	16	184	35	224	2.62e-08	50.1
HP0613	BSU35260	23.469	196	112	7	32	200	33	217	2.99e-08	49.7
HP0613	BSU01450	25.455	220	142	8	8	209	16	231	3.21e-08	49.7
HP0613	BSU02750	19.797	197	139	4	30	210	34	227	3.96e-08	49.3
HP0613	BSU27430	22.051	195	116	8	30	198	30	214	6.43e-08	48.5
HP0613	BSU35940	26.190	210	133	10	7	196	8	215	7.63e-08	48.9
HP0613	BSU35940	22.500	80	61	1	121	199	393	472	0.062	31.2
HP0613	BSU11470	26.042	192	108	8	19	181	25	211	7.66e-08	48.9
HP0613	BSU30010	24.540	163	112	4	30	188	34	189	8.54e-08	48.1
HP0613	BSU01460	24.731	186	105	6	23	181	16	193	1.00e-07	48.1
HP0613	BSU10040	23.232	198	140	4	22	207	24	221	1.42e-07	47.8
HP0613	BSU13000	22.010	209	129	9	2	181	9	212	2.05e-07	47.4
HP0613	BSU08830	28.342	187	116	7	32	205	37	218	2.16e-07	47.0
HP0613	BSU03820	24.623	199	130	7	30	210	30	226	2.88e-07	46.6
HP0613	BSU09710	24.645	211	120	9	18	200	353	552	2.97e-07	47.4
HP0613	BSU37390	21.333	225	156	7	2	206	1	224	3.53e-07	46.6
HP0613	BSU15340	26.943	193	111	7	32	198	33	221	3.72e-07	46.6
HP0613	BSU11460	22.467	227	139	8	15	208	25	247	5.07e-07	46.6
HP0613	BSU37230	23.923	209	128	7	15	200	347	547	5.98e-07	46.6
HP0613	BSU09080	22.917	192	128	8	22	198	25	211	1.11e-06	45.4
HP0613	BSU40620	21.327	211	148	6	1	198	1	206	1.78e-06	44.3
HP0613	BSU40150	25.472	212	130	7	10	209	9	204	2.49e-06	43.5
HP0613	BSU34820	24.537	216	129	8	30	220	370	576	3.35e-06	44.3
HP0613	BSU30610	21.888	233	146	9	19	227	23	243	5.11e-06	43.1
HP0613	BSU30420	27.381	168	105	5	30	180	38	205	5.38e-06	42.7
HP0613	BSU02860	26.012	173	89	7	8	156	15	172	5.43e-06	42.7
HP0613	BSU02980	33.333	93	56	3	120	208	168	258	5.91e-06	43.1
HP0613	BSU08220	24.631	203	120	7	22	200	387	580	6.43e-06	43.5
HP0613	BSU14330	21.569	204	135	5	14	197	376	574	6.91e-06	43.1
HP0613	BSU33160	29.213	89	61	2	113	199	129	217	1.57e-05	42.0
HP0613	BSU05950	27.273	154	82	6	22	158	348	488	2.05e-05	42.0
HP0613	BSU05950	22.449	196	110	5	31	187	33	225	0.020	32.7
HP0613	BSU03730	24.157	178	110	7	23	180	27	199	4.05e-05	40.0
HP0613	BSU08690	22.388	201	113	6	29	200	370	556	5.61e-05	40.4
HP0613	BSU02570	24.352	193	112	8	1	179	19	191	5.74e-05	40.0
HP0613	BSU32710	22.388	201	122	6	7	179	11	205	6.75e-05	39.7
HP0613	BSU12250	21.605	162	114	5	31	181	46	205	8.99e-05	39.3
HP0613	BSU30450	24.286	210	112	11	31	213	31	220	1.08e-04	39.3
HP0613	BSU21470	23.649	148	76	4	32	153	514	650	2.83e-04	38.5
HP0613	BSU07370	23.963	217	126	6	22	202	24	237	3.03e-04	38.1
HP0613	BSU07370	22.727	176	115	7	38	202	355	520	0.062	31.2
HP0613	BSU14320	22.273	220	140	7	4	200	339	550	0.003	35.4
HP0613	BSU31550	21.860	215	128	8	9	196	15	216	0.003	35.0
HP0613	BSU31550	25.000	168	86	10	22	157	278	437	0.30	28.9
HP0613	BSU09720	20.976	205	125	7	22	200	451	644	0.004	34.7
HP0613	BSU35700	19.231	208	136	6	19	209	39	231	0.007	33.9
HP0613	BSU35700	28.571	70	47	2	99	165	175	244	4.7	25.0
HP0613	BSU38740	24.402	209	131	6	22	209	348	550	0.017	32.7
HP0613	BSU35160	42.857	42	24	0	7	48	612	653	0.021	32.7
HP0613	BSU35160	28.000	75	51	1	122	193	828	902	0.050	31.6
HP0613	BSU35160	31.429	70	42	3	115	180	480	547	0.20	29.6
HP0613	BSU38730	25.610	82	60	1	115	196	466	546	0.031	32.0
HP0613	BSU14430	31.343	67	45	1	109	174	427	493	0.041	31.6
HP0613	BSU14430	22.222	216	123	10	2	180	4	211	0.58	28.1
HP0613	BSU07420	19.380	129	94	3	31	156	354	475	0.36	28.5
HP0613	BSU07420	55.000	20	9	0	30	49	32	51	0.37	28.5
HP0613	BSU15780	44.444	27	12	1	29	52	166	192	1.9	26.2
HP0613	BSU37280	35.484	31	19	1	167	196	41	71	2.1	26.2
HP0613	BSU03360	57.895	19	8	0	30	48	7	25	2.7	25.8
HP0613	BSU35410	27.143	70	45	2	2	67	29	96	2.8	25.8
HP0613	BSU41020	34.146	41	22	1	24	64	218	253	3.8	25.4
HP0613	BSU15940	36.364	44	20	2	12	47	1	44	4.5	25.4
HP0613	BSU25290	48.148	27	13	1	23	49	5	30	5.1	25.0
HP0613	BSU29805	64.706	17	6	0	32	48	637	653	6.1	25.0
HP0613	BSU21840	27.119	59	42	1	40	98	100	157	6.2	24.3
HP0613	BSU10950	40.909	22	13	0	62	83	229	250	6.8	24.3
HP0613	BSU35490	22.388	67	41	1	118	184	28	83	7.3	24.3
HP0613	BSU22840	50.000	22	11	0	30	51	6	27	7.4	24.6
HP0613	BSU02010	24.731	93	54	2	44	134	17	95	9.6	23.9
HP0613	BSU17230	40.000	20	12	0	9	28	287	306	9.8	24.3
HP0614	BSU31960	30.303	33	23	0	21	53	1131	1163	2.4	24.3
HP0614	BSU14350	30.303	33	23	0	5	37	119	151	5.4	23.1
HP0614	BSU04650	31.579	38	26	0	35	72	4	41	5.5	22.7
HP0614	BSU24790	38.095	21	13	0	81	101	35	55	5.7	23.1
HP0615	BSU06620	40.209	669	374	10	3	653	7	667	1.01e-154	459
HP0615	BSU06030	28.767	73	46	2	564	636	30	96	0.19	31.6
HP0615	BSU25170	27.586	87	47	2	542	628	1	71	1.2	28.9
HP0615	BSU10110	24.324	185	112	11	484	650	406	580	1.5	28.5
HP0615	BSU29660	25.373	67	50	0	496	562	7	73	3.9	26.6
HP0615	BSU28510	32.727	55	36	1	149	203	416	469	4.9	26.9
HP0615	BSU07100	52.941	17	8	0	36	52	176	192	5.2	26.9
HP0615	BSU11540	23.009	113	60	4	21	107	367	478	7.2	26.6
HP0615	BSU35310	30.612	49	27	1	457	505	73	114	8.9	25.4
HP0615	BSU23190	32.258	62	39	2	439	500	154	212	10.0	25.8
HP0616	BSU14010	26.316	285	186	9	33	310	29	296	9.38e-18	79.0
HP0616	BSU13250	30.894	123	65	6	194	310	6	114	1.11e-04	39.7
HP0616	BSU05420	35.088	57	34	1	242	298	50	103	0.001	36.2
HP0616	BSU06960	41.463	41	20	1	223	263	36	72	0.010	33.9
HP0616	BSU23120	31.667	60	34	3	242	299	53	107	0.053	31.6
HP0616	BSU33221	25.333	75	52	2	239	312	48	119	0.097	30.8
HP0616	BSU30400	26.786	56	38	1	243	298	49	101	0.10	30.4
HP0616	BSU06560	24.540	163	93	4	171	303	183	345	0.14	30.4
HP0616	BSU02000	30.435	69	42	1	194	262	6	68	0.21	29.6
HP0616	BSU37130	25.620	121	83	3	194	313	6	120	0.33	28.1
HP0616	BSU35490	48.148	27	13	1	235	261	46	71	0.44	28.5
HP0616	BSU26430	26.316	57	39	1	242	298	48	101	0.58	28.1
HP0616	BSU02740	37.143	35	17	1	234	263	37	71	0.68	28.1
HP0616	BSU16440	21.591	88	57	3	33	110	21	106	0.90	27.3
HP0616	BSU19200	30.556	72	42	3	194	262	4	70	1.1	27.3
HP0616	BSU34720	23.810	63	45	1	242	304	48	107	1.6	26.9
HP0616	BSU37370	28.571	112	47	7	222	310	179	280	6.3	25.4
HP0616	BSU15940	33.333	45	30	0	147	191	757	801	8.7	25.0
HP0617	BSU27550	49.744	587	282	6	2	577	4	588	0.0	596
HP0617	BSU22360	27.526	287	175	11	12	277	10	284	2.07e-20	90.9
HP0617	BSU22360	28.000	75	50	1	474	548	353	423	1.37e-05	44.3
HP0617	BSU00820	26.351	296	189	9	18	307	65	337	1.96e-17	82.0
HP0617	BSU00820	53.488	43	20	0	509	551	456	498	1.01e-09	57.8
HP0617	BSU25600	28.000	100	56	4	86	180	6	94	0.22	30.8
HP0617	BSU38960	37.500	48	26	1	330	377	172	215	0.39	30.0
HP0617	BSU40170	26.882	93	39	3	315	381	47	136	0.72	29.3
HP0617	BSU16890	34.694	49	30	1	217	263	79	127	0.89	28.1
HP0617	BSU22870	31.667	60	39	1	319	376	284	343	3.6	26.9
HP0617	BSU26280	31.429	70	43	3	410	475	79	147	5.6	26.2
HP0617	BSU38280	37.778	45	28	0	469	513	296	340	7.4	26.2
HP0617	BSU37420	30.556	36	25	0	99	134	131	166	9.1	25.8
HP0617	BSU03320	55.556	18	8	0	6	23	657	674	9.1	25.8
HP0618	BSU01370	26.761	213	122	4	5	186	3	212	3.10e-18	76.3
HP0618	BSU12420	28.767	73	44	1	2	74	220	284	0.036	31.2
HP0618	BSU17420	50.000	36	17	1	9	44	99	133	0.22	28.5
HP0618	BSU00860	26.829	82	53	2	6	87	205	279	0.35	28.1
HP0618	BSU24430	24.324	111	80	2	6	113	140	249	0.53	27.3
HP0618	BSU28200	30.000	70	40	2	4	65	349	417	1.00	26.9
HP0618	BSU37100	24.444	90	57	1	52	130	181	270	1.0	26.6
HP0618	BSU04200	33.333	48	29	1	82	129	16	60	1.6	25.8
HP0618	BSU03440	25.000	96	67	3	26	116	311	406	2.5	25.4
HP0618	BSU09890	47.619	21	11	0	2	22	27	47	2.7	25.4
HP0618	BSU02850	37.209	43	27	0	20	62	176	218	2.9	25.4
HP0618	BSU05260	45.000	20	11	0	82	101	92	111	3.4	24.6
HP0618	BSU13950	32.941	85	44	3	34	117	315	387	4.4	25.0
HP0618	BSU27730	55.556	18	8	0	6	23	57	74	4.8	24.6
HP0618	BSU14330	55.556	18	8	0	7	24	394	411	4.9	24.6
HP0618	BSU32550	36.364	22	14	0	2	23	29	50	5.6	24.3
HP0618	BSU15950	25.581	129	72	7	4	121	122	237	8.2	23.9
HP0618	BSU37270	52.941	17	7	1	137	152	284	300	8.3	23.9
HP0618	BSU12750	34.884	43	28	0	97	139	62	104	8.8	23.9
HP0618	BSU03150	52.632	19	9	0	6	24	15	33	9.3	23.5
HP0618	BSU08210	55.556	18	8	0	7	24	362	379	9.7	23.9
HP0618	BSU34820	38.710	31	19	0	7	37	372	402	9.8	23.9
HP_RS03045	BSU19550	26.437	87	44	3	29	106	8	83	1.0	26.6
HP_RS03045	BSU18340	37.037	27	17	0	104	130	404	430	3.7	25.4
HP_RS03050	BSU12750	29.851	67	43	3	102	168	575	637	0.039	31.6
HP_RS03050	BSU39370	27.273	77	50	2	65	135	102	178	0.89	27.3
HP_RS03050	BSU17220	25.581	86	53	2	132	213	1875	1953	1.1	26.9
HP_RS03050	BSU35740	39.286	28	17	0	189	216	38	65	8.7	23.5
HP0620	BSU36640	38.235	34	21	0	35	68	175	208	0.42	27.7
HP0620	BSU05080	33.846	65	30	3	104	158	47	108	0.53	27.3
HP0620	BSU30190	41.304	46	25	2	72	117	131	174	2.0	25.4
HP0620	BSU18570	41.176	34	20	0	101	134	486	519	2.6	25.4
HP0620	BSU07390	47.368	19	10	0	129	147	63	81	3.3	24.3
HP0620	BSU39070	26.506	83	46	3	56	129	119	195	3.6	24.6
HP0620	BSU31390	29.787	47	32	1	78	124	5	50	3.9	24.3
HP0620	BSU09390	25.882	85	53	3	97	173	3	85	5.6	24.3
HP0620	BSU09540	26.190	84	59	1	44	127	21	101	6.0	23.9
HP0620	BSU03700	40.000	35	21	0	57	91	385	419	6.5	24.3
HP0620	BSU36440	42.857	35	19	1	139	172	68	102	7.7	23.5
HP0620	BSU07970	39.394	33	19	1	109	141	26	57	8.1	22.3
HP0620	BSU29000	30.612	49	26	1	62	102	73	121	9.4	23.1
HP0621	BSU28580	27.126	682	425	22	116	749	127	784	7.22e-45	169
HP0621	BSU17040	23.453	307	213	8	207	498	484	783	5.18e-11	62.8
HP0621	BSU07420	38.983	59	26	3	284	335	317	372	0.004	37.4
HP0621	BSU36850	33.721	86	41	2	488	573	67	136	0.071	32.0
HP0621	BSU40620	26.316	190	85	8	288	435	12	188	0.16	31.2
HP0621	BSU13620	23.596	89	62	3	519	607	15	97	0.30	30.0
HP0621	BSU35160	26.316	95	64	4	305	393	623	717	1.1	29.3
HP0621	BSU12890	35.897	39	20	1	448	486	288	321	3.1	27.7
HP0621	BSU35040	45.161	31	17	0	700	730	1078	1108	3.1	27.7
HP0621	BSU12160	35.000	60	33	3	544	602	892	946	4.2	27.3
HP0621	BSU11420	22.936	109	69	3	334	428	62	169	4.8	26.9
HP0621	BSU05540	34.694	49	31	1	500	548	156	203	5.2	26.6
HP0621	BSU40510	24.359	78	52	2	364	436	372	447	5.3	26.9
HP0621	BSU05910	34.375	64	39	1	22	82	17	80	5.8	26.2
HP0621	BSU39640	34.211	38	25	0	254	291	87	124	6.1	26.6
HP0621	BSU40340	26.923	104	62	4	312	404	134	234	8.4	26.2
HP0622	BSU19190	34.043	47	29	1	4	48	38	84	0.055	29.3
HP0622	BSU17200	37.931	29	18	0	46	74	1495	1523	0.67	26.2
HP0622	BSU06350	44.444	27	15	0	3	29	199	225	1.3	25.4
HP0622	BSU13440	40.909	22	13	0	26	47	244	265	2.8	24.3
HP0622	BSU16350	31.579	38	25	1	81	117	75	112	4.4	23.5
HP0622	BSU36720	43.333	30	14	2	29	55	23	52	7.6	21.6
HP0623	BSU29790	27.617	449	277	17	18	446	5	425	3.86e-31	121
HP0623	BSU15180	26.136	88	60	3	253	335	280	367	0.23	30.4
HP0623	BSU05460	35.185	54	32	2	51	104	54	104	1.0	28.1
HP0623	BSU04570	22.286	350	228	15	115	438	107	438	1.1	28.1
HP0623	BSU28080	28.571	56	36	1	99	150	22	77	2.7	26.9
HP0623	BSU06950	25.000	96	62	4	141	229	192	284	3.3	26.9
HP0623	BSU37330	35.294	34	20	1	44	77	177	208	3.8	26.6
HP0623	BSU40150	29.213	89	46	3	12	92	16	95	4.5	25.8
HP0623	BSU40030	29.787	47	31	1	181	227	14	58	5.0	26.2
HP0623	BSU07490	25.000	64	42	2	19	76	34	97	7.6	25.4
HP0623	BSU05360	60.000	15	6	0	433	447	137	151	8.3	25.4
HP0623	BSU10350	42.857	21	12	0	168	188	182	202	9.6	25.4
HP0623	BSU33610	31.429	35	24	0	82	116	377	411	9.9	25.4
HP0624	BSU13580	27.920	351	217	12	25	354	35	370	1.92e-26	105
HP0624	BSU37690	26.074	349	227	12	25	354	35	371	2.10e-22	94.4
HP0624	BSU22370	24.000	375	247	11	25	375	33	393	3.12e-22	94.0
HP0624	BSU14000	24.242	363	243	11	25	370	31	378	1.77e-16	77.0
HP0624	BSU31400	23.120	359	243	11	25	364	31	375	1.53e-14	71.2
HP0624	BSU31440	24.204	314	191	13	25	311	30	323	3.14e-09	54.7
HP0624	BSU10880	29.710	138	90	3	145	282	247	377	1.73e-08	52.8
HP0624	BSU22620	23.273	275	174	11	17	279	20	269	4.94e-07	47.8
HP0624	BSU05370	26.950	141	96	3	163	303	263	396	1.37e-06	46.6
HP0624	BSU09570	22.727	286	184	11	13	278	28	296	1.88e-05	43.1
HP0624	BSU35240	31.667	60	32	2	141	200	229	279	0.24	30.0
HP0624	BSU30220	21.374	131	85	4	123	250	139	254	0.57	28.9
HP0624	BSU28750	33.333	69	35	3	296	362	63	122	0.60	28.9
HP0624	BSU03890	26.415	159	93	9	116	268	208	348	0.70	28.5
HP0624	BSU14390	35.000	60	35	2	209	266	221	278	2.3	26.9
HP0624	BSU17440	25.926	108	62	5	163	255	180	284	2.4	26.9
HP0624	BSU24120	22.078	77	58	1	35	111	220	294	5.8	25.4
HP0624	BSU34560	33.333	63	31	4	304	366	13	64	5.8	25.8
HP0624	BSU29600	30.645	62	41	1	229	290	223	282	5.8	25.8
HP0624	BSU08090	31.250	48	24	2	118	165	106	144	6.3	25.4
HP0624	BSU30710	47.826	23	12	0	79	101	391	413	8.9	25.0
HP0625	BSU25070	48.468	359	183	2	2	358	6	364	7.09e-117	340
HP0625	BSU12980	30.952	84	51	3	44	120	205	288	0.28	29.6
HP0625	BSU23600	27.660	94	63	4	157	248	224	314	0.84	28.1
HP0625	BSU15900	35.556	45	20	2	111	146	210	254	2.5	26.6
HP0625	BSU33640	32.500	40	27	0	287	326	61	100	2.8	26.6
HP0625	BSU26290	36.207	58	30	2	196	251	45	97	3.0	26.6
HP0625	BSU30210	21.978	91	66	1	234	324	81	166	4.5	25.8
HP0625	BSU24530	24.390	41	31	0	319	359	174	214	7.8	25.0
HP0625	BSU13020	32.432	37	25	0	53	89	145	181	8.4	25.0
HP0625	BSU15520	26.087	46	34	0	294	339	113	158	8.4	25.4
HP0626	BSU08240	21.311	61	48	0	39	99	123	183	0.66	28.5
HP0626	BSU14180	32.609	46	29	1	278	321	142	187	0.76	28.1
HP0626	BSU32820	25.556	90	46	3	52	141	263	331	4.4	26.2
HP0626	BSU32050	27.907	86	52	3	256	340	263	339	6.2	25.8
HP_0627	BSU02250	23.656	93	59	4	3	87	16	104	0.46	25.8
HP_0627	BSU36970	34.286	35	17	1	2	30	1	35	1.1	25.0
HP_0627	BSU12430	34.615	52	27	3	59	109	193	238	2.1	24.3
HP_0627	BSU36950	40.909	44	25	1	27	69	49	92	2.3	24.3
HP_0627	BSU22040	36.000	25	16	0	61	85	90	114	2.3	23.9
HP_0627	BSU01110	25.455	55	39	1	42	96	16	68	3.2	23.5
HP_0627	BSU37420	34.483	29	19	0	61	89	205	233	5.3	23.1
HP_0627	BSU27160	33.333	24	16	0	80	103	862	885	5.7	23.1
HP_0627	BSU27860	30.986	71	47	2	15	85	182	250	9.0	22.3
HP_0628	BSU24530	27.419	62	41	3	143	200	153	214	0.44	28.1
HP_0628	BSU00430	42.105	38	20	1	172	209	199	234	1.1	26.9
HP_0628	BSU15510	40.000	30	18	0	44	73	205	234	1.5	26.6
HP_0628	BSU28930	32.258	31	21	0	57	87	516	546	2.1	26.2
HP_0628	BSU12990	45.833	24	13	0	167	190	224	247	4.8	25.0
HP_0628	BSU38070	61.538	13	5	0	129	141	77	89	6.1	24.6
HP_0628	BSU22590	33.333	33	17	1	55	87	146	173	8.5	24.3
HP0629	BSU05260	26.136	88	56	4	279	358	38	124	4.1	26.6
HP0629	BSU07080	28.235	85	56	3	347	430	48	128	9.0	26.2
HP0630	BSU05300	19.171	193	121	7	4	188	8	173	2.43e-04	37.4
HP0630	BSU26470	21.667	120	67	4	52	166	49	146	0.009	32.3
HP0630	BSU35990	23.214	112	67	3	22	133	23	115	0.031	30.8
HP0630	BSU11640	48.276	29	14	1	22	49	449	477	0.49	27.7
HP0630	BSU33540	32.500	40	27	0	59	98	92	131	1.4	26.2
HP0630	BSU19230	29.032	62	33	2	60	121	90	140	2.6	25.4
HP0630	BSU32450	26.316	95	50	4	84	170	150	232	3.4	25.0
HP0630	BSU30420	38.462	26	16	0	73	98	196	221	5.9	24.3
HP0630	BSU36150	19.792	96	59	3	3	84	2	93	6.1	23.9
HP0630	BSU29480	29.268	41	29	0	16	56	129	169	6.3	24.3
HP0630	BSU06380	24.638	69	52	0	116	184	110	178	6.5	24.3
HP0630	BSU26830	23.577	123	76	4	4	111	17	136	6.7	24.3
HP0630	BSU38250	39.286	28	17	0	145	172	152	179	6.7	23.9
HP0630	BSU18340	27.451	51	23	1	54	90	644	694	9.0	23.9
HP0630	BSU24550	64.286	14	5	0	142	155	262	275	9.7	23.9
HP0631	BSU38260	40.000	40	20	1	40	75	11	50	0.12	31.2
HP0631	BSU40190	34.375	32	21	0	316	347	411	442	7.6	25.4
HP0631	BSU31370	46.429	28	15	0	91	118	218	245	10.0	25.0
HP0632	BSU22920	29.688	64	34	1	105	168	148	200	0.16	31.6
HP0632	BSU27785	20.290	69	55	0	198	266	22	90	2.5	27.3
HP0632	BSU08830	34.043	47	30	1	121	166	201	247	4.7	26.6
HP0632	BSU14690	28.000	50	35	1	233	281	68	117	5.1	26.6
HP0632	BSU02260	29.545	44	29	2	356	398	89	131	6.2	26.2
HP0632	BSU36010	27.273	77	51	3	245	319	309	382	6.4	26.2
HP0632	BSU36010	26.230	61	44	1	387	447	207	266	7.5	26.2
HP0632	BSU03900	38.235	34	15	1	57	84	95	128	7.2	26.2
HP0632	BSU01270	35.135	37	22	1	306	342	65	99	9.2	24.6
HP0633	BSU18540	37.931	29	16	1	169	197	219	245	2.2	26.2
HP0633	BSU06350	33.333	42	23	1	4	45	190	226	2.8	25.8
HP0633	BSU20600	29.412	34	24	0	71	104	3	36	3.2	23.9
HP0633	BSU33910	37.143	35	20	1	105	137	444	478	5.0	25.0
HP0634	BSU02950	33.333	51	31	1	80	127	40	90	0.26	28.5
HP0634	BSU18320	30.000	50	31	1	32	81	327	372	5.3	24.6
HP0634	BSU20290	27.778	36	26	0	72	107	15	50	5.3	22.7
HP0634	BSU32880	32.895	76	39	3	83	150	467	538	6.2	24.3
HP0634	BSU40030	26.667	30	22	0	16	45	43	72	9.5	23.5
HP0634	BSU36020	26.471	102	65	3	75	167	180	280	9.5	23.5
HP0635	BSU25660	26.087	115	74	1	53	167	153	256	0.32	30.0
HP0635	BSU03440	27.692	130	68	7	63	185	22	132	3.3	26.9
HP0635	BSU05470	21.212	165	105	5	218	369	142	294	5.7	26.2
HP0635	BSU20340	29.268	41	29	0	405	445	877	917	7.1	26.2
HP0635	BSU00940	35.185	54	30	2	326	378	368	417	8.7	25.8
HP0635	BSU20970	34.483	29	19	0	340	368	91	119	8.7	25.0
HP0636	BSU38100	35.294	34	22	0	50	83	241	274	0.82	26.2
HP0636	BSU17610	48.000	25	13	0	50	74	120	144	8.8	23.1
HP0636	BSU19210	32.787	61	26	3	26	71	166	226	9.8	22.7
HP0637	BSU40320	29.851	67	45	1	37	101	48	114	0.13	28.9
HP0637	BSU13550	52.632	19	6	1	35	53	283	298	0.30	27.7
HP0637	BSU03480	33.929	56	32	2	28	79	550	604	0.85	26.6
HP0637	BSU27840	51.351	37	15	2	106	142	267	300	1.5	25.8
HP0637	BSU09190	27.059	85	51	3	62	146	153	226	1.5	25.8
HP0637	BSU27030	37.500	40	18	3	101	140	47	79	1.5	25.8
HP0637	BSU12420	25.000	84	41	3	57	140	171	232	1.5	25.8
HP0637	BSU01190	38.095	21	13	0	19	39	172	192	1.7	25.4
HP0637	BSU01845	37.037	27	17	0	52	78	378	404	3.3	24.6
HP0637	BSU35270	52.174	23	10	1	22	43	7	29	3.7	23.9
HP0637	BSU22960	24.194	62	45	1	45	104	122	183	5.8	23.9
HP0637	BSU39020	38.462	26	16	0	73	98	336	361	6.5	23.9
HP0637	BSU18090	37.931	29	18	0	53	81	390	418	6.7	23.9
HP0637	BSU11850	24.675	77	43	3	60	127	45	115	6.7	23.5
HP0637	BSU34070	33.333	39	23	1	114	149	14	52	7.4	23.5
HP0637	BSU34080	30.159	63	36	3	85	141	147	207	7.6	23.5
HP0637	BSU23100	20.833	72	47	1	48	109	87	158	7.8	23.1
HP0637	BSU37760	39.286	28	17	0	8	35	36	63	9.7	23.1
HP0638	BSU08900	29.630	54	38	0	78	131	3	56	0.28	28.9
HP0638	BSU26910	33.333	93	45	5	132	209	18	108	0.85	27.7
HP0638	BSU14610	30.882	68	41	2	152	213	352	419	1.2	27.3
HP0638	BSU34770	46.154	26	14	0	82	107	157	182	1.3	27.3
HP0638	BSU25570	28.571	56	36	1	165	220	618	669	2.4	26.6
HP0638	BSU16800	18.478	92	70	2	127	215	651	740	5.3	25.4
HP0638	BSU13930	34.783	46	27	1	24	66	292	337	6.1	25.0
HP0638	BSU25260	34.043	47	30	1	156	202	311	356	7.5	25.0
HP0639	BSU13720	40.444	225	124	2	1	225	1	215	5.18e-59	182
HP0639	BSU27500	23.697	211	133	10	2	195	6	205	0.25	28.9
HP0639	BSU15510	22.619	84	56	2	14	97	156	230	0.50	28.1
HP0639	BSU33570	24.138	58	40	1	16	73	56	109	0.57	26.9
HP0639	BSU23170	28.261	46	27	1	53	98	80	119	1.2	26.6
HP0639	BSU32580	26.761	71	34	2	76	132	60	126	2.3	25.8
HP0639	BSU15290	35.484	31	20	0	172	202	119	149	3.3	25.4
HP0639	BSU16810	30.556	36	25	0	170	205	36	71	3.6	25.0
HP0639	BSU29380	28.049	82	45	4	32	108	55	127	3.9	25.0
HP0639	BSU22630	23.200	125	72	5	114	216	35	157	5.1	24.6
HP0639	BSU17210	41.860	43	23	2	122	162	2903	2945	6.8	24.6
HP0639	BSU29450	36.000	25	16	0	2	26	3	27	6.9	24.6
HP0639	BSU22430	24.638	69	45	1	30	98	18	79	9.1	23.9
HP0639	BSU17800	29.630	54	37	1	30	83	10	62	9.3	24.3
HP0640	BSU22450	38.140	215	122	2	17	231	17	220	2.04e-45	158
HP0640	BSU09250	34.000	50	33	0	319	368	26	75	0.94	28.5
HP0640	BSU27820	44.444	27	14	1	369	394	41	67	4.6	25.8
HP0640	BSU23120	23.077	91	61	2	240	328	109	192	5.9	25.4
HP0640	BSU12300	18.841	69	56	0	14	82	347	415	9.3	25.0
HP0640	BSU19190	25.714	105	63	4	17	119	32	123	9.4	25.0
HP0641	BSU32010	55.556	18	8	0	3	20	189	206	0.28	25.8
HP0641	BSU34940	32.727	55	32	2	16	70	121	170	1.8	23.5
HP0641	BSU28260	35.714	28	18	0	43	70	379	406	2.4	23.1
HP0641	BSU00550	30.612	49	25	1	10	58	880	919	2.8	22.7
HP0641	BSU15060	29.268	41	27	1	33	71	66	106	2.9	22.7
HP0641	BSU04170	47.059	17	9	0	29	45	350	366	4.0	22.3
HP0641	BSU15710	42.857	21	12	0	13	33	605	625	4.3	22.3
HP0641	BSU00190	33.333	30	20	0	21	50	269	298	4.4	22.3
HP0641	BSU05650	30.952	42	23	2	6	41	332	373	9.8	21.6
HP0642	BSU07830	45.972	211	111	2	3	210	5	215	8.38e-68	204
HP0642	BSU05660	24.510	204	138	7	13	208	14	209	7.12e-13	62.0
HP0642	BSU05480	24.852	169	118	3	9	175	7	168	3.91e-08	48.5
HP0642	BSU19550	24.390	164	109	3	13	172	11	163	4.66e-08	48.5
HP0642	BSU32050	34.177	79	35	3	16	93	205	267	0.36	28.5
HP0642	BSU35300	28.889	45	32	0	1	45	784	828	0.72	27.7
HP0642	BSU27140	31.818	44	30	0	97	140	535	578	0.79	27.3
HP0642	BSU04050	30.435	46	31	1	170	215	48	92	3.1	25.4
HP0642	BSU21330	31.429	35	22	1	94	126	18	52	3.5	24.6
HP0642	BSU34890	45.833	24	13	0	175	198	156	179	5.1	24.6
HP0642	BSU38470	36.111	36	22	1	53	87	276	311	5.3	24.6
HP0642	BSU08480	29.032	31	22	0	33	63	39	69	6.2	24.3
HP0642	BSU18340	33.333	36	24	0	1	36	312	347	6.4	24.6
HP0643	BSU00920	36.501	463	247	12	2	421	7	465	2.74e-81	256
HP0643	BSU02310	19.048	147	99	2	157	283	275	421	2.2	27.3
HP0643	BSU27820	26.562	64	40	1	193	256	40	96	5.3	25.8
HP0643	BSU37330	50.000	16	8	0	5	20	131	146	5.7	26.2
HP0643	BSU35560	32.500	40	25	2	338	376	87	125	8.1	25.0
HP0643	BSU40230	25.564	133	73	6	74	200	4	116	8.6	24.6
HP0643	BSU30180	44.444	27	15	0	322	348	140	166	9.7	25.0
HP0643	BSU15020	64.286	14	5	0	211	224	9	22	9.9	24.6
HP0644	BSU15400	36.842	76	43	2	13	86	9	81	1.06e-06	40.0
HP0644	BSU28140	25.758	66	44	1	5	70	15	75	2.5	23.9
HP0644	BSU05030	35.294	17	11	0	18	34	11	27	8.4	22.3
HP0644	BSU31279	25.714	35	26	0	55	89	8	42	8.7	21.6
HP0644	BSU25980	28.571	28	20	0	4	31	28	55	8.9	22.3
HP0645	BSU11570	34.375	96	52	4	401	495	74	159	1.07e-07	48.9
HP0645	BSU21350	29.771	131	64	4	404	533	1438	1541	3.60e-07	50.1
HP0645	BSU02670	25.532	141	88	3	348	471	28	168	0.041	33.1
HP0645	BSU09890	25.773	97	45	3	329	400	154	248	0.074	32.3
HP0645	BSU03770	28.947	76	50	2	212	284	236	310	0.10	32.0
HP0645	BSU29805	31.148	61	40	1	122	182	136	194	2.5	27.7
HP0645	BSU40080	42.308	26	15	0	365	390	148	173	4.1	26.9
HP0645	BSU33620	20.455	88	62	3	117	200	148	231	5.7	26.2
HP0645	BSU12390	20.000	65	52	0	102	166	20	84	5.8	26.6
HP0646	BSU18180	49.057	265	133	2	2	266	5	267	5.70e-87	258
HP0646	BSU35670	46.591	264	139	2	2	265	4	265	1.72e-83	249
HP0646	BSU30850	43.346	263	145	3	1	263	1	259	6.63e-72	219
HP0646	BSU35699	42.105	171	97	2	95	265	3	171	6.51e-45	147
HP0646	BSU37840	22.015	268	176	8	4	270	2	237	2.80e-15	70.5
HP0646	BSU07270	20.565	248	173	6	4	250	2	226	3.76e-07	47.0
HP0646	BSU30970	21.091	275	187	10	1	265	1	255	4.70e-05	40.8
HP0646	BSU23620	35.385	65	33	3	207	271	44	99	0.024	32.3
HP0646	BSU00500	23.932	234	116	13	9	217	10	206	0.053	31.6
HP0646	BSU39990	22.973	74	55	1	56	127	50	123	1.9	26.2
HP0646	BSU08180	28.788	66	46	1	187	252	274	338	2.8	26.2
HP0646	BSU35720	35.000	40	24	1	233	270	374	413	2.8	26.2
HP0646	BSU30960	27.119	59	40	2	36	94	134	189	3.1	25.8
HP0646	BSU06690	33.333	24	16	0	27	50	47	70	3.4	25.8
HP0646	BSU08970	25.309	162	81	7	106	261	262	389	4.5	25.4
HP0646	BSU08970	56.522	23	10	0	242	264	548	570	5.8	25.0
HP0646	BSU15700	42.857	21	12	0	136	156	128	148	6.0	25.0
HP0647	BSU16430	27.660	94	61	4	44	134	185	274	0.24	27.7
HP0647	BSU30150	48.276	29	12	1	1	26	5	33	1.5	25.4
HP0647	BSU02770	36.364	33	20	1	24	56	262	293	7.6	23.1
HP0648	BSU36760	43.262	423	236	3	1	422	1	420	1.93e-117	347
HP0648	BSU37100	41.527	419	240	4	1	418	1	415	1.39e-108	323
HP0648	BSU22600	23.077	429	295	14	12	415	9	427	0.006	35.4
HP0648	BSU27800	42.308	26	14	1	63	87	53	78	0.66	27.3
HP0648	BSU39000	28.125	128	72	6	143	263	57	171	0.69	28.9
HP0648	BSU26559	29.787	47	29	2	213	259	29	71	1.2	26.2
HP0648	BSU21390	36.066	61	31	3	204	256	476	536	3.4	26.6
HP0648	BSU27920	28.235	85	49	4	289	361	290	374	5.1	26.2
HP0649	BSU23570	52.070	459	218	1	2	460	9	465	1.27e-166	475
HP0649	BSU33040	42.489	466	256	5	2	462	4	462	4.44e-134	392
HP0649	BSU06440	24.631	203	144	4	138	340	93	286	4.27e-08	52.0
HP0649	BSU29440	22.689	238	149	7	132	357	104	318	4.37e-08	52.0
HP0649	BSU20060	24.000	75	52	2	127	198	366	438	0.82	28.9
HP0649	BSU03480	30.612	98	48	5	261	343	691	783	0.83	28.9
HP0649	BSU27600	26.415	106	60	3	198	291	505	604	1.5	28.1
HP0649	BSU19710	50.000	26	13	0	74	99	152	177	2.4	27.3
HP0649	BSU20830	32.653	49	21	2	196	244	48	84	4.5	25.0
HP0649	BSU07250	31.481	54	35	1	223	274	1002	1055	4.9	26.6
HP0649	BSU07250	34.091	44	25	1	149	192	350	389	5.6	26.2
HP0649	BSU38780	50.000	26	13	0	370	395	367	392	6.1	26.2
HP0649	BSU22320	37.500	32	17	1	292	320	363	394	9.2	25.4
HP0650	BSU00820	25.926	54	36	2	20	73	147	196	3.4	25.0
HP0650	BSU15160	29.167	48	31	2	17	62	541	587	4.8	24.6
HP0650	BSU02000	21.348	89	62	3	49	132	103	188	7.6	23.9
HP0651	BSU02030	23.626	182	102	9	232	394	24	187	0.21	30.4
HP0651	BSU28830	32.203	59	27	3	257	315	77	122	1.3	26.9
HP0651	BSU35070	36.667	30	16	1	221	250	208	234	7.3	25.4
HP0651	BSU21110	34.286	35	23	0	358	392	121	155	8.1	25.8
HP0652	BSU35850	31.818	110	61	3	87	192	163	262	1.34e-04	38.5
HP0652	BSU36290	44.000	50	27	1	140	188	213	262	0.003	34.7
HP0652	BSU39550	35.714	42	27	0	140	181	195	236	0.011	32.7
HP0652	BSU04040	30.435	46	31	1	152	196	188	233	0.036	31.2
HP0652	BSU14550	30.435	92	57	3	114	201	159	247	1.4	26.2
HP0652	BSU12810	25.000	68	44	1	16	83	166	226	3.3	25.0
HP0652	BSU33210	25.532	47	27	1	56	102	420	458	4.3	25.0
HP0652	BSU15650	28.571	49	33	1	161	207	630	678	6.1	24.6
HP0652	BSU35500	24.390	41	31	0	70	110	35	75	8.8	23.9
HP0653	BSU28380	35.897	39	22	2	27	63	9	46	0.16	28.9
HP0653	BSU19700	33.333	36	24	0	47	82	41	76	0.99	26.2
HP0653	BSU16020	24.590	61	44	1	21	79	2	62	1.5	25.4
HP0653	BSU15380	24.444	45	34	0	89	133	2	46	1.7	25.4
HP0653	BSU17140	33.333	33	22	0	76	108	273	305	2.8	25.0
HP0653	BSU02330	35.135	37	23	1	89	125	224	259	4.1	24.6
HP0653	BSU10630	33.333	36	23	1	77	111	1183	1218	4.2	24.6
HP0653	BSU20670	32.203	59	32	2	57	113	182	234	6.6	23.9
HP0653	BSU32700	23.404	47	33	1	88	134	173	216	7.8	23.9
HP0653	BSU39040	26.923	26	19	0	17	42	11	36	8.4	22.7
HP0653	BSU36480	21.053	57	44	1	97	152	23	79	9.3	23.5
HP0654	BSU30200	28.244	131	86	7	1	124	5	134	0.011	33.9
HP0654	BSU01920	23.333	60	44	1	46	105	104	161	0.54	28.9
HP0654	BSU32330	38.889	36	17	2	57	92	65	95	1.3	27.3
HP0654	BSU24910	31.250	64	41	2	69	131	148	209	4.4	25.8
HP0654	BSU24530	28.571	70	43	2	20	85	192	258	5.0	25.8
HP0654	BSU25430	23.214	56	35	2	59	111	153	203	5.3	25.8
HP0654	BSU23500	30.556	36	25	0	60	95	282	317	5.4	25.8
HP0654	BSU39620	36.364	33	18	1	26	55	21	53	5.6	24.6
HP0654	BSU32930	28.571	35	25	0	21	55	27	61	6.2	24.3
HP0655	BSU27160	28.125	96	50	4	711	796	7	93	2.2	28.5
HP0655	BSU36280	43.333	30	17	0	82	111	385	414	3.0	28.1
HP0655	BSU19530	27.835	97	50	4	397	489	49	129	3.1	26.9
HP0655	BSU14800	34.091	44	26	2	28	71	164	204	3.9	27.3
HP0655	BSU11730	28.889	45	31	1	19	63	61	104	3.9	27.3
HP0655	BSU05240	24.277	173	90	10	585	730	1	159	4.9	27.3
HP0655	BSU17750	46.667	30	14	1	84	113	108	135	5.4	27.3
HP0656	BSU22860	37.500	48	28	1	72	117	140	187	0.37	28.9
HP0656	BSU07955	28.070	57	38	1	48	104	39	92	0.40	29.3
HP0656	BSU31030	33.333	48	32	0	131	178	38	85	0.74	27.7
HP0656	BSU23950	33.333	45	29	1	303	346	225	269	3.6	26.2
HP0656	BSU08790	50.000	26	13	0	328	353	103	128	5.2	25.8
HP0656	BSU12680	40.000	25	15	0	210	234	710	734	6.5	25.4
HP0656	BSU35800	32.143	56	36	2	129	182	176	231	8.4	25.0
HP0656	BSU13130	26.923	78	38	4	143	218	273	333	9.2	25.0
HP0657	BSU16710	23.978	367	265	10	52	412	31	389	4.57e-14	70.1
HP0657	BSU16860	21.168	137	98	3	122	258	119	245	0.098	31.6
HP0657	BSU16845	22.727	154	106	2	158	304	157	304	0.22	30.4
HP0657	BSU36740	28.431	102	64	3	223	315	116	217	0.58	28.9
HP0657	BSU10840	26.582	79	52	4	24	96	136	214	3.0	26.6
HP0657	BSU05899	47.826	23	12	0	267	289	12	34	3.2	24.3
HP0657	BSU03480	28.333	60	39	1	205	264	2128	2183	4.2	26.6
HP0657	BSU11210	34.146	41	27	0	203	243	34	74	5.7	25.8
HP0657	BSU23750	41.935	31	18	0	26	56	48	78	7.3	24.6
HP0657	BSU09190	44.828	29	15	1	96	124	1053	1080	8.6	25.4
HP0658	BSU06690	45.912	477	250	6	1	473	1	473	6.88e-140	407
HP0658	BSU28950	33.333	66	29	2	97	147	52	117	0.83	28.9
HP0658	BSU27770	40.541	37	21	1	267	302	55	91	2.9	26.9
HP0658	BSU16140	23.077	65	49	1	368	431	228	292	6.5	25.8
HP0658	BSU31300	34.091	44	23	1	418	455	237	280	6.9	25.8
HP0658	BSU17200	26.923	78	54	2	393	468	867	943	7.4	25.8
HP0658	BSU15300	24.468	94	64	3	70	160	256	345	8.3	25.8
HP0658	BSU28580	28.788	66	41	1	401	460	518	583	9.9	25.4
HP0659	BSU16030	24.375	160	85	7	116	268	10	140	0.29	29.6
HP0659	BSU24820	29.630	81	46	3	283	359	168	241	5.2	25.8
HP0659	BSU00720	28.571	42	25	2	247	288	115	151	5.6	25.8
HP0659	BSU06710	24.242	66	42	1	173	238	149	206	5.9	25.8
HP0659	BSU23270	44.118	34	13	1	285	312	55	88	8.4	25.0
HP0659	BSU04840	30.357	56	36	1	207	262	1	53	9.3	23.9
HP0660	BSU21910	31.481	54	36	1	249	301	25	78	0.52	28.5
HP0660	BSU27230	28.571	49	29	1	69	111	83	131	0.63	27.7
HP0660	BSU23560	32.609	46	27	1	75	120	284	325	0.68	28.5
HP0660	BSU34810	38.000	50	31	0	111	160	193	242	1.4	27.3
HP0660	BSU29930	28.333	60	26	2	188	230	487	546	1.5	27.3
HP0660	BSU36830	40.000	30	18	0	87	116	416	445	2.7	26.6
HP0660	BSU22620	40.541	37	21	1	46	82	33	68	4.4	25.8
HP0660	BSU06800	48.000	25	13	0	90	114	12	36	4.7	23.9
HP0660	BSU01990	39.535	43	25	1	91	133	82	123	5.7	25.4
HP0660	BSU30610	38.095	42	25	1	67	108	150	190	7.8	25.0
HP0660	BSU39250	32.558	43	26	1	41	80	80	122	8.8	24.3
HP0660	BSU22610	26.027	73	47	1	137	209	290	355	10.0	24.6
HP0661	BSU21990	26.866	134	78	5	5	132	4	123	2.99e-08	46.6
HP0661	BSU27850	31.373	51	28	3	35	78	231	281	2.8	24.6
HP0661	BSU28360	34.146	41	24	1	20	60	157	194	3.5	24.3
HP0661	BSU28340	25.581	129	88	4	14	134	124	252	3.5	24.3
HP0661	BSU35470	29.167	72	44	4	41	110	266	332	8.5	23.1
HP0661	BSU36079	36.000	25	16	0	87	111	15	39	8.6	23.1
HP0662	BSU15930	36.000	225	137	2	18	236	20	243	6.44e-42	140
HP0662	BSU17180	22.059	204	136	6	1	193	3668	3859	0.043	32.0
HP0662	BSU16980	37.143	35	22	0	133	167	19	53	0.36	26.9
HP0662	BSU37500	26.667	75	52	1	72	146	118	189	1.3	26.6
HP0662	BSU28120	35.714	28	15	1	144	168	13	40	3.5	25.4
HP0662	BSU01510	40.476	42	21	2	41	79	196	236	6.2	24.6
HP0662	BSU03510	21.739	138	83	4	73	206	611	727	6.3	25.0
HP0662	BSU40170	32.759	58	34	2	8	65	120	172	7.9	24.3
HP0662	BSU22510	33.333	51	30	1	97	147	81	127	8.1	24.3
HP0662	BSU01480	25.000	84	54	4	70	145	130	212	8.4	24.3
HP0662	BSU24840	35.714	28	18	0	11	38	362	389	8.9	24.3
HP0663	BSU22710	32.951	349	198	7	8	326	1	343	5.72e-50	169
HP0663	BSU23110	35.385	65	38	3	158	219	455	518	0.47	29.3
HP0663	BSU15220	24.615	65	44	1	299	358	281	345	1.7	27.3
HP0663	BSU04490	37.255	51	28	2	114	163	168	215	3.6	26.2
HP0663	BSU06140	30.769	78	45	5	127	197	614	689	8.1	25.4
HP0663	BSU16730	31.818	44	28	1	101	142	245	288	8.3	25.0
HP0663	BSU30780	25.373	67	44	2	14	75	118	183	9.5	25.0
HP0663	BSU07050	30.508	59	37	1	221	275	450	508	9.7	25.0
HP0664	BSU39100	29.730	37	26	0	116	152	334	370	1.1	26.6
HP0664	BSU07230	29.730	37	25	1	123	158	242	278	1.7	25.8
HP0664	BSU33970	23.301	103	64	4	35	124	192	292	4.1	24.6
HP0664	BSU01520	75.000	12	3	0	91	102	49	60	4.3	24.3
HP0664	BSU18440	33.333	36	23	1	104	139	361	395	6.0	24.3
HP0664	BSU25140	31.818	44	30	0	8	51	338	381	7.0	23.9
HP0664	BSU15220	36.842	19	12	0	128	146	17	35	7.1	23.9
HP0665	BSU25500	24.365	394	277	7	54	446	3	376	1.79e-28	112
HP0665	BSU09840	27.604	192	136	3	53	241	171	362	6.69e-19	85.9
HP0665	BSU17010	29.293	99	67	2	150	245	303	401	0.054	32.7
HP0665	BSU25430	25.743	101	72	2	148	245	233	333	0.27	30.4
HP0665	BSU30480	25.000	80	59	1	156	235	141	219	0.27	30.0
HP0665	BSU00800	41.667	24	14	0	310	333	14	37	0.30	27.7
HP0665	BSU14280	29.293	99	61	3	239	333	172	265	0.31	30.0
HP0665	BSU14860	34.146	41	25	1	260	300	251	289	1.7	27.7
HP0665	BSU23280	29.091	55	39	0	205	259	196	250	2.3	27.3
HP0665	BSU25160	27.941	68	46	2	369	435	49	114	2.3	26.9
HP0665	BSU37560	47.619	21	11	0	110	130	529	549	2.8	26.9
HP0665	BSU35570	41.026	39	18	2	16	49	214	252	3.3	26.9
HP0665	BSU21120	29.114	79	45	2	84	155	106	180	5.1	26.2
HP0665	BSU28580	47.826	23	12	0	410	432	640	662	5.4	26.2
HP0665	BSU09150	69.231	13	4	0	125	137	175	187	6.1	25.4
HP0665	BSU21329	37.500	32	20	0	106	137	24	55	6.5	23.9
HP0665	BSU05099	37.500	32	20	0	106	137	24	55	6.5	23.9
HP0665	BSU18330	23.711	97	67	2	37	132	159	249	7.1	25.8
HP0665	BSU34230	50.000	22	11	0	416	437	182	203	7.6	25.4
HP0665	BSU25140	43.243	37	20	1	244	279	207	243	9.6	25.4
HP0665	BSU00160	39.394	33	19	1	192	224	192	223	9.7	25.4
HP0666	BSU28690	27.822	381	234	17	7	363	11	374	1.68e-28	113
HP0666	BSU34050	27.119	236	152	10	182	411	2	223	1.93e-16	75.5
HP0666	BSU34040	29.670	91	53	2	17	102	313	397	1.47e-05	43.9
HP0666	BSU37180	20.661	121	88	2	320	433	579	698	5.54e-04	38.9
HP0666	BSU07620	34.286	35	23	0	199	233	187	221	0.80	28.5
HP0666	BSU12160	23.171	82	51	3	15	96	146	215	1.7	27.7
HP0666	BSU10110	39.216	51	21	3	205	252	226	269	2.9	26.9
HP0666	BSU18320	40.741	27	16	0	301	327	207	233	4.9	26.2
HP0666	BSU08910	27.907	86	34	4	13	82	184	257	5.2	26.2
HP0666	BSU00580	28.333	60	35	2	284	335	42	101	5.4	26.2
HP0666	BSU27220	22.078	77	48	3	15	91	151	215	5.5	26.2
HP0666	BSU01950	25.000	92	51	2	198	289	148	221	6.5	25.4
HP0669	BSU15960	42.857	21	12	0	609	629	141	161	8.8	26.6
HP0670	BSU16170	27.692	65	47	0	185	249	41	105	0.16	30.8
HP0670	BSU02640	30.612	49	29	1	30	73	102	150	1.1	28.1
HP0670	BSU29720	27.500	120	76	4	223	341	38	147	3.3	26.6
HP0670	BSU17770	31.481	54	34	1	144	197	23	73	4.5	26.2
HP0670	BSU17210	25.263	95	56	3	236	329	3738	3818	4.6	26.6
HP0670	BSU18340	21.905	105	79	2	339	442	2163	2265	6.6	26.2
HP0671	BSU25530	28.846	52	37	0	20	71	125	176	0.24	29.3
HP0671	BSU08180	30.263	76	38	4	47	119	141	204	0.35	28.9
HP0671	BSU03700	20.635	63	41	1	14	67	132	194	3.9	25.8
HP0671	BSU05260	38.095	42	17	2	196	228	50	91	4.2	25.0
HP0671	BSU31220	27.397	73	51	1	135	207	456	526	5.9	25.0
HP0671	BSU33540	45.833	24	13	0	134	157	68	91	7.9	24.3
HP0672	BSU22370	47.194	392	200	5	1	387	1	390	5.50e-129	373
HP0672	BSU14000	39.474	380	215	10	16	389	12	382	3.82e-83	256
HP0672	BSU31400	40.431	371	205	8	24	387	22	383	6.47e-83	255
HP0672	BSU09570	28.883	367	234	11	22	376	28	379	1.22e-34	129
HP0672	BSU37690	27.296	392	263	11	4	384	6	386	1.82e-33	125
HP0672	BSU31440	25.275	364	251	11	31	382	28	382	1.78e-26	106
HP0672	BSU13580	27.248	367	248	10	27	384	29	385	2.25e-26	106
HP0672	BSU05370	22.667	300	211	11	98	387	189	477	8.92e-12	63.2
HP0672	BSU10880	22.162	370	255	17	31	383	122	475	3.59e-07	48.5
HP0672	BSU22620	20.000	340	240	12	43	376	38	351	3.14e-06	45.4
HP0672	BSU05180	22.699	326	221	13	74	386	151	458	3.40e-06	45.4
HP0672	BSU10550	22.727	110	78	2	93	202	120	222	0.001	37.4
HP0672	BSU11870	22.400	125	70	5	95	205	64	175	0.005	35.4
HP0672	BSU27250	23.585	106	67	4	104	205	78	173	0.061	32.0
HP0672	BSU27510	27.273	55	37	1	150	204	127	178	0.21	30.4
HP0672	BSU14630	25.217	115	76	3	97	205	88	198	0.50	29.3
HP0672	BSU19999	48.276	29	15	0	282	310	14	42	0.57	26.6
HP0672	BSU24570	29.545	44	29	1	316	357	39	82	2.6	26.9
HP0672	BSU11880	39.130	23	14	0	154	176	130	152	2.8	26.6
HP0672	BSU29140	24.528	53	39	1	257	308	75	127	3.5	26.2
HP0672	BSU34720	25.301	83	59	2	174	254	151	232	4.7	25.8
HP0672	BSU05620	26.389	72	51	1	264	333	304	375	9.6	25.0
HP0673	BSU23840	27.679	112	64	5	293	387	167	278	0.60	29.6
HP0673	BSU26860	21.519	158	87	5	12	159	217	347	0.63	29.6
HP0673	BSU08260	24.528	53	37	1	350	402	197	246	1.8	28.1
HP0673	BSU08820	29.032	93	52	4	319	400	386	475	1.9	28.1
HP0673	BSU25990	29.730	37	26	0	368	404	10	46	6.4	25.8
HP0673	BSU01580	31.707	41	27	1	336	375	424	464	6.7	26.6
HP0673	BSU16650	36.364	33	18	1	134	166	71	100	9.9	24.6
HP0675	BSU23510	32.828	198	117	6	164	355	101	288	5.38e-22	91.7
HP0675	BSU16140	33.505	194	105	7	170	352	109	289	4.80e-21	89.0
HP0675	BSU18390	23.457	162	114	5	199	359	26	178	0.001	36.2
HP0675	BSU04800	36.000	50	31	1	309	357	313	362	0.005	35.4
HP0675	BSU30880	37.037	54	30	2	279	329	174	226	0.071	31.6
HP0675	BSU38580	48.485	33	17	0	89	121	203	235	0.20	30.4
HP0675	BSU32830	18.803	117	81	4	45	161	49	151	0.45	29.3
HP0675	BSU02670	22.826	92	71	0	209	300	27	118	0.47	29.3
HP0675	BSU17210	30.986	71	45	3	198	267	3074	3141	2.5	26.9
HP0675	BSU23710	57.143	14	6	0	58	71	278	291	2.8	26.6
HP0675	BSU01410	29.114	79	49	2	150	221	20	98	2.8	25.8
HP0675	BSU22030	27.473	91	46	5	228	303	1056	1141	3.2	26.6
HP0675	BSU18500	26.829	41	30	0	247	287	115	155	3.8	25.8
HP0675	BSU04310	29.545	44	31	0	317	360	558	601	5.3	25.8
HP0675	BSU08240	28.000	50	33	1	134	180	120	169	8.8	25.0
HP0675	BSU24390	33.871	62	34	3	66	122	207	266	9.0	25.0
HP0675	BSU13070	20.168	119	77	5	152	260	56	166	9.8	24.6
HP0676	BSU13540	40.764	157	83	6	7	154	3	158	8.14e-32	109
HP0676	BSU01820	50.000	110	53	1	49	156	61	170	2.03e-31	108
HP0676	BSU04610	40.000	25	15	0	125	149	34	58	2.9	24.6
HP0676	BSU09450	26.829	41	30	0	26	66	119	159	3.2	24.6
HP0676	BSU39870	45.833	24	13	0	68	91	9	32	3.5	24.3
HP0676	BSU37490	32.500	40	24	2	12	50	124	161	3.7	24.6
HP0676	BSU22560	34.783	46	27	2	94	136	88	133	4.4	24.3
HP0676	BSU26890	30.952	42	27	1	112	153	180	219	5.2	24.3
HP0676	BSU20060	50.000	22	8	1	96	117	322	340	9.1	23.5
HP0676	BSU15120	39.286	28	13	1	22	49	130	153	9.4	23.5
HP0677	BSU12400	22.105	190	114	3	8	175	6	183	8.06e-06	42.7
HP0677	BSU26490	26.582	237	138	10	10	223	12	235	1.80e-04	38.5
HP0677	BSU26490	25.843	89	59	2	136	217	8	96	0.042	31.6
HP0677	BSU32380	26.809	235	138	7	41	255	48	268	0.003	35.0
HP0677	BSU18720	23.762	101	63	3	134	223	86	183	0.11	30.0
HP0677	BSU05690	27.273	99	67	3	1	94	129	227	0.18	29.6
HP0677	BSU05690	20.339	59	47	0	41	99	38	96	1.6	26.6
HP0677	BSU10450	36.667	30	19	0	191	220	408	437	2.0	26.6
HP0677	BSU32840	26.761	71	41	2	38	105	496	558	2.8	26.2
HP0677	BSU32880	57.692	26	10	1	207	232	143	167	4.4	25.4
HP0677	BSU29280	22.353	170	125	2	10	175	10	176	5.4	25.0
HP0677	BSU28830	30.303	33	22	1	98	130	9	40	8.0	23.9
HP0677	BSU10500	31.481	54	37	0	140	193	146	199	8.3	24.6
HP0677	BSU22320	31.250	32	22	0	12	43	38	69	8.6	24.6
HP0679	BSU08280	32.353	136	71	6	1	123	13	140	1.29e-08	52.4
HP0679	BSU30100	25.984	127	89	2	81	205	83	206	5.22e-05	41.2
HP0679	BSU33530	24.658	146	90	4	70	207	74	207	1.64e-04	39.7
HP0679	BSU10530	24.812	133	90	4	73	200	64	191	3.79e-04	38.5
HP0679	BSU27770	23.810	147	90	3	69	208	66	197	0.011	33.9
HP0679	BSU10850	42.857	35	20	0	70	104	68	102	0.035	32.3
HP0679	BSU31170	28.947	38	27	0	75	112	69	106	0.096	30.8
HP0679	BSU06730	35.714	42	25	1	212	253	274	313	2.3	26.6
HP0679	BSU35260	31.915	47	28	1	78	124	92	134	4.6	25.4
HP0680	BSU17380	27.515	676	405	17	133	787	87	698	9.62e-69	237
HP0680	BSU20060	29.283	321	211	6	116	426	67	381	1.54e-35	142
HP0680	BSU20060	27.885	312	208	8	474	771	767	1075	1.09e-26	113
HP0680	BSU39270	28.723	94	49	4	504	597	11	86	5.9	26.9
HP0680	BSU10330	37.500	32	20	0	503	534	39	70	8.6	26.2
HP0680	BSU00870	35.294	34	22	0	462	495	192	225	9.0	26.2
HP0681	BSU31990	34.694	49	28	2	111	159	283	327	0.51	27.3
HP0681	BSU35030	30.000	80	37	5	72	146	63	128	6.4	23.9
HP0681	BSU13530	25.000	40	30	0	74	113	216	255	7.1	23.9
HP0681	BSU40840	39.024	41	23	2	80	119	52	91	7.4	23.9
HP0681	BSU06230	34.783	46	29	1	104	148	60	105	8.4	23.5
HP0682	BSU08160	34.375	64	37	2	34	97	286	344	2.04e-04	35.8
HP0682	BSU15450	33.333	33	22	0	44	76	84	116	1.1	24.6
HP0682	BSU14400	38.710	31	18	1	36	65	378	408	1.2	25.0
HP0682	BSU16480	35.135	37	22	1	67	101	102	138	1.2	24.6
HP0682	BSU32490	34.375	32	21	0	14	45	99	130	1.5	24.6
HP0682	BSU04060	45.161	31	16	1	52	81	195	225	1.5	24.6
HP0682	BSU26030	50.000	22	11	0	45	66	782	803	2.9	23.9
HP0682	BSU26030	44.444	27	15	0	33	59	782	808	6.1	23.1
HP0682	BSU40840	38.235	34	14	1	17	50	68	94	4.1	23.5
HP0682	BSU36490	32.558	43	23	1	10	52	123	159	4.6	23.1
HP0682	BSU15160	25.676	74	48	2	31	97	500	573	5.0	23.1
HP0682	BSU28030	32.000	50	34	0	25	74	147	196	5.8	23.1
HP0682	BSU22700	27.500	40	28	1	67	105	212	251	5.9	23.1
HP0682	BSU38180	50.000	22	11	0	46	67	23	44	6.5	22.3
HP0682	BSU27200	29.545	44	31	0	34	77	223	266	7.6	22.7
HP0682	BSU01680	34.375	32	21	0	15	46	188	219	8.6	22.7
HP0683	BSU00500	36.026	458	254	14	5	432	7	455	2.06e-82	258
HP0683	BSU07270	34.848	66	39	2	2	63	1	66	3.24e-05	42.0
HP0683	BSU00930	31.325	83	52	3	346	425	93	173	4.46e-05	41.2
HP0683	BSU40850	37.500	40	25	0	373	412	133	172	3.31e-04	38.5
HP0683	BSU34960	30.233	43	30	0	370	412	106	148	6.74e-04	37.4
HP0683	BSU35670	42.105	38	19	1	5	39	8	45	0.44	29.3
HP0683	BSU00900	36.364	33	21	0	4	36	5	37	0.68	28.5
HP0683	BSU17010	30.882	68	43	2	41	105	363	429	2.9	26.9
HP0683	BSU40080	32.432	37	25	0	164	200	24	60	3.2	26.9
HP0683	BSU34240	26.471	34	25	0	375	408	161	194	4.4	25.8
HP0683	BSU18180	39.474	38	20	1	5	39	9	46	4.4	26.2
HP0683	BSU09780	31.579	38	23	1	205	242	60	94	7.3	25.4
HP0684	BSU16350	42.857	63	35	1	35	96	11	73	3.64e-09	52.4
HP0686	BSU06270	40.000	30	17	1	470	498	2	31	0.88	26.9
HP0686	BSU17440	27.536	69	44	2	322	385	138	205	1.9	28.5
HP0686	BSU01170	33.333	30	20	0	61	90	155	184	4.2	26.9
HP0686	BSU23770	25.352	71	51	1	237	305	126	196	7.3	26.6
HP0687	BSU22840	27.559	127	86	4	4	124	176	302	4.71e-08	52.4
HP0687	BSU22840	38.095	42	25	1	1	41	1	42	0.019	34.7
HP0687	BSU40920	40.909	44	25	1	4	47	3	45	0.002	37.4
HP0687	BSU16050	33.898	59	35	2	2	59	119	174	0.003	36.6
HP0687	BSU41020	26.190	126	66	3	4	128	222	321	0.007	36.2
HP0687	BSU25290	28.571	91	56	4	6	91	11	97	0.035	33.5
HP0687	BSU27920	32.143	56	35	2	6	59	161	215	0.16	31.6
HP0687	BSU17430	29.592	98	54	2	4	93	201	291	0.21	31.2
HP0687	BSU28190	70.000	20	6	0	6	25	26	45	0.27	30.0
HP0687	BSU05720	30.508	59	34	2	150	205	341	395	0.34	30.4
HP0687	BSU26260	42.857	28	16	0	2	29	163	190	1.1	28.9
HP0687	BSU12530	42.308	26	15	0	5	30	119	144	1.2	28.5
HP0687	BSU34980	35.135	37	24	0	301	337	30	66	1.6	28.1
HP0687	BSU34660	29.730	74	46	4	285	354	70	141	2.3	27.7
HP0687	BSU15780	32.099	81	37	4	2	70	163	237	2.5	27.7
HP0687	BSU25670	30.000	60	33	2	6	59	162	218	4.0	26.9
HP0687	BSU12190	25.714	105	47	4	44	129	76	168	4.4	26.6
HP0687	BSU25330	25.352	71	43	1	472	532	154	224	9.7	25.8
HP0688	BSU33830	31.915	47	21	2	19	54	90	136	0.72	27.7
HP0688	BSU29580	31.373	51	32	1	112	162	187	234	0.77	27.7
HP0688	BSU14570	41.935	31	17	1	9	39	88	117	1.0	26.9
HP0688	BSU33980	27.083	48	35	0	82	129	135	182	1.1	27.3
HP0688	BSU24020	30.000	50	29	2	118	163	17	64	4.2	25.4
HP0688	BSU18570	35.714	28	18	0	53	80	282	309	4.7	25.4
HP0688	BSU35500	33.333	39	19	1	77	115	307	338	8.1	24.6
HP0690	BSU24170	43.478	391	219	1	1	389	1	391	6.36e-104	309
HP0690	BSU32830	39.454	403	216	7	1	389	1	389	1.11e-88	270
HP0690	BSU10350	33.242	364	211	8	5	366	4	337	3.42e-48	164
HP0690	BSU17190	36.538	52	30	2	81	130	602	652	0.008	35.4
HP0690	BSU17190	38.095	42	25	1	81	122	2096	2136	0.50	29.3
HP0690	BSU17200	41.667	48	25	2	81	126	562	608	0.012	34.7
HP0690	BSU17200	40.000	35	21	0	81	115	2469	2503	0.15	31.2
HP0690	BSU17210	36.232	69	36	3	84	145	2743	2810	0.12	31.6
HP0690	BSU17220	30.645	62	36	1	81	142	693	747	0.16	31.2
HP0690	BSU12390	30.137	73	41	3	251	318	30	97	0.74	28.5
HP0690	BSU03490	40.476	42	19	2	340	380	771	807	1.6	27.7
HP0690	BSU32840	27.273	99	58	4	158	249	49	140	3.7	26.6
HP0690	BSU04690	29.167	72	47	2	149	219	13	81	5.9	25.0
HP0690	BSU04030	33.962	53	23	2	215	267	44	84	7.6	24.6
HP0691	BSU38990	66.087	230	78	0	1	230	1	230	3.38e-113	321
HP0691	BSU19730	41.232	211	123	1	8	217	10	220	3.91e-52	165
HP0691	BSU09590	45.455	33	18	0	2	34	50	82	0.15	29.6
HP0691	BSU31300	42.424	33	19	0	2	34	49	81	0.19	29.3
HP0691	BSU39980	29.412	102	51	5	65	156	9	99	0.65	27.7
HP0691	BSU32710	34.118	85	47	4	91	173	31	108	0.69	27.3
HP0691	BSU26610	50.000	28	14	0	3	30	50	77	1.6	26.6
HP0691	BSU24750	48.276	29	15	0	4	32	60	88	1.8	26.6
HP0691	BSU24810	39.394	33	19	1	74	105	18	50	4.9	24.3
HP0691	BSU22790	55.000	20	9	0	8	27	29	48	6.5	23.5
HP0691	BSU09550	43.333	30	17	0	1	30	48	77	9.9	24.3
HP0691	BSU26800	31.707	41	28	0	58	98	260	300	10.0	23.9
HP0692	BSU38980	73.171	205	54	1	2	205	5	209	2.32e-111	314
HP0692	BSU19720	50.242	207	102	1	2	207	8	214	5.79e-70	209
HP0692	BSU10250	28.049	82	54	2	4	80	17	98	1.3	26.6
HP0692	BSU17190	42.308	26	15	0	61	86	4105	4130	2.2	26.2
HP0692	BSU03680	28.000	75	48	1	54	128	264	332	3.7	25.4
HP0692	BSU39230	35.088	57	31	2	99	151	2261	2315	7.4	24.3
HP0692	BSU15350	47.059	17	9	0	80	96	77	93	9.2	23.9
HP0692	BSU03050	31.579	57	24	2	75	131	13	54	9.6	23.9
HP0693	BSU03020	24.051	79	55	2	336	414	355	428	0.49	29.3
HP0693	BSU10080	25.000	208	136	9	66	268	74	266	1.0	28.5
HP0693	BSU06160	36.000	50	28	1	346	391	272	321	1.8	27.7
HP0693	BSU36500	27.679	112	62	5	16	119	13	113	1.8	26.9
HP0693	BSU07320	41.304	46	24	1	256	301	266	308	2.1	27.3
HP0693	BSU39230	26.733	101	53	5	319	413	1517	1602	2.6	27.3
HP0693	BSU12990	37.037	27	17	0	182	208	163	189	2.9	26.9
HP0693	BSU30620	25.688	109	58	5	345	450	162	250	3.6	26.6
HP0693	BSU26710	28.302	53	36	2	86	138	136	186	4.7	26.2
HP0693	BSU38470	32.143	28	19	0	396	423	380	407	4.9	26.2
HP0693	BSU21390	33.333	54	31	3	360	410	262	313	8.6	25.4
HP0694	BSU20980	28.395	81	35	4	31	109	343	402	1.1	27.7
HP0694	BSU34300	52.632	19	9	0	308	326	132	150	1.1	27.7
HP0694	BSU05870	27.500	80	51	4	228	305	186	260	2.1	26.6
HP0694	BSU00510	28.205	78	40	2	116	193	96	157	3.6	26.2
HP0694	BSU02770	43.333	30	17	0	228	257	32	61	5.0	25.4
HP0694	BSU05970	33.333	54	34	2	182	233	18	71	5.2	25.4
HP0694	BSU03600	32.353	34	23	0	177	210	65	98	6.2	25.0
HP0694	BSU14810	26.786	56	37	1	102	157	60	111	9.9	24.6
HP0695	BSU16100	24.299	107	61	2	2	88	7	113	0.28	30.8
HP0695	BSU18870	31.111	45	30	1	500	543	33	77	0.97	28.1
HP0695	BSU17190	26.389	72	48	1	458	529	1647	1713	1.1	29.3
HP0695	BSU12990	33.333	39	26	0	488	526	186	224	1.4	28.5
HP0695	BSU04970	28.571	77	49	3	585	656	204	279	1.7	28.1
HP0695	BSU40060	24.000	150	101	5	8	148	5	150	1.9	28.5
HP0695	BSU40360	28.704	108	63	5	550	650	131	231	3.2	27.3
HP0695	BSU37410	32.353	34	23	0	370	403	348	381	4.0	27.3
HP0695	BSU33030	25.352	71	51	2	363	433	137	205	4.1	26.9
HP0695	BSU28750	24.229	227	115	12	297	494	78	276	9.6	26.2
HP0696	BSU28510	40.000	35	18	1	654	685	35	69	2.0	28.5
HP0696	BSU15310	29.730	37	20	1	383	419	128	158	2.8	27.7
HP0696	BSU20450	37.500	32	17	1	311	342	4	32	4.2	27.3
HP0696	BSU38540	31.373	51	35	0	453	503	153	203	5.9	26.6
HP0696	BSU18390	55.556	27	10	2	651	676	53	78	6.6	26.2
HP0696	BSU17220	38.889	36	21	1	688	723	372	406	6.7	26.9
HP0696	BSU01500	28.000	50	36	0	564	613	22	71	8.8	25.4
HP0697	BSU01080	26.718	131	86	5	20	150	310	430	1.6	25.8
HP0697	BSU23490	29.091	55	33	1	12	66	63	111	2.2	25.4
HP0697	BSU19420	40.000	25	15	0	36	60	247	271	4.1	24.6
HP0697	BSU38440	38.235	34	21	0	125	158	198	231	4.6	24.3
HP0697	BSU39920	38.095	21	13	0	76	96	348	368	4.8	24.3
HP0697	BSU03360	22.500	80	53	2	26	96	187	266	6.0	23.9
HP0697	BSU28810	34.483	29	19	0	89	117	289	317	6.2	23.9
HP0697	BSU38250	53.846	13	6	0	115	127	4	16	6.6	23.9
HP0697	BSU06140	23.404	47	36	0	10	56	548	594	7.2	23.9
HP0697	BSU09440	22.807	57	37	1	36	85	307	363	8.0	23.5
HP0697	BSU27580	45.455	22	12	0	110	131	445	466	8.0	23.9
HP0699	BSU04910	30.000	50	31	2	244	293	102	147	1.1	27.7
HP0699	BSU04980	31.707	82	49	2	244	318	87	168	1.4	26.9
HP0699	BSU39910	26.250	80	53	1	182	261	1	74	1.9	26.6
HP0699	BSU29720	42.424	33	16	1	8	37	24	56	4.1	25.8
HP0699	BSU18570	28.302	53	34	2	2	50	213	265	4.6	25.8
HP0699	BSU40270	31.034	29	20	0	8	36	4	32	8.3	25.0
HP0700	BSU25310	27.907	86	60	2	14	98	11	95	0.045	28.9
HP0700	BSU12610	38.235	34	19	1	6	39	182	213	1.6	25.0
HP0700	BSU32840	50.000	22	11	0	4	25	333	354	6.6	23.5
HP0700	BSU16825	41.379	29	16	1	42	70	48	75	7.5	23.1
HP0700	BSU40259	50.000	18	9	0	57	74	30	47	7.6	21.9
HP0701	BSU00070	53.191	799	369	5	5	801	2	797	0.0	848
HP0701	BSU18100	39.847	783	460	7	14	792	9	784	0.0	587
HP0701	BSU06840	33.333	54	29	1	406	459	182	228	0.78	29.3
HP0701	BSU15950	21.341	164	103	5	130	284	83	229	1.9	28.5
HP0701	BSU15540	42.424	33	19	0	170	202	252	284	3.7	27.3
HP0701	BSU03250	25.926	54	38	1	25	78	53	104	4.1	27.3
HP0701	BSU01450	38.636	44	24	1	710	750	34	77	8.7	26.2
HP0701	BSU17530	40.000	40	22	1	522	561	143	180	8.8	26.2
HP0702	BSU09400	40.000	35	21	0	9	43	434	468	1.1	26.2
HP0702	BSU27580	35.135	37	24	0	110	146	165	201	1.7	25.8
HP0702	BSU34460	48.148	27	14	0	130	156	4	30	2.3	25.4
HP0702	BSU03490	40.000	30	18	0	123	152	286	315	4.6	24.6
HP0702	BSU35090	25.301	83	60	1	77	157	27	109	6.3	23.9
HP0702	BSU16825	24.000	50	32	1	78	121	253	302	8.1	23.5
HP0703	BSU24100	48.101	237	117	3	142	376	378	610	6.16e-64	213
HP0703	BSU40350	42.795	229	130	1	135	363	142	369	1.38e-56	189
HP0703	BSU08100	41.850	227	126	2	152	377	311	532	1.69e-55	189
HP0703	BSU21780	32.189	233	129	5	145	377	22	225	1.03e-26	105
HP0703	BSU27080	33.951	162	98	4	159	312	140	300	1.86e-17	80.9
HP0703	BSU16330	33.621	116	71	4	2	112	4	118	9.59e-11	55.8
HP0703	BSU09330	32.743	113	71	3	1	108	1	113	7.02e-10	55.5
HP0703	BSU23120	29.661	118	76	4	2	116	8	121	9.74e-10	55.5
HP0703	BSU03750	27.679	112	77	3	1	109	1	111	8.61e-08	49.3
HP0703	BSU33010	29.457	129	82	4	3	126	5	129	1.15e-07	48.9
HP0703	BSU05420	30.357	112	74	3	2	109	3	114	2.23e-07	48.1
HP0703	BSU02740	30.769	117	72	6	1	111	2	115	1.13e-06	46.2
HP0703	BSU35490	23.684	114	82	2	1	109	4	117	4.38e-06	44.3
HP0703	BSU17940	35.714	70	42	1	46	112	48	117	4.81e-06	42.4
HP0703	BSU24220	29.310	116	75	4	1	109	4	119	4.92e-06	44.3
HP0703	BSU06960	33.333	66	41	1	47	109	51	116	8.58e-06	43.9
HP0703	BSU26430	32.407	108	66	4	2	105	4	108	1.69e-05	42.4
HP0703	BSU39660	30.702	114	69	3	2	109	3	112	2.19e-05	42.0
HP0703	BSU16420	27.619	105	70	3	1	99	2	106	2.70e-05	42.4
HP0703	BSU30400	31.818	66	43	1	46	109	47	112	3.51e-05	41.6
HP0703	BSU28210	29.412	136	73	9	144	257	74	208	4.67e-05	42.0
HP0703	BSU02550	27.586	87	56	3	44	127	41	123	4.94e-05	41.2
HP0703	BSU31530	29.752	121	78	4	1	114	2	122	6.54e-05	40.8
HP0703	BSU29110	24.762	105	74	3	2	102	4	107	1.87e-04	39.3
HP0703	BSU40410	27.679	112	75	4	2	109	4	113	1.93e-04	39.3
HP0703	BSU04460	28.814	118	79	3	2	114	7	124	2.76e-04	38.9
HP0703	BSU37130	31.068	103	66	3	2	100	5	106	5.70e-04	36.6
HP0703	BSU28920	23.729	118	87	3	1	115	2	119	0.001	37.0
HP0703	BSU08300	29.333	75	51	2	1	73	2	76	0.002	36.2
HP0703	BSU02000	26.667	120	77	6	2	117	5	117	0.002	35.8
HP0703	BSU14010	37.037	81	29	3	2	66	176	250	0.003	35.8
HP0703	BSU34720	32.836	67	41	2	46	109	47	112	0.004	35.0
HP0703	BSU33221	25.424	59	42	1	46	102	50	108	0.068	31.6
HP0703	BSU19200	29.464	112	76	3	1	109	2	113	0.076	31.2
HP0703	BSU33080	26.984	63	44	1	1	61	2	64	0.089	30.8
HP0703	BSU38910	21.739	115	83	3	1	109	6	119	0.12	30.4
HP0703	BSU06430	30.667	75	48	2	25	95	51	125	2.2	26.9
HP0703	BSU17420	29.213	89	53	4	149	236	84	163	2.8	26.6
HP0703	BSU16160	35.000	40	23	1	159	198	54	90	2.8	26.6
HP0703	BSU40100	36.000	50	27	2	55	104	338	382	3.7	26.2
HP0703	BSU00860	25.610	82	61	0	156	237	200	281	4.6	26.2
HP0703	BSU21470	60.000	15	6	0	160	174	512	526	4.7	26.2
HP0703	BSU22660	31.111	45	30	1	141	184	182	226	4.8	25.8
HP0703	BSU33370	32.500	40	26	1	56	95	248	286	6.9	25.4
HP0703	BSU21920	35.000	60	26	3	300	356	172	221	9.8	25.0
HP0705	BSU35160	51.840	951	418	12	7	936	3	934	0.0	937
HP0705	BSU23960	30.088	113	67	4	827	936	137	240	1.04e-08	53.9
HP0705	BSU23960	27.869	61	42	1	486	546	137	195	0.010	35.4
HP0705	BSU23960	42.857	28	16	0	620	647	17	44	2.3	28.1
HP0705	BSU23960	51.852	27	13	0	20	46	17	43	6.1	26.9
HP0705	BSU29340	30.597	134	80	5	804	936	118	239	1.99e-08	53.1
HP0705	BSU29340	31.746	63	41	1	486	548	140	200	0.018	35.0
HP0705	BSU29340	48.148	27	14	0	20	46	17	43	9.3	26.2
HP0705	BSU39480	35.052	97	53	3	826	921	139	226	2.24e-08	53.1
HP0705	BSU39480	23.009	226	110	8	371	580	50	227	4.78e-05	42.7
HP0705	BSU39480	51.852	27	13	0	20	46	17	43	1.6	28.5
HP0705	BSU03590	30.973	113	66	4	827	936	141	244	3.25e-08	52.4
HP0705	BSU03590	27.692	130	81	5	433	558	88	208	0.001	38.1
HP0705	BSU03590	48.148	27	14	0	20	46	17	43	5.5	26.9
HP0705	BSU27430	28.972	107	66	3	825	930	135	232	5.94e-07	48.5
HP0705	BSU27430	31.148	61	40	1	486	546	137	195	7.02e-04	39.3
HP0705	BSU27430	62.963	27	10	0	20	46	17	43	0.096	32.3
HP0705	BSU27430	46.429	28	15	0	620	647	17	44	1.3	28.9
HP0705	BSU08690	32.540	126	61	5	793	917	457	559	8.19e-07	49.3
HP0705	BSU08690	34.524	84	51	3	475	557	467	547	0.25	31.6
HP0705	BSU08690	40.625	32	19	0	16	47	354	385	0.73	30.0
HP0705	BSU08690	33.333	36	22	1	618	653	356	389	9.6	26.6
HP0705	BSU33290	37.000	100	46	5	827	921	140	227	8.84e-07	48.1
HP0705	BSU33290	29.204	113	66	4	435	546	100	199	9.53e-05	42.0
HP0705	BSU33290	29.870	77	47	4	620	696	19	88	6.4	26.9
HP0705	BSU34090	25.161	155	107	3	774	927	77	223	1.10e-06	48.1
HP0705	BSU34090	29.870	77	49	2	472	545	114	188	0.016	35.0
HP0705	BSU37230	33.696	92	57	2	820	911	463	550	3.65e-06	47.4
HP0705	BSU37230	26.772	127	85	4	444	566	429	551	0.029	34.7
HP0705	BSU37230	51.724	29	14	0	18	46	347	375	3.0	28.1
HP0705	BSU07490	33.663	101	50	5	826	921	139	227	4.83e-06	45.8
HP0705	BSU07490	28.395	81	54	3	481	559	135	213	6.58e-04	39.3
HP0705	BSU01460	29.167	120	75	4	472	589	119	230	1.66e-05	44.3
HP0705	BSU01460	27.273	121	77	4	813	931	119	230	3.11e-04	40.4
HP0705	BSU33830	28.351	194	114	9	441	629	101	274	2.79e-05	44.3
HP0705	BSU33830	29.630	135	80	6	804	934	115	238	9.40e-05	42.4
HP0705	BSU33830	46.154	26	14	0	20	45	18	43	3.1	28.1
HP0705	BSU13000	34.375	96	54	3	458	552	130	217	3.15e-05	43.9
HP0705	BSU13000	34.722	72	37	3	827	894	152	217	0.053	33.5
HP0705	BSU09710	25.000	136	92	4	448	583	438	563	5.05e-05	43.5
HP0705	BSU09710	24.762	105	69	3	820	924	468	562	0.10	32.7
HP0705	BSU09710	38.235	34	21	0	618	651	352	385	2.6	28.5
HP0705	BSU33270	32.432	74	48	1	486	559	142	213	6.81e-05	42.0
HP0705	BSU33270	32.432	74	45	2	827	899	142	211	1.28e-04	41.2
HP0705	BSU33270	51.852	27	13	0	20	46	21	47	1.2	28.9
HP0705	BSU11370	32.283	127	70	6	438	552	104	226	7.04e-05	42.7
HP0705	BSU11370	31.461	89	51	3	810	894	144	226	0.011	35.8
HP0705	BSU30760	31.884	69	45	1	481	549	132	198	8.62e-05	42.0
HP0705	BSU30760	29.114	79	52	2	822	899	132	207	2.74e-04	40.4
HP0705	BSU30760	33.962	53	28	2	610	655	4	56	0.14	32.0
HP0705	BSU30760	30.000	40	28	0	7	46	6	45	0.72	29.6
HP0705	BSU14430	32.941	85	50	3	822	905	435	513	1.08e-04	42.4
HP0705	BSU34820	31.250	80	51	2	820	899	472	547	1.21e-04	42.4
HP0705	BSU34820	30.337	89	57	3	479	565	472	557	0.56	30.4
HP0705	BSU11460	29.193	161	98	7	779	937	114	260	1.26e-04	42.0
HP0705	BSU11460	29.592	98	59	4	487	582	160	249	0.001	38.9
HP0705	BSU31550	24.561	171	115	4	483	647	138	300	1.47e-04	42.0
HP0705	BSU31550	34.848	66	40	1	824	889	138	200	5.18e-04	40.4
HP0705	BSU35260	32.308	65	42	1	486	550	138	200	1.54e-04	41.2
HP0705	BSU35260	28.788	66	44	1	827	892	138	200	0.008	35.8
HP0705	BSU35260	34.694	49	28	2	617	661	15	63	4.8	26.9
HP0705	BSU01950	37.838	74	42	2	827	899	133	203	2.00e-04	40.8
HP0705	BSU01950	31.481	108	63	4	457	559	104	205	0.002	37.7
HP0705	BSU38730	37.647	85	48	4	816	899	461	541	2.15e-04	41.6
HP0705	BSU38730	29.897	97	59	3	487	583	474	561	0.006	37.0
HP0705	BSU15340	32.143	112	65	4	481	589	137	240	3.09e-04	40.4
HP0705	BSU15340	37.681	69	38	2	826	892	141	206	0.062	33.1
HP0705	BSU11470	32.632	95	60	3	460	552	124	216	3.83e-04	40.4
HP0705	BSU11470	32.632	95	51	4	810	900	134	219	0.085	32.7
HP0705	BSU01450	32.039	103	60	3	820	921	136	229	5.12e-04	39.7
HP0705	BSU01450	26.415	106	69	3	479	583	136	233	0.010	35.8
HP0705	BSU01450	36.364	33	21	0	15	47	20	52	9.9	26.2
HP0705	BSU35940	30.172	116	65	3	779	892	101	202	5.34e-04	40.4
HP0705	BSU35940	23.077	182	111	6	477	647	131	294	8.41e-04	39.7
HP0705	BSU35940	29.213	89	58	3	483	570	391	475	0.010	36.2
HP0705	BSU35940	29.487	78	51	2	823	899	390	464	0.017	35.4
HP0705	BSU02860	32.184	87	50	4	827	910	138	218	7.76e-04	38.9
HP0705	BSU02860	22.527	182	107	7	373	552	54	203	0.10	32.3
HP0705	BSU14330	31.373	102	60	4	812	912	484	576	8.81e-04	39.7
HP0705	BSU14330	27.778	126	83	5	468	588	481	603	0.003	37.7
HP0705	BSU32940	27.273	154	72	8	791	929	119	247	0.001	38.9
HP0705	BSU32940	31.343	67	43	2	481	546	137	201	0.15	32.0
HP0705	BSU32940	59.091	22	9	0	25	46	26	47	0.85	29.6
HP0705	BSU08210	28.926	121	73	4	802	921	442	550	0.001	39.3
HP0705	BSU09720	34.091	88	49	3	822	909	562	640	0.001	39.3
HP0705	BSU09720	28.125	96	60	3	485	580	566	652	0.027	34.7
HP0705	BSU04490	32.500	120	61	4	409	518	55	164	0.001	38.5
HP0705	BSU13220	23.267	202	104	8	485	647	148	337	0.002	38.5
HP0705	BSU13220	40.299	67	36	2	825	890	147	210	0.002	38.5
HP0705	BSU13220	22.464	138	88	5	468	604	407	526	0.002	38.1
HP0705	BSU13220	22.680	97	70	3	810	905	408	500	0.19	32.0
HP0705	BSU08310	31.250	80	48	2	815	890	117	193	0.002	38.1
HP0705	BSU08310	28.378	74	48	2	485	558	132	200	0.024	34.7
HP0705	BSU14320	28.571	91	60	3	810	899	455	541	0.002	38.5
HP0705	BSU14320	31.818	88	56	3	468	554	454	538	0.028	34.7
HP0705	BSU02980	30.702	114	62	6	827	936	170	270	0.002	38.1
HP0705	BSU02980	54.545	22	10	0	25	46	54	75	9.3	26.6
HP0705	BSU38740	30.435	115	63	5	820	932	457	556	0.003	38.1
HP0705	BSU38740	25.714	105	69	4	479	583	457	552	3.6	27.7
HP0705	BSU07420	33.766	77	45	2	813	889	149	219	0.004	37.4
HP0705	BSU07420	31.169	77	44	3	472	546	149	218	0.37	31.2
HP0705	BSU24960	23.270	159	108	5	437	592	119	266	0.005	36.6
HP0705	BSU24960	30.000	70	45	2	820	889	159	224	0.23	31.2
HP0705	BSU24960	26.154	65	38	2	603	657	16	80	0.30	31.2
HP0705	BSU24960	32.727	55	36	1	854	908	8	61	6.7	26.6
HP0705	BSU33160	29.008	131	78	6	422	549	82	200	0.005	37.0
HP0705	BSU33160	33.846	65	39	2	827	890	138	199	0.11	32.7
HP0705	BSU32750	28.495	186	107	10	613	787	14	184	0.006	36.6
HP0705	BSU32750	26.471	102	64	4	825	924	139	231	0.015	35.4
HP0705	BSU34700	33.696	92	54	4	482	570	140	227	0.009	35.8
HP0705	BSU05610	37.313	67	37	2	481	547	99	160	0.009	36.2
HP0705	BSU05610	43.478	46	23	1	827	872	104	146	0.51	30.8
HP0705	BSU05610	36.957	46	24	1	607	647	289	334	4.1	27.7
HP0705	BSU14360	29.167	72	49	1	486	557	142	211	0.011	35.4
HP0705	BSU14360	23.490	149	88	4	778	905	73	216	0.011	35.4
HP0705	BSU14360	48.148	27	14	0	20	46	21	47	3.8	27.3
HP0705	BSU03730	28.409	88	60	2	468	554	122	207	0.011	35.4
HP0705	BSU03730	27.473	91	62	3	807	896	120	207	0.14	32.0
HP0705	BSU37390	29.114	79	52	2	820	897	132	207	0.017	34.7
HP0705	BSU37390	25.373	67	48	1	479	545	132	196	2.0	28.5
HP0705	BSU03820	26.415	106	68	4	486	589	136	233	0.021	34.7
HP0705	BSU08830	44.186	43	23	1	5	46	6	48	0.029	34.3
HP0705	BSU08830	26.415	106	72	3	788	890	90	192	0.17	31.6
HP0705	BSU08830	37.500	64	37	2	484	546	129	190	0.58	30.0
HP0705	BSU24950	37.500	56	29	2	808	860	135	187	0.051	33.5
HP0705	BSU24950	28.058	139	85	7	459	592	129	257	0.052	33.5
HP0705	BSU24950	51.852	27	13	0	20	46	29	55	3.7	27.7
HP0705	BSU12250	33.750	80	50	3	473	551	132	209	0.056	33.1
HP0705	BSU12250	40.000	55	28	2	806	860	126	175	0.17	31.6
HP0705	BSU21470	29.213	89	47	3	612	689	483	566	0.083	33.1
HP0705	BSU15360	36.111	36	23	0	351	386	37	72	0.11	30.0
HP0705	BSU30380	30.682	88	44	3	486	572	144	215	0.12	32.3
HP0705	BSU30380	55.556	27	12	0	20	46	23	49	0.41	30.4
HP0705	BSU30380	39.286	28	17	0	620	647	23	50	5.6	26.9
HP0705	BSU40620	34.375	64	40	1	487	550	130	191	0.17	31.6
HP0705	BSU05950	34.921	63	35	3	826	888	444	500	0.23	32.0
HP0705	BSU05950	44.444	27	15	0	20	46	19	45	9.2	26.6
HP0705	BSU30420	31.579	57	34	1	620	676	25	76	0.23	31.2
HP0705	BSU30420	28.788	66	43	2	827	891	146	208	0.44	30.4
HP0705	BSU30420	45.714	35	16	1	15	46	17	51	0.67	29.6
HP0705	BSU30010	41.935	31	18	0	15	45	16	46	0.28	30.8
HP0705	BSU30010	30.952	42	29	0	508	549	146	187	0.28	30.8
HP0705	BSU30010	30.488	82	49	3	825	902	124	201	1.2	28.9
HP0705	BSU02750	24.324	111	75	3	479	588	131	233	0.32	30.8
HP0705	BSU38810	23.577	123	75	5	820	937	128	236	0.35	31.2
HP0705	BSU38810	28.571	70	47	2	479	547	128	195	1.4	29.3
HP0705	BSU38810	43.333	30	17	0	16	45	16	45	2.1	28.5
HP0705	BSU10040	26.316	95	58	3	507	595	154	242	0.56	30.0
HP0705	BSU10040	46.667	30	16	0	16	45	15	44	0.99	29.3
HP0705	BSU10040	39.024	41	25	0	849	889	154	194	4.2	27.3
HP0705	BSU10040	31.373	51	30	1	620	670	19	64	4.5	27.3
HP0705	BSU07370	40.741	54	24	2	820	868	147	197	0.59	30.4
HP0705	BSU32550	28.000	100	68	3	460	557	108	205	0.62	30.0
HP0705	BSU32550	29.268	41	26	1	820	860	127	164	3.3	27.7
HP0705	BSU02570	34.524	84	45	4	826	905	132	209	0.66	30.0
HP0705	BSU10910	35.000	60	36	1	29	85	26	85	0.68	29.6
HP0705	BSU04780	26.374	91	60	2	133	217	608	697	0.78	30.0
HP0705	BSU33221	21.053	95	68	2	768	862	141	228	0.93	29.3
HP0705	BSU33730	46.154	26	14	0	20	45	18	43	1.2	29.3
HP0705	BSU19440	27.536	69	45	2	136	204	69	132	1.8	28.9
HP0705	BSU30810	32.558	43	25	1	632	670	27	69	2.5	28.1
HP0705	BSU09890	34.375	64	39	1	827	890	130	190	2.8	28.1
HP0705	BSU15600	63.158	19	7	0	29	47	25	43	2.8	27.7
HP0705	BSU34770	27.619	105	47	5	631	718	10	102	2.8	28.1
HP0705	BSU11360	27.434	113	65	3	18	113	8	120	3.4	27.7
HP0705	BSU15950	28.333	60	37	1	594	647	78	137	3.8	27.7
HP0705	BSU32710	46.429	28	15	0	20	47	21	48	4.3	27.3
HP0705	BSU08220	33.333	30	20	0	17	46	379	408	5.2	27.3
HP0705	BSU39640	48.148	27	14	0	20	46	23	49	5.5	26.9
HP0705	BSU35700	32.143	28	19	0	20	47	39	66	7.0	26.9
HP0705	BSU06740	29.688	64	44	1	401	464	125	187	8.2	26.6
HP0705	BSU10200	25.926	162	104	8	490	645	99	250	8.8	26.6
HP0705	BSU09020	32.000	25	17	0	2	26	12	36	9.3	25.8
HP0705	BSU00140	52.381	21	10	0	27	47	6	26	9.4	26.2
HP0706	BSU03410	23.596	89	47	3	20	96	286	365	3.1	26.2
HP0706	BSU09840	28.846	52	36	1	216	266	92	143	3.6	25.8
HP0706	BSU34600	36.667	30	19	0	191	220	273	302	6.0	25.0
HP0706	BSU02160	34.483	29	19	0	34	62	35	63	6.4	25.0
HP0706	BSU28930	34.483	29	19	0	22	50	351	379	6.5	25.0
HP0707	BSU15140	39.542	306	172	8	8	303	4	306	3.65e-58	186
HP0707	BSU33480	29.851	67	43	1	99	161	147	213	0.062	31.2
HP0707	BSU10160	29.508	122	72	5	165	280	157	270	0.23	30.0
HP0707	BSU30450	23.958	96	63	2	152	240	51	143	1.1	27.3
HP0707	BSU21850	30.769	52	34	2	23	72	92	143	1.2	27.3
HP0707	BSU18930	27.536	69	42	2	120	185	107	170	1.6	26.9
HP0707	BSU20800	39.394	33	18	1	57	87	370	402	3.8	25.8
HP0707	BSU29930	26.316	76	51	1	195	265	613	688	4.4	25.8
HP0707	BSU31270	38.235	34	21	0	180	213	206	239	4.6	25.4
HP0707	BSU21500	23.762	101	60	4	120	208	235	330	6.2	25.0
HP0707	BSU27140	26.667	90	49	3	202	283	219	299	6.7	25.0
HP0707	BSU04460	29.231	65	40	2	12	70	16	80	7.3	24.6
HP0707	BSU33430	30.645	62	42	1	83	144	16	76	7.5	25.0
HP0707	BSU23410	55.556	18	8	0	77	94	123	140	8.5	24.6
HP0707	BSU26350	31.250	48	31	2	249	296	69	114	8.6	23.9
HP0708	BSU39400	34.091	44	26	2	62	105	275	315	1.3	25.0
HP0708	BSU32500	29.730	37	26	0	51	87	137	173	1.4	24.6
HP0708	BSU02420	37.500	40	24	1	31	69	181	220	1.5	25.0
HP0708	BSU14850	33.333	30	20	0	36	65	184	213	1.8	24.6
HP0708	BSU31800	29.091	55	37	2	33	86	310	363	2.6	24.3
HP0708	BSU39129	30.769	39	24	1	70	108	8	43	4.3	22.3
HP0708	BSU04250	43.590	39	18	2	75	109	53	91	4.4	23.1
HP0708	BSU03300	26.866	67	47	1	47	111	150	216	5.2	23.5
HP0708	BSU38170	20.312	64	48	1	21	84	73	133	5.5	23.1
HP0708	BSU17750	43.478	23	13	0	41	63	316	338	6.2	23.1
HP0708	BSU21350	26.471	34	25	0	69	102	1365	1398	7.3	23.1
HP0708	BSU18320	23.171	82	56	3	39	114	1569	1649	8.4	22.7
HP0709	BSU35900	60.870	23	8	1	109	130	206	228	0.31	29.3
HP0709	BSU03510	51.724	29	11	1	113	141	477	502	0.55	28.9
HP0709	BSU14610	28.767	73	44	2	195	263	256	324	1.0	27.7
HP0709	BSU28490	56.522	23	8	1	84	104	533	555	1.2	27.3
HP0709	BSU17180	34.545	55	26	2	11	56	1934	1987	1.3	27.7
HP0709	BSU39460	26.866	67	43	2	203	269	190	250	1.4	27.3
HP0709	BSU16870	54.545	22	10	0	16	37	47	68	1.5	26.9
HP0709	BSU08400	29.688	64	41	1	85	148	22	81	4.5	25.8
HP0709	BSU36400	27.143	70	47	2	92	160	146	212	8.6	24.6
HP0709	BSU14009	66.667	12	4	0	56	67	32	43	9.1	22.7
HP0709	BSU05400	37.500	32	20	0	20	51	24	55	9.4	23.9
HP0709	BSU12910	34.286	35	23	0	205	239	7	41	9.5	24.3
HP0709	BSU37390	43.478	23	13	0	22	44	16	38	9.7	24.3
HP0710	BSU35010	29.412	68	44	2	594	658	270	336	3.9	26.9
HP0710	BSU03070	21.176	85	46	3	469	553	148	211	6.3	26.6
HP0710	BSU26290	22.642	53	33	1	413	457	259	311	7.1	26.2
HP0710	BSU13690	55.556	18	8	0	87	104	64	81	8.1	25.8
HP0711	BSU19830	29.927	137	63	7	234	353	55	175	0.53	28.5
HP0711	BSU26530	25.862	116	69	5	36	138	14	125	1.7	26.9
HP0711	BSU21450	25.581	129	81	5	64	189	304	420	7.8	25.4
HP0711	BSU00700	31.818	22	15	0	79	100	54	75	8.9	25.0
HP0711	BSU36640	31.429	35	20	1	336	370	307	337	9.5	25.0
HP0713	BSU26075	23.577	123	81	3	15	124	168	290	2.3	26.2
HP0713	BSU04730	29.114	79	48	3	36	114	13	83	2.4	25.8
HP0713	BSU21380	26.966	89	60	3	26	113	20	104	3.3	25.4
HP0713	BSU15520	26.000	50	35	1	41	90	419	466	3.3	25.8
HP0713	BSU03620	30.556	36	23	1	23	58	256	289	3.7	25.4
HP0713	BSU03490	32.258	31	21	0	44	74	1011	1041	7.9	24.6
HP0714	BSU34200	31.702	429	256	12	11	408	12	434	1.17e-46	162
HP0714	BSU31945	30.159	63	31	2	350	411	7	57	1.2	27.7
HP0714	BSU09440	23.485	132	89	4	55	182	184	307	1.5	27.7
HP0714	BSU08220	25.316	158	80	7	168	319	212	337	1.7	27.7
HP0714	BSU31030	31.250	48	30	1	33	77	49	96	2.0	26.6
HP0714	BSU23850	33.333	45	28	1	194	236	345	389	5.5	25.8
HP0714	BSU37890	22.857	70	47	2	22	90	13	76	7.2	25.4
HP0715	BSU02750	33.333	213	141	1	14	226	16	227	1.67e-35	123
HP0715	BSU38660	32.407	216	138	3	3	218	1	208	1.77e-35	124
HP0715	BSU08310	31.674	221	149	1	3	223	1	219	6.08e-35	124
HP0715	BSU30010	30.233	215	133	3	15	227	17	216	9.05e-34	119
HP0715	BSU09890	28.959	221	152	1	3	223	1	216	3.57e-33	119
HP0715	BSU23960	30.973	226	150	3	3	224	1	224	3.69e-33	117
HP0715	BSU33830	30.263	228	153	5	3	226	1	226	4.91e-33	120
HP0715	BSU33730	29.386	228	155	5	3	226	1	226	7.95e-32	117
HP0715	BSU02570	31.797	217	136	5	3	215	4	212	2.94e-29	108
HP0715	BSU04490	31.336	217	139	4	3	216	5	214	1.52e-28	107
HP0715	BSU10040	28.194	227	159	3	1	226	1	224	4.57e-28	104
HP0715	BSU30610	29.412	221	143	5	1	214	1	215	1.09e-27	103
HP0715	BSU34090	31.336	217	137	4	9	223	11	217	2.78e-27	103
HP0715	BSU09080	28.959	221	151	3	3	222	4	219	5.34e-26	100
HP0715	BSU39640	27.273	242	157	6	2	233	3	235	1.11e-25	98.2
HP0715	BSU09070	29.018	224	148	5	4	226	3	216	4.79e-25	95.9
HP0715	BSU32550	27.111	225	160	2	1	224	1	222	5.51e-25	98.2
HP0715	BSU35940	25.862	232	168	1	4	231	3	234	1.15e-24	98.6
HP0715	BSU35940	26.606	218	151	3	21	229	269	486	5.64e-17	76.3
HP0715	BSU34700	26.459	257	164	7	1	238	1	251	2.29e-24	94.7
HP0715	BSU31550	28.061	196	138	2	20	212	21	216	3.65e-24	97.1
HP0715	BSU31550	26.407	231	155	4	11	228	265	493	1.14e-18	81.3
HP0715	BSU38810	27.232	224	158	3	4	225	4	224	4.35e-24	95.9
HP0715	BSU02980	28.372	215	144	4	19	226	49	260	1.11e-23	95.1
HP0715	BSU35260	28.922	204	137	2	17	215	16	216	1.92e-23	91.7
HP0715	BSU02860	36.250	160	89	4	16	168	16	169	3.02e-23	91.3
HP0715	BSU30760	31.414	191	115	5	15	197	15	197	3.19e-23	91.7
HP0715	BSU32940	29.752	242	156	5	1	233	3	239	4.01e-23	91.7
HP0715	BSU03590	26.316	228	162	2	3	224	1	228	4.91e-23	90.9
HP0715	BSU13220	27.727	220	151	4	18	234	309	523	6.12e-23	93.6
HP0715	BSU13220	25.229	218	153	4	18	226	24	240	1.71e-17	77.8
HP0715	BSU32750	29.167	216	140	5	19	226	21	231	9.87e-23	91.7
HP0715	BSU01950	23.305	236	167	2	1	231	1	227	1.23e-22	89.7
HP0715	BSU08830	27.136	199	135	4	14	211	17	206	3.15e-22	89.0
HP0715	BSU15340	27.572	243	160	5	3	233	2	240	2.43e-21	86.7
HP0715	BSU27430	26.339	224	159	4	7	226	5	226	7.01e-21	85.1
HP0715	BSU08210	26.609	233	131	9	21	233	349	561	9.01e-21	87.4
HP0715	BSU39480	24.675	231	165	4	3	226	1	229	1.00e-20	84.7
HP0715	BSU34820	29.665	209	119	7	18	215	356	547	1.05e-20	87.4
HP0715	BSU01460	28.302	212	142	6	21	224	12	221	1.19e-20	85.1
HP0715	BSU30450	23.913	230	154	5	3	225	1	216	1.41e-20	85.1
HP0715	BSU38730	31.551	187	114	7	16	194	350	530	2.34e-20	86.3
HP0715	BSU09710	32.903	155	97	5	19	168	354	506	4.50e-20	85.5
HP0715	BSU30380	24.229	227	163	4	1	219	1	226	4.78e-20	83.2
HP0715	BSU33290	27.459	244	159	6	1	233	1	237	5.09e-20	83.2
HP0715	BSU07490	25.417	240	169	5	1	233	1	237	7.85e-20	82.8
HP0715	BSU24950	28.507	221	141	8	19	226	29	245	8.71e-20	82.4
HP0715	BSU14360	25.121	207	151	2	18	221	20	225	8.94e-20	81.6
HP0715	BSU11470	28.216	241	156	6	3	228	5	243	1.24e-19	82.8
HP0715	BSU14320	27.273	220	145	8	14	225	347	559	1.83e-19	83.6
HP0715	BSU33270	30.573	157	100	3	18	168	20	173	2.02e-19	80.9
HP0715	BSU29340	26.160	237	156	7	3	227	1	230	2.91e-19	80.9
HP0715	BSU30420	26.368	201	143	3	18	214	24	223	3.32e-19	80.1
HP0715	BSU33160	31.081	222	134	6	4	213	1	215	3.53e-18	79.7
HP0715	BSU37230	28.856	201	119	8	18	210	348	532	3.74e-18	79.7
HP0715	BSU11370	26.957	230	156	6	9	228	26	253	5.25e-18	78.6
HP0715	BSU08690	26.606	218	147	8	15	225	354	565	8.64e-18	79.0
HP0715	BSU40620	27.103	214	142	5	8	217	6	209	1.59e-17	75.5
HP0715	BSU01450	25.854	205	148	4	22	224	28	230	4.30e-17	75.5
HP0715	BSU12250	26.368	201	138	7	18	215	31	224	9.14e-17	73.9
HP0715	BSU24960	27.966	236	151	8	3	224	22	252	1.37e-16	73.9
HP0715	BSU14330	26.147	218	146	8	14	223	374	584	3.49e-16	73.9
HP0715	BSU03820	22.176	239	172	6	3	233	1	233	4.54e-16	72.0
HP0715	BSU08220	23.214	224	145	7	14	223	377	587	1.14e-15	72.8
HP0715	BSU13000	26.293	232	158	6	8	228	15	244	7.96e-15	69.3
HP0715	BSU32710	28.194	227	143	5	4	212	6	230	1.53e-14	67.8
HP0715	BSU14430	28.326	233	142	7	17	227	15	244	2.86e-14	68.6
HP0715	BSU14430	24.153	236	152	7	2	231	318	532	9.23e-10	55.1
HP0715	BSU11360	26.786	224	143	7	19	224	24	244	1.23e-13	65.9
HP0715	BSU05610	25.000	184	101	5	12	195	13	159	3.41e-13	65.1
HP0715	BSU05610	25.822	213	123	10	3	213	291	470	3.37e-08	50.4
HP0715	BSU03730	24.706	170	127	1	14	182	16	185	3.91e-13	63.5
HP0715	BSU07420	26.619	278	150	8	1	239	1	263	6.92e-13	64.3
HP0715	BSU07420	22.280	193	128	5	22	213	343	514	6.47e-06	43.5
HP0715	BSU21470	28.649	185	117	7	18	195	498	674	1.10e-12	63.9
HP0715	BSU07370	25.506	247	157	6	1	224	1	243	1.21e-12	63.5
HP0715	BSU07370	27.742	155	93	4	39	189	354	493	8.26e-06	43.1
HP0715	BSU05950	24.786	234	121	7	1	195	1	218	1.41e-12	63.5
HP0715	BSU05950	26.425	193	111	6	18	209	342	504	2.14e-10	57.0
HP0715	BSU38740	28.507	221	131	8	19	225	343	550	3.37e-11	59.3
HP0715	BSU11460	25.112	223	142	8	22	224	30	247	5.39e-11	58.5
HP0715	BSU09720	24.242	231	146	9	17	233	444	659	7.76e-11	58.2
HP0715	BSU37390	27.922	154	106	3	18	168	19	170	9.56e-11	57.0
HP0715	BSU12950	26.087	230	141	8	17	224	22	244	2.01e-10	56.6
HP0715	BSU35160	28.177	181	102	8	73	239	769	935	4.19e-06	44.3
HP0715	BSU35700	19.898	196	143	2	19	214	39	220	5.89e-06	43.5
HP0715	BSU15940	31.111	90	46	4	31	107	26	112	0.076	30.8
HP0715	BSU40150	22.286	175	116	5	12	186	9	163	0.36	28.1
HP0715	BSU15950	43.750	32	18	0	31	62	122	153	0.66	27.7
HP0715	BSU29300	43.750	32	13	1	7	38	102	128	0.87	27.3
HP0715	BSU00280	42.424	33	19	0	28	60	2	34	1.1	26.9
HP0715	BSU16940	25.316	79	54	2	29	103	57	134	1.4	26.6
HP0715	BSU03160	29.114	79	51	3	95	170	72	148	2.1	26.2
HP0715	BSU07000	28.571	77	48	3	56	125	89	165	2.2	26.2
HP0715	BSU24730	75.000	12	3	0	36	47	144	155	2.2	26.2
HP0715	BSU35950	25.974	77	51	1	165	235	95	171	2.6	25.8
HP0715	BSU26630	28.814	59	38	2	130	184	50	108	4.2	25.0
HP0715	BSU10780	51.852	27	10	1	135	161	80	103	5.2	24.6
HP0715	BSU34610	32.787	61	35	2	2	61	150	205	5.8	25.0
HP0715	BSU15980	35.294	34	22	0	20	53	92	125	7.6	24.6
HP0715	BSU00120	30.667	75	37	4	160	234	125	184	8.1	24.3
HP0715	BSU28220	42.424	33	16	1	11	43	94	123	9.3	24.3
HP0715	BSU12360	31.707	41	28	0	159	199	243	283	9.3	24.3
HP0716	BSU05910	31.250	112	61	5	10	109	19	126	1.66e-08	47.4
HP0716	BSU06330	53.571	28	13	0	21	48	39	66	0.018	30.8
HP0716	BSU27730	34.884	43	28	0	11	53	43	85	0.11	28.5
HP0716	BSU24730	43.750	32	14	1	22	49	138	169	0.46	26.9
HP0716	BSU01660	33.333	51	28	1	9	59	75	119	0.79	26.2
HP0716	BSU03360	45.455	22	12	0	23	44	6	27	1.0	25.8
HP0716	BSU03510	26.389	72	48	1	12	78	601	672	1.0	25.8
HP0716	BSU30970	50.000	26	13	0	106	131	142	167	1.1	25.8
HP0716	BSU15600	30.000	40	21	1	13	45	11	50	1.2	25.4
HP0716	BSU00690	42.857	35	14	1	24	58	197	225	1.2	25.8
HP0716	BSU19390	68.750	16	5	0	24	39	68	83	1.8	25.0
HP0716	BSU12420	52.381	21	10	0	20	40	219	239	4.0	24.3
HP0716	BSU33450	25.000	76	47	3	1	67	206	280	4.5	23.9
HP0716	BSU22360	52.941	17	8	0	85	101	283	299	4.6	23.9
HP0716	BSU35160	42.500	40	20	1	3	42	617	653	5.0	23.9
HP0716	BSU12530	43.333	30	17	0	16	45	112	141	5.4	23.5
HP0716	BSU27430	47.826	23	11	1	23	45	29	50	5.4	23.5
HP0716	BSU09320	32.558	43	29	0	38	80	292	334	5.5	23.5
HP0716	BSU39630	28.571	63	43	2	36	98	2	62	5.7	23.5
HP0716	BSU00150	30.769	26	18	0	24	49	7	32	6.0	23.5
HP0716	BSU03590	52.174	23	10	1	23	45	29	50	6.0	23.5
HP0716	BSU09710	30.769	39	24	1	6	44	352	387	7.3	23.5
HP0716	BSU13420	31.429	35	23	1	99	133	506	539	7.3	23.5
HP0716	BSU12250	45.000	20	11	0	22	41	43	62	7.5	23.1
HP0716	BSU29650	31.429	35	24	0	31	65	228	262	7.9	23.1
HP0717	BSU00190	38.411	302	181	2	2	298	4	305	9.54e-73	240
HP0717	BSU00310	31.515	165	109	3	19	181	12	174	8.52e-18	81.6
HP0717	BSU00860	25.664	113	75	2	31	143	533	636	4.60e-04	39.7
HP0717	BSU27530	23.431	239	131	9	1	223	1	203	0.002	37.4
HP0717	BSU28210	38.462	52	31	1	4	55	59	109	0.003	37.0
HP0717	BSU13700	25.000	132	70	6	16	129	411	531	0.17	31.6
HP0717	BSU17180	23.684	76	48	3	251	318	1156	1229	0.83	29.3
HP0717	BSU27730	28.814	59	38	1	9	63	22	80	0.83	28.9
HP0717	BSU21650	27.143	70	46	2	235	304	116	180	2.0	27.7
HP0717	BSU09080	38.710	31	19	0	525	555	215	245	6.0	26.2
HP0717	BSU03480	38.235	34	21	0	285	318	503	536	7.1	26.2
HP0717	BSU20360	26.531	98	52	6	24	113	218	303	7.5	25.8
HP0717	BSU18610	25.610	82	55	1	130	205	468	549	7.8	26.2
HP0718	BSU10870	24.631	203	139	5	6	200	22	218	1.96e-09	52.4
HP0718	BSU03090	23.392	171	90	8	11	159	10	161	0.83	26.9
HP0718	BSU18540	29.762	84	37	3	53	125	148	220	1.3	26.6
HP0718	BSU17200	33.333	57	28	2	50	106	3148	3194	2.5	25.8
HP0719	BSU18650	42.857	28	16	0	9	36	14	41	2.6	24.6
HP0719	BSU21080	37.143	35	22	0	23	57	97	131	2.9	24.3
HP0719	BSU14390	29.730	37	26	0	23	59	120	156	6.3	23.5
HP0721	BSU02230	31.111	45	27	1	39	83	320	360	0.89	26.2
HP0721	BSU41030	26.027	73	51	2	16	88	131	200	1.0	25.8
HP0721	BSU23830	36.842	57	30	4	54	110	6	56	1.2	25.8
HP0721	BSU33690	42.105	38	20	1	17	54	235	270	1.8	25.4
HP0721	BSU07830	25.610	82	52	4	45	121	98	175	2.1	25.0
HP0721	BSU10130	22.388	67	40	2	9	63	108	174	2.6	25.0
HP0721	BSU29470	37.143	35	22	0	41	75	283	317	4.0	24.3
HP0721	BSU06170	47.619	21	11	0	17	37	187	207	4.2	24.3
HP0721	BSU31860	23.611	72	55	0	69	140	329	400	4.8	24.3
HP0721	BSU03770	27.273	55	38	1	89	141	247	301	4.9	24.3
HP0721	BSU06230	33.333	33	22	0	54	86	214	246	6.3	23.9
HP0721	BSU30480	34.483	29	19	0	40	68	136	164	6.7	23.5
HP0721	BSU22520	36.842	38	24	0	1	38	1	38	7.7	23.5
HP0722	BSU10250	26.190	84	56	1	352	429	157	240	2.9	27.3
HP0722	BSU40110	31.373	51	28	1	248	291	204	254	4.1	26.9
HP0722	BSU17040	31.507	73	38	4	232	296	512	580	4.9	26.9
HP0722	BSU15340	21.687	83	56	2	18	91	121	203	6.0	26.2
HP0722	BSU32110	28.000	75	44	2	455	523	239	309	6.1	26.2
HP0722	BSU19020	23.967	121	58	3	412	510	127	235	7.4	26.2
HP0723	BSU02690	47.734	331	167	5	21	348	48	375	2.75e-94	282
HP0723	BSU23580	27.410	332	211	11	28	346	6	320	1.57e-23	96.3
HP0723	BSU10840	22.059	68	53	0	80	147	67	134	3.3	26.2
HP0723	BSU01690	22.917	96	68	2	21	116	91	180	5.9	25.4
HP0723	BSU24870	50.000	30	14	1	32	61	341	369	6.7	25.4
HP0723	BSU06200	38.095	42	24	2	82	122	101	141	7.5	25.0
HP0723	BSU08320	26.984	63	38	2	288	347	40	97	7.9	25.0
HP0724	BSU35050	30.769	78	44	2	341	408	68	145	0.78	28.1
HP0724	BSU14820	37.931	29	16	1	197	225	49	75	5.1	25.4
HP0724	BSU14910	44.000	25	11	1	212	236	15	36	7.0	25.4
HP0724	BSU34310	30.137	73	44	3	329	394	126	198	8.7	25.4
HP0724	BSU36900	25.532	94	68	2	319	412	276	367	9.4	25.4
HP0725	BSU10250	26.190	84	56	1	361	438	157	240	3.0	27.3
HP0725	BSU40110	31.373	51	28	1	257	300	204	254	4.6	26.9
HP0725	BSU17040	29.870	77	46	3	233	305	508	580	5.0	26.9
HP0725	BSU25180	27.143	70	44	1	6	68	146	215	6.1	26.2
HP0725	BSU32110	28.000	75	44	2	464	532	239	309	9.1	25.8
HP0726	BSU17180	32.727	55	31	2	60	113	1515	1564	0.59	28.9
HP0726	BSU03510	23.077	52	40	0	52	103	820	871	2.3	26.6
HP0726	BSU34150	30.233	43	30	0	220	262	18	60	3.9	25.8
HP0726	BSU30135	34.091	44	27	1	159	202	86	127	4.6	25.4
HP0726	BSU06360	60.000	15	6	0	70	84	84	98	5.0	25.4
HP0726	BSU23560	26.531	49	36	0	156	204	5	53	7.8	25.0
HP0726	BSU21040	27.119	59	33	3	228	285	537	586	8.0	25.0
HP0727	BSU00810	31.429	315	198	8	2	307	6	311	1.76e-38	136
HP0727	BSU08030	28.692	237	154	9	6	232	11	242	1.97e-15	72.8
HP0727	BSU23820	29.412	68	44	2	184	247	266	333	0.55	28.5
HP0727	BSU29090	30.303	66	44	1	101	164	193	258	0.58	28.9
HP0727	BSU13170	32.692	52	28	1	21	65	25	76	2.8	25.8
HP0727	BSU15540	20.574	209	122	7	64	246	94	284	4.4	25.8
HP0727	BSU05080	35.714	56	34	2	235	290	54	107	4.6	25.4
HP0727	BSU12980	33.333	39	23	1	182	217	225	263	6.4	25.4
HP0727	BSU14580	37.037	27	17	0	200	226	15	41	7.1	25.0
HP0727	BSU25350	34.000	50	30	1	159	205	314	363	7.9	25.0
HP0728	BSU00670	27.187	320	208	8	3	299	4	321	1.45e-16	77.0
HP0728	BSU33040	21.014	138	99	3	68	195	268	405	0.057	32.0
HP0728	BSU27250	28.889	45	32	0	292	336	112	156	2.0	26.9
HP0728	BSU30070	41.176	34	19	1	119	152	85	117	2.7	26.6
HP0728	BSU06990	35.417	48	29	1	131	178	214	259	3.9	25.8
HP0728	BSU06490	31.034	58	32	3	244	297	145	198	4.1	26.2
HP0728	BSU09010	28.846	52	28	2	79	121	438	489	5.4	25.8
HP0728	BSU31900	38.462	26	16	0	41	66	16	41	6.1	23.9
HP0728	BSU15430	27.660	47	34	0	271	317	141	187	6.3	25.4
HP0728	BSU38310	40.000	35	21	0	254	288	65	99	10.0	24.6
HP0729	BSU25330	27.059	85	51	2	34	107	135	219	1.5	27.7
HP0729	BSU34050	27.273	55	39	1	247	301	91	144	1.9	26.9
HP0729	BSU06720	36.364	33	20	1	1	32	1	33	2.4	26.6
HP0729	BSU22300	19.820	111	88	1	124	234	49	158	4.9	25.8
HP0729	BSU17160	27.660	94	59	3	233	320	71	161	5.7	25.4
HP0729	BSU27070	30.556	36	23	1	147	180	13	48	7.4	24.6
HP0729	BSU27550	27.536	69	40	3	254	319	10	71	7.6	25.4
HP0729	BSU01620	50.000	18	9	0	297	314	298	315	8.1	25.0
HP0729	BSU21600	27.273	33	24	0	23	55	109	141	8.9	25.0
HP0730	BSU17010	30.120	83	36	3	14	81	315	390	0.069	28.5
HP0730	BSU25430	35.385	65	30	3	26	80	259	321	0.39	26.2
HP0730	BSU38190	34.483	29	19	0	43	71	228	256	0.60	25.8
HP0730	BSU28640	38.710	31	19	0	31	61	67	97	2.2	23.9
HP0730	BSU35340	31.034	29	20	0	70	98	270	298	2.6	23.9
HP0730	BSU35500	47.826	23	12	0	72	94	27	49	2.6	23.9
HP0730	BSU35300	28.571	63	42	2	24	83	566	628	2.8	23.9
HP0730	BSU36930	27.869	61	38	1	28	88	94	148	3.6	23.1
HP0730	BSU22420	26.786	56	40	1	46	101	178	232	4.2	23.1
HP0730	BSU21500	28.205	39	28	0	28	66	268	306	4.7	23.1
HP0730	BSU15510	32.143	28	19	0	68	95	336	363	5.0	23.1
HP0730	BSU14210	24.490	49	37	0	47	95	168	216	5.2	23.1
HP0730	BSU10920	37.143	35	21	1	65	99	355	388	5.7	22.7
HP0730	BSU19370	42.857	21	12	0	80	100	25	45	6.3	22.7
HP0730	BSU28230	36.667	30	19	0	66	95	253	282	6.9	22.7
HP0730	BSU18890	35.849	53	27	3	40	89	48	96	7.5	22.3
HP0730	BSU18930	28.571	35	25	0	32	66	144	178	8.7	22.3
HP0730	BSU25130	29.167	48	31	1	39	83	123	170	8.9	22.3
HP0730	BSU16240	31.250	32	22	0	60	91	388	419	9.8	22.3
HP0730	BSU33450	27.419	62	32	2	51	99	31	92	9.9	22.3
HP0730	BSU03180	29.630	27	19	0	64	90	17	43	9.9	22.3
HP0731	BSU17190	29.268	82	43	4	11	83	898	973	0.012	35.4
HP0731	BSU22030	42.424	33	19	0	45	77	601	633	0.040	33.5
HP0731	BSU22030	34.783	46	27	1	30	72	14	59	2.0	28.1
HP0731	BSU28190	27.848	79	54	3	59	137	26	101	0.13	31.2
HP0731	BSU39850	27.679	112	70	3	242	344	10	119	0.77	29.3
HP0731	BSU09720	32.353	102	61	4	300	400	313	407	0.87	29.3
HP0731	BSU29850	35.000	40	25	1	143	182	49	87	4.9	25.8
HP0731	BSU12230	26.471	34	25	0	269	302	153	186	7.2	25.8
HP0731	BSU31875	34.211	38	25	0	533	570	1332	1369	7.2	26.2
HP0731	BSU27220	28.986	69	39	2	468	526	275	343	8.4	26.2
HP0731	BSU29610	30.000	50	35	0	288	337	112	161	8.4	25.8
HP0731	BSU07420	28.235	85	55	3	98	179	136	217	8.7	25.8
HP0731	BSU11160	42.308	26	15	0	37	62	1	26	9.3	24.6
HP0731	BSU00760	33.333	27	18	0	484	510	47	73	9.6	25.4
HP0731	BSU39820	24.204	157	76	7	319	454	18	152	9.8	25.8
HP_0733	BSU23960	44.000	25	14	0	61	85	26	50	0.15	31.2
HP_0733	BSU24950	39.394	33	20	0	60	92	37	69	0.24	30.8
HP_0733	BSU37230	29.703	101	33	4	64	129	361	458	0.32	30.8
HP_0733	BSU01950	47.826	23	12	0	65	87	32	54	0.54	29.6
HP_0733	BSU39480	40.909	22	13	0	64	85	29	50	0.62	29.3
HP_0733	BSU14430	33.333	48	32	0	66	113	31	78	0.70	29.6
HP_0733	BSU08220	50.000	24	12	0	64	87	394	417	0.86	29.3
HP_0733	BSU08210	32.692	52	29	2	40	90	339	385	1.0	28.9
HP_0733	BSU24240	39.130	46	20	2	48	86	2	46	1.0	28.9
HP_0733	BSU22030	50.000	24	12	0	61	84	42	65	1.3	28.9
HP_0733	BSU22030	39.474	38	16	1	45	82	602	632	6.2	26.6
HP_0733	BSU29340	36.364	22	14	0	64	85	29	50	1.4	28.1
HP_0733	BSU03590	47.368	19	10	0	64	82	29	47	1.6	28.1
HP_0733	BSU09720	42.308	26	15	0	64	89	458	483	2.1	28.1
HP_0733	BSU25650	37.500	40	22	1	296	332	40	79	3.1	25.8
HP_0733	BSU32250	21.538	130	88	3	314	434	115	239	4.4	26.9
HP_0733	BSU08690	37.037	27	17	0	64	90	370	396	4.6	26.9
HP_0733	BSU22520	34.884	43	28	0	328	370	44	86	4.7	26.6
HP_0733	BSU38660	28.846	52	34	1	61	109	26	77	4.8	26.6
HP_0733	BSU13220	29.825	57	34	1	61	117	319	369	5.1	26.6
HP_0733	BSU35260	44.000	25	11	1	65	89	31	52	5.5	26.2
HP_0733	BSU31730	25.806	62	37	1	162	223	37	89	5.7	25.4
HP_0733	BSU29100	28.571	42	30	0	110	151	227	268	6.9	26.2
HP_0733	BSU27530	30.159	63	41	2	366	427	311	371	8.5	25.8
HP_0733	BSU07420	34.146	41	25	1	65	105	353	391	8.7	25.8
HP_0733	BSU01460	40.741	27	16	0	61	87	19	45	9.1	25.8
HP_0733	BSU03820	40.000	25	15	0	66	90	31	55	9.6	25.4
HP0734	BSU25430	30.220	364	235	10	13	363	8	365	5.70e-40	145
HP0734	BSU17010	26.209	393	273	9	5	382	64	454	5.65e-36	135
HP0734	BSU01920	25.714	70	48	2	130	197	96	163	0.84	28.5
HP0734	BSU14560	25.610	82	57	2	113	192	72	151	2.3	26.6
HP0734	BSU26010	20.988	81	59	1	132	212	34	109	2.6	26.9
HP0734	BSU09840	30.769	26	18	0	151	176	180	205	3.8	26.6
HP0734	BSU22210	30.357	56	22	2	106	160	322	361	5.0	26.2
HP0734	BSU18320	33.333	30	20	0	76	105	1763	1792	7.3	25.8
HP0734	BSU17120	24.719	89	61	2	14	101	128	211	8.2	25.4
HP0734	BSU23020	34.783	46	30	0	358	403	203	248	8.6	25.4
HP0734	BSU33450	29.268	41	25	1	162	202	490	526	9.9	25.4
HP0734	BSU32720	29.310	58	32	3	103	151	23	80	9.9	24.3
HP0735	BSU27610	32.000	25	17	0	82	106	112	136	1.2	25.4
HP0735	BSU03320	28.571	63	43	1	29	89	546	608	2.1	25.4
HP0735	BSU31220	47.368	19	10	0	30	48	383	401	2.4	25.0
HP0735	BSU32990	30.000	60	37	2	41	99	42	97	2.5	24.6
HP0735	BSU24280	27.632	76	47	2	86	153	221	296	3.3	24.6
HP0735	BSU17180	31.373	51	34	1	5	55	4148	4197	3.7	24.6
HP0735	BSU34930	24.590	61	46	0	60	120	48	108	4.1	24.3
HP0735	BSU17890	24.074	108	75	3	6	112	136	237	4.6	24.3
HP0735	BSU00470	22.500	40	28	1	70	106	182	221	4.8	23.9
HP0735	BSU21080	53.333	15	7	0	131	145	110	124	4.9	23.5
HP0735	BSU00740	31.343	67	35	3	22	88	262	317	5.2	24.3
HP0735	BSU31960	23.188	69	41	2	66	133	1416	1473	5.3	24.3
HP0735	BSU09320	31.250	64	40	2	76	135	4	67	6.1	23.9
HP0735	BSU31470	27.273	44	31	1	69	111	50	93	9.7	23.1
HP0736	BSU32520	23.562	365	230	14	3	328	14	368	2.61e-16	76.6
HP0736	BSU17440	26.897	145	83	7	57	182	91	231	0.20	30.4
HP0736	BSU08280	25.610	82	55	1	4	79	43	124	0.65	28.5
HP0736	BSU39570	39.474	38	23	0	190	227	77	114	0.67	27.7
HP0736	BSU26130	33.333	39	26	0	213	251	40	78	0.84	26.9
HP0736	BSU15620	30.435	46	32	0	112	157	175	220	1.1	27.7
HP0736	BSU10020	19.763	253	165	10	26	264	41	269	1.9	27.3
HP0736	BSU21870	22.857	105	75	3	41	143	303	403	6.4	25.4
HP0736	BSU15120	21.875	96	66	2	185	277	368	457	7.1	25.4
HP0736	BSU29590	22.561	164	114	7	19	172	28	188	9.0	25.0
HP0736	BSU10500	33.333	30	20	0	178	207	9	38	9.8	25.0
HP0737	BSU18770	40.816	49	28	1	36	84	29	76	0.010	32.3
HP0737	BSU14880	59.091	22	9	0	78	99	39	60	0.71	26.6
HP0737	BSU00530	42.105	19	11	0	67	85	15	33	2.4	25.0
HP0737	BSU13230	28.169	71	37	2	13	73	132	198	2.7	24.6
HP0737	BSU11940	37.500	32	14	1	8	33	105	136	3.1	24.6
HP0737	BSU35660	25.806	62	37	1	3	64	272	324	4.4	24.3
HP0737	BSU40270	32.000	50	27	2	10	53	134	182	4.8	24.3
HP0737	BSU07710	33.333	39	22	1	39	77	155	189	5.6	24.3
HP0737	BSU19020	36.667	60	24	4	65	111	171	229	6.3	23.9
HP0737	BSU32280	27.143	70	49	2	78	146	90	158	7.9	23.1
HP0737	BSU38340	29.032	62	39	1	31	87	285	346	8.3	23.5
HP0737	BSU36530	31.250	32	22	0	82	113	137	168	9.5	23.1
HP0738	BSU04560	24.922	321	211	8	6	306	1	311	1.84e-21	90.9
HP0738	BSU02230	23.590	195	128	6	119	305	95	276	3.02e-06	45.4
HP0738	BSU14860	24.891	229	142	8	92	303	80	295	4.53e-04	38.9
HP0738	BSU24340	28.155	103	70	2	93	191	76	178	0.010	34.3
HP0738	BSU28790	25.758	132	74	5	138	258	355	473	0.10	31.2
HP0738	BSU06530	25.000	160	92	8	72	218	51	195	0.11	30.8
HP0738	BSU11240	19.580	143	103	3	164	303	704	837	0.22	30.4
HP0738	BSU15520	18.563	167	128	3	163	327	699	859	0.30	29.6
HP0738	BSU21370	26.087	46	34	0	28	73	387	432	0.46	29.3
HP0738	BSU03760	25.000	80	45	2	224	289	282	360	1.4	27.3
HP0738	BSU40730	30.952	42	29	0	260	301	58	99	4.4	25.4
HP0738	BSU18979	31.818	66	38	4	232	296	32	91	6.1	24.3
HP0739	BSU31420	23.529	221	129	5	31	215	33	249	3.36e-07	47.0
HP0739	BSU10900	23.346	257	154	13	20	239	18	268	1.16e-04	39.3
HP0739	BSU08590	23.810	231	141	10	30	237	38	256	0.004	34.7
HP0739	BSU03520	22.703	185	126	6	61	233	51	230	0.011	33.1
HP0739	BSU30510	23.977	171	125	3	51	218	37	205	0.18	29.3
HP0739	BSU33640	31.373	51	35	0	55	105	49	99	0.22	29.3
HP0739	BSU06280	31.395	86	53	2	22	104	17	99	0.68	27.7
HP0739	BSU15320	27.049	122	72	6	84	193	15	131	1.1	26.9
HP0739	BSU23640	40.000	25	15	0	179	203	236	260	3.6	25.4
HP0739	BSU39860	27.869	61	37	2	40	100	267	320	3.9	25.4
HP0739	BSU16400	44.444	27	14	1	37	63	239	264	6.8	24.6
HP0740	BSU04570	25.926	378	227	13	137	485	83	436	1.67e-19	87.8
HP0740	BSU29790	19.742	233	160	8	165	388	98	312	1.97e-08	53.1
HP0740	BSU15180	24.101	278	160	10	166	402	100	367	1.40e-07	50.4
HP0740	BSU15200	23.830	235	166	6	165	394	110	336	1.68e-05	43.9
HP0740	BSU35780	24.390	164	82	7	332	479	139	276	0.11	32.0
HP0740	BSU04260	37.838	37	23	0	61	97	175	211	0.23	30.8
HP0740	BSU40940	50.000	30	15	0	150	179	168	197	2.8	26.9
HP0740	BSU11170	40.426	47	25	2	284	329	19	63	6.0	26.2
HP0740	BSU16845	27.083	48	35	0	311	358	319	366	6.0	26.2
HP0740	BSU12680	60.000	15	6	0	186	200	1146	1160	6.6	26.2
HP0740	BSU10330	39.024	41	19	1	344	384	150	184	9.5	25.4
HP0741	BSU10030	27.731	119	79	5	18	134	5	118	4.64e-07	43.9
HP0741	BSU37280	37.931	29	18	0	74	102	536	564	1.1	26.6
HP0741	BSU00310	52.941	17	8	0	76	92	4	20	1.6	25.8
HP0741	BSU27120	22.642	53	41	0	39	91	101	153	1.7	25.4
HP0741	BSU37330	36.957	46	20	2	66	102	77	122	4.8	24.3
HP0741	BSU26160	28.358	67	38	2	94	158	69	127	5.1	23.9
HP0741	BSU40250	31.313	99	51	6	52	150	157	238	6.0	23.9
HP0741	BSU22220	30.380	79	45	3	84	161	248	317	7.1	23.9
HP0741	BSU13260	52.632	19	9	0	107	125	380	398	8.0	23.5
HP0742	BSU00510	51.935	310	147	1	2	309	8	317	3.79e-111	322
HP0742	BSU36890	39.394	33	20	0	210	242	123	155	0.13	30.0
HP0742	BSU15560	24.675	77	55	2	164	239	73	147	0.17	29.6
HP0742	BSU09620	29.870	77	39	3	118	185	114	184	0.79	27.7
HP0742	BSU37750	20.000	135	102	1	26	154	39	173	1.0	27.7
HP0742	BSU13990	24.731	93	58	2	164	256	232	312	1.2	27.7
HP0742	BSU35450	39.216	51	21	2	196	245	194	235	1.4	26.9
HP0742	BSU01010	28.090	89	59	3	71	158	69	153	1.8	26.6
HP0742	BSU40830	30.435	69	40	3	116	181	134	197	2.3	26.6
HP0742	BSU26800	29.630	27	19	0	151	177	1	27	2.3	26.6
HP0742	BSU10900	29.474	95	50	6	106	192	31	116	3.2	25.8
HP0742	BSU05410	35.897	39	19	1	190	228	261	293	4.9	25.4
HP0742	BSU06490	22.881	118	87	2	194	307	332	449	5.0	25.4
HP0742	BSU02930	29.091	55	30	3	171	221	467	516	5.9	25.4
HP0742	BSU28030	24.194	62	42	2	26	82	67	128	6.2	25.0
HP0742	BSU21080	29.630	54	28	2	174	227	75	118	6.8	24.3
HP0742	BSU38310	52.941	17	8	0	106	122	30	46	8.6	24.6
HP0743	BSU38120	33.333	285	159	12	90	350	101	378	7.37e-28	110
HP0743	BSU14850	31.642	335	183	13	48	354	58	374	4.61e-27	107
HP0743	BSU15210	28.530	347	208	12	31	356	39	366	3.72e-26	104
HP0743	BSU08780	33.333	57	21	3	220	263	1	53	1.8	26.9
HP0743	BSU06010	25.000	72	47	2	154	225	176	240	7.4	25.0
HP_RS03625	BSU28230	38.182	55	28	2	50	98	256	310	0.82	27.7
HP_RS03625	BSU36890	45.455	22	12	0	159	180	72	93	4.7	25.0
HP_RS03625	BSU40570	29.032	93	52	3	103	185	342	430	5.1	25.0
HP_RS03625	BSU38050	26.316	57	34	2	154	202	257	313	9.2	24.3
HP_RS03630	BSU16050	32.407	108	63	3	50	153	124	225	1.48e-05	40.4
HP_RS03630	BSU22840	25.191	131	80	6	18	134	138	264	0.002	34.3
HP_RS03630	BSU00860	28.866	97	52	5	44	125	536	630	0.014	32.0
HP_RS03630	BSU15780	30.682	88	49	4	50	130	168	250	0.021	31.2
HP_RS03630	BSU09890	31.373	51	28	2	51	94	32	82	0.10	29.3
HP_RS03630	BSU09720	25.333	75	38	1	48	122	458	514	0.10	29.3
HP_RS03630	BSU05610	35.714	28	18	0	49	76	320	347	0.12	28.9
HP_RS03630	BSU16630	33.898	59	34	3	45	101	220	275	0.15	28.9
HP_RS03630	BSU08210	43.750	32	18	0	31	62	342	373	0.15	28.9
HP_RS03630	BSU41020	35.955	89	47	6	47	131	222	304	0.15	28.5
HP_RS03630	BSU28190	41.463	41	23	1	49	88	26	66	0.17	28.1
HP_RS03630	BSU16160	31.707	82	49	3	36	117	42	116	0.21	28.1
HP_RS03630	BSU13700	41.935	31	14	1	42	68	435	465	0.23	28.1
HP_RS03630	BSU31550	61.111	18	7	0	51	68	35	52	0.27	28.1
HP_RS03630	BSU22030	32.258	62	31	2	36	86	601	662	0.29	28.1
HP_RS03630	BSU10620	41.935	31	18	0	50	80	5	35	0.33	27.7
HP_RS03630	BSU14320	28.378	74	35	1	49	122	365	420	0.83	26.6
HP_RS03630	BSU10500	41.935	31	18	0	66	96	18	48	0.91	26.6
HP_RS03630	BSU35160	26.437	87	49	3	51	127	637	718	0.94	26.6
HP_RS03630	BSU38360	31.667	60	34	2	75	134	111	163	0.96	26.2
HP_RS03630	BSU37390	27.957	93	48	4	51	127	35	124	0.96	26.2
HP_RS03630	BSU15680	44.000	25	14	0	49	73	8	32	1.1	25.8
HP_RS03630	BSU32710	28.235	85	51	3	51	125	36	120	1.3	25.8
HP_RS03630	BSU35940	52.000	25	12	0	51	75	33	57	1.8	25.4
HP_RS03630	BSU30380	50.000	18	9	0	49	66	36	53	1.8	25.4
HP_RS03630	BSU25670	32.558	43	28	1	30	72	143	184	1.9	25.4
HP_RS03630	BSU38090	24.390	41	31	0	95	135	138	178	1.9	25.4
HP_RS03630	BSU26370	57.895	19	8	0	48	66	4	22	2.1	25.0
HP_RS03630	BSU33210	29.545	44	31	0	46	89	16	59	2.3	25.0
HP_RS03630	BSU03150	38.462	39	21	2	48	86	13	48	2.7	24.6
HP_RS03630	BSU27080	36.364	33	17	1	47	75	139	171	3.1	25.0
HP_RS03630	BSU17220	34.884	43	20	1	78	120	1976	2010	3.2	25.0
HP_RS03630	BSU32750	48.000	25	13	0	51	75	36	60	3.2	24.6
HP_RS03630	BSU30010	28.182	110	51	7	51	136	36	141	3.5	24.3
HP_RS03630	BSU37270	45.455	22	12	0	101	122	152	173	3.5	24.6
HP_RS03630	BSU02780	26.984	63	46	0	3	65	190	252	3.6	24.6
HP_RS03630	BSU04100	32.143	56	34	1	47	98	50	105	3.6	24.3
HP_RS03630	BSU07420	52.632	19	9	0	51	69	34	52	4.1	24.3
HP_RS03630	BSU16800	37.037	27	17	0	48	74	462	488	4.2	24.3
HP_RS03630	BSU13220	35.849	53	16	2	49	83	38	90	4.4	24.3
HP_RS03630	BSU13220	34.146	41	27	0	51	91	325	365	6.5	23.9
HP_RS03630	BSU26260	30.769	52	35	1	25	76	144	194	5.0	23.9
HP_RS03630	BSU37180	28.947	38	25	1	80	117	384	419	5.6	23.9
HP_RS03630	BSU39000	29.412	34	24	0	62	95	67	100	6.0	23.9
HP_RS03630	BSU16400	34.884	43	26	1	26	66	153	195	6.2	23.9
HP_RS03630	BSU15950	52.381	21	10	0	49	69	123	143	7.1	23.5
HP_RS03630	BSU16670	33.962	53	32	1	24	76	146	195	7.6	23.5
HP_RS03630	BSU07490	40.000	25	15	0	51	75	34	58	8.3	23.5
HP_RS03630	BSU10540	31.707	41	28	0	30	70	118	158	9.4	23.1
HP_RS03630	BSU15340	35.714	28	18	0	48	75	30	57	9.5	23.1
HP_RS03630	BSU12420	45.000	20	11	0	49	68	223	242	9.6	23.1
HP0745	BSU15460	33.445	299	176	8	12	303	15	297	3.50e-46	155
HP0745	BSU11620	28.627	255	164	7	52	303	40	279	1.61e-29	111
HP0745	BSU09210	29.565	230	152	4	77	306	82	301	5.69e-29	110
HP0745	BSU28920	32.258	62	37	2	255	315	56	113	4.3	25.4
HP0745	BSU25830	55.000	20	9	0	70	89	31	50	6.4	25.4
HP0745	BSU11960	21.127	71	42	1	255	325	65	121	6.8	24.6
HP0745	BSU05770	28.947	38	25	1	205	242	88	123	8.4	24.3
HP0745	BSU40620	32.353	34	22	1	70	103	133	165	8.7	24.6
HP0745	BSU23160	22.083	240	147	8	13	252	3	202	8.7	24.6
HP0745	BSU15410	31.250	48	33	0	13	60	182	229	8.9	24.6
HP0746	BSU18280	33.010	103	60	4	312	407	406	506	0.005	35.8
HP0746	BSU00750	38.710	31	19	0	200	230	77	107	5.0	25.8
HP0746	BSU37440	19.811	106	59	2	82	187	18	97	5.1	26.2
HP0746	BSU05150	27.660	47	33	1	210	256	2	47	7.0	25.4
HP0746	BSU24640	30.189	53	32	2	331	379	87	138	7.1	25.4
HP0746	BSU18050	47.826	23	11	1	323	344	32	54	8.9	24.3
HP0746	BSU22700	35.000	40	25	1	371	410	141	179	9.9	25.0
HP0747	BSU29900	26.816	179	119	4	117	287	37	211	5.03e-16	73.2
HP0747	BSU29890	19.549	133	97	2	85	211	2	130	0.40	29.3
HP0747	BSU31120	34.783	46	27	2	181	226	133	175	0.58	28.9
HP0747	BSU15740	25.263	95	63	2	103	197	245	331	1.0	28.1
HP0747	BSU19480	36.585	41	26	0	17	57	255	295	1.3	27.7
HP0747	BSU29370	38.000	50	22	2	271	320	185	225	2.5	26.6
HP0747	BSU37000	27.273	55	39	1	122	176	119	172	3.0	26.6
HP0747	BSU17010	23.776	143	65	6	127	229	122	260	5.3	25.8
HP0747	BSU11870	26.316	76	49	2	273	341	95	170	5.5	25.8
HP0747	BSU02500	27.723	101	51	4	209	295	53	145	6.9	25.4
HP0747	BSU04180	22.430	107	66	4	122	225	30	122	7.2	25.0
HP0747	BSU19940	31.148	61	39	1	56	116	47	104	7.9	25.0
HP0748	BSU33270	35.909	220	135	4	4	219	1	218	2.55e-41	137
HP0748	BSU30380	34.234	222	141	3	3	220	2	222	9.32e-41	137
HP0748	BSU35260	36.022	186	118	1	32	217	29	213	3.46e-40	134
HP0748	BSU30420	35.122	205	130	3	15	217	18	221	4.16e-39	132
HP0748	BSU32750	36.318	201	128	0	21	221	21	221	2.02e-38	133
HP0748	BSU34700	35.426	223	137	3	4	220	3	224	2.27e-38	130
HP0748	BSU14360	36.098	205	128	3	20	223	20	222	1.04e-36	125
HP0748	BSU27430	37.438	203	124	3	20	221	16	216	3.09e-35	122
HP0748	BSU39640	35.610	205	124	4	20	220	22	222	6.21e-34	119
HP0748	BSU03590	33.333	222	142	4	4	221	1	220	2.93e-31	112
HP0748	BSU39480	32.683	205	134	3	20	221	16	219	6.24e-31	111
HP0748	BSU23960	32.420	219	144	4	4	221	1	216	1.58e-30	110
HP0748	BSU33730	31.050	219	147	2	4	221	1	216	1.77e-30	112
HP0748	BSU33830	32.536	209	137	2	14	221	11	216	2.10e-29	109
HP0748	BSU29340	32.683	205	134	3	20	221	16	219	7.37e-29	106
HP0748	BSU38810	30.583	206	138	1	14	219	13	213	1.31e-27	104
HP0748	BSU08830	31.500	200	125	4	1	199	1	189	2.93e-26	99.4
HP0748	BSU01460	33.511	188	119	5	25	208	14	199	2.93e-25	97.1
HP0748	BSU32550	28.922	204	140	1	20	223	18	216	3.14e-25	98.6
HP0748	BSU01450	26.606	218	150	5	4	217	6	217	1.97e-24	94.7
HP0748	BSU24950	30.531	226	146	4	4	221	13	235	1.22e-23	92.4
HP0748	BSU02980	29.208	202	142	1	21	221	49	250	1.55e-23	94.4
HP0748	BSU03730	32.195	205	112	6	12	199	4	198	2.46e-23	90.9
HP0748	BSU24960	28.099	242	144	6	2	222	13	245	4.17e-21	85.9
HP0748	BSU02860	28.922	204	129	5	4	200	3	197	1.15e-20	84.0
HP0748	BSU30610	31.667	180	115	1	20	199	22	193	2.40e-20	83.6
HP0748	BSU11370	32.778	180	116	4	25	199	40	219	3.15e-20	84.3
HP0748	BSU13220	28.019	207	136	6	4	201	7	209	1.26e-19	83.6
HP0748	BSU13220	23.656	186	129	5	17	199	306	481	4.76e-12	61.6
HP0748	BSU34090	25.664	226	142	7	1	219	2	208	6.39e-19	80.1
HP0748	BSU02570	26.131	199	139	3	1	199	1	191	3.63e-18	78.2
HP0748	BSU11360	26.695	236	158	7	1	221	1	236	1.32e-17	77.0
HP0748	BSU11460	28.272	191	125	4	21	199	27	217	2.09e-17	76.6
HP0748	BSU02750	26.364	220	153	4	4	219	1	215	4.35e-16	71.6
HP0748	BSU11470	30.588	170	112	4	36	199	40	209	5.08e-16	72.4
HP0748	BSU12250	26.027	219	139	6	13	223	24	227	5.72e-16	71.2
HP0748	BSU13000	28.333	180	124	3	25	199	31	210	9.24e-16	71.6
HP0748	BSU30760	25.980	204	129	6	5	199	4	194	5.64e-15	68.6
HP0748	BSU38660	23.980	196	137	4	4	199	1	184	1.20e-14	68.2
HP0748	BSU35940	22.927	205	138	7	28	219	274	471	1.61e-14	68.6
HP0748	BSU35940	24.103	195	131	5	38	223	35	221	1.21e-08	51.2
HP0748	BSU21470	26.923	208	139	6	20	223	498	696	1.65e-14	68.9
HP0748	BSU03820	26.168	214	148	5	4	214	1	207	2.07e-14	67.0
HP0748	BSU08310	23.148	216	160	3	4	219	1	210	2.27e-14	67.8
HP0748	BSU32940	28.054	221	149	4	5	220	6	221	3.28e-14	67.0
HP0748	BSU34820	24.891	229	143	9	5	219	341	554	1.21e-13	66.2
HP0748	BSU33290	25.943	212	144	4	20	221	18	226	1.35e-13	65.1
HP0748	BSU07490	24.891	229	146	6	5	220	4	219	1.38e-13	65.1
HP0748	BSU12950	24.537	216	148	4	1	201	1	216	2.62e-13	64.7
HP0748	BSU08220	27.885	208	127	8	5	201	366	561	3.64e-13	64.7
HP0748	BSU30010	23.671	207	142	3	14	220	14	204	3.88e-13	63.2
HP0748	BSU08690	26.577	222	146	7	8	221	344	556	8.87e-13	63.5
HP0748	BSU15340	24.336	226	159	6	3	220	1	222	1.18e-12	62.4
HP0748	BSU01950	24.771	218	156	3	4	221	3	212	1.38e-12	62.0
HP0748	BSU09080	25.543	184	122	6	20	199	19	191	1.93e-12	62.0
HP0748	BSU09720	28.402	169	112	4	9	172	434	598	2.24e-12	62.4
HP0748	BSU37230	28.713	202	123	8	9	200	337	527	2.24e-12	62.4
HP0748	BSU31550	23.116	199	143	4	25	218	24	217	2.40e-12	62.4
HP0748	BSU31550	26.111	180	120	5	4	172	256	433	7.70e-12	60.8
HP0748	BSU38730	25.764	229	141	7	3	218	335	547	7.88e-12	60.8
HP0748	BSU10040	24.242	198	140	4	4	199	3	192	8.26e-12	59.7
HP0748	BSU08210	26.636	214	139	7	15	221	341	543	4.09e-11	58.5
HP0748	BSU04490	21.500	200	150	2	20	219	20	212	5.62e-11	57.8
HP0748	BSU05610	27.136	199	104	8	1	199	1	158	9.99e-11	57.4
HP0748	BSU05610	24.309	181	111	5	20	199	306	461	7.00e-07	46.2
HP0748	BSU14320	30.636	173	99	7	38	200	369	530	2.11e-10	56.6
HP0748	BSU33160	25.946	185	129	3	20	199	15	196	8.25e-10	54.7
HP0748	BSU07420	22.500	200	126	6	3	200	324	496	1.95e-09	53.5
HP0748	BSU07420	23.932	234	142	6	17	222	15	240	1.11e-08	51.6
HP0748	BSU07370	24.898	245	147	7	4	222	3	236	4.28e-09	52.8
HP0748	BSU07370	28.986	69	45	1	131	199	431	495	1.36e-04	39.3
HP0748	BSU37390	22.843	197	148	3	4	199	3	196	5.62e-09	51.6
HP0748	BSU40620	23.457	162	115	3	38	199	34	186	6.18e-09	51.2
HP0748	BSU05950	23.982	221	139	7	3	199	2	217	1.10e-08	51.6
HP0748	BSU05950	22.093	172	110	3	4	172	326	476	4.05e-08	49.7
HP0748	BSU09890	24.324	148	105	1	25	172	21	161	1.14e-07	48.1
HP0748	BSU38740	32.143	140	82	6	40	172	362	495	1.14e-07	48.5
HP0748	BSU14330	24.638	207	135	7	5	201	363	558	1.24e-07	48.5
HP0748	BSU09710	22.280	193	125	7	21	201	354	533	2.92e-07	47.4
HP0748	BSU30450	21.739	207	132	4	20	216	16	202	3.97e-07	46.6
HP0748	BSU14430	23.963	217	137	7	4	199	1	210	9.27e-07	45.8
HP0748	BSU14430	43.750	32	18	0	141	172	440	471	0.004	34.7
HP0748	BSU09070	27.219	169	99	5	38	200	35	185	4.75e-05	40.0
HP0748	BSU32710	24.747	198	127	6	16	199	16	205	3.16e-04	37.7
HP0748	BSU35160	34.328	67	41	2	135	199	481	546	0.001	36.6
HP0748	BSU35160	32.927	82	43	4	125	201	816	890	0.19	29.6
HP0748	BSU35160	44.444	27	15	0	21	47	16	42	0.59	28.1
HP0748	BSU35160	42.857	28	16	0	21	48	622	649	1.2	26.9
HP0748	BSU25340	55.000	20	9	0	28	47	127	146	0.43	28.1
HP0748	BSU18970	38.235	34	18	1	36	69	63	93	0.84	27.3
HP0748	BSU27730	44.444	27	15	0	21	47	43	69	1.6	26.2
HP0748	BSU12420	39.286	28	17	0	28	55	217	244	1.7	26.2
HP0748	BSU18310	43.750	32	16	1	141	170	2795	2826	2.8	25.8
HP0748	BSU23370	36.207	58	30	2	149	200	9	65	3.0	25.4
HP0748	BSU00280	44.444	18	10	0	33	50	5	22	3.1	25.4
HP0748	BSU00150	60.000	15	6	0	33	47	6	20	3.3	25.0
HP0748	BSU24730	47.368	19	10	0	33	51	139	157	3.4	25.4
HP0748	BSU00860	46.154	26	9	2	33	54	541	565	3.7	25.4
HP0748	BSU35700	18.367	147	104	2	20	166	38	168	3.7	25.4
HP0748	BSU35730	32.941	85	43	5	20	98	5	81	3.8	25.4
HP0748	BSU15680	37.500	24	15	0	29	52	3	26	4.0	25.0
HP0748	BSU17640	25.490	51	27	2	173	223	349	388	4.6	25.0
HP0748	BSU17040	42.857	21	12	0	31	51	595	615	4.7	25.0
HP0748	BSU19390	27.778	36	26	0	16	51	50	85	7.1	24.3
HP0748	BSU24620	29.508	61	40	1	3	60	37	97	8.0	24.3
HP0748	BSU38110	26.923	52	36	1	129	178	193	244	9.3	23.9
HP0748	BSU04860	26.667	30	22	0	19	48	215	244	9.6	23.9
HP0749	BSU15220	27.536	69	45	2	92	160	49	112	0.031	32.0
HP0749	BSU17570	30.612	49	29	1	200	243	158	206	0.70	28.1
HP0749	BSU13550	31.818	66	33	3	94	147	265	330	1.7	26.6
HP0749	BSU08200	30.159	63	42	1	160	222	205	265	2.8	26.2
HP0749	BSU37750	44.000	25	14	0	243	267	318	342	3.0	25.8
HP0749	BSU10360	29.545	44	31	0	217	260	171	214	3.8	25.8
HP0749	BSU10940	40.625	32	19	0	56	87	43	74	4.4	25.0
HP0749	BSU21790	30.233	43	26	1	106	144	2	44	4.7	25.0
HP0749	BSU21400	40.000	45	22	2	36	77	231	273	4.7	25.0
HP0749	BSU28980	40.426	47	23	3	96	140	3	46	5.0	25.0
HP0749	BSU38910	35.294	51	30	2	63	110	42	92	6.0	24.6
HP0749	BSU35250	20.952	105	83	0	114	218	137	241	6.1	25.0
HP0749	BSU22740	28.169	71	40	2	77	137	249	318	7.7	24.6
HP0749	BSU20830	57.895	19	8	0	83	101	65	83	8.8	23.5
HP0749	BSU13680	35.714	42	27	0	109	150	103	144	9.9	24.3
HP0750	BSU36550	25.225	111	71	3	299	399	114	222	6.39e-04	38.1
HP0750	BSU07520	33.333	78	44	2	293	362	68	145	1.8	27.3
HP0750	BSU05740	36.364	33	19	1	295	327	333	363	2.2	26.9
HP0750	BSU21350	19.277	83	59	2	318	393	1593	1674	2.6	26.9
HP0750	BSU10330	30.233	86	49	3	286	361	53	137	3.0	26.6
HP0750	BSU34790	23.881	67	39	1	102	168	181	235	4.8	25.8
HP0750	BSU19850	34.783	46	23	2	42	87	13	51	5.1	23.9
HP0750	BSU03000	34.783	23	15	0	372	394	208	230	5.5	25.8
HP0750	BSU32850	25.243	103	53	3	148	229	54	153	6.9	25.4
HP0750	BSU10990	29.310	58	39	1	44	99	62	119	8.6	25.0
HP0750	BSU04310	33.333	63	38	2	1	60	1	62	8.7	25.4
HP0750	BSU22030	27.473	91	51	3	43	118	911	1001	9.4	25.4
HP0750	BSU33200	31.250	48	28	1	182	224	42	89	9.7	25.0
HP0750	BSU30860	25.974	77	46	2	44	118	96	163	10.0	25.0
HP0751	BSU35350	26.531	98	52	2	21	118	31	108	1.49e-05	38.1
HP0751	BSU09720	27.027	37	27	0	58	94	278	314	0.82	25.8
HP0751	BSU01450	52.941	17	8	0	56	72	231	247	1.0	25.4
HP0751	BSU07390	22.785	79	52	2	3	79	57	128	1.1	25.0
HP0751	BSU29220	35.417	48	31	0	36	83	19	66	4.2	23.9
HP0751	BSU09965	31.915	47	30	1	50	96	28	72	4.4	23.5
HP0751	BSU31350	25.862	58	39	1	47	100	333	390	6.9	23.1
HP0751	BSU04460	25.000	56	28	2	67	108	19	74	7.5	22.7
HP0752	BSU35340	22.099	181	111	4	431	583	223	401	5.13e-06	46.2
HP0752	BSU29450	29.474	95	54	4	463	557	208	289	3.1	27.3
HP0752	BSU15220	23.786	206	121	8	53	243	71	255	4.9	26.9
HP0752	BSU37860	33.333	30	20	0	354	383	55	84	6.3	26.2
HP0752	BSU34970	26.786	112	60	5	145	240	99	204	7.5	25.8
HP0752	BSU30840	25.926	54	39	1	128	181	54	106	7.6	26.2
HP0753	BSU35330	31.933	119	79	1	1	119	1	117	2.78e-16	67.0
HP0753	BSU00090	30.588	85	49	2	36	120	193	267	1.7	25.0
HP0753	BSU22870	31.818	44	30	0	64	107	260	303	3.0	24.3
HP0753	BSU34230	28.571	70	43	3	60	125	261	327	4.3	23.9
HP0753	BSU01780	38.095	42	25	1	73	113	391	432	4.7	23.9
HP0753	BSU15320	36.364	44	19	2	29	67	105	144	9.8	22.7
HP0754	BSU15860	55.000	20	9	0	49	68	23	42	0.49	25.0
HP0754	BSU36810	34.000	50	21	2	31	79	373	411	0.51	25.0
HP0754	BSU13130	40.000	40	20	2	26	61	64	103	0.86	24.6
HP0754	BSU35960	36.364	44	23	1	41	79	253	296	2.3	23.5
HP0754	BSU21350	50.000	20	10	0	37	56	347	366	3.6	22.7
HP0754	BSU16690	50.000	24	12	0	54	77	613	636	5.0	22.3
HP0754	BSU08970	39.474	38	21	1	25	62	420	455	9.3	21.6
HP0755	BSU27540	32.489	237	123	9	16	220	14	245	9.00e-19	79.0
HP0755	BSU11700	24.444	135	89	4	20	141	20	154	4.80e-05	40.4
HP0755	BSU14270	26.452	155	99	6	1	141	1	154	5.17e-04	37.0
HP0755	BSU11720	30.189	53	37	0	47	99	201	253	0.003	34.7
HP0755	BSU28170	34.884	43	28	0	14	56	172	214	0.006	33.9
HP0755	BSU01410	30.435	46	32	0	167	212	55	100	0.023	30.8
HP0755	BSU14510	22.222	135	71	6	29	149	7	121	0.36	28.1
HP0755	BSU31740	21.333	75	56	1	104	178	79	150	1.9	26.2
HP0755	BSU16120	27.083	48	29	1	99	146	596	637	6.1	24.6
HP0755	BSU31360	23.810	63	48	0	84	146	245	307	6.4	24.6
HP0755	BSU30180	41.667	36	20	1	25	60	2	36	7.7	24.3
HP0755	BSU31090	18.621	145	80	5	21	149	3	125	8.7	23.9
HP0755	BSU21760	36.364	22	14	0	168	189	57	78	9.5	22.7
HP_0756	BSU36460	34.483	29	19	0	18	46	300	328	4.9	21.2
HP_0756	BSU38050	30.303	33	22	1	1	33	34	65	8.7	20.4
HP0757	BSU13570	28.077	260	151	8	31	284	30	259	4.00e-15	70.5
HP0757	BSU09250	26.840	231	149	8	61	285	292	508	7.96e-13	65.1
HP0757	BSU06070	24.790	238	135	12	13	227	83	299	0.57	28.5
HP0757	BSU00740	38.710	31	19	0	28	58	229	259	1.6	26.9
HP0757	BSU30300	33.846	65	34	3	231	286	4	68	3.7	25.8
HP0757	BSU18910	36.111	36	23	0	64	99	31	66	4.4	25.4
HP0757	BSU37910	31.481	54	34	2	232	284	10	61	6.8	24.6
HP0757	BSU09410	30.000	50	31	2	24	69	137	186	7.0	25.0
HP0757	BSU34820	33.333	63	39	2	142	204	470	529	8.1	24.6
HP0757	BSU29230	30.769	65	36	2	4	62	469	530	9.3	24.6
HP0758	BSU32040	47.146	403	195	6	50	436	42	442	5.40e-106	318
HP0758	BSU09680	25.455	165	85	7	292	420	39	201	0.55	29.3
HP0758	BSU07920	36.170	47	25	1	204	250	101	142	3.6	26.6
HP0758	BSU23560	27.174	92	66	1	341	432	120	210	6.8	25.8
HP0758	BSU26690	27.143	70	49	2	117	184	154	223	7.6	25.4
HP0759	BSU10820	25.740	439	310	10	1	429	21	453	1.07e-27	111
HP0759	BSU18370	24.211	380	278	4	56	427	78	455	1.23e-21	93.6
HP0759	BSU21710	25.362	276	189	6	116	384	131	396	1.40e-14	72.0
HP0759	BSU19440	22.485	338	247	9	17	344	30	362	2.75e-13	68.2
HP0759	BSU28040	29.231	65	46	0	265	329	72	136	0.91	28.1
HP0759	BSU18840	38.235	34	19	1	339	370	90	123	1.1	27.7
HP0759	BSU28150	36.842	57	30	3	311	361	198	254	3.2	26.6
HP0759	BSU06480	57.895	19	8	0	273	291	641	659	4.7	26.2
HP0759	BSU21830	40.741	27	16	0	7	33	134	160	5.0	25.8
HP0759	BSU14490	28.571	35	25	0	70	104	99	133	5.2	26.2
HP0759	BSU14010	29.870	77	42	4	210	276	94	168	5.7	25.8
HP0759	BSU35830	61.111	18	7	0	38	55	244	261	8.4	25.4
HP0759	BSU24270	33.333	33	21	1	121	153	1	32	9.5	25.4
HP0759	BSU05990	25.424	59	42	1	267	323	122	180	9.9	25.0
HP0760	BSU09930	35.000	40	21	1	33	67	230	269	0.51	29.3
HP0761	BSU24890	26.496	117	78	4	31	141	32	146	0.002	35.0
HP0761	BSU07630	42.308	26	13	1	49	72	166	191	2.4	25.8
HP0761	BSU24840	41.667	24	14	0	130	153	166	189	6.4	24.6
HP0762	BSU07780	27.419	62	39	1	78	133	106	167	1.1	26.6
HP0762	BSU16500	25.676	74	43	3	103	169	161	229	1.5	26.2
HP0762	BSU38660	25.000	72	54	0	22	93	6	77	3.1	25.0
HP0762	BSU06450	32.558	43	28	1	134	176	53	94	5.0	24.3
HP0762	BSU29310	31.429	35	24	0	117	151	157	191	8.7	23.9
HP0762	BSU31540	42.857	21	12	0	116	136	175	195	9.7	23.5
HP0763	BSU15950	39.608	255	145	3	35	282	64	316	6.98e-59	188
HP0763	BSU15980	39.423	208	119	2	75	281	90	291	1.40e-40	143
HP0763	BSU16400	30.435	184	107	4	90	268	179	346	1.28e-16	75.9
HP0763	BSU16050	37.143	35	22	0	74	108	108	142	0.047	31.6
HP0763	BSU13220	40.000	60	35	1	60	119	295	353	0.11	30.8
HP0763	BSU10040	42.857	35	19	1	91	125	34	67	0.23	29.3
HP0763	BSU07490	32.857	70	41	3	91	158	34	99	0.47	28.5
HP0763	BSU38660	63.158	19	7	0	91	109	32	50	1.4	26.9
HP0763	BSU30010	29.333	75	42	3	91	159	36	105	1.5	26.9
HP0763	BSU37390	59.091	22	9	0	85	106	29	50	1.7	26.6
HP0763	BSU01950	63.158	19	7	0	91	109	34	52	2.3	26.2
HP0763	BSU09080	36.957	46	28	1	92	137	36	80	2.9	26.2
HP0763	BSU36250	43.750	32	18	0	88	119	48	79	5.6	25.0
HP0763	BSU02750	57.895	19	8	0	91	109	36	54	5.6	25.0
HP0763	BSU00890	46.875	32	15	1	114	145	278	307	6.0	25.0
HP0763	BSU09070	40.909	22	13	0	88	109	30	51	6.5	25.0
HP0763	BSU11300	21.918	73	51	1	101	173	191	257	6.8	25.0
HP0763	BSU08310	52.632	19	9	0	91	109	32	50	7.2	24.6
HP0763	BSU31460	28.889	45	30	1	44	86	35	79	7.2	24.3
HP0763	BSU29440	30.909	55	38	0	229	283	214	268	8.2	24.6
HP0763	BSU11370	30.000	40	28	0	149	188	80	119	8.4	24.6
HP0763	BSU32940	40.909	22	13	0	88	109	33	54	8.9	24.6
HP0763	BSU12340	25.000	52	39	0	57	108	210	261	9.7	24.6
HP0763	BSU34090	64.286	14	5	0	91	104	36	49	9.8	24.3
HP0764	BSU17200	30.864	81	45	3	125	205	1875	1944	1.0	28.5
HP0764	BSU05970	32.308	65	33	3	224	278	1	64	1.6	26.9
HP0764	BSU35700	28.571	98	46	4	115	190	308	403	2.1	27.3
HP0764	BSU02550	38.710	31	19	0	32	62	6	36	3.4	26.2
HP0764	BSU11799	33.333	45	28	1	153	195	24	68	3.7	24.6
HP0764	BSU26030	40.541	37	19	2	96	131	781	815	5.3	26.2
HP0764	BSU14430	29.412	51	36	0	114	164	106	156	5.6	25.8
HP0764	BSU17230	25.275	91	61	3	93	180	232	318	8.4	25.0
HP0764	BSU09480	24.615	65	40	1	10	74	339	394	9.2	25.0
HP0765	BSU33500	28.333	60	40	1	24	80	518	577	0.81	25.4
HP0765	BSU06620	32.500	80	42	5	23	99	85	155	1.0	25.0
HP0765	BSU28750	30.000	50	26	1	51	91	380	429	2.6	23.9
HP0765	BSU29080	36.111	36	19	1	70	101	192	227	4.2	23.1
HP0765	BSU03950	27.273	33	24	0	62	94	22	54	4.9	23.1
HP0765	BSU02160	25.000	68	38	2	42	101	62	124	5.2	23.1
HP0765	BSU30135	45.455	22	12	0	47	68	240	261	6.9	22.7
HP0765	BSU23020	26.190	42	30	1	62	102	144	185	8.5	22.3
HP0766	BSU03170	25.862	58	43	0	200	257	105	162	0.79	27.7
HP0766	BSU40400	20.455	88	50	1	149	236	189	256	1.4	26.9
HP0766	BSU08700	26.923	104	54	3	117	207	115	209	1.7	26.6
HP0766	BSU31440	41.176	34	18	1	104	135	322	355	1.8	26.6
HP0766	BSU24740	36.667	30	17	1	126	155	232	259	3.2	25.8
HP0766	BSU14850	25.641	78	44	2	109	186	165	228	3.2	25.8
HP0766	BSU39860	32.308	65	32	2	177	231	25	87	4.6	25.4
HP0766	BSU13120	32.500	40	27	0	199	238	111	150	5.1	25.4
HP0766	BSU13340	28.000	50	34	1	35	84	15	62	5.4	24.6
HP0766	BSU15930	50.000	18	9	0	41	58	221	238	5.5	25.0
HP0766	BSU37560	32.000	50	26	2	155	203	370	412	6.2	25.0
HP0766	BSU23460	44.828	29	15	1	1	28	112	140	7.4	24.3
HP0766	BSU28580	37.500	32	20	0	37	68	413	444	7.6	25.0
HP0766	BSU21940	35.294	34	21	1	168	200	22	55	8.0	22.7
HP0766	BSU00880	31.667	60	30	2	201	260	47	95	8.0	24.6
HP0768	BSU36700	38.408	289	166	6	2	279	8	295	6.87e-54	176
HP0768	BSU01920	25.843	178	109	7	12	178	104	269	1.52e-05	43.1
HP0768	BSU40170	24.260	169	109	7	13	173	6	163	8.53e-05	40.4
HP0768	BSU07955	33.333	78	48	3	13	89	34	108	1.23e-04	40.0
HP0768	BSU37370	29.310	116	67	5	17	126	125	231	1.77e-04	39.7
HP0768	BSU13740	24.277	173	111	6	18	188	31	185	0.005	34.7
HP0768	BSU27340	43.590	39	22	0	41	79	23	61	1.8	26.9
HP0768	BSU08800	34.286	35	20	1	258	289	345	379	2.5	26.6
HP0768	BSU35650	29.870	77	43	4	93	165	24	93	3.0	26.2
HP0768	BSU05180	30.952	84	51	3	143	220	195	277	3.3	26.2
HP0768	BSU29450	26.744	86	57	2	125	210	214	293	4.0	25.8
HP0768	BSU31875	38.776	49	18	2	239	287	833	869	4.2	26.2
HP0768	BSU19690	40.909	22	13	0	7	28	120	141	4.4	25.8
HP0768	BSU33940	28.829	111	59	4	81	172	81	190	5.8	25.4
HP0768	BSU34400	56.250	16	7	0	225	240	6	21	6.9	24.6
HP0768	BSU13480	36.111	36	23	0	253	288	140	175	7.1	25.0
HP0768	BSU39780	27.273	99	54	2	45	143	96	176	7.2	25.0
HP0768	BSU12610	32.203	59	39	1	263	320	120	178	9.9	24.6
HP0769	BSU14260	25.397	189	121	6	12	188	6	186	6.46e-07	45.1
HP0769	BSU37840	29.310	58	33	2	12	65	4	57	0.63	27.3
HP0769	BSU38260	34.375	32	20	1	74	104	52	83	1.9	25.8
HP0769	BSU04340	31.343	67	31	3	59	125	256	307	4.1	25.0
HP0769	BSU17200	34.694	49	28	2	36	83	1980	2025	5.1	25.0
HP0770	BSU16380	38.793	348	207	3	5	348	13	358	2.87e-82	251
HP0770	BSU16080	35.556	90	56	2	265	353	5	93	3.39e-08	47.8
HP0770	BSU17330	34.146	41	27	0	145	185	243	283	0.66	28.5
HP0770	BSU40060	23.438	64	48	1	288	350	7	70	0.98	28.1
HP0770	BSU31660	27.451	51	35	1	180	228	59	109	2.0	26.2
HP0770	BSU16560	25.397	63	47	0	203	265	252	314	2.2	26.9
HP0770	BSU36730	34.211	38	25	0	52	89	37	74	4.4	25.8
HP0770	BSU39730	24.615	65	37	1	212	264	361	425	6.2	25.4
HP0770	BSU18200	31.429	35	22	1	123	155	305	339	6.4	25.4
HP0770	BSU24780	23.636	55	41	1	151	205	8	61	7.5	23.9
HP0770	BSU02400	26.582	79	48	3	126	202	76	146	7.7	25.0
HP0770	BSU13300	27.273	55	33	2	288	339	331	381	8.7	25.0
HP0771	BSU32880	30.435	69	39	2	25	84	455	523	0.90	27.3
HP0771	BSU04960	25.424	118	57	5	12	121	323	417	2.0	26.6
HP0771	BSU10820	26.582	79	50	3	21	99	36	106	3.2	25.8
HP0771	BSU34620	45.833	24	13	0	53	76	182	205	5.7	25.0
HP0771	BSU11220	30.000	40	28	0	46	85	328	367	6.1	24.6
HP0771	BSU09010	52.381	21	10	0	42	62	186	206	6.7	24.6
HP0772	BSU24190	29.911	224	112	4	215	438	28	206	8.42e-27	103
HP0772	BSU27580	28.507	221	112	5	216	436	343	517	6.36e-19	85.9
HP0772	BSU35620	26.147	218	117	4	219	436	322	495	2.70e-18	83.6
HP0772	BSU17410	26.126	222	114	7	218	437	3	176	2.78e-13	66.2
HP0772	BSU01530	22.326	215	109	3	238	438	61	231	1.52e-08	52.0
HP0772	BSU01370	20.833	96	74	1	259	354	108	201	5.6	25.8
HP0772	BSU36740	30.380	79	46	2	272	350	51	120	7.2	25.4
HP0772	BSU25260	35.417	48	26	2	393	440	292	334	7.3	25.8
HP0773	BSU26800	23.181	371	230	14	12	362	7	342	4.69e-09	53.9
HP0773	BSU09270	33.962	53	35	0	197	249	131	183	0.054	31.6
HP0773	BSU32130	33.962	53	28	1	215	260	203	255	0.21	30.0
HP0773	BSU22870	37.209	43	27	0	204	246	242	284	0.24	30.0
HP0773	BSU39420	44.000	25	14	0	213	237	177	201	0.60	28.5
HP0773	BSU11690	34.146	41	27	0	210	250	175	215	1.1	27.7
HP0773	BSU15540	34.000	50	32	1	203	251	224	273	1.4	27.3
HP0773	BSU00110	42.424	33	17	1	209	239	200	232	1.5	27.3
HP0773	BSU20390	25.758	66	47	1	144	207	168	233	1.7	27.3
HP0773	BSU38750	61.111	18	7	0	238	255	28	45	5.6	25.4
HP0773	BSU36810	35.714	42	21	1	177	212	429	470	5.8	25.8
HP0773	BSU12650	30.612	49	32	1	256	302	208	256	6.6	25.4
HP0774	BSU38460	45.721	409	209	5	2	399	6	412	9.35e-113	333
HP0774	BSU29670	29.144	374	212	13	37	373	30	387	1.16e-27	110
HP0774	BSU11420	23.077	182	109	5	126	278	79	258	0.005	35.4
HP0774	BSU00850	29.545	44	31	0	128	171	12	55	1.0	28.1
HP0774	BSU32220	33.333	51	27	2	313	357	37	86	2.2	25.8
HP0774	BSU08810	40.741	27	15	1	98	124	32	57	7.9	23.5
HP0774	BSU15510	34.375	32	21	0	97	128	1	32	7.9	25.4
HP0775	BSU27600	33.149	724	403	20	42	735	28	700	9.34e-111	350
HP0775	BSU38480	31.092	119	69	3	265	370	57	175	2.06e-06	46.2
HP0775	BSU11600	26.471	136	85	4	249	371	28	161	3.97e-06	45.4
HP0775	BSU15160	35.849	53	28	2	366	413	329	380	0.44	30.8
HP0775	BSU32210	31.250	32	22	0	739	770	20	51	1.1	27.7
HP0775	BSU28740	36.364	44	18	2	379	412	170	213	2.1	28.1
HP0775	BSU30020	36.364	33	18	1	262	294	7	36	2.2	26.2
HP0775	BSU27160	22.000	50	39	0	593	642	745	794	3.0	28.1
HP0775	BSU36480	25.424	59	44	0	191	249	88	146	3.9	27.3
HP0775	BSU00400	23.188	138	73	6	530	660	209	320	4.1	27.3
HP0775	BSU27740	38.095	42	26	0	539	580	142	183	4.1	26.9
HP0775	BSU29650	29.167	72	49	1	375	446	306	375	7.7	26.6
HP0776	BSU22780	37.255	51	27	2	3	50	6	54	0.31	25.4
HP0776	BSU22840	34.286	35	23	0	10	44	159	193	0.43	25.0
HP0776	BSU34460	38.776	49	23	4	16	63	382	424	0.75	24.6
HP0776	BSU15710	29.730	37	26	0	31	67	127	163	2.0	23.5
HP0776	BSU25830	36.000	25	16	0	3	27	211	235	4.7	22.3
HP0776	BSU14800	37.037	54	16	2	10	63	107	142	4.8	22.3
HP0776	BSU06030	47.059	17	9	0	4	20	154	170	5.1	22.3
HP0776	BSU21850	28.571	42	25	1	29	65	164	205	6.2	21.9
HP0776	BSU00920	39.474	38	16	2	16	50	18	51	6.4	21.9
HP0776	BSU20340	28.000	50	32	1	17	62	72	121	8.4	21.6
HP0776	BSU12210	33.333	18	12	0	33	50	72	89	9.3	21.6
HP0777	BSU16510	51.101	227	109	2	4	229	3	228	6.40e-71	214
HP0777	BSU28470	32.143	56	35	2	164	216	173	228	0.004	34.7
HP0777	BSU13120	32.609	46	31	0	141	186	145	190	0.033	32.0
HP0777	BSU18470	34.043	47	31	0	141	187	149	195	0.044	31.6
HP0777	BSU16760	28.972	107	63	4	126	226	146	245	0.099	30.4
HP0777	BSU03790	23.077	78	57	1	144	218	199	276	0.64	27.7
HP0777	BSU27530	33.333	30	20	0	122	151	111	140	0.81	27.7
HP0777	BSU02220	37.931	29	18	0	151	179	6	34	1.1	26.9
HP0777	BSU17360	33.333	27	18	0	89	115	42	68	1.1	25.4
HP0777	BSU04030	39.394	33	18	1	166	198	15	45	1.6	25.8
HP0777	BSU00770	33.929	56	33	2	164	217	25	78	3.8	25.4
HP0777	BSU21350	28.571	70	35	2	33	89	1363	1430	4.0	25.4
HP0777	BSU38800	42.424	33	17	1	200	230	51	83	5.6	24.6
HP0777	BSU31360	22.449	98	69	2	32	124	74	169	6.1	24.6
HP0777	BSU15610	51.852	27	11	1	128	154	2	26	7.5	24.3
HP0777	BSU25470	60.000	15	6	0	18	32	397	411	8.9	24.3
HP0778	BSU23390	31.667	60	38	2	78	134	337	396	0.64	27.7
HP0778	BSU40190	34.286	70	30	4	38	93	542	609	1.8	26.6
HP0778	BSU33050	47.619	21	11	0	98	118	350	370	3.2	25.4
HP0778	BSU00300	28.704	108	65	5	5	108	40	139	4.5	24.6
HP0778	BSU26220	40.909	22	13	0	15	36	128	149	9.2	23.5
HP0778	BSU37200	35.714	28	18	0	137	164	202	229	9.7	23.9
HP0778	BSU06650	34.328	67	31	4	141	205	140	195	9.9	23.9
HP0779	BSU28260	26.923	390	220	19	463	817	100	459	1.87e-16	79.7
HP0779	BSU18000	22.931	423	233	18	480	843	212	600	9.04e-06	46.2
HP0779	BSU38410	25.773	97	60	3	116	206	43	133	0.98	29.6
HP0779	BSU29510	32.000	50	30	1	49	98	98	143	1.3	28.9
HP0779	BSU28250	28.788	66	35	1	222	287	66	119	1.6	28.5
HP0779	BSU24940	33.824	68	35	3	262	328	10	68	1.8	27.7
HP0779	BSU37280	19.355	124	87	3	713	831	216	331	2.3	28.5
HP0779	BSU10900	25.581	86	57	2	91	169	177	262	4.9	26.9
HP0779	BSU23430	39.394	33	20	0	495	527	13	45	6.2	26.2
HP0779	BSU39820	20.175	114	79	2	734	835	235	348	6.3	26.9
HP0779	BSU23140	30.000	60	42	0	371	430	464	523	9.7	26.2
HP0780	BSU35480	36.842	38	22	1	9	44	120	157	0.064	28.1
HP0780	BSU05899	31.250	32	22	0	36	67	6	37	0.77	23.5
HP0780	BSU05430	44.444	27	15	0	17	43	421	447	1.2	24.6
HP0780	BSU31860	32.653	49	33	0	38	86	584	632	1.8	23.9
HP0780	BSU30860	37.500	40	25	0	33	72	262	301	2.0	23.9
HP0780	BSU12490	57.143	14	6	0	53	66	23	36	3.0	23.1
HP0780	BSU19700	22.388	67	52	0	7	73	82	148	3.1	23.1
HP0780	BSU31260	38.462	39	22	2	25	61	523	561	3.5	23.1
HP0780	BSU29100	36.957	46	20	2	40	81	87	127	4.5	22.7
HP0780	BSU04430	50.000	14	7	0	53	66	23	36	4.7	22.7
HP0780	BSU08000	29.825	57	38	1	31	85	141	197	5.9	22.3
HP0780	BSU13440	28.000	25	18	0	3	27	6	30	7.9	21.9
HP0780	BSU07280	37.500	24	15	0	53	76	196	219	9.5	21.9
HP0781	BSU32310	34.286	35	23	0	56	90	2	36	0.14	29.3
HP0781	BSU35730	30.000	60	37	2	93	152	90	144	0.47	29.6
HP0781	BSU01920	24.590	122	80	3	111	227	23	137	1.5	27.7
HP0781	BSU08210	35.714	42	20	2	360	394	43	84	2.0	27.3
HP0781	BSU14400	26.119	134	78	4	248	369	3	127	6.9	25.8
HP0781	BSU08900	28.571	42	30	0	65	106	47	88	9.0	25.0
HP0782	BSU18730	34.884	43	25	1	231	273	48	87	1.8	26.9
HP0782	BSU19310	27.586	58	36	2	52	109	373	424	9.9	25.4
HP0783	BSU37170	35.088	57	30	3	110	162	255	308	0.38	27.7
HP0783	BSU31970	32.468	77	46	2	6	77	41	116	0.57	26.9
HP0783	BSU20230	38.095	21	13	0	116	136	44	64	2.5	24.6
HP0783	BSU19410	27.551	98	57	4	22	106	217	313	2.7	25.0
HP0783	BSU12100	29.730	37	24	1	96	130	57	93	4.1	24.6
HP0783	BSU09165	29.661	118	65	6	60	163	157	270	7.7	23.5
HP0783	BSU18240	35.714	28	16	1	127	152	96	123	8.3	23.5
HP0783	BSU16150	25.000	44	33	0	89	132	133	176	9.8	23.1
HP0785	BSU18380	25.517	145	94	4	7	144	11	148	0.82	26.6
HP0785	BSU18330	64.286	14	5	0	35	48	2509	2522	3.6	25.0
HP0785	BSU20580	38.462	26	16	0	8	33	14	39	4.1	23.9
HP0785	BSU33500	30.645	62	40	1	84	142	111	172	4.3	24.6
HP0785	BSU34470	35.000	40	21	1	137	171	271	310	5.6	24.3
HP0785	BSU12220	32.500	40	27	0	11	50	123	162	6.4	24.3
HP0786	BSU35300	48.658	857	394	12	16	856	14	840	0.0	773
HP0786	BSU02720	78.947	19	4	0	836	854	5	23	1.35e-05	45.1
HP0786	BSU25140	29.474	95	55	3	465	557	276	360	0.26	31.6
HP0786	BSU13930	32.075	53	30	1	275	321	155	207	1.3	28.9
HP0786	BSU35930	22.667	75	52	2	772	846	60	128	4.1	26.6
HP0787	BSU30410	22.905	179	131	3	236	410	260	435	4.21e-09	54.7
HP0787	BSU35250	23.932	117	86	3	274	389	169	283	0.66	28.5
HP0787	BSU34690	29.508	61	43	0	271	331	54	114	1.8	27.3
HP0787	BSU36430	28.571	35	25	0	113	147	2	36	2.9	23.9
HP0787	BSU39630	22.973	74	57	0	271	344	52	125	4.1	26.6
HP0787	BSU28070	26.400	125	60	5	1	105	119	231	4.6	25.8
HP0787	BSU08610	46.429	28	15	0	192	219	449	476	7.8	25.4
HP0787	BSU30370	23.171	82	61	1	281	360	62	143	8.0	25.4
HP0787	BSU08090	24.359	78	52	1	163	240	264	334	8.6	25.4
HP0788	BSU35020	27.083	48	35	0	114	161	7	54	0.47	29.3
HP0788	BSU20350	26.761	71	44	2	166	233	412	477	0.93	28.9
HP0788	BSU09320	33.766	77	47	3	165	240	289	362	1.3	28.1
HP0788	BSU17210	41.463	41	19	2	380	415	3980	4020	5.1	26.6
HP0788	BSU00380	28.571	70	48	2	55	122	348	417	5.1	26.6
HP0788	BSU23780	25.410	122	63	6	328	422	7	127	5.3	26.2
HP0788	BSU26760	21.333	75	41	2	259	315	24	98	9.3	25.0
HP_0789	BSU17350	66.667	15	5	0	28	42	2	16	3.9	21.2
HP_0789	BSU04160	47.222	36	15	2	4	38	242	274	4.7	21.2
HP_0789	BSU12110	41.667	24	14	0	13	36	76	99	4.9	21.2
HP_0789	BSU10110	30.000	40	28	0	6	45	51	90	5.0	21.2
HP0790	BSU33410	41.026	39	20	2	279	315	107	144	1.2	27.3
HP0790	BSU26150	30.952	42	26	1	279	320	97	135	2.2	27.3
HP0790	BSU26930	27.273	66	39	1	250	306	51	116	2.8	25.8
HP0790	BSU00070	37.500	32	20	0	71	102	736	767	6.1	25.8
HP0790	BSU38810	29.412	85	50	2	45	124	260	339	6.7	25.8
HP0790	BSU36190	60.000	20	8	0	401	420	13	32	8.4	25.4
HP0791	BSU33490	43.571	700	372	8	2	685	6	698	0.0	602
HP0791	BSU13850	32.099	648	408	11	54	685	6	637	9.81e-90	290
HP0791	BSU33500	27.891	735	456	18	3	677	76	796	1.85e-82	275
HP0791	BSU15650	22.789	294	199	9	131	403	55	341	3.97e-08	53.5
HP0791	BSU15650	31.034	87	54	3	556	641	607	688	1.70e-07	51.2
HP0791	BSU36290	43.590	39	21	1	581	618	235	273	0.067	32.7
HP0791	BSU04040	24.545	110	69	2	505	614	136	231	0.081	32.3
HP0791	BSU24100	38.095	63	36	2	200	259	535	597	0.62	30.0
HP0791	BSU14550	32.075	53	33	1	582	631	205	257	2.0	27.7
HP0791	BSU07390	38.462	39	21	1	538	576	92	127	2.1	27.3
HP0791	BSU20980	24.074	54	39	1	287	338	330	383	4.7	26.9
HP0791	BSU33510	25.000	36	27	0	5	40	7	42	5.9	24.6
HP0791	BSU33930	26.087	115	72	4	545	650	224	334	6.5	26.6
HP0791	BSU15640	40.541	37	21	1	134	170	505	540	8.8	26.2
HP0791	BSU39820	29.293	99	49	5	587	674	69	157	9.1	26.2
HP0791	BSU11140	30.612	49	34	0	579	627	216	264	9.3	25.8
HP0791	BSU36590	28.846	52	37	0	133	184	427	478	9.6	25.8
HP0792	BSU28210	25.517	145	93	6	201	334	68	208	4.99e-04	39.3
HP0792	BSU28210	30.357	112	71	6	64	171	431	539	0.030	33.5
HP0792	BSU27080	31.897	116	60	7	205	314	123	225	0.17	31.2
HP0792	BSU15560	29.508	61	39	1	7	63	139	199	1.1	28.1
HP0792	BSU07490	38.710	31	19	0	226	256	34	64	3.7	26.6
HP0792	BSU33650	27.692	65	45	1	41	103	6	70	4.3	24.6
HP0792	BSU16690	29.630	54	34	2	235	284	558	611	4.3	26.6
HP0792	BSU11370	25.610	82	60	1	184	265	10	90	8.5	25.4
HP0792	BSU32940	29.268	41	29	0	228	268	38	78	9.0	25.4
HP0793	BSU15720	39.216	153	87	1	1	153	1	147	1.82e-30	105
HP0793	BSU14560	31.690	142	72	5	30	152	32	167	4.33e-12	58.5
HP0793	BSU34340	28.767	73	47	3	53	122	119	189	3.2	25.0
HP0793	BSU30820	26.471	68	39	2	47	105	468	533	4.4	24.6
HP0793	BSU00270	40.909	22	13	0	4	25	394	415	4.4	24.6
HP0794	BSU34540	68.421	190	60	0	1	190	1	190	1.10e-96	276
HP0794	BSU29530	28.125	64	42	2	58	118	103	165	0.090	30.0
HP0794	BSU13580	26.667	135	63	6	24	140	147	263	0.43	27.7
HP0794	BSU20470	32.609	46	21	2	3	40	49	92	0.54	26.9
HP0794	BSU25390	32.075	53	35	1	52	103	56	108	1.0	26.9
HP0794	BSU02800	20.968	62	45	1	46	103	37	98	1.4	26.6
HP0794	BSU16790	21.875	64	49	1	44	106	70	133	2.3	25.4
HP0794	BSU21350	41.379	29	17	0	122	150	2257	2285	3.4	25.4
HP0794	BSU23650	25.926	27	20	0	117	143	25	51	3.9	23.9
HP0794	BSU38229	36.364	22	14	0	164	185	4	25	8.0	22.3
HP0794	BSU19150	24.390	82	50	3	43	112	5	86	8.2	23.9
HP0794	BSU12750	28.571	56	36	1	13	64	549	604	8.4	23.9
HP0794	BSU02470	36.923	65	35	4	50	109	196	259	9.3	23.9
HP0795	BSU28230	32.653	392	240	11	1	381	1	379	1.37e-49	171
HP0795	BSU32860	33.333	39	26	0	302	340	56	94	2.2	26.2
HP0795	BSU24960	22.642	106	76	3	57	162	128	227	6.7	25.4
HP0796	BSU34840	25.949	158	96	7	95	234	328	482	0.18	30.0
HP0796	BSU40800	38.235	34	21	0	115	148	32	65	0.85	26.9
HP0796	BSU34950	36.207	58	29	2	5	54	13	70	2.3	26.2
HP0796	BSU16470	31.250	32	22	0	139	170	87	118	6.2	25.0
HP0796	BSU34440	35.714	28	18	0	158	185	14	41	9.6	24.6
HP0797	BSU04170	26.957	115	65	3	80	194	266	361	1.5	26.9
HP0797	BSU06470	66.667	15	5	0	149	163	37	51	2.5	25.8
HP0797	BSU27750	32.353	68	33	4	92	155	81	139	5.8	24.6
HP0797	BSU17210	32.143	28	19	0	65	92	4016	4043	6.5	25.0
HP0797	BSU40060	26.829	41	30	0	42	82	74	114	7.4	24.6
HP0797	BSU09060	46.154	26	14	0	229	254	78	103	8.8	23.9
HP0798	BSU05960	48.387	155	76	2	3	154	4	157	1.82e-46	146
HP0798	BSU18340	26.923	78	52	2	48	125	2205	2277	0.41	27.7
HP0798	BSU35470	26.957	115	72	4	1	115	97	199	1.2	26.2
HP0798	BSU30420	32.203	59	30	2	47	98	31	86	1.9	25.4
HP0798	BSU01120	52.632	19	9	0	15	33	19	37	7.1	23.9
HP0798	BSU39590	25.000	40	30	0	36	75	42	81	7.4	23.1
HP0798	BSU11030	37.500	24	15	0	32	55	266	289	9.2	23.5
HP0799	BSU29460	37.069	116	66	3	44	154	50	163	1.59e-20	80.5
HP0799	BSU16930	33.333	45	28	2	42	86	41	83	0.028	31.2
HP0799	BSU15160	23.622	127	87	4	2	122	59	181	1.7	25.8
HP0799	BSU23800	37.143	35	22	0	61	95	158	192	1.7	25.8
HP0799	BSU00410	38.182	55	30	2	97	147	57	111	3.9	24.6
HP0799	BSU13780	33.333	39	23	1	56	91	36	74	4.2	24.6
HP0799	BSU29180	37.838	37	23	0	27	63	232	268	5.1	24.6
HP0799	BSU14280	26.966	89	51	4	52	138	236	312	6.3	24.3
HP0799	BSU05180	44.000	25	14	0	13	37	18	42	6.4	24.3
HP0799	BSU34930	27.083	48	35	0	34	81	38	85	8.6	23.9
HP0799	BSU11240	46.154	26	14	0	126	151	968	993	9.3	23.9
HP0800	BSU14300	24.812	133	79	4	2	123	4	126	2.09e-07	44.7
HP0800	BSU36830	26.136	88	50	3	25	108	187	263	1.4	25.8
HP0800	BSU13190	29.091	55	31	2	5	59	252	298	2.6	24.6
HP0800	BSU35040	41.379	29	13	1	113	137	709	737	5.0	24.3
HP0800	BSU37840	34.211	38	25	0	37	74	97	134	8.8	23.1
HP0800	BSU39260	28.333	60	29	2	49	102	150	201	9.1	23.1
HP0800	BSU34120	24.444	45	32	2	51	93	255	299	9.7	23.1
HP0801	BSU14310	38.000	50	29	2	24	73	30	77	2.80e-07	40.4
HP0801	BSU12160	42.857	28	16	0	42	69	51	78	0.030	28.5
HP0801	BSU26580	46.667	30	14	1	10	37	87	116	0.86	24.3
HP0801	BSU24640	56.250	16	7	0	49	64	118	133	0.88	24.3
HP0801	BSU05430	41.935	31	16	2	39	68	553	582	0.90	24.3
HP0801	BSU08250	58.824	17	7	0	49	65	197	213	2.1	23.1
HP0801	BSU01380	30.556	36	23	1	33	66	58	93	2.3	23.1
HP0801	BSU21040	44.231	52	24	3	21	70	51	99	2.3	23.1
HP0801	BSU00410	40.000	25	15	0	45	69	33	57	5.1	21.9
HP0801	BSU30230	58.824	17	5	1	54	70	408	422	5.1	22.3
HP0801	BSU19260	50.000	18	9	0	44	61	121	138	5.6	21.9
HP0801	BSU31875	61.905	21	7	1	44	64	152	171	5.6	21.9
HP0801	BSU12140	35.294	34	22	0	39	72	18	51	5.7	21.9
HP0801	BSU33880	38.462	26	13	1	48	70	82	107	5.8	21.9
HP0801	BSU27520	25.000	28	21	0	46	73	37	64	5.9	21.9
HP0801	BSU36770	37.838	37	16	1	23	59	145	174	6.9	21.6
HP0801	BSU19240	29.032	31	22	0	23	53	20	50	9.5	21.2
HP0802	BSU23260	49.189	185	90	3	12	192	212	396	1.86e-54	175
HP0802	BSU00880	34.783	46	29	1	77	121	115	160	0.36	28.1
HP0802	BSU12890	25.287	87	62	2	21	104	52	138	0.93	26.9
HP0802	BSU05010	29.688	64	43	1	120	181	291	354	1.2	26.6
HP0802	BSU35720	41.176	34	19	1	7	39	710	743	2.9	25.4
HP0802	BSU15770	23.276	116	74	4	81	188	413	521	3.1	25.4
HP0802	BSU18980	34.783	46	24	1	124	163	33	78	4.6	24.6
HP0802	BSU29410	30.000	30	21	0	32	61	15	44	4.8	24.6
HP0802	BSU35520	28.358	67	43	2	3	64	66	132	6.0	24.3
HP0802	BSU09620	24.658	73	47	2	26	98	53	117	8.6	23.9
HP0802	BSU13880	36.170	47	23	3	93	139	37	76	9.6	23.5
HP0803	BSU34140	22.535	71	52	1	10	80	5	72	0.023	32.3
HP0803	BSU37150	27.869	61	37	2	54	113	251	305	2.2	26.6
HP0803	BSU30360	40.000	45	18	2	207	242	16	60	3.9	25.4
HP0803	BSU04670	23.469	98	53	4	167	249	114	204	4.3	25.4
HP0803	BSU09000	27.907	43	25	1	212	254	39	75	6.1	24.6
HP0803	BSU06930	25.806	31	23	0	90	120	70	100	6.4	23.9
HP0803	BSU35830	34.783	69	36	4	183	247	37	100	8.0	24.6
HP0804	BSU23260	40.104	384	170	9	6	344	5	373	6.90e-80	246
HP0804	BSU17200	32.075	53	36	0	60	112	2144	2196	1.2	28.1
HP0804	BSU28590	39.474	38	22	1	306	342	102	139	1.5	27.3
HP0804	BSU25660	34.375	32	21	0	4	35	158	189	4.1	25.8
HP0804	BSU15160	29.851	67	41	1	190	256	297	357	4.5	25.8
HP0804	BSU19160	31.429	35	21	1	50	81	100	134	5.2	25.0
HP0804	BSU31080	46.154	26	14	0	181	206	128	153	5.6	25.0
HP0805	BSU33090	25.620	121	67	4	1	111	205	312	0.18	30.0
HP0805	BSU32320	44.828	29	15	1	141	168	49	77	2.0	26.2
HP0805	BSU34990	43.750	16	9	0	58	73	174	189	4.1	25.4
HP0805	BSU40930	26.250	80	52	2	58	137	423	495	4.5	25.8
HP0805	BSU07460	24.074	54	41	0	16	69	273	326	5.3	25.4
HP0805	BSU16740	26.984	63	41	2	94	151	6	68	7.1	24.6
HP0805	BSU01640	33.333	30	20	0	110	139	126	155	7.5	25.0
HP0805	BSU22320	24.167	120	49	6	167	283	127	207	8.0	25.0
HP0805	BSU24060	54.167	24	11	0	180	203	11	34	8.9	24.6
HP0805	BSU14570	21.898	137	71	5	5	140	81	182	9.2	24.3
HP0806	BSU07290	22.857	105	68	5	32	127	203	303	0.67	27.3
HP0806	BSU10620	23.171	82	49	2	29	96	51	132	2.2	26.2
HP0806	BSU04960	23.457	81	58	1	9	85	597	677	2.6	25.8
HP0806	BSU12069	52.632	19	8	1	164	182	26	43	3.0	23.9
HP0806	BSU38380	29.268	41	29	0	127	167	68	108	3.8	25.0
HP0806	BSU20350	32.609	46	31	0	87	132	9	54	4.4	25.0
HP0806	BSU31890	35.294	34	22	0	99	132	6	39	5.3	24.6
HP0806	BSU40240	36.667	30	19	0	69	98	36	65	5.7	23.9
HP0806	BSU05000	30.645	62	35	3	67	128	59	112	6.0	24.3
HP0806	BSU08800	28.986	69	41	3	61	129	20	80	8.2	24.3
HP0806	BSU26300	54.545	22	9	1	65	86	43	63	9.5	22.3
HP0807	BSU12150	44.828	29	15	1	328	355	84	112	1.1	28.9
HP0807	BSU21100	39.024	41	23	2	328	368	250	288	1.6	28.5
HP0807	BSU12940	28.302	53	38	0	15	67	61	113	2.7	27.7
HP0807	BSU26820	27.778	72	44	2	519	588	93	158	3.0	27.3
HP0807	BSU10950	28.358	67	43	2	429	490	49	115	4.1	26.9
HP0807	BSU21840	33.962	53	26	2	421	473	134	177	5.2	26.6
HP0807	BSU35170	50.000	22	11	0	272	293	84	105	7.3	26.6
HP0808	BSU04620	38.983	118	61	3	2	114	5	116	4.48e-17	68.6
HP0808	BSU00220	35.714	42	27	0	22	63	33	74	0.29	25.8
HP0808	BSU13040	32.143	56	33	1	41	91	246	301	1.9	24.6
HP0808	BSU01880	31.579	38	22	1	24	61	44	77	2.1	24.3
HP0808	BSU23200	26.829	41	30	0	10	50	98	138	3.0	23.9
HP0808	BSU28790	31.250	48	26	1	61	101	456	503	5.6	23.5
HP0808	BSU01860	37.255	51	29	2	57	106	1	49	8.6	22.7
HP0809	BSU16300	31.461	89	58	1	95	183	55	140	1.95e-09	50.8
HP0809	BSU40360	33.333	36	19	1	3	33	7	42	1.2	26.6
HP0809	BSU06950	23.214	56	39	1	105	160	49	100	1.6	26.2
HP0809	BSU07920	29.851	67	32	2	32	93	240	296	2.0	25.8
HP0809	BSU10950	26.866	67	47	1	63	129	113	177	5.2	24.3
HP0809	BSU22140	30.909	55	26	2	97	151	54	96	5.4	24.3
HP0809	BSU12672	52.381	21	10	0	11	31	20	40	6.5	22.3
HP0809	BSU03030	40.000	35	21	0	19	53	129	163	8.6	23.5
HP0810	BSU15010	26.943	193	127	3	10	200	1	181	1.99e-22	86.7
HP0810	BSU21370	35.714	42	23	1	95	136	109	146	1.6	26.2
HP0810	BSU35040	37.500	24	15	0	158	181	775	798	4.1	25.0
HP0810	BSU27370	36.538	52	29	2	94	144	254	302	4.9	24.6
HP0810	BSU11880	48.148	27	13	1	70	95	295	321	5.9	24.6
HP0810	BSU29750	33.333	60	33	2	133	192	63	115	7.2	24.3
HP0810	BSU01920	26.250	80	40	3	71	145	39	104	7.2	24.3
HP0810	BSU08410	37.931	29	18	0	141	169	117	145	7.8	23.9
HP0811	BSU25460	29.268	41	29	0	58	98	13	53	1.1	25.0
HP0811	BSU40920	32.836	67	39	4	31	94	131	194	1.3	25.0
HP0811	BSU18970	33.333	30	20	0	4	33	722	751	2.5	24.3
HP0811	BSU40740	37.500	24	15	0	43	66	32	55	3.4	23.5
HP0811	BSU16600	33.333	24	16	0	19	42	282	305	4.8	23.1
HP0811	BSU33400	52.941	17	8	0	60	76	35	51	5.1	23.1
HP0811	BSU34560	42.857	28	16	0	65	92	389	416	5.4	23.1
HP0812	BSU08140	30.986	71	32	4	169	236	129	185	0.42	28.5
HP0812	BSU08130	31.818	66	30	4	173	236	100	152	1.1	26.9
HP0812	BSU00070	33.333	63	35	2	273	333	413	470	1.5	27.3
HP0812	BSU17770	32.143	28	19	0	238	265	371	398	2.3	26.6
HP0812	BSU34750	34.545	55	30	2	270	320	147	199	6.4	25.4
HP0812	BSU27070	42.857	28	14	1	225	252	98	123	7.2	24.6
HP0813	BSU24790	25.000	208	140	8	1	197	1	203	4.71e-13	62.4
HP0813	BSU17090	26.857	175	111	6	15	185	21	182	4.09e-09	51.6
HP0813	BSU40700	26.429	140	80	6	13	143	34	159	1.76e-06	43.9
HP0813	BSU26510	32.624	141	71	8	51	184	173	296	3.46e-06	43.5
HP0813	BSU14530	31.429	70	43	3	23	92	49	113	3.19e-04	37.7
HP0813	BSU16780	25.510	98	57	3	8	91	17	112	0.001	35.8
HP0813	BSU29410	36.364	55	32	2	26	78	20	73	0.016	32.0
HP0813	BSU07620	34.545	55	26	2	14	58	32	86	0.030	31.2
HP0813	BSU19080	26.923	78	51	2	14	86	22	98	0.053	30.4
HP0813	BSU18370	30.303	33	23	0	37	69	431	463	0.36	28.5
HP0813	BSU23840	25.731	171	79	10	27	183	35	171	1.0	26.9
HP0813	BSU40370	26.471	68	43	2	26	87	26	92	1.5	26.2
HP0813	BSU10780	29.091	55	36	2	78	131	107	159	1.7	25.8
HP0813	BSU13730	28.846	52	29	1	8	59	40	83	2.3	25.4
HP0813	BSU19390	40.000	30	16	1	102	131	73	100	2.7	25.4
HP0813	BSU30370	50.000	26	11	1	153	176	328	353	3.6	25.4
HP0813	BSU09165	22.549	102	62	4	112	196	28	129	4.5	24.6
HP0813	BSU10240	28.571	49	25	1	42	80	49	97	6.4	24.3
HP0813	BSU32910	24.000	75	54	1	6	80	38	109	8.2	23.5
HP0813	BSU23550	35.294	34	22	0	13	46	316	349	9.1	23.9
HP0813	BSU13120	26.786	56	37	1	129	180	299	354	9.5	23.9
HP0813	BSU15880	37.037	27	12	1	127	148	159	185	9.5	23.5
HP0813	BSU16090	30.189	53	34	2	129	179	193	244	9.6	23.9
HP0814	BSU14270	35.039	254	158	5	7	253	2	255	3.55e-39	136
HP0814	BSU11700	31.890	254	160	8	9	254	4	252	1.44e-33	121
HP0814	BSU27540	31.008	129	88	1	19	146	12	140	1.09e-06	45.4
HP0814	BSU22320	27.103	107	66	2	50	155	202	297	0.28	29.3
HP0814	BSU28170	27.119	59	43	0	32	90	185	243	0.32	28.9
HP0814	BSU27400	38.462	26	16	0	166	191	22	47	2.6	24.6
HP0814	BSU16660	29.545	88	49	5	103	181	213	296	3.7	25.4
HP0814	BSU33420	22.857	70	52	1	10	79	207	274	4.1	25.4
HP0814	BSU15080	40.000	20	12	0	230	249	21	40	4.6	23.5
HP0814	BSU24100	44.118	34	18	1	30	62	2	35	5.4	25.0
HP0814	BSU26670	41.667	24	13	1	178	200	205	228	9.3	24.3
HP0814	BSU39110	28.814	59	38	2	195	249	159	217	9.8	24.3
HP0815	BSU13690	33.333	246	163	1	1	245	1	246	1.39e-50	164
HP0815	BSU29730	31.696	224	153	0	30	253	35	258	8.35e-37	128
HP0815	BSU14440	43.333	30	15	1	9	38	70	97	1.5	26.6
HP0815	BSU01960	31.034	58	34	3	158	215	9	60	2.0	26.6
HP0815	BSU37780	30.000	70	32	2	197	249	310	379	2.4	26.2
HP0815	BSU06370	34.884	43	28	0	158	200	300	342	3.6	25.8
HP0815	BSU02260	25.862	58	43	0	83	140	191	248	6.3	24.6
HP0815	BSU08510	38.235	34	19	1	136	167	135	168	8.9	24.3
HP0816	BSU13680	27.615	239	149	6	14	232	16	250	1.34e-20	85.1
HP0816	BSU29720	27.232	224	139	8	16	230	24	232	4.14e-15	69.7
HP0816	BSU05830	29.630	27	19	0	172	198	61	87	0.94	27.3
HP0816	BSU26210	32.000	25	17	0	154	178	114	138	1.7	26.2
HP0816	BSU38360	27.143	70	47	1	39	104	264	333	4.9	25.0
HP0816	BSU16780	32.432	37	25	0	154	190	361	397	5.6	25.0
HP0816	BSU05650	38.889	36	20	2	12	47	766	799	6.9	25.0
HP0816	BSU07810	55.556	18	8	0	9	26	286	303	9.2	24.3
HP0817	BSU24240	28.571	28	20	0	8	35	454	481	3.3	24.6
HP0817	BSU09200	37.500	40	21	1	3	42	2	37	5.6	23.5
HP0817	BSU34460	29.787	47	33	0	38	84	339	385	6.1	23.9
HP0818	BSU33810	31.849	292	187	6	267	550	11	298	5.27e-44	155
HP0818	BSU33710	31.333	300	197	6	259	550	2	300	8.86e-41	146
HP0818	BSU33700	32.663	199	133	1	36	233	1	199	3.66e-29	112
HP0818	BSU33720	31.606	193	129	1	59	248	21	213	4.54e-28	108
HP0818	BSU33800	31.443	194	121	2	41	233	17	199	4.04e-27	106
HP0818	BSU33820	31.892	185	126	0	58	242	20	204	2.97e-26	103
HP0818	BSU02990	23.832	214	143	3	50	260	83	279	1.16e-14	71.2
HP0818	BSU08850	26.347	167	122	1	77	242	100	266	1.26e-09	56.2
HP0818	BSU32740	29.697	165	99	5	66	214	27	190	2.73e-08	51.6
HP0818	BSU30620	22.703	185	128	3	75	254	96	270	3.03e-05	42.7
HP0818	BSU23810	42.308	26	15	0	93	118	475	500	2.0	27.7
HP0818	BSU05650	41.379	29	17	0	106	134	293	321	2.6	27.7
HP0818	BSU18970	29.310	58	35	2	419	470	524	581	2.7	27.7
HP0818	BSU05190	36.923	65	36	1	161	225	29	88	3.2	27.3
HP0818	BSU11870	28.750	80	47	3	347	426	137	206	4.0	26.9
HP0818	BSU36000	28.302	106	53	5	295	379	17	120	4.6	26.6
HP0818	BSU29670	26.042	96	60	4	296	384	40	131	5.1	26.6
HP0818	BSU11900	35.088	57	27	2	297	346	101	154	5.8	26.2
HP0818	BSU30950	25.352	71	43	3	84	148	347	413	7.0	26.2
HP0818	BSU12370	26.562	64	33	2	297	360	189	238	7.2	25.8
HP0818	BSU32200	26.446	121	80	4	152	264	99	218	7.5	25.8
HP0818	BSU24660	20.455	44	35	0	343	386	6	49	8.4	23.9
HP0819	BSU33730	38.389	211	127	2	4	211	1	211	2.73e-48	159
HP0819	BSU33830	36.019	211	132	2	4	211	1	211	1.11e-43	147
HP0819	BSU32550	34.975	203	131	1	5	207	4	205	7.71e-38	132
HP0819	BSU08830	38.318	214	121	5	1	211	1	206	1.04e-37	129
HP0819	BSU02980	35.567	194	116	4	24	210	53	244	6.19e-37	130
HP0819	BSU23960	35.885	209	127	4	4	207	1	207	1.79e-36	125
HP0819	BSU30420	37.566	189	109	3	18	199	23	209	9.08e-36	123
HP0819	BSU01460	35.500	200	120	3	16	207	6	204	4.16e-35	122
HP0819	BSU30380	35.294	187	114	2	19	199	22	207	2.27e-34	120
HP0819	BSU38810	36.410	195	123	1	22	216	22	215	7.51e-34	121
HP0819	BSU33270	34.562	217	129	6	4	210	1	214	1.31e-33	117
HP0819	BSU39640	32.692	208	130	3	1	199	1	207	1.40e-33	118
HP0819	BSU14360	34.759	187	114	3	19	199	20	204	2.60e-32	114
HP0819	BSU03590	34.884	215	129	5	4	209	1	213	3.97e-32	114
HP0819	BSU38660	28.502	207	141	3	4	210	1	200	2.11e-30	110
HP0819	BSU27430	32.701	211	135	4	4	209	1	209	2.64e-30	109
HP0819	BSU30610	34.500	200	117	4	7	199	6	198	3.49e-30	109
HP0819	BSU39480	32.558	215	129	5	4	207	1	210	3.28e-29	106
HP0819	BSU01450	31.220	205	134	4	3	201	5	208	4.96e-29	106
HP0819	BSU03730	31.818	198	130	2	8	200	7	204	4.99e-29	105
HP0819	BSU02860	30.233	215	137	4	4	210	3	212	1.53e-28	104
HP0819	BSU34700	33.880	183	114	3	23	199	28	209	2.65e-28	104
HP0819	BSU29340	30.189	212	138	4	4	207	1	210	1.41e-27	102
HP0819	BSU04490	30.556	216	136	5	4	211	5	214	3.51e-27	102
HP0819	BSU32750	31.132	212	136	4	4	206	1	211	3.97e-27	102
HP0819	BSU02750	27.358	212	146	5	4	209	1	210	5.04e-27	100
HP0819	BSU08310	28.643	199	139	3	8	205	5	201	2.13e-26	100
HP0819	BSU30760	29.703	202	131	5	5	200	4	200	4.21e-26	98.6
HP0819	BSU35260	29.534	193	129	3	23	210	21	211	1.41e-25	96.7
HP0819	BSU34090	30.435	207	137	4	1	207	2	201	8.11e-25	95.9
HP0819	BSU09890	28.000	200	140	3	4	203	1	196	3.88e-24	94.4
HP0819	BSU09080	27.053	207	144	4	1	205	1	202	7.83e-24	93.6
HP0819	BSU12250	32.620	187	119	3	19	203	31	212	1.30e-22	89.4
HP0819	BSU11370	29.381	194	124	4	24	206	40	231	1.68e-22	90.1
HP0819	BSU32940	29.858	211	143	3	5	210	6	216	2.42e-22	89.0
HP0819	BSU02570	26.699	206	142	4	1	203	1	200	1.87e-21	87.0
HP0819	BSU34820	28.000	200	129	6	5	194	341	535	4.15e-21	87.8
HP0819	BSU13220	28.718	195	130	6	4	195	294	482	1.15e-20	86.3
HP0819	BSU13220	30.275	218	136	8	3	207	6	220	1.34e-20	86.3
HP0819	BSU24950	27.928	222	136	6	2	206	11	225	3.40e-20	82.8
HP0819	BSU05610	30.516	213	96	7	1	205	1	169	4.86e-20	84.7
HP0819	BSU05610	26.000	200	116	7	2	195	289	462	1.18e-12	63.2
HP0819	BSU10040	25.628	199	145	3	4	201	3	199	5.40e-20	82.0
HP0819	BSU13000	31.443	194	118	5	24	205	31	221	1.41e-19	82.0
HP0819	BSU11470	28.351	194	129	3	22	205	27	220	2.51e-19	81.3
HP0819	BSU08210	32.524	206	124	7	5	201	330	529	5.01e-19	81.6
HP0819	BSU24960	29.630	216	136	7	4	206	22	234	2.45e-18	78.2
HP0819	BSU12950	25.751	233	153	6	1	213	1	233	5.53e-18	77.8
HP0819	BSU38730	28.358	201	125	6	5	194	337	529	6.64e-18	78.6
HP0819	BSU15340	26.941	219	145	5	4	210	2	217	9.11e-18	76.3
HP0819	BSU03820	27.778	198	134	3	4	195	1	195	1.15e-17	75.9
HP0819	BSU30010	25.000	200	137	4	6	205	8	194	2.17e-17	74.7
HP0819	BSU11460	31.863	204	121	8	10	195	15	218	4.71e-17	75.5
HP0819	BSU37230	30.583	206	115	7	5	194	333	526	5.19e-17	75.9
HP0819	BSU09070	26.768	198	137	4	5	202	3	192	2.34e-16	72.0
HP0819	BSU40620	25.243	206	149	3	4	209	1	201	3.70e-16	71.2
HP0819	BSU09710	29.327	208	128	9	5	200	337	537	3.95e-16	73.2
HP0819	BSU33290	25.000	212	152	4	5	210	4	214	1.36e-15	70.5
HP0819	BSU11360	30.526	190	114	7	22	195	28	215	2.35e-15	70.5
HP0819	BSU01950	26.596	188	136	2	3	190	2	187	2.39e-15	69.3
HP0819	BSU07420	24.891	229	122	8	4	195	3	218	3.16e-15	70.5
HP0819	BSU07420	24.352	193	127	3	15	207	335	508	3.65e-10	55.8
HP0819	BSU07490	26.214	206	137	4	8	203	7	207	2.00e-14	67.0
HP0819	BSU08690	28.571	217	124	7	5	206	341	541	6.49e-14	66.6
HP0819	BSU14320	28.571	196	128	7	5	191	335	527	1.13e-13	66.2
HP0819	BSU14430	24.779	226	139	6	4	204	1	220	1.17e-13	65.9
HP0819	BSU14430	25.316	79	55	1	131	209	435	509	0.31	28.5
HP0819	BSU30450	25.532	188	132	4	19	205	16	196	2.68e-13	64.3
HP0819	BSU14330	26.601	203	127	7	5	194	363	556	5.40e-13	63.9
HP0819	BSU31550	22.222	216	160	4	1	210	1	214	5.77e-13	63.9
HP0819	BSU31550	23.204	181	121	6	3	167	255	433	1.60e-05	42.0
HP0819	BSU07370	26.383	235	137	7	4	210	3	229	7.81e-13	63.5
HP0819	BSU07370	25.000	196	130	5	2	195	316	496	5.33e-09	52.4
HP0819	BSU33160	28.571	196	130	4	8	195	4	197	7.97e-12	60.5
HP0819	BSU08220	24.390	205	143	7	5	201	366	566	8.44e-12	60.5
HP0819	BSU21470	28.061	196	127	5	17	205	496	684	1.00e-11	60.5
HP0819	BSU35940	24.365	197	140	5	5	194	3	197	3.17e-11	58.9
HP0819	BSU35940	20.707	198	143	6	13	198	260	455	1.40e-06	45.1
HP0819	BSU09720	26.866	201	124	7	5	191	430	621	4.89e-11	58.5
HP0819	BSU05950	23.932	234	146	5	4	209	3	232	2.73e-10	56.2
HP0819	BSU05950	20.952	210	147	6	3	211	325	516	7.63e-09	52.0
HP0819	BSU38740	25.773	194	117	5	22	196	345	530	9.85e-10	54.3
HP0819	BSU32710	27.273	209	124	9	5	194	6	205	2.62e-09	52.4
HP0819	BSU37390	24.855	173	116	5	4	167	3	170	1.46e-07	47.4
HP0819	BSU35700	21.778	225	142	6	1	205	1	211	2.53e-04	38.1
HP0819	BSU35160	34.615	78	48	2	121	196	472	548	3.56e-04	37.7
HP0819	BSU35160	50.000	32	16	0	20	51	622	653	0.26	28.9
HP0819	BSU35160	30.159	63	40	2	136	195	828	889	1.5	26.6
HP0819	BSU35160	40.625	32	16	1	15	46	14	42	5.3	25.0
HP0819	BSU40150	23.881	201	130	5	5	202	1	181	5.52e-04	36.6
HP0819	BSU01660	31.081	74	36	3	59	129	287	348	0.35	28.5
HP0819	BSU16240	41.379	29	17	0	22	50	150	178	1.1	26.9
HP0819	BSU12420	21.154	52	39	1	12	63	204	253	2.6	25.8
HP0819	BSU24240	38.889	36	19	2	16	50	9	42	6.3	24.6
HP0819	BSU07820	30.682	88	44	3	109	190	89	165	6.8	24.3
HP0819	BSU18220	37.500	40	23	1	156	193	16	55	8.3	23.9
HP0819	BSU02810	30.612	49	32	1	4	50	91	139	9.1	23.5
HP0819	BSU25290	37.931	29	17	1	24	52	3	30	9.3	23.9
HP0819	BSU07590	31.707	41	28	0	115	155	178	218	9.7	23.9
HP0819a	BSU05570	29.310	58	38	1	2	59	8	62	0.13	25.4
HP0819a	BSU17620	32.787	61	35	2	4	58	2	62	0.15	25.8
HP0819a	BSU19400	39.286	28	15	1	15	40	12	39	2.9	22.3
HP0819a	BSU39330	37.931	29	16	1	1	27	1	29	3.5	21.9
HP0819a	BSU35540	28.846	52	21	2	10	47	288	337	7.9	21.2
HP0819a	BSU09190	33.333	39	19	2	23	54	1137	1175	8.2	21.2
HP0819a	BSU09190	29.730	37	26	0	20	56	75	111	9.9	20.8
HP0820	BSU12310	30.159	63	33	3	61	123	381	432	3.9	24.6
HP0820	BSU04520	37.931	29	14	1	114	138	352	380	6.9	23.5
HP0820	BSU18300	44.444	27	14	1	16	41	3	29	7.5	23.9
HP0820	BSU28730	45.833	24	13	0	115	138	161	184	8.1	23.5
HP0821	BSU28490	31.429	595	346	19	11	582	12	567	3.98e-76	250
HP0821	BSU32620	25.287	87	55	2	13	99	42	118	3.51e-05	40.8
HP0821	BSU02940	40.741	27	16	0	265	291	103	129	0.75	29.3
HP0821	BSU15660	38.462	39	22	1	175	213	139	175	6.8	26.2
HP0821	BSU11820	30.769	39	27	0	305	343	171	209	6.9	26.2
HP0821	BSU10200	33.333	42	22	1	252	287	285	326	6.9	26.2
HP0821	BSU12990	25.773	97	61	4	67	161	57	144	8.4	25.8
HP0822	BSU32260	37.705	427	257	6	3	420	2	428	8.65e-92	281
HP0822	BSU22610	44.186	43	24	0	330	372	287	329	0.005	35.4
HP0822	BSU38390	30.952	84	49	4	135	214	25	103	0.33	29.6
HP0822	BSU19740	35.294	51	32	1	294	343	269	319	0.37	29.6
HP0822	BSU19650	33.333	39	26	0	204	242	79	117	0.44	28.9
HP0822	BSU13240	21.488	121	78	1	261	381	87	190	1.0	27.7
HP0822	BSU28920	30.435	46	32	0	234	279	168	213	1.9	26.9
HP0822	BSU01990	25.556	90	38	3	20	103	87	153	4.5	26.2
HP0822	BSU03480	26.829	82	49	3	215	293	716	789	4.7	26.6
HP0822	BSU06480	38.462	26	16	0	158	183	675	700	5.4	26.2
HP0822	BSU23550	50.000	20	10	0	140	159	367	386	7.1	25.4
HP0822	BSU18560	44.444	18	10	0	6	23	165	182	7.9	25.4
HP0822	BSU35040	22.857	70	51	1	47	113	767	836	9.3	25.4
HP0823	BSU09220	29.167	96	54	3	15	105	14	100	0.002	32.7
HP0823	BSU21330	33.333	36	24	0	66	101	44	79	0.64	25.8
HP0823	BSU08080	48.276	29	15	0	41	69	45	73	1.7	24.6
HP0823	BSU06720	33.333	33	22	0	53	85	132	164	2.0	24.6
HP0823	BSU17420	28.395	81	50	3	3	79	76	152	2.4	24.3
HP0823	BSU37870	36.667	30	19	0	53	82	236	265	3.4	23.9
HP0823	BSU17200	30.303	33	22	1	63	94	2928	2960	3.8	23.9
HP0823	BSU19150	27.273	33	24	0	74	106	44	76	3.9	23.5
HP0823	BSU02890	27.778	72	40	2	45	114	11	72	5.1	23.1
HP0823	BSU15770	26.087	69	46	3	15	82	506	570	5.2	23.5
HP0823	BSU11010	37.931	29	18	0	61	89	575	603	5.4	23.5
HP0823	BSU33290	27.143	70	40	3	36	105	206	264	5.6	23.1
HP0823	BSU20810	34.483	29	19	0	28	56	329	357	5.8	23.1
HP0823	BSU40720	30.303	33	18	1	9	36	98	130	6.2	22.7
HP0823	BSU25260	34.483	29	19	0	84	112	284	312	6.2	23.1
HP0823	BSU26380	25.000	56	42	0	32	87	101	156	9.2	22.3
HP0824	BSU28500	51.485	101	49	0	5	105	4	104	2.59e-35	114
HP0824	BSU04550	30.337	89	60	2	8	95	6	93	5.32e-09	47.0
HP0824	BSU20030	30.556	72	43	2	20	90	1	66	8.66e-09	45.8
HP0824	BSU18010	24.528	106	55	2	22	102	63	168	5.93e-08	45.1
HP0824	BSU29840	26.733	101	70	3	5	105	4	100	3.77e-06	39.3
HP0824	BSU21460	26.923	78	51	2	30	103	58	133	1.46e-05	38.1
HP0824	BSU32770	25.000	80	58	2	6	85	3	80	3.26e-04	34.3
HP0824	BSU23150	25.000	112	53	5	18	102	63	170	6.16e-04	34.3
HP0824	BSU05510	25.455	55	40	1	28	82	30	83	7.09e-04	33.5
HP0824	BSU13840	24.528	106	53	3	21	99	56	161	0.005	31.6
HP0824	BSU14230	19.672	122	70	2	13	106	24	145	0.013	30.4
HP0824	BSU32810	29.630	27	19	0	20	46	1	27	1.7	24.3
HP0824	BSU33070	46.154	26	14	0	64	89	55	80	1.7	24.6
HP0824	BSU29290	25.758	66	34	2	1	59	48	105	2.8	23.9
HP0824	BSU11550	38.710	31	19	0	17	47	18	48	3.9	23.5
HP0824	BSU13530	50.000	18	9	0	87	104	2	19	4.5	23.5
HP0824	BSU33950	36.111	36	15	2	59	92	262	291	5.0	23.1
HP0824	BSU34190	25.000	92	61	2	5	88	287	378	5.3	23.1
HP0824	BSU19000	56.250	16	7	0	73	88	549	564	6.2	23.1
HP0824	BSU12980	34.694	49	23	3	20	66	105	146	6.2	22.7
HP0824	BSU09290	43.478	23	13	0	64	86	6	28	7.1	22.7
HP0825	BSU34790	38.065	310	184	5	1	310	6	307	7.54e-68	211
HP0825	BSU40100	30.612	294	189	7	18	308	225	506	9.53e-34	126
HP0825	BSU32110	28.746	327	193	13	3	309	9	315	8.73e-27	104
HP0825	BSU03270	27.554	323	204	11	3	309	9	317	4.49e-26	102
HP0825	BSU22950	24.038	312	176	13	6	282	8	293	3.15e-07	47.8
HP0825	BSU26640	24.242	198	97	10	1	163	1	180	0.005	35.0
HP0825	BSU03320	25.843	89	63	1	93	178	92	180	0.009	34.7
HP0825	BSU18240	31.081	74	44	2	52	122	299	368	0.010	33.9
HP0825	BSU18440	26.519	362	177	20	5	308	156	486	0.051	32.0
HP0825	BSU14610	22.941	340	211	15	3	304	11	337	0.053	32.0
HP0825	BSU03300	27.027	185	114	7	106	281	105	277	0.37	29.3
HP0825	BSU28440	52.381	21	10	0	261	281	356	376	0.89	28.1
HP0825	BSU41010	46.429	28	15	0	3	30	9	36	1.2	27.7
HP0825	BSU30710	30.357	56	38	1	17	72	48	102	1.2	27.7
HP0825	BSU30060	43.750	32	17	1	3	34	5	35	1.6	26.9
HP0825	BSU30060	31.818	44	29	1	93	135	147	190	8.5	24.6
HP0825	BSU24060	37.143	35	22	0	3	37	6	40	4.1	25.8
HP0825	BSU34660	38.889	36	18	1	275	310	106	137	6.1	25.4
HP0825	BSU24640	26.667	45	28	1	224	263	150	194	8.5	24.6
HP0826	BSU12430	22.881	118	81	4	55	169	211	321	0.030	32.3
HP0826	BSU34840	26.316	57	35	2	56	110	224	275	1.6	26.9
HP0826	BSU03130	26.437	87	55	2	166	248	15	96	2.5	26.2
HP0826	BSU04780	23.762	101	64	4	51	140	554	652	7.2	25.0
HP0826	BSU30135	34.000	50	30	2	3	51	238	285	7.6	24.6
HP0826	BSU31860	48.485	33	16	1	117	148	559	591	8.1	24.6
HP0826	BSU21990	47.619	21	11	0	215	235	72	92	9.4	23.9
HP0827	BSU25560	30.435	46	31	1	34	79	39	83	1.4	24.3
HP0827	BSU20980	31.818	22	15	0	20	41	188	209	2.1	23.5
HP0827	BSU17190	28.846	52	32	2	16	66	2780	2827	3.4	23.1
HP0827	BSU17190	34.615	26	17	0	16	41	2639	2664	5.9	22.3
HP0827	BSU38990	33.333	36	19	1	25	55	1	36	3.4	22.7
HP0827	BSU03890	30.000	40	27	1	37	75	438	477	3.8	22.7
HP0827	BSU36790	34.483	29	18	1	11	39	30	57	4.5	22.3
HP0827	BSU16750	47.619	21	11	0	10	30	159	179	5.3	22.3
HP0827	BSU29680	38.095	21	13	0	34	54	63	83	5.5	22.3
HP0827	BSU18670	25.862	58	42	1	4	60	209	266	7.1	21.9
HP0827	BSU16400	57.143	14	6	0	16	29	244	257	9.3	21.6
HP0828	BSU36870	27.711	249	150	6	1	224	1	244	8.82e-23	89.7
HP0828	BSU24970	34.146	41	27	0	77	117	236	276	5.7	24.6
HP0828	BSU06440	29.293	99	60	4	35	132	80	169	8.7	24.3
HP0828	BSU09470	52.174	23	11	0	193	215	300	322	8.8	24.3
HP0829	BSU00090	57.764	483	197	4	2	479	5	485	0.0	563
HP0829	BSU32130	34.969	326	170	9	139	455	22	314	3.58e-43	152
HP0829	BSU09230	33.962	106	62	4	99	199	15	117	3.04e-13	63.9
HP0829	BSU09230	36.364	55	33	2	148	202	4	56	0.003	35.0
HP0829	BSU14950	32.323	99	59	4	107	199	23	119	5.34e-08	48.9
HP0829	BSU13300	22.222	180	115	5	43	199	73	250	8.29e-06	44.7
HP0829	BSU29270	36.905	84	51	2	121	204	226	307	2.77e-05	43.1
HP0829	BSU22870	24.409	254	158	10	141	365	42	290	1.04e-04	41.2
HP0829	BSU29700	29.907	107	62	4	104	199	19	123	1.59e-04	39.7
HP0829	BSU33830	32.143	56	37	1	146	201	249	303	0.010	35.0
HP0829	BSU33830	27.193	114	76	3	85	195	248	357	0.016	34.3
HP0829	BSU34880	37.500	40	25	0	318	357	68	107	0.12	31.2
HP0829	BSU26800	42.222	45	26	0	321	365	199	243	0.13	31.2
HP0829	BSU15540	37.209	43	27	0	315	357	222	264	0.14	31.2
HP0829	BSU11690	37.838	37	23	0	328	364	179	215	0.25	30.0
HP0829	BSU25250	28.125	96	61	4	96	184	87	181	0.29	29.6
HP0829	BSU31300	22.794	136	98	2	69	203	205	334	0.42	29.6
HP0829	BSU11300	28.829	111	54	5	378	481	46	138	0.45	29.6
HP0829	BSU33730	25.243	103	70	3	96	195	260	358	0.50	29.3
HP0829	BSU38720	38.889	36	21	1	301	335	95	130	2.1	27.3
HP0829	BSU40410	32.143	28	19	0	304	331	50	77	2.6	26.9
HP0829	BSU21690	40.000	30	17	1	68	97	101	129	3.1	26.6
HP0829	BSU26430	21.795	78	58	1	304	381	49	123	3.5	26.6
HP0829	BSU33200	25.532	47	35	0	186	232	80	126	3.6	26.6
HP0829	BSU19710	29.730	37	23	1	62	98	224	257	5.1	26.2
HP0829	BSU17120	24.444	135	64	5	252	353	391	520	5.9	26.2
HP0829	BSU17210	28.261	92	46	5	292	367	810	897	6.1	26.2
HP0829	BSU22500	33.333	36	23	1	141	175	60	95	7.9	24.6
HP0829	BSU06790	38.182	55	22	3	132	181	44	91	9.3	24.3
HP0830	BSU06680	50.808	433	208	5	20	449	47	477	3.34e-130	382
HP0830	BSU24950	37.879	66	28	3	296	357	111	167	0.15	30.8
HP0830	BSU10900	27.778	90	62	2	236	325	73	159	0.29	30.0
HP0830	BSU00310	34.286	35	23	0	68	102	177	211	2.8	26.9
HP0830	BSU29110	35.000	40	25	1	320	359	128	166	2.9	26.6
HP0830	BSU23360	34.146	41	21	2	137	173	83	121	3.4	26.2
HP0830	BSU12750	38.710	31	19	0	78	108	37	67	4.3	26.6
HP0830	BSU14850	40.909	22	13	0	160	181	157	178	5.5	26.2
HP0831	BSU29060	38.660	194	110	5	7	194	5	195	5.42e-40	132
HP0831	BSU23760	26.506	83	51	2	7	89	92	164	0.041	30.8
HP0831	BSU34050	27.907	43	31	0	153	195	24	66	0.21	28.5
HP0831	BSU38860	28.767	73	47	4	6	75	2	72	0.51	27.7
HP0831	BSU09070	24.444	45	29	1	8	47	32	76	0.90	26.6
HP0831	BSU33830	34.694	49	27	1	7	50	31	79	0.92	26.9
HP0831	BSU13220	36.986	73	23	5	8	76	324	377	1.5	26.2
HP0831	BSU18970	47.619	21	11	0	7	27	61	81	1.7	26.2
HP0831	BSU33730	34.694	49	27	1	7	50	31	79	1.8	26.2
HP0831	BSU11360	39.394	33	16	1	6	34	36	68	1.9	25.8
HP0831	BSU03590	24.000	100	61	4	7	106	30	114	2.4	25.4
HP0831	BSU15540	64.286	14	5	0	77	90	82	95	2.6	25.4
HP0831	BSU32550	30.769	39	22	1	4	37	29	67	2.8	25.4
HP0831	BSU05950	45.833	24	13	0	4	27	29	52	3.0	25.4
HP0831	BSU24950	28.070	114	69	4	8	118	43	146	3.9	25.0
HP0831	BSU39640	31.111	90	44	5	8	92	37	113	4.1	24.6
HP0831	BSU06880	36.111	36	23	0	1	36	1	36	4.2	24.6
HP0831	BSU11280	22.222	63	43	1	16	72	50	112	4.7	24.6
HP0831	BSU29090	30.159	63	41	1	111	170	629	691	4.8	24.6
HP0831	BSU17210	34.043	47	26	1	144	185	3716	3762	4.8	25.0
HP0831	BSU14430	43.478	23	13	0	5	27	28	50	5.6	24.6
HP0831	BSU01950	55.556	18	8	0	7	24	32	49	5.8	24.3
HP0831	BSU34770	37.037	27	17	0	7	33	12	38	6.7	24.3
HP0831	BSU07370	55.556	18	8	0	7	24	32	49	7.4	24.3
HP0831	BSU21470	46.667	30	15	1	4	33	509	537	9.3	23.9
HP0831	BSU12940	30.508	59	39	2	30	86	75	133	9.3	23.9
HP0831	BSU00140	41.935	31	16	2	2	30	6	36	9.9	23.5
HP0832	BSU37500	28.302	106	68	3	156	257	175	276	3.84e-07	47.0
HP0832	BSU10810	26.496	117	73	4	102	209	57	169	0.38	28.5
HP0832	BSU21850	30.476	105	47	6	67	167	124	206	0.70	27.7
HP0832	BSU10150	31.884	69	36	2	190	248	21	88	0.83	27.3
HP0832	BSU31010	34.043	47	30	1	118	163	327	373	1.0	27.3
HP0832	BSU27890	33.962	53	30	1	116	168	131	178	1.0	26.9
HP0832	BSU03540	26.786	56	40	1	119	173	99	154	1.3	26.6
HP0832	BSU05260	24.706	85	47	3	9	82	21	99	2.0	26.2
HP0832	BSU33880	30.769	39	22	1	5	43	201	234	2.2	26.6
HP0832	BSU03480	24.000	100	54	4	104	196	1329	1413	4.2	25.8
HP0832	BSU04570	52.632	19	9	0	161	179	215	233	4.3	25.4
HP0832	BSU08040	37.500	32	20	0	134	165	63	94	5.6	24.6
HP0832	BSU13790	44.000	25	14	0	37	61	72	96	8.3	24.3
HP0832	BSU15980	26.190	84	60	2	107	188	347	430	8.9	24.3
HP0833	BSU03480	26.667	75	44	3	215	284	1385	1453	0.31	29.6
HP0833	BSU30870	30.882	68	38	3	169	235	104	163	1.7	26.9
HP0833	BSU25380	68.750	16	5	0	67	82	311	326	2.3	26.6
HP0833	BSU13370	31.034	87	56	3	123	206	15	100	3.1	25.8
HP0833	BSU00940	39.474	38	22	1	162	199	205	241	4.4	25.8
HP0833	BSU26600	26.923	52	35	1	112	163	31	79	6.9	24.3
HP0833	BSU13060	60.000	15	6	0	114	128	225	239	7.2	24.6
HP0833	BSU27580	21.250	80	59	2	64	143	290	365	7.8	25.0
HP0833	BSU09780	32.432	37	24	1	152	187	304	340	9.5	24.6
HP0834	BSU22840	35.491	448	267	5	11	453	6	436	6.48e-93	285
HP0834	BSU41020	36.875	160	91	4	201	360	226	375	1.39e-18	84.7
HP0834	BSU41020	32.738	168	106	5	13	177	226	389	1.78e-13	68.9
HP0834	BSU25290	30.000	120	77	2	11	126	11	127	4.38e-10	57.4
HP0834	BSU25290	26.946	167	115	4	199	364	11	171	4.82e-09	54.3
HP0834	BSU16050	51.852	54	23	1	13	66	125	175	1.65e-07	49.3
HP0834	BSU16050	22.674	172	113	7	85	254	22	175	0.010	34.7
HP0834	BSU17430	37.113	97	52	5	11	104	203	293	1.03e-04	41.2
HP0834	BSU17430	28.333	60	41	2	196	254	200	258	0.075	32.0
HP0834	BSU28190	26.852	108	69	3	8	108	23	127	0.001	37.0
HP0834	BSU28190	32.911	79	43	4	179	253	6	78	0.047	32.0
HP0834	BSU16630	19.031	289	197	12	11	274	222	498	0.001	37.7
HP0834	BSU16630	23.333	240	127	7	164	366	163	382	4.6	26.6
HP0834	BSU22030	28.169	71	46	1	87	157	163	228	0.003	36.6
HP0834	BSU22030	40.426	47	27	1	10	56	614	659	0.73	29.3
HP0834	BSU22030	45.000	40	21	1	192	231	608	646	2.2	27.7
HP0834	BSU22030	27.273	66	38	3	191	253	39	97	9.7	25.4
HP0834	BSU25670	39.130	46	23	1	5	45	156	201	0.015	34.3
HP0834	BSU25670	34.426	61	32	3	199	254	162	219	0.53	29.3
HP0834	BSU40920	57.143	21	9	0	10	30	4	24	0.23	30.4
HP0834	BSU40920	42.105	38	21	1	197	234	3	39	0.30	30.0
HP0834	BSU27920	24.476	143	95	5	6	137	156	296	0.40	29.6
HP0834	BSU02230	26.471	136	77	6	9	142	5	119	0.47	29.6
HP0834	BSU28380	36.364	44	27	1	46	89	178	220	0.56	29.3
HP0834	BSU33540	29.231	65	37	3	293	353	85	144	0.79	28.5
HP0834	BSU07490	35.294	51	26	3	82	127	202	250	0.90	28.5
HP0834	BSU01130	24.352	193	124	6	199	373	15	203	0.95	28.5
HP0834	BSU14770	24.460	139	77	6	8	128	7	135	1.2	28.1
HP0834	BSU14770	23.832	214	123	7	192	378	3	203	1.5	28.1
HP0834	BSU35040	27.632	76	50	2	51	123	1039	1112	1.5	28.1
HP0834	BSU15780	34.286	70	34	4	5	70	161	222	2.0	27.3
HP0834	BSU08210	51.852	27	13	0	4	30	353	379	2.1	27.3
HP0834	BSU32750	47.500	40	17	2	200	236	35	73	2.5	26.9
HP0834	BSU33430	19.858	141	81	4	94	205	362	499	2.8	26.9
HP0834	BSU30320	35.294	34	21	1	125	158	25	57	4.4	26.6
HP0834	BSU28170	29.032	62	41	2	15	76	203	261	4.9	26.2
HP0834	BSU12530	50.000	22	11	0	10	31	119	140	5.3	25.8
HP0834	BSU19150	26.923	130	58	7	193	293	61	182	5.4	25.8
HP0834	BSU03680	29.885	87	50	4	70	155	382	458	6.5	25.8
HP0834	BSU34620	40.000	30	16	1	140	167	222	251	9.4	25.4
HP0834	BSU03320	25.000	72	52	2	130	200	696	766	9.5	25.4
HP0835	BSU22790	38.889	90	54	1	1	90	1	89	8.76e-17	65.9
HP0835	BSU21050	34.444	90	58	1	1	90	1	89	1.70e-09	47.4
HP0835	BSU02390	42.857	21	12	0	68	88	74	94	0.59	25.4
HP0835	BSU35970	42.308	26	15	0	37	62	73	98	3.2	23.1
HP0835	BSU36330	27.273	55	40	0	27	81	79	133	3.5	23.1
HP0835	BSU08150	27.778	54	35	2	19	70	178	229	5.8	22.7
HP0835	BSU39330	38.710	31	19	0	43	73	295	325	5.8	22.7
HP0835	BSU39370	35.135	37	24	0	5	41	333	369	6.6	22.7
HP0835	BSU29020	42.857	42	22	2	7	46	90	131	7.6	22.3
HP0835	BSU22870	26.087	46	34	0	35	80	128	173	7.8	22.3
HP0835	BSU08060	52.941	17	8	0	61	77	250	266	8.4	22.3
HP0836	BSU28380	40.000	25	15	0	14	38	14	38	0.53	27.7
HP0836	BSU06620	33.333	30	18	1	53	82	172	199	1.1	26.9
HP0836	BSU22080	53.333	15	7	0	103	117	443	457	9.6	23.9
HP0838	BSU02690	31.707	41	27	1	8	47	7	47	0.13	29.6
HP0838	BSU17200	29.787	47	33	0	144	190	789	835	2.0	26.2
HP0838	BSU29805	28.814	59	39	1	21	76	79	137	3.1	25.4
HP0838	BSU17190	22.951	61	47	0	144	204	829	889	5.4	25.0
HP0838	BSU01700	34.286	35	23	0	51	85	154	188	5.7	24.6
HP0838	BSU16860	33.333	33	20	1	21	51	223	255	8.0	24.3
HP0838	BSU02100	23.684	76	51	2	129	204	164	232	8.6	23.9
HP0838	BSU36600	40.000	25	15	0	136	160	211	235	9.1	23.9
HP0839	BSU09590	26.984	63	45	1	501	562	64	126	0.95	28.9
HP0839	BSU10090	37.931	29	18	0	1	29	1	29	3.2	25.8
HP0839	BSU19710	71.429	14	4	0	560	573	72	85	3.3	27.3
HP0839	BSU17220	26.230	61	41	1	174	230	38	98	4.5	26.9
HP0839	BSU07280	31.250	64	38	2	380	443	163	220	6.3	26.2
HP0839	BSU09510	37.500	32	20	0	307	338	12	43	9.1	25.8
HP0840	BSU34350	34.397	282	165	7	2	268	266	542	3.86e-44	156
HP0840	BSU19810	48.413	126	63	2	4	128	15	139	1.66e-36	125
HP0840	BSU21670	37.267	161	90	3	130	281	1	159	2.75e-28	105
HP0840	BSU07280	25.610	246	153	9	4	224	6	246	1.38e-12	64.3
HP0840	BSU37830	26.423	246	147	9	5	224	3	240	1.16e-11	61.6
HP0840	BSU30870	24.051	237	150	7	7	219	3	233	6.85e-07	47.0
HP0840	BSU37720	29.592	98	59	3	2	91	3	98	5.05e-05	40.8
HP0840	BSU38860	22.632	190	120	6	6	174	2	185	0.005	35.0
HP0840	BSU17210	32.558	43	29	0	3	45	2177	2219	0.012	34.3
HP0840	BSU17210	30.000	50	34	1	3	52	3678	3726	1.1	28.1
HP0840	BSU17180	28.571	77	51	2	3	75	2848	2924	0.029	33.1
HP0840	BSU17180	25.641	78	56	1	4	79	4171	4248	0.22	30.0
HP0840	BSU10400	21.429	168	108	5	2	155	39	196	0.059	31.6
HP0840	BSU38540	28.571	49	33	1	2	50	3	49	0.099	30.8
HP0840	BSU17190	34.211	38	25	0	4	41	3686	3723	0.11	31.2
HP0840	BSU17190	34.146	41	27	0	3	43	1519	1559	0.22	30.4
HP0840	BSU31200	26.000	50	36	1	276	325	297	345	0.53	28.9
HP0840	BSU30035	32.143	56	38	0	188	243	166	221	0.54	28.5
HP0840	BSU06880	28.889	45	32	0	1	45	1	45	2.1	26.6
HP0840	BSU33100	26.667	90	62	3	40	126	129	217	3.2	26.2
HP0840	BSU15860	45.833	24	13	0	88	111	210	233	3.3	26.2
HP0840	BSU17420	24.138	58	39	1	272	324	204	261	3.5	26.2
HP0840	BSU29950	31.579	76	42	5	130	199	171	242	3.8	25.8
HP0840	BSU14060	19.048	63	51	0	2	64	1	63	4.5	25.4
HP0840	BSU00010	26.667	60	40	1	93	152	112	167	4.6	25.8
HP0840	BSU11670	25.714	70	48	1	27	96	42	107	5.5	25.4
HP0840	BSU33590	23.077	156	100	5	2	139	5	158	5.6	25.4
HP0840	BSU16870	29.545	44	30	1	4	47	2	44	6.7	25.0
HP0840	BSU38450	28.302	53	36	1	18	68	104	156	7.5	24.6
HP0840	BSU17200	33.333	60	29	3	6	65	3146	3194	9.2	25.0
HP0841	BSU15700	31.971	416	254	11	13	420	1	395	2.73e-54	182
HP0841	BSU16740	23.780	164	95	7	14	163	4	151	0.026	32.7
HP0841	BSU18320	24.510	102	73	2	324	423	1373	1472	2.4	27.3
HP0841	BSU16110	34.211	38	25	0	224	261	145	182	2.4	26.9
HP0841	BSU25000	28.358	67	46	1	181	247	340	404	3.6	26.6
HP0842	BSU35910	23.316	193	119	8	47	223	89	268	0.062	30.8
HP0842	BSU16100	25.000	160	79	9	83	205	73	228	1.8	26.6
HP0842	BSU14180	24.719	89	52	2	112	185	19	107	2.4	25.8
HP0842	BSU15430	33.962	53	33	1	177	229	832	882	2.7	26.2
HP0842	BSU15290	45.455	33	15	1	209	238	153	185	4.0	25.4
HP0842	BSU36790	31.579	38	26	0	90	127	56	93	4.1	25.0
HP0842	BSU17200	28.302	53	37	1	176	227	1096	1148	4.4	25.4
HP0842	BSU03350	28.846	52	30	2	166	217	44	88	4.4	25.0
HP0842	BSU25660	27.907	129	67	5	30	154	110	216	4.7	25.0
HP0842	BSU25100	37.255	51	31	1	83	132	35	85	8.7	23.9
HP0842	BSU16310	34.211	38	25	0	153	190	179	216	9.7	24.3
HP0843	BSU38290	41.500	200	110	6	19	215	16	211	5.08e-44	144
HP0843	BSU11660	43.529	85	44	3	120	202	97	179	1.65e-08	49.7
HP0843	BSU04290	37.931	29	14	1	170	198	95	119	0.68	27.7
HP0843	BSU02570	28.846	52	37	0	59	110	164	215	1.1	26.9
HP0843	BSU06030	26.263	99	65	3	73	167	39	133	1.5	26.6
HP0843	BSU36300	27.778	54	39	0	153	206	146	199	2.5	25.8
HP0843	BSU29540	28.261	46	29	1	56	97	173	218	2.9	25.4
HP0843	BSU36250	40.000	35	15	2	122	153	106	137	4.1	25.0
HP0843	BSU18830	38.889	36	22	0	171	206	811	846	5.4	25.0
HP0843	BSU09080	24.138	87	58	2	24	102	121	207	5.8	24.6
HP0843	BSU24960	29.310	58	34	1	107	157	204	261	9.5	23.9
HP0844	BSU11710	43.071	267	149	2	1	267	1	264	1.68e-63	197
HP0844	BSU38020	35.019	257	162	3	6	259	5	259	5.76e-45	149
HP0844	BSU38720	29.167	120	69	4	125	239	131	239	0.079	30.8
HP0844	BSU17220	25.000	76	57	0	172	247	906	981	1.0	27.7
HP0844	BSU19860	50.000	22	11	0	177	198	25	46	1.4	25.4
HP0844	BSU18380	25.532	94	65	1	126	219	57	145	2.0	26.2
HP0844	BSU40060	34.694	49	31	1	129	177	206	253	2.2	26.6
HP0844	BSU34570	24.390	41	31	0	209	249	244	284	2.9	26.2
HP0844	BSU00850	55.556	18	8	0	126	143	83	100	3.9	25.4
HP0844	BSU09920	32.353	34	23	0	172	205	729	762	4.7	25.4
HP0844	BSU30290	43.750	16	9	0	184	199	38	53	7.2	24.6
HP0845	BSU38300	35.338	266	152	7	2	259	10	263	6.81e-47	154
HP0845	BSU02690	40.000	30	17	1	39	67	87	116	1.2	26.9
HP0845	BSU18150	41.935	31	16	1	57	87	193	221	2.5	26.2
HP0845	BSU33330	38.636	44	24	1	182	225	46	86	5.5	25.0
HP0845	BSU20060	28.235	85	55	2	1	84	144	223	7.2	25.0
HP0845	BSU17210	55.000	20	9	0	90	109	4843	4862	7.4	25.0
HP0848	BSU20160	28.571	49	30	1	39	82	57	105	9.1	24.6
HP0850	BSU29480	25.131	191	115	9	231	415	122	290	0.006	35.4
HP0850	BSU22750	24.051	79	53	2	230	308	50	121	0.63	28.9
HP0850	BSU01845	33.333	60	30	2	400	459	422	471	0.98	28.9
HP0850	BSU27160	35.294	34	21	1	4	37	14	46	1.3	28.5
HP0850	BSU16010	26.471	68	47	2	439	503	13	80	1.5	26.9
HP0850	BSU28120	31.148	61	39	1	69	126	369	429	1.9	27.7
HP0850	BSU03240	34.483	29	19	0	364	392	192	220	2.1	27.3
HP0850	BSU38810	30.769	52	36	0	392	443	222	273	3.0	26.9
HP0850	BSU29750	30.769	52	27	1	114	156	68	119	3.7	26.9
HP0850	BSU24470	40.000	35	20	1	277	311	42	75	4.4	25.8
HP0850	BSU39970	26.000	50	37	0	155	204	305	354	5.5	26.2
HP0850	BSU29780	27.692	65	38	2	111	172	28	86	6.4	25.4
HP0850	BSU16340	29.630	54	33	2	23	72	58	110	6.4	25.8
HP0850	BSU06760	57.143	14	6	0	230	243	339	352	7.1	26.2
HP0850	BSU31040	33.871	62	29	4	327	382	126	181	9.9	25.0
HP_RS07925	BSU33640	53.333	15	7	0	43	57	128	142	1.6	23.1
HP_RS07925	BSU15430	40.000	30	18	0	14	43	811	840	3.9	22.3
HP_RS07925	BSU10170	45.000	20	11	0	6	25	8	27	9.3	21.2
HP0851	BSU19650	28.902	173	110	5	32	199	12	176	4.33e-09	51.6
HP0851	BSU36530	28.723	94	53	3	118	207	70	153	0.009	32.7
HP0851	BSU07010	44.000	25	14	0	73	97	308	332	0.36	28.5
HP0851	BSU11640	40.000	35	21	0	15	49	245	279	2.3	26.2
HP0851	BSU39570	35.849	53	25	3	22	69	10	58	2.4	25.4
HP0851	BSU21750	36.364	44	20	2	110	149	131	170	3.2	25.0
HP0851	BSU17930	25.641	78	43	3	150	213	69	145	8.7	23.9
HP0851	BSU23329	50.000	16	8	0	194	209	44	59	9.7	23.1
HP0852	BSU03480	29.577	71	45	2	35	103	994	1061	0.91	28.1
HP0852	BSU23840	35.897	39	25	0	18	56	13	51	1.7	26.9
HP0852	BSU17210	39.130	23	14	0	264	286	2626	2648	2.2	26.9
HP0852	BSU31860	31.884	69	31	3	244	296	63	131	3.4	26.2
HP0852	BSU29030	24.691	81	60	1	217	296	30	110	3.4	25.4
HP0852	BSU03680	40.909	22	13	0	193	214	79	100	4.2	25.8
HP0852	BSU00670	23.158	95	61	4	151	241	65	151	4.8	25.8
HP0852	BSU06520	25.243	103	59	3	162	263	15	100	6.0	25.4
HP0852	BSU00290	34.286	35	23	0	225	259	36	70	8.5	23.9
HP0852	BSU07250	28.889	45	32	0	257	301	255	299	9.6	24.6
HP0853	BSU14430	47.458	531	271	5	1	529	1	525	1.10e-165	478
HP0853	BSU05950	34.426	549	325	9	1	532	3	533	1.38e-104	324
HP0853	BSU05950	27.018	285	156	6	1	281	326	562	1.56e-22	98.2
HP0853	BSU07420	33.936	498	322	5	1	495	3	496	3.71e-82	262
HP0853	BSU07420	26.693	251	135	4	322	529	4	248	3.22e-22	96.7
HP0853	BSU07420	24.638	207	108	4	20	222	343	505	1.60e-10	60.1
HP0853	BSU07370	29.412	544	350	11	1	529	3	527	1.47e-67	226
HP0853	BSU05610	27.186	526	293	12	6	504	9	471	3.99e-49	174
HP0853	BSU05610	31.429	210	121	4	320	529	3	189	1.83e-21	94.7
HP0853	BSU05610	25.339	221	124	4	1	221	291	470	2.58e-20	90.9
HP0853	BSU13220	24.395	537	303	18	14	509	22	496	1.36e-21	95.1
HP0853	BSU13220	25.424	177	107	5	319	471	5	180	3.12e-06	46.6
HP0853	BSU13220	22.078	231	148	8	1	227	294	496	7.03e-06	45.4
HP0853	BSU02860	26.636	214	133	6	325	516	7	218	9.77e-18	79.3
HP0853	BSU02860	25.000	224	126	8	11	220	13	208	3.91e-10	57.0
HP0853	BSU32940	28.440	218	128	9	317	509	1	215	1.33e-16	77.0
HP0853	BSU32940	23.237	241	128	7	2	223	6	208	1.89e-06	46.2
HP0853	BSU40620	26.271	236	132	8	1	228	1	202	9.07e-15	70.5
HP0853	BSU40620	25.871	201	135	5	322	509	2	201	1.76e-08	52.0
HP0853	BSU07490	28.704	216	122	7	322	510	4	214	9.37e-15	71.2
HP0853	BSU07490	26.906	223	117	7	6	213	8	199	9.14e-10	56.2
HP0853	BSU38660	31.325	166	90	6	322	471	2	159	2.96e-14	70.5
HP0853	BSU38660	26.293	232	129	9	1	225	1	197	1.73e-09	55.8
HP0853	BSU02570	26.957	230	121	7	1	220	4	196	7.10e-14	69.3
HP0853	BSU02570	24.607	191	119	4	322	493	5	189	8.32e-09	53.9
HP0853	BSU03820	27.468	233	139	6	1	227	1	209	9.12e-14	68.2
HP0853	BSU03820	25.359	209	134	5	322	509	2	209	1.24e-13	67.8
HP0853	BSU33290	28.169	213	127	8	321	509	3	213	1.73e-12	64.7
HP0853	BSU33290	26.697	221	128	8	2	213	4	199	2.28e-08	52.4
HP0853	BSU39480	22.967	209	138	4	322	507	2	210	2.54e-12	63.9
HP0853	BSU39480	20.175	228	161	5	1	225	1	210	2.33e-06	45.8
HP0853	BSU04490	30.539	167	92	5	322	471	6	165	4.63e-12	63.9
HP0853	BSU04490	24.664	223	135	6	1	220	5	197	6.55e-12	63.5
HP0853	BSU02750	25.847	236	136	8	1	225	1	208	4.70e-12	63.2
HP0853	BSU02750	23.077	156	98	6	337	474	21	172	4.52e-07	48.1
HP0853	BSU37230	27.957	186	103	5	322	482	333	512	7.39e-12	64.3
HP0853	BSU37230	23.762	202	126	8	16	212	348	526	3.30e-06	46.6
HP0853	BSU08310	25.366	205	129	5	322	506	2	202	1.72e-11	62.0
HP0853	BSU08310	23.318	223	140	5	1	220	1	195	1.89e-11	62.0
HP0853	BSU01950	27.885	208	124	7	320	507	2	203	1.98e-11	60.8
HP0853	BSU01950	21.905	210	119	4	1	201	3	176	5.48e-08	50.8
HP0853	BSU33160	26.794	209	130	3	322	507	1	209	1.16e-10	60.5
HP0853	BSU33160	22.553	235	137	6	6	225	5	209	1.53e-06	47.4
HP0853	BSU09080	26.087	253	149	9	1	243	4	228	1.35e-10	59.3
HP0853	BSU09080	24.378	201	136	5	321	506	4	203	8.80e-10	57.0
HP0853	BSU30760	23.832	214	129	4	322	509	4	209	1.35e-10	58.5
HP0853	BSU30760	23.474	213	133	8	6	213	8	195	8.89e-07	47.0
HP0853	BSU08690	26.923	234	137	8	321	529	340	564	3.25e-10	59.3
HP0853	BSU08690	22.275	211	140	5	6	212	345	535	3.25e-06	46.6
HP0853	BSU29340	25.238	210	132	6	322	507	2	210	4.50e-10	57.4
HP0853	BSU29340	21.645	231	160	6	1	228	1	213	3.96e-07	48.1
HP0853	BSU23960	25.714	210	128	7	322	507	2	207	4.60e-10	57.0
HP0853	BSU23960	22.311	251	164	7	1	245	1	226	9.82e-10	55.8
HP0853	BSU33270	26.214	206	119	8	322	498	2	203	4.82e-10	56.6
HP0853	BSU33270	22.650	234	126	9	1	213	1	200	0.001	37.4
HP0853	BSU35940	28.638	213	118	7	322	506	3	209	5.41e-10	58.5
HP0853	BSU35940	20.976	553	291	17	6	507	7	464	4.79e-07	48.9
HP0853	BSU35260	23.148	216	131	8	322	509	2	210	6.17e-10	56.2
HP0853	BSU35260	23.237	241	142	9	15	240	16	228	9.93e-08	49.7
HP0853	BSU14360	25.217	230	129	9	322	515	2	224	6.75e-10	56.2
HP0853	BSU14360	20.172	233	151	9	1	223	1	208	3.89e-04	38.9
HP0853	BSU33730	25.943	212	129	6	322	509	2	209	1.45e-09	56.6
HP0853	BSU33730	36.066	61	38	1	1	60	1	61	4.88e-05	42.4
HP0853	BSU15340	26.027	219	136	7	1	212	2	201	1.64e-09	55.5
HP0853	BSU15340	25.862	174	108	5	322	474	3	176	1.67e-05	43.5
HP0853	BSU34820	26.068	234	141	11	322	531	341	566	2.73e-09	56.2
HP0853	BSU34820	22.115	208	123	7	16	212	356	535	0.001	38.1
HP0853	BSU34090	25.309	162	108	3	320	471	4	162	2.77e-09	55.5
HP0853	BSU34090	25.263	190	105	7	6	192	10	165	9.52e-05	41.2
HP0853	BSU30610	26.341	205	106	6	19	213	25	194	2.98e-09	54.7
HP0853	BSU30610	25.731	171	94	6	348	495	34	194	2.98e-07	48.5
HP0853	BSU27430	23.786	206	131	4	325	507	5	207	4.01e-09	54.3
HP0853	BSU27430	24.242	231	151	8	1	228	1	210	1.08e-08	52.8
HP0853	BSU01460	27.586	203	123	4	329	507	2	204	4.86e-09	54.3
HP0853	BSU01460	21.910	178	107	4	19	189	12	164	0.014	34.3
HP0853	BSU32550	24.645	211	127	6	321	507	3	205	6.80e-09	54.7
HP0853	BSU32550	21.525	223	143	7	32	249	34	229	0.004	36.2
HP0853	BSU38730	25.431	232	143	10	322	531	337	560	1.86e-08	53.5
HP0853	BSU38730	27.354	223	125	12	2	212	332	529	1.10e-07	51.2
HP0853	BSU08210	26.904	197	116	8	322	494	330	522	2.37e-08	53.1
HP0853	BSU08210	20.976	205	130	5	14	212	344	522	0.001	38.5
HP0853	BSU08830	26.009	223	133	7	336	530	21	239	2.97e-08	51.6
HP0853	BSU08830	22.596	208	113	6	16	213	21	190	3.75e-07	48.5
HP0853	BSU24960	25.561	223	135	8	1	213	22	223	3.60e-08	51.6
HP0853	BSU24960	21.364	220	136	6	312	497	9	225	7.42e-06	44.7
HP0853	BSU09070	24.413	213	134	6	322	516	3	206	4.67e-08	50.8
HP0853	BSU09070	25.238	210	119	7	6	211	7	182	3.66e-06	45.1
HP0853	BSU33830	25.472	212	130	7	322	509	2	209	8.75e-08	51.2
HP0853	BSU33830	29.508	61	42	1	1	60	1	61	0.016	34.3
HP0853	BSU34700	24.576	236	122	9	1	213	3	205	9.51e-08	50.1
HP0853	BSU34700	21.782	202	130	5	322	495	4	205	6.34e-04	38.5
HP0853	BSU21470	24.545	220	130	9	2	213	483	674	9.51e-08	51.6
HP0853	BSU21470	25.000	236	134	8	295	495	447	674	1.21e-07	51.2
HP0853	BSU03590	21.097	237	155	6	1	228	1	214	1.85e-07	49.3
HP0853	BSU03590	22.041	245	144	9	322	533	2	232	6.84e-05	41.2
HP0853	BSU40150	27.451	153	93	5	352	495	31	174	2.47e-07	48.5
HP0853	BSU40150	30.556	72	45	1	154	220	110	181	0.25	30.0
HP0853	BSU31550	23.077	234	152	7	322	531	5	234	4.29e-07	49.3
HP0853	BSU31550	18.750	240	146	5	1	224	4	210	1.75e-05	43.9
HP0853	BSU31550	28.070	57	39	1	156	210	400	456	0.063	32.7
HP0853	BSU31550	22.043	186	116	6	318	475	253	437	0.18	31.2
HP0853	BSU38810	22.660	203	140	5	322	507	4	206	4.52e-07	48.9
HP0853	BSU38810	20.000	200	126	6	32	225	35	206	0.051	32.7
HP0853	BSU30380	22.927	205	132	6	14	213	20	203	6.98e-07	47.4
HP0853	BSU30380	24.771	218	125	9	322	507	4	214	7.80e-05	41.2
HP0853	BSU24950	27.014	211	127	9	11	213	23	214	8.16e-07	47.4
HP0853	BSU24950	21.154	208	131	7	320	497	12	216	2.65e-05	42.7
HP0853	BSU09890	27.179	195	114	8	322	496	2	188	1.45e-06	47.0
HP0853	BSU09890	22.467	227	145	5	1	224	1	199	2.65e-06	46.2
HP0853	BSU03730	18.349	218	152	5	2	215	6	201	1.50e-06	46.2
HP0853	BSU03730	30.000	80	52	2	423	498	123	202	8.96e-04	37.7
HP0853	BSU10040	27.586	174	113	4	322	482	4	177	1.56e-06	46.2
HP0853	BSU10040	36.207	58	37	0	1	58	3	60	4.44e-05	42.0
HP0853	BSU30010	26.389	216	109	9	14	226	18	186	2.24e-06	45.8
HP0853	BSU30010	29.787	141	91	5	336	471	20	157	9.65e-05	40.8
HP0853	BSU32750	22.768	224	122	6	18	224	22	211	2.67e-06	46.2
HP0853	BSU32750	22.857	210	137	4	322	506	2	211	6.13e-05	42.0
HP0853	BSU30450	19.737	228	148	7	1	224	1	197	2.73e-06	45.8
HP0853	BSU30450	24.623	199	133	6	322	506	2	197	6.96e-06	44.7
HP0853	BSU13000	23.256	215	125	8	13	213	23	211	2.81e-06	46.2
HP0853	BSU13000	22.613	199	122	6	337	506	27	222	5.55e-06	45.1
HP0853	BSU39640	23.223	211	136	7	322	507	5	214	4.12e-06	45.1
HP0853	BSU39640	20.779	231	134	7	1	213	4	203	1.34e-05	43.5
HP0853	BSU30420	25.263	190	110	6	336	498	24	208	9.90e-06	43.9
HP0853	BSU30420	21.860	215	142	6	4	213	12	205	3.98e-04	38.9
HP0853	BSU11460	20.940	234	161	6	19	243	29	247	1.37e-05	43.9
HP0853	BSU11460	23.958	192	113	6	348	506	38	229	4.17e-04	39.3
HP0853	BSU37390	21.675	203	139	4	322	504	4	206	1.48e-05	43.5
HP0853	BSU37390	23.636	220	125	8	16	223	19	207	2.11e-04	39.7
HP0853	BSU01450	25.234	214	131	7	319	507	4	213	1.51e-05	43.5
HP0853	BSU01450	21.154	208	133	7	12	213	20	202	1.49e-04	40.4
HP0853	BSU38740	28.125	160	96	6	356	496	362	521	1.53e-05	44.3
HP0853	BSU38740	24.121	199	116	7	35	228	361	529	0.19	31.2
HP0853	BSU12250	26.590	173	97	6	321	471	12	176	5.12e-05	41.6
HP0853	BSU12250	20.874	206	129	7	13	213	28	204	0.84	28.5
HP0853	BSU11370	20.976	205	126	6	333	506	32	231	7.62e-05	41.6
HP0853	BSU11370	20.082	244	151	5	15	242	34	249	2.39e-04	40.0
HP0853	BSU09710	25.786	159	88	7	337	471	354	506	7.63e-05	42.0
HP0853	BSU09710	20.000	210	146	6	5	212	342	531	0.001	38.1
HP0853	BSU08220	24.895	237	151	11	317	532	361	591	8.85e-05	42.0
HP0853	BSU08220	20.755	212	124	7	14	212	379	559	0.099	32.0
HP0853	BSU35700	20.578	277	152	7	19	274	41	270	4.59e-04	39.7
HP0853	BSU11470	19.691	259	155	7	1	236	5	233	5.25e-04	38.9
HP0853	BSU11470	23.684	114	75	3	411	512	122	235	0.003	36.6
HP0853	BSU11360	24.786	117	80	3	399	507	111	227	5.40e-04	38.9
HP0853	BSU11360	21.154	104	73	3	149	244	143	245	0.038	33.1
HP0853	BSU12950	29.268	82	52	2	430	506	146	226	5.43e-04	38.9
HP0853	BSU12950	25.301	83	58	1	165	243	163	245	0.002	37.4
HP0853	BSU09720	22.439	205	104	7	314	482	424	609	6.67e-04	38.9
HP0853	BSU09720	21.393	201	136	5	14	212	443	623	0.001	38.1
HP0853	BSU14330	22.581	186	119	4	319	482	360	542	0.002	37.4
HP0853	BSU14330	21.910	178	115	6	14	189	376	531	0.019	34.3
HP0853	BSU32710	23.881	201	105	6	336	498	20	210	0.006	35.4
HP0853	BSU32710	21.918	219	146	7	14	225	18	218	0.072	32.0
HP0853	BSU14320	21.469	177	111	5	322	474	335	507	0.009	35.4
HP0853	BSU14320	21.675	203	123	6	19	212	354	529	0.023	33.9
HP0853	BSU02980	23.494	166	103	5	327	471	39	201	0.12	31.6
HP0853	BSU02980	24.339	189	117	9	30	213	62	229	0.15	31.2
HP0853	BSU13700	33.333	60	33	3	314	371	409	463	0.47	30.0
HP0853	BSU22890	26.957	115	66	6	350	454	7	113	0.54	29.3
HP0853	BSU27730	45.833	24	13	0	348	371	54	77	0.71	29.3
HP0853	BSU28220	30.612	49	34	0	345	393	107	155	0.74	29.3
HP0853	BSU00190	30.000	50	34	1	9	58	21	69	0.96	28.9
HP0853	BSU35160	26.923	78	50	3	438	509	826	902	0.97	28.9
HP0853	BSU04270	25.000	124	71	5	283	396	116	227	1.1	28.5
HP0853	BSU34910	18.750	128	92	2	230	357	42	157	1.4	28.1
HP0853	BSU22830	32.051	78	42	4	379	448	259	333	1.5	28.1
HP0853	BSU00140	50.000	28	13	1	345	371	6	33	2.4	26.9
HP0853	BSU00140	32.787	61	34	2	140	194	90	149	7.1	25.8
HP0853	BSU16240	28.125	32	23	0	22	53	153	184	3.5	26.9
HP0853	BSU22610	32.692	52	23	1	184	223	151	202	4.0	26.6
HP0853	BSU20280	35.556	45	27	1	285	327	81	125	4.4	26.2
HP0853	BSU15950	40.000	55	28	3	350	402	123	174	4.8	26.6
HP0853	BSU12660	40.625	32	19	0	20	51	40	71	5.2	25.8
HP0853	BSU30560	31.746	63	41	1	45	105	31	93	5.2	26.6
HP0853	BSU00860	36.667	30	19	0	346	375	537	566	5.3	26.6
HP0853	BSU23530	28.571	77	44	2	210	286	4	69	5.3	26.2
HP0853	BSU14520	26.531	49	35	1	40	88	3	50	5.5	26.6
HP0853	BSU22400	40.625	32	16	1	484	515	259	287	5.7	26.6
HP0853	BSU01770	55.000	20	9	0	496	515	427	446	5.8	26.2
HP0853	BSU16160	43.478	23	12	1	343	365	49	70	6.0	26.2
HP0853	BSU12420	40.541	37	20	1	347	383	220	254	6.1	26.2
HP0853	BSU28210	38.462	26	16	0	350	375	93	118	9.5	25.8
HP0853	BSU19840	30.612	49	25	1	113	161	8	47	9.8	23.9
HP0854	BSU32130	79.751	321	65	0	3	323	4	324	0.0	534
HP0854	BSU00090	40.164	244	121	6	84	309	220	456	4.82e-45	157
HP0854	BSU00090	30.769	65	43	2	4	67	11	74	0.007	34.7
HP0854	BSU11690	22.699	163	111	4	80	237	63	215	0.006	34.7
HP0854	BSU26800	34.615	52	34	0	189	240	194	245	0.097	30.8
HP0854	BSU29880	27.869	122	53	6	183	303	276	363	0.54	28.9
HP0854	BSU15540	23.913	92	58	2	151	230	173	264	3.1	26.2
HP0854	BSU12880	21.111	90	64	3	48	132	572	659	4.4	25.8
HP0854	BSU15910	24.074	54	37	1	41	94	66	115	5.5	25.4
HP0854	BSU09270	44.000	25	14	0	202	226	149	173	6.4	25.0
HP0854	BSU39420	30.000	70	44	2	177	241	152	221	6.6	25.0
HP0854	BSU01990	44.444	27	15	0	262	288	44	70	7.9	25.0
HP0854	BSU34890	25.000	60	38	1	35	94	118	170	8.4	24.6
HP0854	BSU30260	44.000	25	14	0	136	160	244	268	9.7	24.6
HP0855	BSU38510	27.083	288	177	8	147	420	121	389	1.55e-23	99.4
HP0855	BSU20360	24.561	114	72	7	64	170	213	319	0.33	30.0
HP0856	BSU26040	23.077	39	30	0	64	102	82	120	1.8	26.6
HP0856	BSU39900	27.273	22	16	0	179	200	42	63	2.8	25.0
HP0856	BSU23380	36.667	30	19	0	165	194	215	244	2.8	26.6
HP0856	BSU35220	27.941	136	76	8	15	146	111	228	3.5	26.2
HP0856	BSU32469	47.368	19	10	0	9	27	25	43	3.6	23.9
HP0856	BSU29260	57.143	14	6	0	312	325	81	94	7.3	24.3
HP0856	BSU17940	39.286	28	16	1	293	320	47	73	9.6	24.3
HP0856	BSU12671	25.641	39	29	0	64	102	81	119	9.8	24.3
HP0857	BSU01690	22.989	87	58	1	110	187	177	263	0.055	30.4
HP0857	BSU31050	30.986	71	47	1	92	162	305	373	0.17	29.3
HP0857	BSU33620	28.431	102	69	4	75	174	21	120	0.19	28.9
HP0857	BSU38090	30.986	71	37	2	116	174	645	715	0.45	28.1
HP0857	BSU16490	27.692	65	43	1	17	81	43	103	0.83	26.9
HP0857	BSU15430	30.000	50	32	1	82	131	781	827	2.3	25.8
HP0857	BSU27550	45.161	31	17	0	83	113	340	370	2.3	25.8
HP0857	BSU00590	36.111	36	23	0	33	68	16	51	2.8	24.3
HP0857	BSU27420	26.415	53	37	1	125	175	295	347	2.8	25.4
HP0857	BSU31060	28.261	46	33	0	98	143	393	438	3.2	25.4
HP0857	BSU40730	38.889	18	11	0	175	192	180	197	3.6	24.6
HP0857	BSU07250	26.829	41	28	1	11	51	976	1014	4.5	25.0
HP0857	BSU23860	35.556	45	23	1	19	57	38	82	4.7	24.6
HP0857	BSU08270	24.706	85	63	1	105	188	60	144	4.9	24.6
HP0857	BSU27160	35.714	28	18	0	24	51	980	1007	5.4	24.6
HP0857	BSU16990	28.571	35	25	0	17	51	144	178	5.5	24.3
HP0857	BSU17890	27.957	93	60	3	47	139	153	238	6.8	24.3
HP0857	BSU32360	29.630	27	19	0	70	96	9	35	7.0	23.1
HP0857	BSU33420	33.333	39	26	0	74	112	117	155	7.2	24.3
HP0857	BSU26910	32.558	43	26	1	45	84	27	69	7.8	23.9
HP0857	BSU04960	34.783	46	28	1	38	81	184	229	8.2	23.9
HP0857	BSU39920	34.884	43	26	1	21	63	249	289	8.7	23.9
HP0858	BSU35920	26.333	300	195	8	1	296	1	278	2.16e-13	67.4
HP0858	BSU35740	33.577	137	69	5	329	455	2	126	5.84e-10	54.3
HP0858	BSU06170	23.030	330	214	10	4	308	6	320	2.53e-06	45.8
HP0858	BSU39740	27.632	76	53	1	231	304	242	317	0.003	36.2
HP0858	BSU39740	30.159	63	43	1	30	91	31	93	0.026	33.5
HP0858	BSU22110	29.545	88	55	3	227	309	227	312	0.048	32.3
HP0858	BSU22110	30.588	85	55	2	33	113	25	109	0.053	32.3
HP0858	BSU32570	23.311	296	191	9	3	296	2	263	0.15	30.8
HP0858	BSU09810	33.333	60	36	2	17	72	159	218	1.6	27.7
HP0858	BSU25230	23.077	78	53	2	38	108	85	162	3.9	26.2
HP0858	BSU18410	23.596	89	55	2	165	246	266	348	5.9	26.2
HP0858	BSU00860	22.772	101	62	3	308	400	619	711	7.2	25.8
HP0858	BSU03320	34.146	41	25	1	60	98	303	343	8.4	25.8
HP0858	BSU05899	27.778	36	26	0	407	442	7	42	8.5	23.1
HP0858	BSU14390	23.243	185	126	6	125	305	114	286	9.6	25.0
HP0859	BSU30870	26.994	326	216	9	13	328	3	316	2.77e-20	86.7
HP0859	BSU37830	29.304	273	170	11	11	273	3	262	4.43e-19	83.2
HP0859	BSU38860	23.548	310	184	15	13	290	3	291	5.40e-09	53.5
HP0859	BSU07280	24.629	337	215	15	9	326	5	321	1.74e-08	52.0
HP0859	BSU19810	25.984	127	78	5	10	132	15	129	0.019	32.0
HP0859	BSU34350	25.128	195	124	8	4	193	262	439	0.039	32.3
HP0859	BSU15910	21.429	182	114	10	8	171	2	172	0.070	31.2
HP0859	BSU29400	24.444	90	58	2	196	275	27	116	0.39	28.9
HP0859	BSU35730	31.667	60	40	1	244	302	284	343	0.50	28.9
HP0859	BSU17200	24.528	106	67	5	12	110	3146	3245	0.95	28.1
HP0859	BSU06880	55.000	20	9	0	8	27	2	21	1.5	26.9
HP0859	BSU39840	44.444	36	18	1	8	43	4	37	2.3	26.6
HP0859	BSU30230	33.871	62	37	2	101	162	110	167	3.4	26.2
HP0859	BSU16870	23.267	202	113	11	10	192	2	180	4.0	25.8
HP0859	BSU38540	47.619	21	11	0	7	27	2	22	4.7	25.4
HP0859	BSU31920	34.483	58	28	2	214	269	255	304	5.5	25.4
HP0859	BSU10560	40.625	32	19	0	277	308	18	49	9.6	24.6
HP0860	BSU34970	32.308	65	42	1	82	144	117	181	0.001	35.0
HP0860	BSU26580	29.000	100	52	3	61	160	46	126	0.17	28.9
HP0860	BSU01550	24.038	104	58	2	4	86	61	164	0.62	26.9
HP0860	BSU19670	30.952	42	29	0	128	169	173	214	0.78	26.6
HP0860	BSU36600	40.476	42	20	2	50	89	27	65	1.3	26.2
HP0860	BSU13600	26.154	65	42	2	73	137	120	178	1.4	25.8
HP0860	BSU13400	30.909	55	31	2	45	92	27	81	1.7	25.8
HP0860	BSU08690	22.449	98	67	3	64	152	400	497	3.5	25.0
HP0860	BSU13830	19.580	143	78	5	62	171	296	434	4.5	24.6
HP0860	BSU17870	32.143	28	19	0	33	60	55	82	5.4	24.3
HP0860	BSU13200	29.231	65	43	2	10	72	50	113	5.8	24.3
HP0861	BSU24130	25.000	108	74	4	3	110	87	187	0.13	30.0
HP0861	BSU17290	26.000	100	57	3	136	235	35	117	0.13	28.9
HP0861	BSU31710	26.230	61	45	0	122	182	2	62	0.29	28.9
HP0861	BSU22650	66.667	12	4	0	225	236	105	116	2.2	25.8
HP0861	BSU12370	23.077	78	43	2	108	183	38	100	4.4	25.0
HP0861	BSU31322	52.632	19	9	0	84	102	11	29	5.4	25.0
HP0861	BSU29470	25.000	88	52	2	43	128	185	260	6.2	24.6
HP0861	BSU04360	28.947	38	27	0	179	216	278	315	9.4	24.3
HP0862	BSU00700	26.718	131	71	5	74	181	80	208	1.19e-04	38.9
HP0862	BSU30180	27.660	94	51	4	21	101	85	174	0.27	28.5
HP0862	BSU08160	23.490	149	77	4	23	162	245	365	0.31	28.5
HP0862	BSU36300	29.310	58	41	0	119	176	54	111	1.4	26.6
HP0862	BSU03130	33.333	36	21	1	180	215	64	96	2.9	25.4
HP0862	BSU19130	52.941	17	8	0	174	190	167	183	3.7	25.0
HP0862	BSU27250	45.455	33	15	1	39	71	109	138	3.8	25.4
HP0862	BSU07550	26.316	57	37	2	24	76	7	62	3.9	24.3
HP0862	BSU29470	28.302	53	28	2	10	56	1	49	4.6	25.0
HP0862	BSU10930	30.000	40	28	0	20	59	70	109	4.7	24.6
HP0862	BSU18670	31.818	44	25	1	170	208	121	164	5.1	25.0
HP0862	BSU29660	35.000	40	24	1	82	119	101	140	6.0	24.3
HP0863	BSU00860	32.653	49	31	1	490	536	411	459	3.8	26.9
HP0863	BSU19360	30.303	66	38	2	453	517	57	115	5.1	26.6
HP0863	BSU25700	47.619	21	11	0	3	23	2	22	5.3	26.2
HP0863	BSU23770	34.375	32	21	0	476	507	25	56	6.1	26.2
HP0863	BSU11740	47.826	23	12	0	326	348	113	135	6.9	25.4
HP0863	BSU34800	28.358	67	45	1	466	529	219	285	7.4	25.8
HP0863	BSU10630	26.966	89	59	2	127	210	259	346	7.8	26.2
HP0863	BSU32100	24.390	41	31	0	74	114	42	82	9.3	25.4
HP0863	BSU22460	24.038	104	54	4	171	274	264	342	9.8	25.4
HP0864	BSU11350	28.767	73	42	3	149	216	1	68	4.8	24.6
HP0864	BSU05970	36.667	30	19	0	171	200	186	215	5.1	24.6
HP0864	BSU10100	25.316	79	52	3	145	216	68	146	7.7	23.9
HP0864	BSU18350	32.558	43	29	0	27	69	1	43	7.7	24.3
HP0864	BSU40240	40.000	15	9	0	33	47	2	16	8.7	23.5
HP0864	BSU24830	54.167	24	11	0	3	26	11	34	9.1	23.9
HP0865	BSU17660	36.975	119	71	3	26	142	27	143	5.45e-16	67.0
HP0865	BSU20020	36.975	119	71	3	26	142	25	141	1.29e-15	66.2
HP0865	BSU25260	37.209	43	26	1	59	100	287	329	0.89	26.2
HP0865	BSU27430	25.000	84	47	4	54	121	140	223	3.1	24.6
HP0865	BSU26880	32.653	49	31	1	25	73	280	326	3.7	24.3
HP0865	BSU11080	27.143	70	36	2	82	136	8	77	6.8	23.5
HP0865	BSU32480	34.483	29	19	0	72	100	1	29	7.5	23.5
HP0865	BSU05840	47.059	17	9	0	107	123	380	396	9.6	23.1
HP0866	BSU27320	45.333	150	81	1	5	154	8	156	1.89e-39	128
HP0866	BSU37920	32.558	43	29	0	121	163	123	165	1.3	25.8
HP0866	BSU25170	33.333	42	27	1	74	114	328	369	1.8	25.4
HP0866	BSU40510	60.000	15	6	0	135	149	293	307	4.3	24.6
HP0866	BSU00780	25.000	100	64	5	4	97	7	101	5.3	23.5
HP0866	BSU37600	26.136	88	58	2	80	161	103	189	8.4	23.5
HP0867	BSU01760	26.562	64	40	1	42	105	259	315	0.11	31.2
HP0867	BSU18830	40.000	50	22	3	2	44	434	482	0.82	28.5
HP0867	BSU18200	23.529	68	49	1	60	127	206	270	2.2	26.9
HP0867	BSU33500	28.889	45	28	1	23	67	103	143	5.6	25.8
HP0867	BSU19000	26.000	100	61	4	164	260	6	95	5.7	25.8
HP0867	BSU23410	34.211	38	24	1	62	98	213	250	9.3	25.0
HP0868	BSU22120	30.556	72	43	3	71	141	179	244	0.32	27.7
HP0868	BSU10590	27.160	81	47	4	26	99	90	165	0.80	26.6
HP0868	BSU08700	45.000	20	11	0	12	31	156	175	7.2	23.5
HP0869	BSU29770	31.667	60	38	1	21	77	83	142	0.23	26.9
HP0869	BSU37370	50.000	36	13	3	83	115	179	212	1.3	25.0
HP0869	BSU01080	27.451	51	26	2	53	99	864	907	4.8	23.5
HP0869	BSU32530	35.714	28	18	0	35	62	329	356	8.5	22.7
HP0870	BSU16290	45.255	137	72	2	1	137	1	134	1.34e-23	97.8
HP0870	BSU16290	44.643	112	57	2	610	718	155	264	5.78e-18	81.3
HP0870	BSU36400	34.653	101	58	3	1	97	1	97	1.57e-08	53.1
HP0870	BSU36400	26.804	97	68	2	619	715	172	265	1.5	28.5
HP0870	BSU36390	31.481	108	71	2	603	710	158	262	6.78e-07	48.1
HP0870	BSU36390	29.752	121	82	3	1	119	1	120	3.42e-06	46.2
HP0870	BSU16180	34.694	49	27	1	4	47	2	50	0.10	30.8
HP0870	BSU35410	37.838	37	23	0	5	41	8	44	0.54	30.0
HP0870	BSU28260	21.951	164	107	6	60	217	187	335	4.4	27.3
HP0870	BSU14270	36.364	33	21	0	283	315	70	102	6.5	26.6
HP0870	BSU03510	23.958	96	58	3	578	672	209	290	7.1	26.6
HP0870	BSU17150	31.111	45	31	0	622	666	103	147	9.4	26.2
HP0871	BSU31200	34.483	29	19	0	15	43	333	361	8.3	24.6
HP0872	BSU15710	42.857	28	15	1	4	30	516	543	0.066	28.9
HP0872	BSU27785	23.256	86	59	2	2	80	28	113	0.59	25.8
HP0872	BSU31550	25.806	62	40	2	49	104	185	246	1.0	25.4
HP0872	BSU35440	40.000	30	17	1	1	30	1	29	1.0	25.0
HP0872	BSU29370	45.455	33	10	1	50	74	130	162	4.1	23.5
HP0872	BSU35040	45.455	22	12	0	62	83	564	585	4.7	23.5
HP0872	BSU16580	31.429	35	13	2	4	27	906	940	5.6	23.1
HP0872	BSU27990	36.667	30	18	1	28	57	159	187	6.6	22.7
HP0872	BSU18000	43.478	23	13	0	31	53	636	658	6.6	23.1
HP0872	BSU00820	40.000	25	15	0	30	54	5	29	7.0	22.7
HP0872	BSU35740	42.857	21	12	0	87	107	83	103	8.6	22.3
HP0873	BSU35319	40.741	27	15	1	10	35	97	123	0.37	25.0
HP0873	BSU00890	41.379	29	14	1	36	61	24	52	2.3	23.1
HP0873	BSU00890	29.032	31	17	1	9	39	58	83	6.0	21.9
HP0873	BSU04590	33.333	24	16	0	29	52	30	53	2.7	22.7
HP0873	BSU29240	36.000	25	16	0	35	59	1	25	3.8	22.3
HP0873	BSU17570	37.838	37	16	1	20	49	275	311	6.1	21.9
HP0873	BSU19440	48.000	25	12	1	43	66	418	442	7.1	21.6
HP0873	BSU41040	40.000	20	12	0	31	50	208	227	8.9	21.2
HP0874	BSU00590	50.000	22	11	0	138	159	61	82	0.47	26.9
HP0874	BSU22660	27.848	79	49	3	19	95	42	114	1.8	26.6
HP0874	BSU22450	32.258	31	21	0	170	200	231	261	7.3	25.0
HP0874	BSU32190	56.250	16	7	0	142	157	58	73	7.4	23.5
HP0874	BSU22590	28.319	113	66	7	126	232	44	147	7.7	24.6
HP0874	BSU23600	36.364	33	21	0	38	70	186	218	8.2	24.6
HP0875	BSU08820	57.917	480	190	3	7	483	5	475	0.0	559
HP0875	BSU38630	43.002	493	258	7	9	486	36	520	2.17e-135	399
HP0875	BSU39050	44.040	495	254	7	3	483	25	510	1.53e-133	399
HP0875	BSU23860	29.885	87	47	5	111	187	336	418	0.22	30.8
HP0875	BSU16710	34.211	38	25	0	433	470	299	336	7.4	25.8
HP0875	BSU36040	34.091	44	27	2	179	220	179	222	8.2	25.4
HP0876	BSU33620	47.059	34	14	1	637	666	78	111	0.68	29.6
HP0876	BSU33620	26.531	98	64	2	506	596	81	177	1.9	28.1
HP0876	BSU08820	24.194	124	73	5	331	440	260	376	7.7	26.6
HP0876	BSU30820	40.000	30	18	0	458	487	75	104	9.5	26.2
HP0877	BSU27390	29.703	101	54	6	1	97	1	88	2.1	24.6
HP0877	BSU18550	36.000	25	16	0	115	139	369	393	2.2	25.4
HP0877	BSU10630	34.091	44	23	2	109	151	30	68	2.2	25.4
HP0877	BSU29140	26.923	78	45	2	89	154	226	303	2.4	25.0
HP0877	BSU06800	47.368	19	10	0	114	132	2	20	4.2	23.1
HP0877	BSU24330	26.230	61	44	1	52	112	13	72	4.5	23.9
HP0877	BSU19460	31.148	61	39	2	5	65	120	177	7.0	23.5
HP0877	BSU03320	45.161	31	14	1	126	156	558	585	7.8	23.5
HP0877	BSU05610	36.842	38	22	1	91	128	178	213	8.2	23.5
HP0877	BSU24770	27.143	70	39	2	25	82	49	118	8.8	22.7
HP0879	BSU11180	52.632	19	9	0	37	55	54	72	2.2	25.8
HP0880	BSU22340	35.294	51	24	2	93	136	55	103	0.78	26.2
HP0880	BSU06970	33.333	45	26	1	41	85	144	184	0.87	26.2
HP0880	BSU19160	41.176	34	18	1	4	37	61	92	1.1	25.4
HP0880	BSU10160	26.415	53	35	1	82	134	317	365	1.1	25.8
HP0880	BSU24240	33.846	65	29	3	76	140	190	240	1.3	25.8
HP0880	BSU13260	50.000	24	10	1	87	110	388	409	1.4	25.4
HP0880	BSU23500	35.714	28	18	0	74	101	295	322	1.7	25.4
HP0880	BSU30630	40.000	35	18	1	75	109	103	134	2.2	24.6
HP0880	BSU13790	27.848	79	48	3	41	110	55	133	3.5	24.3
HP0880	BSU03490	33.333	36	22	1	8	43	2512	2545	3.5	24.6
HP0880	BSU11110	30.769	39	27	0	99	137	131	169	3.7	24.3
HP0880	BSU20360	27.160	81	55	3	43	123	246	322	3.8	24.3
HP0880	BSU16580	34.091	44	28	1	37	80	64	106	4.4	24.3
HP0880	BSU03480	33.333	21	14	0	23	43	2529	2549	5.9	23.9
HP0880	BSU09400	32.653	49	31	1	71	117	413	461	6.1	23.5
HP0880	BSU38600	33.333	57	35	1	35	88	461	517	6.8	23.5
HP0880	BSU29310	26.667	45	31	1	87	129	208	252	8.9	23.1
HP_RS04295	BSU18910	44.828	29	14	1	1	29	121	147	0.58	25.0
HP_RS04300	BSU08400	29.545	44	28	1	8	48	426	469	0.30	26.2
HP_RS04300	BSU16580	35.849	53	31	2	25	74	1102	1154	0.41	25.8
HP_RS04300	BSU04320	32.653	49	27	2	3	49	521	565	1.1	24.6
HP_RS04300	BSU15170	47.368	19	10	0	57	75	134	152	1.4	24.3
HP_RS04300	BSU09340	38.462	39	18	1	20	58	19	51	1.6	23.9
HP_RS04300	BSU19760	39.286	28	16	1	53	80	233	259	2.4	23.5
HP_RS04300	BSU31860	37.778	45	27	1	1	44	214	258	2.6	23.5
HP_RS04300	BSU29090	32.558	43	28	1	24	66	463	504	5.7	22.7
HP_RS04300	BSU37200	30.952	42	21	1	4	45	167	200	6.6	22.3
HP_RS04300	BSU19000	29.091	55	37	2	15	68	22	75	7.7	22.3
HP_RS04300	BSU25570	41.379	29	16	1	59	86	559	587	8.2	21.9
HP_RS04300	BSU21580	25.455	55	41	0	15	69	22	76	9.2	21.9
HP0883	BSU27740	31.841	201	115	4	1	181	1	199	1.26e-18	76.6
HP0883	BSU28590	31.373	51	35	0	74	124	90	140	0.12	29.6
HP0883	BSU22420	23.333	60	46	0	34	93	209	268	1.1	26.6
HP0883	BSU08690	25.210	119	74	4	60	177	348	452	4.0	25.0
HP0883	BSU35940	34.667	75	43	3	20	94	292	360	4.1	24.6
HP0883	BSU19130	32.000	50	27	2	127	176	75	117	8.4	23.5
HP0883	BSU18690	44.444	27	11	1	116	138	116	142	9.3	23.5
HP0883	BSU33740	30.909	55	35	2	21	72	36	90	9.7	23.5
HP0884	BSU32669	30.159	63	37	1	48	103	2	64	0.58	27.7
HP0884	BSU04230	32.787	61	36	2	256	313	126	184	3.6	26.9
HP0884	BSU01040	33.333	27	18	0	467	493	80	106	5.2	26.2
HP0884	BSU02200	37.931	58	28	4	262	318	176	226	6.9	26.2
HP0884	BSU28580	24.444	45	34	0	130	174	136	180	7.9	26.2
HP0885	BSU00570	26.154	65	48	0	286	350	291	355	0.038	33.1
HP0885	BSU37140	27.273	88	51	2	262	349	31	105	0.097	31.2
HP0885	BSU06230	40.816	49	27	2	335	383	354	400	0.31	30.0
HP0885	BSU27670	22.599	354	208	15	1	319	1	323	0.48	29.6
HP0885	BSU14900	21.875	96	65	2	328	420	357	445	0.56	29.6
HP0885	BSU13830	32.500	40	27	0	286	325	278	317	1.6	28.1
HP0885	BSU08330	36.000	50	32	0	362	411	244	293	5.6	26.2
HP0886	BSU00940	40.377	478	250	8	3	463	5	464	1.71e-112	337
HP0886	BSU00380	27.692	130	85	3	17	144	1	123	7.92e-07	48.1
HP0886	BSU00380	23.810	231	135	7	222	413	265	493	1.2	28.5
HP0886	BSU23980	33.333	57	35	1	177	230	41	97	0.036	32.7
HP0886	BSU30320	30.986	71	48	1	266	335	573	643	0.040	33.1
HP0886	BSU30320	22.549	102	76	1	36	134	48	149	1.0	28.5
HP0886	BSU37330	42.222	45	26	0	34	78	137	181	0.055	32.7
HP0886	BSU15430	33.929	56	36	1	29	84	57	111	0.15	31.2
HP0886	BSU15430	27.941	68	44	2	258	324	582	645	0.36	30.0
HP0886	BSU28090	24.074	162	97	6	222	374	477	621	0.46	29.6
HP0886	BSU28090	29.268	41	29	0	23	63	43	83	0.48	29.6
HP0886	BSU36760	32.759	58	32	3	8	61	80	134	0.77	28.9
HP0886	BSU15220	64.286	14	5	0	25	38	102	115	2.5	26.9
HP0886	BSU02100	20.183	109	73	2	272	372	9	111	3.2	26.9
HP0886	BSU29560	35.484	31	20	0	2	32	242	272	4.0	26.6
HP0886	BSU37070	57.143	14	6	0	334	347	3	16	5.8	24.3
HP0886	BSU27550	28.261	46	33	0	334	379	84	129	9.3	25.4
HP0887	BSU23670	24.272	103	66	3	733	833	27	119	1.7	29.3
HP0887	BSU19220	27.848	79	51	2	891	966	305	380	3.3	28.5
HP0887	BSU39500	35.294	51	32	1	495	545	52	101	4.0	27.7
HP0887	BSU18340	22.078	77	58	1	602	676	72	148	4.6	28.1
HP0887	BSU08750	29.268	41	22	1	567	600	249	289	6.6	27.3
HP0887	BSU38280	26.250	80	50	2	3	78	324	398	6.7	27.3
HP0887	BSU21840	37.500	24	15	0	323	346	20	43	6.9	26.9
HP0887	BSU06110	44.444	27	15	0	267	293	376	402	7.9	27.3
HP0887	BSU17220	33.898	59	26	2	1040	1085	1681	1739	9.4	27.3
HP0888	BSU32940	32.589	224	144	3	2	222	5	224	1.10e-35	125
HP0888	BSU30760	30.290	241	158	5	3	241	4	236	1.05e-31	114
HP0888	BSU33290	29.752	242	169	1	3	244	4	244	3.03e-30	110
HP0888	BSU02860	31.193	218	137	4	2	214	3	212	1.12e-29	108
HP0888	BSU03820	27.843	255	176	5	2	253	1	250	1.02e-28	106
HP0888	BSU07490	31.278	227	146	4	3	225	4	224	4.21e-28	105
HP0888	BSU33160	30.364	247	170	2	3	248	1	246	2.39e-27	106
HP0888	BSU01950	30.472	233	137	6	1	225	2	217	1.69e-24	95.1
HP0888	BSU13220	31.839	223	141	4	2	223	294	506	2.92e-23	95.1
HP0888	BSU13220	32.512	203	129	3	2	198	7	207	3.26e-18	80.5
HP0888	BSU39640	28.571	224	149	6	2	219	4	222	1.53e-21	87.4
HP0888	BSU15340	27.273	253	179	4	1	249	1	252	3.51e-21	86.7
HP0888	BSU38660	29.493	217	140	5	2	218	1	204	2.22e-20	85.1
HP0888	BSU09080	31.000	200	123	5	2	198	4	191	6.69e-19	80.9
HP0888	BSU40620	31.373	204	115	7	2	198	1	186	1.07e-18	79.0
HP0888	BSU01450	27.727	220	148	6	3	217	7	220	1.07e-18	80.1
HP0888	BSU30380	24.891	229	158	5	1	221	2	224	3.79e-18	78.2
HP0888	BSU34090	33.708	178	106	5	5	182	8	173	4.24e-18	79.0
HP0888	BSU04490	31.818	198	124	3	2	198	5	192	4.56e-18	79.0
HP0888	BSU29340	29.707	239	151	8	2	232	1	230	9.81e-18	77.0
HP0888	BSU30420	29.231	195	123	6	17	204	24	210	1.63e-17	75.9
HP0888	BSU03590	29.787	235	143	8	2	225	1	224	2.63e-17	75.9
HP0888	BSU08210	28.205	234	149	6	3	232	330	548	1.01e-16	76.3
HP0888	BSU33270	27.523	218	141	5	17	227	20	227	1.29e-16	73.6
HP0888	BSU32750	26.570	207	146	3	18	222	21	223	4.18e-16	73.6
HP0888	BSU23960	24.783	230	157	5	2	225	1	220	4.58e-16	72.0
HP0888	BSU09890	27.184	206	138	5	18	222	17	211	1.01e-15	72.0
HP0888	BSU30610	31.844	179	112	2	21	199	26	194	1.40e-15	71.2
HP0888	BSU34700	29.694	229	143	9	2	219	3	224	1.53e-15	70.9
HP0888	BSU08310	26.633	199	135	7	2	198	1	190	1.88e-15	71.2
HP0888	BSU34820	27.426	237	149	9	3	232	341	561	1.96e-15	72.4
HP0888	BSU24960	28.458	253	137	8	2	230	22	254	2.75e-15	70.5
HP0888	BSU09710	27.155	232	144	8	7	219	341	566	3.94e-15	71.2
HP0888	BSU14360	26.291	213	142	6	17	223	20	223	4.46e-15	69.3
HP0888	BSU39480	26.160	237	160	7	2	231	1	229	5.09e-15	69.3
HP0888	BSU35940	24.771	218	161	3	1	217	1	216	5.18e-15	70.9
HP0888	BSU35940	25.980	204	131	9	2	195	255	448	1.31e-08	51.6
HP0888	BSU07370	24.900	249	139	8	2	219	3	234	6.00e-15	70.9
HP0888	BSU07370	28.042	189	105	7	2	182	318	483	5.69e-05	40.8
HP0888	BSU02750	21.888	233	151	4	21	249	24	229	6.10e-15	69.3
HP0888	BSU37390	25.000	232	157	8	2	227	3	223	1.01e-14	68.6
HP0888	BSU12950	29.614	233	146	7	2	218	4	234	1.25e-14	69.3
HP0888	BSU01460	29.224	219	136	7	14	223	6	214	1.42e-14	68.6
HP0888	BSU27430	24.444	225	151	4	6	222	5	218	1.47e-14	68.2
HP0888	BSU11460	30.435	230	136	9	3	213	8	232	2.78e-14	68.6
HP0888	BSU08220	26.991	226	152	9	3	223	366	583	4.49e-14	68.2
HP0888	BSU02570	25.664	226	151	6	2	223	4	216	7.84e-14	66.6
HP0888	BSU08690	25.424	236	155	6	3	232	341	561	9.84e-14	67.4
HP0888	BSU12250	27.885	208	141	4	17	224	31	229	1.16e-13	65.5
HP0888	BSU38730	30.460	174	114	6	1	171	335	504	1.35e-13	67.0
HP0888	BSU33830	27.803	223	141	10	10	225	11	220	1.66e-13	66.2
HP0888	BSU38810	27.982	218	142	7	12	225	13	219	1.95e-13	65.9
HP0888	BSU33730	25.974	231	153	8	2	225	1	220	2.21e-13	65.9
HP0888	BSU24950	30.052	193	95	7	2	171	13	188	6.54e-13	63.5
HP0888	BSU09070	26.901	171	111	4	1	171	1	157	2.41e-12	61.6
HP0888	BSU14330	26.042	192	132	5	3	189	363	549	2.90e-12	62.8
HP0888	BSU32550	25.121	207	148	3	12	218	13	212	4.82e-12	62.0
HP0888	BSU07420	27.919	197	110	6	2	171	3	194	6.21e-12	61.6
HP0888	BSU07420	25.463	216	107	6	1	202	324	499	5.74e-09	52.8
HP0888	BSU14430	23.984	246	142	6	2	218	1	230	6.50e-12	61.6
HP0888	BSU14430	26.667	105	61	3	138	242	438	526	5.02e-04	37.7
HP0888	BSU38740	29.268	205	116	7	37	232	362	546	6.63e-12	61.6
HP0888	BSU11360	25.764	229	150	6	2	213	4	229	7.57e-12	61.2
HP0888	BSU11470	26.425	193	132	5	18	203	25	214	2.55e-11	59.3
HP0888	BSU11370	28.448	232	144	8	18	241	36	253	2.62e-11	59.7
HP0888	BSU35260	27.670	206	130	7	18	215	18	212	3.18e-11	58.5
HP0888	BSU30010	22.897	214	141	4	13	223	16	208	3.23e-11	58.5
HP0888	BSU37230	27.000	200	134	8	3	196	333	526	5.15e-11	58.9
HP0888	BSU05950	29.302	215	123	8	2	213	326	514	5.76e-11	58.9
HP0888	BSU05950	26.761	213	96	5	1	172	2	195	4.79e-09	53.1
HP0888	BSU13000	26.866	201	140	6	18	213	27	225	5.98e-11	58.5
HP0888	BSU31550	25.294	170	124	3	2	170	4	171	6.90e-11	58.5
HP0888	BSU31550	25.556	180	124	6	2	172	256	434	1.55e-07	48.5
HP0888	BSU14320	26.425	193	131	5	3	189	335	522	1.51e-10	57.8
HP0888	BSU30450	24.771	218	150	5	2	218	1	205	1.68e-10	57.0
HP0888	BSU10040	24.229	227	155	5	2	223	3	217	1.81e-10	56.6
HP0888	BSU08830	23.832	214	142	4	17	226	21	217	2.56e-10	56.2
HP0888	BSU02980	26.636	214	143	3	18	225	49	254	8.25e-10	55.5
HP0888	BSU05610	26.901	171	101	5	3	172	292	439	7.24e-09	52.8
HP0888	BSU05610	25.346	217	120	7	2	218	4	178	4.30e-08	50.4
HP0888	BSU03730	26.087	207	138	7	3	202	4	202	8.33e-09	51.2
HP0888	BSU09720	24.064	187	118	7	3	177	430	604	6.14e-07	47.0
HP0888	BSU21470	27.485	171	113	6	33	200	514	676	5.67e-06	43.9
HP0888	BSU32710	21.267	221	161	7	2	212	5	222	8.77e-05	39.7
HP0888	BSU00140	44.737	38	18	1	25	59	6	43	0.018	32.3
HP0888	BSU35160	28.889	90	60	3	115	201	461	549	0.020	32.7
HP0888	BSU35160	28.448	116	57	4	117	215	791	897	0.021	32.7
HP0888	BSU35160	34.375	32	21	0	18	49	622	653	8.2	24.6
HP0888	BSU40150	24.561	171	105	6	3	173	1	147	0.19	29.3
HP0888	BSU10650	30.612	49	29	2	1	48	4	48	0.61	28.1
HP0888	BSU12420	34.483	29	19	0	22	50	214	242	1.2	27.3
HP0888	BSU15940	36.000	25	13	1	29	50	25	49	1.2	27.3
HP0888	BSU15940	40.909	44	22	2	135	174	1084	1127	2.4	26.2
HP0888	BSU03510	32.609	46	29	2	98	142	1115	1159	2.5	26.2
HP0888	BSU35700	32.353	34	23	0	21	54	42	75	2.8	26.2
HP0888	BSU28750	36.667	30	19	0	158	187	388	417	4.1	25.4
HP0888	BSU00420	40.000	30	16	1	160	189	208	235	4.1	25.4
HP0888	BSU11150	25.397	63	42	2	170	228	2	63	4.6	25.0
HP0888	BSU35120	29.630	54	38	0	57	110	155	208	5.5	25.0
HP0888	BSU36690	25.974	77	52	3	34	108	87	160	6.3	24.6
HP0888	BSU24730	29.231	65	39	1	21	78	130	194	6.8	24.6
HP0889	BSU33170	37.722	281	164	5	54	324	68	347	1.25e-41	145
HP0889	BSU07510	33.099	284	176	5	49	324	53	330	5.77e-37	132
HP0889	BSU33310	31.615	291	186	5	43	324	95	381	1.19e-34	127
HP0889	BSU33300	32.056	287	179	5	52	324	52	336	2.21e-34	125
HP0889	BSU08460	31.544	298	189	5	39	324	47	341	4.54e-33	122
HP0889	BSU07500	36.620	284	167	7	50	324	52	331	2.02e-32	120
HP0889	BSU01620	29.655	290	195	4	43	325	43	330	1.76e-30	115
HP0889	BSU01610	29.514	288	186	7	52	324	46	331	2.80e-30	114
HP0889	BSU08450	30.625	320	198	6	13	322	24	329	9.16e-29	110
HP0889	BSU03800	26.284	331	218	7	2	324	1	313	2.67e-24	97.8
HP0889	BSU03810	23.529	289	186	9	59	324	36	312	1.57e-09	55.1
HP0889	BSU32230	32.432	37	25	0	78	114	496	532	0.95	28.1
HP0889	BSU00890	31.507	73	43	2	150	218	37	106	4.5	25.8
HP0889	BSU06710	29.032	62	41	2	102	162	883	942	9.7	25.0
HP0890	BSU32980	33.333	276	172	6	7	272	2	275	1.31e-41	141
HP0890	BSU23780	27.969	261	154	6	13	264	11	246	7.29e-28	105
HP0890	BSU40000	26.415	265	166	8	9	263	32	277	4.92e-18	79.7
HP0890	BSU13770	27.344	256	169	6	9	261	7	248	3.68e-16	73.2
HP0890	BSU39840	26.882	186	128	3	8	186	6	190	8.46e-15	69.7
HP0890	BSU11980	28.205	195	124	5	8	188	6	198	1.32e-14	68.9
HP0890	BSU18500	28.682	129	92	0	59	187	63	191	2.01e-14	68.2
HP0890	BSU22140	27.273	187	122	3	9	186	13	194	1.12e-13	66.2
HP0890	BSU32000	26.506	249	167	4	1	240	1	242	1.21e-13	66.2
HP0890	BSU38970	23.316	193	142	1	8	194	3	195	1.60e-13	65.9
HP0890	BSU08650	28.125	192	125	4	6	187	2	190	8.78e-12	60.8
HP0890	BSU10400	26.961	204	139	4	4	199	37	238	1.36e-11	60.5
HP0890	BSU09450	24.084	191	135	3	2	184	39	227	7.85e-11	58.2
HP0890	BSU10430	25.123	203	119	5	2	184	45	234	1.44e-10	57.4
HP0890	BSU04190	25.654	191	132	3	2	184	36	224	2.57e-10	56.6
HP0890	BSU33190	25.824	182	129	2	8	184	7	187	3.82e-10	55.8
HP0890	BSU37680	25.000	184	130	2	7	182	2	185	4.07e-09	52.8
HP0890	BSU03930	25.888	197	130	6	9	192	8	201	1.60e-08	51.2
HP0890	BSU16870	25.668	187	128	4	9	187	3	186	4.45e-08	49.7
HP0890	BSU37720	22.222	198	149	2	7	200	4	200	7.11e-08	49.3
HP0890	BSU38540	25.532	188	132	4	5	186	2	187	1.09e-07	48.5
HP0890	BSU02830	23.158	190	135	5	7	186	6	194	2.48e-07	47.8
HP0890	BSU33590	23.790	248	156	7	9	237	8	241	2.98e-07	47.4
HP0890	BSU31840	23.153	203	137	6	12	198	5	204	4.18e-07	46.6
HP0890	BSU15910	25.238	210	127	7	7	197	3	201	1.35e-06	45.4
HP0890	BSU12350	28.079	203	113	8	7	182	9	205	2.61e-05	41.6
HP0890	BSU29420	21.622	185	134	3	11	184	4	188	1.52e-04	39.3
HP0890	BSU14060	21.719	221	129	8	8	204	3	203	0.004	35.0
HP0890	BSU08510	24.793	121	76	2	13	133	5	110	0.006	34.3
HP0890	BSU37820	25.253	99	50	4	12	110	5	79	0.16	30.0
HP0890	BSU32910	21.649	97	47	2	9	87	6	91	0.88	26.6
HP0890	BSU17190	38.235	34	17	1	7	40	3685	3714	1.6	26.9
HP0890	BSU25660	29.630	54	33	2	67	118	170	220	2.9	25.8
HP0890	BSU09800	25.806	93	65	2	57	147	7	97	4.8	24.6
HP0890	BSU38860	21.739	115	77	3	12	119	4	112	4.8	25.4
HP0890	BSU06880	36.364	33	21	0	8	40	4	36	4.9	25.4
HP0890	BSU12920	25.000	56	33	1	90	136	11	66	6.1	25.0
HP0890	BSU17210	26.966	89	55	3	10	88	3681	3769	6.4	25.4
HP0890	BSU17000	27.059	85	38	3	125	193	227	303	9.1	24.6
HP0890	BSU17180	23.077	143	83	6	7	122	2848	2990	9.5	24.6
HP0890	BSU17180	62.500	16	6	0	10	25	4173	4188	9.7	24.6
HP0891	BSU13030	34.043	141	92	1	22	161	12	152	3.40e-19	77.0
HP0891	BSU02920	30.556	36	25	0	46	81	185	220	1.5	25.8
HP0891	BSU22580	30.303	33	21	1	48	78	40	72	4.0	24.3
HP0891	BSU26160	47.619	21	11	0	74	94	23	43	5.2	24.3
HP0892	BSU32010	35.417	48	31	0	37	84	118	165	0.019	29.6
HP0892	BSU21680	33.333	42	24	1	10	51	3	40	0.41	25.4
HP0892	BSU26075	47.619	21	11	0	63	83	71	91	3.3	23.5
HP0892	BSU15650	46.154	26	12	1	4	27	563	588	3.4	23.5
HP0892	BSU26150	37.037	27	17	0	5	31	31	57	3.9	23.1
HP0892	BSU16330	25.301	83	36	3	16	87	21	88	4.1	22.7
HP0892	BSU33960	42.857	21	12	0	70	90	239	259	7.6	22.3
HP0892	BSU37660	38.710	31	18	1	12	42	15	44	9.8	21.9
HP0893	BSU20090	38.710	31	15	1	36	66	40	66	2.6	22.7
HP0893	BSU11220	28.261	46	31	1	20	63	190	235	3.4	23.5
HP0893	BSU21350	35.849	53	28	2	8	60	1353	1399	3.6	23.5
HP0893	BSU40440	30.909	55	30	2	41	87	110	164	5.0	23.1
HP0893	BSU35830	41.026	39	18	2	13	48	185	221	5.7	22.7
HP0893	BSU04380	45.455	22	12	0	21	42	108	129	7.3	22.3
HP0893	BSU18130	37.931	29	16	1	6	32	458	486	9.1	22.3
HP0894	BSU27650	35.417	48	21	1	1	38	106	153	0.73	25.0
HP0894	BSU31330	31.707	41	28	0	6	46	79	119	2.6	23.1
HP0894	BSU39160	50.000	20	8	1	52	69	24	43	4.8	22.7
HP0894	BSU40600	41.176	17	10	0	50	66	182	198	5.3	22.7
HP0894	BSU40520	44.444	18	10	0	54	71	206	223	7.3	22.3
HP0894	BSU39680	32.609	46	29	1	32	75	31	76	7.9	21.9
HP0894	BSU09310	28.169	71	45	2	11	76	485	554	8.0	22.3
HP0894	BSU39140	32.500	40	27	0	24	63	44	83	8.0	21.9
HP0895	BSU25860	29.688	64	35	2	22	76	214	276	0.27	27.3
HP0895	BSU00190	50.000	26	11	1	42	67	251	274	0.98	25.8
HP0895	BSU20680	41.935	31	17	1	76	106	43	72	1.1	25.0
HP0895	BSU03380	39.130	23	14	0	86	108	183	205	1.6	25.0
HP0895	BSU28550	38.235	34	21	0	39	72	58	91	1.8	24.6
HP0895	BSU14700	25.000	60	43	1	54	113	379	436	2.4	24.6
HP0895	BSU24530	50.000	20	10	0	48	67	206	225	2.5	24.3
HP0895	BSU33420	23.438	64	48	1	5	67	440	503	2.5	24.6
HP0895	BSU17570	47.368	19	10	0	41	59	441	459	3.5	24.3
HP0895	BSU31050	28.571	56	39	1	8	63	330	384	5.9	23.5
HP0895	BSU35040	34.091	44	29	0	9	52	1183	1226	7.5	23.1
HP0895	BSU21420	37.500	24	15	0	50	73	33	56	9.3	21.9
HP0895	BSU31490	26.667	60	41	2	38	94	253	312	9.4	22.7
HP0895	BSU08320	47.619	21	11	0	29	49	163	183	9.5	22.7
HP0896	BSU24240	23.529	136	81	6	430	560	209	326	0.17	31.6
HP0896	BSU11350	34.043	47	31	0	259	305	10	56	0.64	29.6
HP0896	BSU10070	40.625	32	19	0	473	504	223	254	1.3	28.9
HP0896	BSU26740	35.714	42	27	0	261	302	368	409	2.0	28.1
HP0896	BSU16220	27.273	66	41	2	337	397	153	216	2.2	28.1
HP0896	BSU06460	33.333	30	20	0	478	507	8	37	6.6	25.0
HP0896	BSU05550	45.455	22	12	0	569	590	34	55	7.5	25.4
HP0896	BSU37010	28.788	66	30	3	38	103	1	49	8.0	26.2
HP0896	BSU14300	36.842	38	24	0	245	282	7	44	8.6	25.4
HP0896	BSU11010	39.286	28	17	0	13	40	126	153	9.3	26.2
HP_RS04385	BSU12740	38.889	18	11	0	64	81	137	154	0.86	24.6
HP_RS04385	BSU17210	27.273	55	31	3	11	58	4232	4284	1.6	24.3
HP_RS04385	BSU17180	25.806	31	23	0	36	66	3528	3558	2.4	23.5
HP_RS04385	BSU04660	69.231	13	4	0	41	53	19	31	5.2	22.3
HP0898	BSU17210	22.549	204	119	8	7	187	3884	4071	0.61	28.9
HP0898	BSU35000	29.630	81	47	3	209	287	137	209	1.6	27.3
HP0898	BSU09320	40.476	42	25	0	227	268	149	190	4.1	26.2
HP0898	BSU13080	32.432	37	25	0	238	274	83	119	5.4	25.4
HP0898	BSU31960	23.438	64	49	0	144	207	696	759	6.2	25.8
HP0898	BSU34940	34.615	52	33	1	316	367	43	93	9.9	24.6
HP0899	BSU39120	26.923	52	37	1	23	73	229	280	0.78	24.6
HP0899	BSU18310	28.571	63	44	1	15	76	1433	1495	0.81	24.6
HP0899	BSU37480	30.909	55	31	2	20	71	34	84	1.4	23.9
HP0899	BSU39960	34.146	41	16	2	34	63	102	142	4.3	22.3
HP0899	BSU29590	29.545	44	27	1	11	50	135	178	5.3	22.3
HP0899	BSU09510	57.143	14	6	0	57	70	27	40	5.8	21.9
HP0899	BSU00880	25.000	48	31	2	25	72	130	172	5.9	21.9
HP0899	BSU35700	28.571	42	30	0	34	75	146	187	5.9	22.3
HP0899	BSU18819	31.818	22	15	0	23	44	17	38	6.4	21.6
HP0899	BSU27220	23.810	42	32	0	14	55	638	679	7.0	21.9
HP0899	BSU20960	38.889	18	10	1	40	57	177	193	8.3	21.6
HP0899	BSU09590	42.857	28	13	1	34	58	404	431	8.9	21.6
HP0899	BSU13670	42.308	26	12	1	38	60	53	78	9.0	21.6
HP0900	BSU05470	20.430	93	57	4	138	230	155	230	1.0	26.9
HP0900	BSU01460	36.207	58	30	3	42	93	17	73	1.2	26.9
HP0900	BSU24730	34.375	64	34	2	41	96	132	195	2.0	26.2
HP0900	BSU06770	24.419	86	60	3	145	228	374	456	5.7	25.0
HP0900	BSU33380	33.333	99	50	4	78	162	56	152	5.9	24.6
HP0900	BSU02160	24.444	45	27	1	167	211	254	291	5.9	24.6
HP0900	BSU29230	24.752	101	53	4	112	206	518	601	6.4	25.0
HP0900	BSU06330	46.154	26	9	1	55	75	48	73	6.9	24.6
HP0900	BSU03970	37.143	35	18	1	184	214	15	49	8.0	23.5
HP0900	BSU02980	31.818	44	28	1	51	92	64	107	10.0	24.3
HP0902	BSU21160	38.710	31	17	1	2	30	46	76	0.71	25.0
HP0902	BSU05150	31.707	41	28	0	50	90	49	89	1.2	24.6
HP0902	BSU41020	34.211	38	24	1	46	82	14	51	2.3	23.9
HP0902	BSU14170	42.308	26	15	0	58	83	88	113	6.0	22.7
HP0902	BSU16690	40.000	35	18	1	14	45	427	461	7.3	22.7
HP0902	BSU22470	36.842	38	18	2	29	62	93	128	7.7	22.3
HP0903m	BSU29470	49.640	278	136	1	3	280	4	277	7.76e-94	284
HP0903m	BSU24070	27.306	271	156	14	3	267	10	245	1.60e-04	40.0
HP0903m	BSU06300	23.404	94	65	2	36	127	128	216	2.4	26.9
HP0903m	BSU37560	28.205	78	50	1	6	83	95	166	5.4	25.8
HP0903m	BSU20960	73.333	15	4	0	16	30	193	207	6.7	25.4
HP_RS04415	BSU37660	43.860	114	64	0	1	114	146	259	1.93e-24	94.4
HP_RS04415	BSU32200	43.478	23	13	0	13	35	263	285	1.8	25.8
HP_RS04415	BSU01620	35.897	39	24	1	16	53	132	170	2.6	25.4
HP_RS04415	BSU25260	28.889	45	32	0	45	89	335	379	6.0	24.3
HP_RS04415	BSU22440	47.619	21	11	0	26	46	219	239	9.3	23.5
HP_0905	BSU39730	33.333	30	20	0	125	154	7	36	4.6	25.8
HP0906	BSU28390	37.500	32	19	1	79	109	226	257	1.8	27.7
HP0906	BSU05630	30.357	56	32	2	373	428	12	60	2.4	26.9
HP0906	BSU09570	25.373	67	40	2	193	259	150	206	4.1	26.6
HP0906	BSU27990	54.167	24	10	1	379	402	91	113	7.0	25.8
HP0906	BSU29030	31.250	64	39	2	374	437	30	88	7.7	25.0
HP0906	BSU16070	24.576	118	78	3	88	199	58	170	8.5	25.8
HP0907	BSU16280	28.125	64	46	0	16	79	12	75	0.001	35.8
HP0907	BSU38090	42.857	42	24	0	189	230	757	798	0.007	34.7
HP0907	BSU25720	43.333	30	14	1	130	156	155	184	1.3	26.9
HP0907	BSU22720	24.242	132	87	5	50	173	1	127	3.3	25.8
HP0907	BSU39760	40.625	32	18	1	234	265	105	135	3.8	25.8
HP0907	BSU30100	31.373	51	31	1	111	157	258	308	7.5	25.0
HP0908	BSU16290	29.688	128	76	2	480	605	149	264	8.84e-13	65.9
HP0908	BSU16290	31.013	158	89	5	1	153	1	143	1.11e-09	56.2
HP0908	BSU36390	26.829	123	68	3	479	597	158	262	5.02e-06	45.1
HP0908	BSU36390	32.692	52	35	0	4	55	4	55	0.002	37.4
HP0908	BSU36400	32.759	58	39	0	5	62	5	62	0.032	33.5
HP0908	BSU16180	27.397	73	46	2	22	87	25	97	0.24	29.6
HP0908	BSU00810	33.333	27	18	0	523	549	123	149	1.0	28.9
HP0908	BSU14072	27.500	40	29	0	364	403	110	149	3.5	26.6
HP0908	BSU17200	33.333	36	24	0	503	538	4008	4043	4.5	26.9
HP0908	BSU24080	22.500	200	121	7	23	214	143	316	8.8	25.8
HP0909	BSU17770	40.000	30	18	0	46	75	367	396	0.31	28.5
HP0909	BSU21550	25.641	78	49	2	22	91	17	93	2.1	25.4
HP0909	BSU06812	30.588	85	50	2	36	120	123	198	3.8	25.0
HP0909	BSU04860	27.083	96	55	5	93	185	212	295	3.9	25.0
HP0909	BSU33890	37.931	29	18	0	108	136	3	31	4.4	24.3
HP0909	BSU06610	37.500	24	15	0	104	127	213	236	7.4	24.3
HP0910	BSU29480	34.694	49	32	0	118	166	222	270	0.004	35.8
HP0910	BSU21500	21.429	84	60	2	294	371	78	161	2.4	26.9
HP0910	BSU06800	33.333	42	27	1	100	141	13	53	3.6	24.6
HP0910	BSU11560	25.424	59	38	2	85	142	57	110	4.2	25.4
HP0910	BSU29540	27.586	29	21	0	25	53	34	62	6.8	25.4
HP0910	BSU13700	32.353	68	37	5	65	127	467	530	7.6	25.4
HP0910	BSU22170	42.857	21	12	0	70	90	287	307	9.9	25.0
HP0911	BSU06610	26.401	678	394	18	7	646	12	622	2.14e-48	178
HP0911	BSU11820	27.042	710	362	24	1	653	130	740	3.93e-46	172
HP0911	BSU10630	25.593	590	252	27	175	642	356	880	2.31e-16	80.1
HP0911	BSU10630	32.836	67	42	1	23	86	27	93	3.61e-05	43.9
HP0911	BSU33450	33.333	63	32	1	583	645	703	755	0.016	35.0
HP0911	BSU33450	45.455	22	12	0	23	44	230	251	4.4	27.3
HP0911	BSU27910	25.676	74	53	2	380	452	68	140	1.3	27.7
HP0911	BSU00310	25.676	74	43	2	329	392	194	265	1.9	28.1
HP0911	BSU27480	29.851	67	35	3	588	654	686	740	2.3	28.1
HP0911	BSU30300	30.233	43	30	0	95	137	276	318	6.0	26.6
HP0911	BSU08730	29.487	78	43	4	396	471	27	94	7.0	25.8
HP0911	BSU28170	34.483	58	34	2	321	374	204	261	8.3	26.2
HP0912	BSU17180	39.583	48	20	2	375	417	1174	1217	1.2	28.9
HP0912	BSU16120	35.294	34	22	0	269	302	106	139	4.0	26.9
HP0912	BSU34580	29.545	44	29	1	458	501	149	190	5.9	26.2
HP0912	BSU22030	30.488	82	42	3	217	298	271	337	8.4	25.8
HP0912	BSU07090	35.294	34	22	0	94	127	314	347	8.6	25.8
HP0913	BSU06812	21.488	121	79	3	227	344	62	169	1.5	28.1
HP0913	BSU23950	28.947	38	27	0	392	429	111	148	1.9	27.7
HP0913	BSU27010	50.000	22	11	0	419	440	279	300	6.5	26.2
HP0913	BSU15760	35.714	28	18	0	399	426	155	182	7.2	25.8
HP0913	BSU31230	29.630	54	37	1	259	312	512	564	8.9	25.8
HP0914	BSU39390	28.358	67	46	1	77	143	17	81	0.15	31.2
HP0914	BSU04370	38.235	34	21	0	102	135	24	57	0.33	28.1
HP0914	BSU40330	27.273	66	46	1	78	143	18	81	0.77	28.9
HP0914	BSU37860	23.077	65	33	2	263	327	183	230	5.8	25.8
HP0915	BSU17559	35.000	40	25	1	23	62	7	45	2.4	25.4
HP0915	BSU25000	40.741	27	16	0	22	48	685	711	4.0	27.7
HP0918	BSU09570	31.034	58	38	2	41	96	41	98	0.50	26.9
HP0918	BSU34390	33.333	42	27	1	21	62	171	211	2.2	25.0
HP0918	BSU27430	24.194	62	45	1	83	142	173	234	4.4	23.9
HP0918	BSU26039	52.941	17	8	0	43	59	27	43	7.0	22.3
HP0918	BSU29650	41.176	34	15	1	102	135	93	121	8.8	23.1
HP0919	BSU15520	46.104	1091	547	16	1	1080	1	1061	0.0	943
HP0919	BSU11240	44.297	982	499	13	1	971	1	945	0.0	791
HP0919	BSU14860	28.090	267	174	9	72	330	69	325	3.27e-13	70.9
HP0919	BSU14860	22.951	305	210	8	587	873	24	321	6.47e-10	60.1
HP0919	BSU02230	22.647	340	214	15	9	329	6	315	3.72e-07	50.4
HP0919	BSU02230	19.553	179	139	3	673	850	105	279	3.36e-04	40.8
HP0919	BSU24340	25.256	293	190	10	58	337	53	329	8.38e-07	49.3
HP0919	BSU24340	24.227	194	120	5	691	869	135	316	9.76e-05	42.7
HP0919	BSU18240	24.865	185	117	5	697	869	141	315	2.42e-05	44.7
HP0919	BSU18240	20.408	245	161	9	114	345	113	336	0.005	37.4
HP0919	BSU16090	26.543	162	93	7	131	269	9	167	0.002	38.1
HP0919	BSU06520	37.097	62	34	2	957	1018	5	61	0.013	36.2
HP0919	BSU37710	19.048	105	78	1	662	759	126	230	0.30	31.6
HP0919	BSU00270	25.301	83	50	2	673	754	242	313	0.45	31.2
HP0919	BSU06530	23.153	203	129	8	664	846	92	287	2.1	28.9
HP0919	BSU08240	22.222	99	69	2	901	994	176	271	2.9	28.1
HP0919	BSU13040	31.884	69	40	3	205	268	145	211	2.9	28.1
HP0919	BSU09830	34.783	69	32	4	328	387	161	225	3.0	28.1
HP0919	BSU07290	33.333	45	25	1	971	1010	16	60	3.9	27.7
HP0919	BSU06820	46.667	30	15	1	285	314	38	66	4.1	27.7
HP0919	BSU03480	23.810	189	109	8	822	1000	1623	1786	4.7	28.1
HP0919	BSU40040	30.189	53	30	2	615	662	271	321	6.7	26.9
HP0919	BSU27550	26.966	89	56	2	102	184	245	330	9.6	26.6
HP0920	BSU07200	30.693	202	126	6	35	229	20	214	1.86e-14	66.6
HP0920	BSU14050	26.415	53	38	1	154	206	168	219	1.6	26.6
HP0920	BSU29520	29.545	88	60	2	118	205	71	156	2.6	25.4
HP0920	BSU06380	30.233	86	51	4	124	202	150	233	3.8	25.0
HP0920	BSU15480	31.746	63	36	3	49	109	205	262	3.9	25.4
HP0920	BSU06680	28.571	35	25	0	111	145	289	323	3.9	25.4
HP0920	BSU08400	30.588	85	53	2	30	109	333	416	4.1	25.4
HP0920	BSU01389	45.455	22	12	0	142	163	9	30	4.2	23.9
HP0920	BSU40480	25.000	100	58	3	126	218	61	150	4.9	25.0
HP0921	BSU33940	43.787	338	171	6	1	329	3	330	1.71e-88	266
HP0921	BSU29020	41.493	335	175	7	1	325	3	326	1.76e-81	248
HP0921	BSU09780	30.769	52	36	0	17	68	86	137	0.017	33.5
HP0921	BSU38920	23.387	124	91	2	79	201	73	193	0.25	29.6
HP0921	BSU39280	36.585	41	20	1	251	291	24	58	2.4	25.4
HP0921	BSU06950	33.333	30	20	0	167	196	99	128	3.3	26.2
HP0921	BSU26810	42.857	21	12	0	120	140	167	187	7.5	25.0
HP0921	BSU15480	31.250	48	24	1	120	167	146	184	8.0	25.0
HP0922	BSU24300	24.561	171	99	5	526	690	282	428	6.92e-04	41.2
HP0922	BSU28890	23.256	86	62	2	509	592	76	159	0.041	35.0
HP0922	BSU28890	30.000	70	42	3	526	593	72	136	4.9	28.5
HP0922	BSU04960	25.229	218	142	8	482	684	576	787	0.18	33.9
HP0922	BSU30360	19.643	168	125	4	521	688	53	210	0.35	32.3
HP0922	BSU30360	22.936	109	74	2	467	575	104	202	8.0	27.7
HP0922	BSU24580	20.301	133	92	2	579	697	228	360	0.42	32.3
HP0922	BSU24580	20.126	159	106	4	424	567	211	363	0.71	31.6
HP0922	BSU29830	24.667	150	105	4	1383	1529	112	256	0.96	30.8
HP0922	BSU12190	23.148	108	60	4	644	734	89	190	2.0	29.6
HP0922	BSU22320	48.889	45	21	2	1423	1467	466	508	2.1	30.4
HP0922	BSU16960	20.870	115	77	3	486	599	48	149	2.3	30.0
HP0922	BSU15940	22.917	192	112	7	380	568	207	365	2.6	30.0
HP0922	BSU10110	31.169	77	40	4	1305	1377	175	242	2.7	30.0
HP0922	BSU31220	24.242	99	55	2	1725	1819	502	584	2.7	29.6
HP0922	BSU37620	21.591	176	98	6	525	675	62	222	2.8	29.3
HP0922	BSU24290	22.989	87	59	2	475	557	2	84	3.2	27.3
HP0922	BSU13180	23.932	117	77	4	477	584	349	462	3.4	29.6
HP0922	BSU27110	24.545	110	69	4	524	624	86	190	5.6	28.5
HP0922	BSU19380	16.744	215	145	6	494	693	200	395	6.8	28.5
HP0923	BSU10830	22.857	70	47	2	141	210	223	285	0.27	29.6
HP0923	BSU39400	18.121	149	109	4	48	183	142	290	0.32	29.6
HP0923	BSU04440	29.730	74	42	3	148	218	96	162	3.3	26.2
HP0923	BSU18330	24.658	73	52	2	40	110	1042	1113	3.5	26.6
HP0923	BSU35690	34.615	26	17	0	111	136	31	56	4.1	26.2
HP0923	BSU05940	38.095	42	18	1	94	135	254	287	5.8	25.4
HP0923	BSU08700	43.478	23	13	0	59	81	230	252	6.0	25.4
HP0923	BSU29670	28.421	95	49	4	209	297	101	182	8.3	25.0
HP0923	BSU01080	23.256	86	54	4	22	107	524	597	8.5	25.4
HP0924	BSU37540	28.125	64	43	1	1	64	1	61	2.57e-08	42.7
HP0924	BSU30060	30.612	49	32	1	20	66	207	255	0.27	25.4
HP0924	BSU11120	32.653	49	26	1	6	54	223	264	0.52	24.6
HP0924	BSU31350	35.294	51	28	2	21	67	315	364	0.87	24.3
HP0924	BSU29400	21.622	37	29	0	1	37	254	290	2.3	22.7
HP0924	BSU25170	22.500	40	31	0	15	54	331	370	2.7	22.7
HP0924	BSU09880	64.286	14	5	0	1	14	129	142	4.2	22.3
HP0924	BSU36340	62.500	16	3	1	53	68	11	23	4.3	21.9
HP0924	BSU18090	27.083	48	33	1	13	58	434	481	4.9	21.9
HP0924	BSU02050	29.268	41	29	0	5	45	78	118	5.5	21.9
HP0924	BSU25040	34.286	35	15	1	15	49	137	163	6.6	21.6
HP0924	BSU04200	48.000	25	10	1	38	59	13	37	8.0	21.2
HP0924	BSU12360	52.381	21	10	0	44	64	340	360	8.7	21.2
HP0924	BSU29590	21.277	47	37	0	19	65	40	86	9.0	21.2
HP0924	BSU26935	26.471	34	24	1	8	41	1	33	9.2	20.0
HP0925	BSU00210	32.447	188	116	3	13	190	9	195	5.04e-34	117
HP0925	BSU02880	29.487	78	46	3	75	149	227	298	0.076	30.0
HP0925	BSU40080	31.915	47	31	1	130	175	372	418	0.28	28.5
HP0925	BSU03510	28.571	35	25	0	126	160	1052	1086	3.0	25.4
HP0925	BSU28220	35.484	31	20	0	92	122	286	316	4.4	24.6
HP0925	BSU02780	28.205	78	48	3	37	113	222	292	6.3	24.3
HP0925	BSU35350	26.316	57	28	1	84	140	45	87	7.0	23.5
HP0925	BSU30190	37.500	24	15	0	83	106	246	269	8.6	23.9
HP0925	BSU06980	34.286	35	23	0	152	186	74	108	9.2	23.9
HP0926	BSU04950	40.541	37	21	1	180	215	56	92	0.74	27.3
HP0926	BSU31520	30.435	46	31	1	93	138	204	248	0.84	28.5
HP0926	BSU39090	35.417	48	22	2	118	156	129	176	3.3	26.2
HP0926	BSU10160	25.714	105	63	4	89	191	106	197	3.4	26.6
HP0926	BSU17190	24.242	132	80	4	12	142	1395	1507	5.3	26.2
HP0926	BSU29540	25.581	43	32	0	98	140	222	264	5.5	25.4
HP0926	BSU19470	30.303	33	23	0	334	366	75	107	6.2	24.6
HP0926	BSU35720	35.417	48	28	2	129	175	679	724	7.2	25.4
HP0926	BSU20800	29.730	37	26	0	311	347	335	371	7.7	25.4
HP0926	BSU36100	37.500	40	22	1	282	318	176	215	9.2	25.0
HP0926	BSU03960	32.075	53	34	2	216	267	20	71	9.9	24.6
HP0927	BSU13490	28.185	259	168	8	69	314	45	298	1.04e-23	95.5
HP0927	BSU38780	25.126	199	128	7	128	311	346	538	4.33e-05	41.6
HP0927	BSU10290	25.000	104	64	5	106	203	209	304	0.029	32.7
HP0927	BSU35780	25.773	97	70	1	79	175	100	194	0.45	28.9
HP0927	BSU16110	30.769	26	18	0	144	169	25	50	5.4	25.4
HP0927	BSU37280	29.508	61	39	2	118	176	789	847	6.5	25.4
HP0927	BSU08690	30.909	55	33	1	145	194	503	557	7.4	25.0
HP0927	BSU09070	23.077	39	30	0	270	308	55	93	8.1	24.6
HP0927	BSU22400	38.710	31	18	1	83	112	121	151	9.2	25.0
HP0928	BSU22780	43.333	180	100	2	1	179	9	187	7.06e-56	172
HP0928	BSU13750	26.087	69	51	0	66	134	51	119	0.20	28.1
HP0928	BSU34030	23.596	89	65	2	2	90	10	95	1.7	25.8
HP0928	BSU38500	35.714	42	25	1	73	112	64	105	2.1	25.8
HP0928	BSU24140	30.612	49	29	2	26	72	252	297	3.5	25.0
HP0928	BSU17220	31.081	74	37	5	26	90	2086	2154	4.1	25.0
HP0929	BSU24280	38.136	236	134	4	34	264	33	261	1.41e-38	135
HP0929	BSU22740	35.135	222	127	8	27	247	53	258	2.34e-28	108
HP0929	BSU25000	25.455	55	40	1	4	57	502	556	1.9	26.9
HP0929	BSU31060	32.143	28	19	0	12	39	423	450	2.5	26.6
HP0929	BSU11880	39.216	51	21	4	185	227	196	244	8.5	24.6
HP0929	BSU09570	24.138	116	77	4	92	206	191	296	8.6	24.6
HP0930	BSU11650	20.109	184	110	7	67	238	27	185	0.29	28.9
HP0930	BSU06210	29.412	34	24	0	142	175	184	217	2.4	26.2
HP0930	BSU16270	58.824	17	7	0	145	161	212	228	4.0	25.4
HP0930	BSU35950	23.729	118	69	3	107	224	103	199	5.0	25.0
HP0930	BSU17540	37.209	43	24	1	226	265	16	58	5.4	24.3
HP0930	BSU05490	32.258	31	21	0	215	245	215	245	6.8	24.6
HP0930	BSU17740	52.632	19	9	0	18	36	24	42	7.9	23.1
HP0931	BSU11120	47.368	19	10	0	86	104	209	227	1.7	26.2
HP0931	BSU39750	50.000	22	11	0	55	76	240	261	2.0	25.8
HP0931	BSU35680	27.419	62	37	2	32	93	802	855	2.4	26.2
HP0931	BSU04760	25.000	40	30	0	44	83	68	107	3.2	25.0
HP0931	BSU12990	34.211	38	25	0	87	124	148	185	5.6	24.6
HP0931	BSU11150	18.947	95	68	2	1	89	18	109	5.7	24.6
HP0931	BSU06559	41.667	24	14	0	161	184	33	56	8.6	22.7
HP0931	BSU06260	30.612	49	29	1	45	93	44	87	10.0	23.9
HP0933	BSU13730	25.532	47	34	1	11	57	28	73	0.010	32.3
HP0933	BSU28200	38.710	31	19	0	74	104	122	152	1.7	26.2
HP0933	BSU39180	50.000	22	10	1	179	199	6	27	2.0	25.0
HP0933	BSU36810	28.571	56	35	2	49	100	212	266	6.1	24.3
HP0933	BSU18320	33.333	30	20	0	167	196	1734	1763	6.5	24.6
HP0933	BSU26480	20.988	81	60	1	73	149	26	106	7.7	23.9
HP0933	BSU35890	57.143	14	6	0	98	111	135	148	7.9	23.5
HP0933	BSU35690	30.000	50	31	1	32	81	260	305	8.1	23.9
HP0933	BSU24990	35.714	42	25	2	100	140	257	297	8.6	23.9
HP0933	BSU20830	77.778	9	2	0	151	159	77	85	9.8	23.1
HP0934	BSU13740	23.022	278	144	11	3	250	5	242	1.65e-08	50.4
HP0934	BSU15660	25.287	87	62	1	98	184	41	124	0.32	28.9
HP0934	BSU36700	31.683	101	47	6	93	187	76	160	0.62	28.1
HP0934	BSU18180	42.424	33	19	0	139	171	66	98	2.0	26.2
HP0934	BSU40920	22.353	85	64	1	169	251	218	302	2.1	26.2
HP0934	BSU29370	32.836	67	36	3	143	202	195	259	2.4	25.8
HP0934	BSU25360	46.154	26	14	0	24	49	55	80	2.6	24.6
HP0934	BSU14850	34.426	61	30	3	31	87	178	232	3.6	25.4
HP0934	BSU40840	47.368	19	10	0	18	36	418	436	4.7	25.4
HP0934	BSU07230	20.192	104	72	5	67	165	226	323	5.1	25.0
HP0935	BSU02160	28.378	74	53	0	59	132	206	279	1.92e-04	37.4
HP0935	BSU05930	32.394	71	47	1	62	132	56	125	3.39e-04	35.8
HP0935	BSU05600	30.303	66	45	1	69	133	81	146	4.86e-04	35.4
HP0935	BSU28330	23.913	92	68	1	43	132	38	129	5.84e-04	35.4
HP0935	BSU26600	33.929	56	36	1	78	132	79	134	6.30e-04	35.0
HP0935	BSU33890	27.711	83	58	2	51	132	39	120	0.001	34.3
HP0935	BSU15100	26.214	103	57	5	59	151	53	146	0.005	32.7
HP0935	BSU19060	24.706	85	63	1	53	137	157	240	0.008	32.3
HP0935	BSU05770	26.316	95	66	3	38	132	29	119	0.009	32.0
HP0935	BSU40720	31.507	73	46	2	60	132	54	122	0.013	31.2
HP0935	BSU32150	29.310	58	41	0	77	134	92	149	0.015	31.2
HP0935	BSU40680	26.582	79	54	2	60	138	54	128	0.023	30.8
HP0935	BSU39870	27.119	59	42	1	75	132	60	118	0.041	30.0
HP0935	BSU16890	30.864	81	42	3	2	76	69	141	0.15	28.1
HP0935	BSU40290	30.000	70	46	1	73	142	86	152	0.20	28.1
HP0935	BSU00250	31.481	54	27	2	98	147	140	187	0.65	26.6
HP0935	BSU26450	24.762	105	72	5	36	137	46	146	0.98	26.2
HP0935	BSU01710	35.294	51	28	2	104	150	107	156	1.2	25.8
HP0935	BSU10310	22.222	117	82	2	29	140	25	137	1.2	25.8
HP0935	BSU17210	28.358	67	35	2	9	69	4445	4504	2.7	25.0
HP0935	BSU40740	25.532	47	35	0	87	133	101	147	2.8	24.6
HP0935	BSU30800	32.653	49	31	1	5	51	34	82	3.0	24.6
HP0935	BSU33610	38.462	39	22	1	64	102	328	364	3.5	24.6
HP0935	BSU21550	25.000	48	35	1	87	133	97	144	4.4	24.3
HP0935	BSU34680	35.185	54	26	2	24	74	274	321	4.8	24.3
HP0935	BSU25540	61.538	13	5	0	39	51	36	48	5.7	23.9
HP0935	BSU19620	28.261	46	33	0	81	126	200	245	5.7	23.9
HP0935	BSU06920	20.000	55	44	0	78	132	106	160	6.2	23.5
HP0935	BSU30280	28.358	67	35	4	37	97	126	185	6.5	23.9
HP0935	BSU10630	40.909	22	13	0	106	127	1201	1222	7.2	23.9
HP0936	BSU35830	25.362	276	148	10	67	319	58	298	1.65e-04	40.4
HP0936	BSU02950	22.901	262	153	8	7	264	8	224	5.72e-04	38.9
HP0936	BSU37320	23.864	352	197	18	26	368	20	309	0.008	35.0
HP0936	BSU39810	25.325	154	79	5	77	229	69	187	0.022	33.9
HP0936	BSU39810	25.893	112	64	3	77	187	302	395	9.5	25.4
HP0936	BSU39710	25.410	122	63	5	50	170	47	141	0.023	33.5
HP0936	BSU40840	23.280	189	100	7	57	239	71	220	0.038	33.1
HP0936	BSU33960	27.607	163	100	8	299	455	309	459	0.040	33.1
HP0936	BSU33960	37.500	32	20	0	77	108	85	116	9.4	25.4
HP0936	BSU26590	24.299	107	55	4	77	183	70	150	0.098	31.6
HP0936	BSU16825	21.296	216	133	6	71	284	56	236	0.13	31.2
HP0936	BSU06380	29.577	71	47	2	43	112	58	126	0.14	30.8
HP0936	BSU36480	31.250	48	33	0	62	109	54	101	0.16	31.2
HP0936	BSU35210	27.059	85	54	3	27	111	26	102	1.0	28.5
HP0936	BSU08400	28.571	35	25	0	71	105	67	101	1.0	28.5
HP0936	BSU23730	40.909	44	20	2	59	100	56	95	1.9	27.7
HP0936	BSU13420	31.325	83	42	4	116	190	52	127	2.0	27.7
HP0936	BSU24480	27.723	101	54	3	273	373	44	125	2.1	26.9
HP0936	BSU17630	22.549	102	53	2	68	169	66	141	3.6	26.6
HP0936	BSU36450	29.167	48	30	1	63	110	61	104	4.6	26.2
HP0936	BSU31020	45.455	33	14	1	337	365	26	58	7.8	25.0
HP0936	BSU39490	41.379	29	17	0	101	129	82	110	8.3	25.4
HP0936	BSU29330	33.333	42	28	0	5	46	285	326	9.5	25.4
HP_RS07930	BSU32150	33.333	69	32	3	1	69	96	150	0.47	25.8
HP_RS07930	BSU09530	31.818	44	28	1	56	97	68	111	3.9	23.5
HP_RS07930	BSU30595	31.746	63	32	3	34	87	251	311	5.7	22.7
HP_RS07930	BSU26580	34.286	35	21	1	2	36	170	202	6.1	22.7
HP_RS07930	BSU40830	33.333	36	19	1	44	79	77	107	6.6	22.7
HP_RS07930	BSU18850	58.824	17	7	0	68	84	66	82	7.1	22.3
HP_RS07930	BSU24210	44.000	25	11	1	67	91	323	344	9.3	22.3
HP_0938	BSU10840	25.275	91	55	2	2	92	27	104	0.14	28.1
HP_0938	BSU02100	27.397	73	51	2	31	102	267	338	0.19	27.7
HP_0938	BSU10770	34.615	52	23	3	32	83	259	299	2.5	24.6
HP_0938	BSU17200	22.222	81	63	0	48	128	2889	2969	6.5	23.5
HP_0938	BSU10250	35.000	20	13	0	9	28	305	324	8.0	23.1
HP_0938	BSU22720	32.143	28	19	0	2	29	142	169	8.8	22.7
HP0939	BSU03600	46.083	217	111	2	22	237	18	229	1.26e-63	195
HP0939	BSU23970	34.450	209	131	2	30	237	13	216	1.40e-38	130
HP0939	BSU03370	32.710	214	136	3	22	234	14	220	4.54e-37	127
HP0939	BSU29350	32.857	210	123	3	38	234	21	225	2.90e-31	112
HP0939	BSU39490	34.356	163	104	1	78	237	57	219	5.62e-30	108
HP0939	BSU29360	31.250	224	134	5	24	234	9	225	3.71e-26	99.0
HP0939	BSU27450	30.043	233	139	6	6	234	2	214	9.83e-26	97.4
HP0939	BSU27460	34.685	222	125	6	17	233	8	214	1.34e-25	97.1
HP0939	BSU12990	29.231	65	38	2	81	144	166	223	0.44	28.1
HP0939	BSU29670	22.222	108	65	2	42	149	269	357	0.88	27.3
HP0939	BSU24970	37.838	37	19	1	135	171	158	190	1.6	26.6
HP0939	BSU04480	48.485	33	16	1	93	124	234	266	3.8	25.4
HP0939	BSU02120	45.455	22	12	0	38	59	36	57	5.1	25.0
HP0939	BSU03580	34.091	44	22	2	100	140	97	136	5.5	24.6
HP0939	BSU12800	36.667	30	19	0	14	43	32	61	7.4	23.5
HP0939	BSU31960	28.571	49	30	1	80	123	1830	1878	8.5	24.6
HP0940	BSU03610	42.128	235	132	3	22	255	37	268	2.63e-60	188
HP0940	BSU03380	36.538	260	154	6	6	255	18	276	2.06e-37	130
HP0940	BSU39500	29.386	228	153	5	32	254	35	259	3.20e-25	97.4
HP0940	BSU29380	27.675	271	163	10	4	255	8	264	3.01e-19	81.6
HP0940	BSU29370	25.847	236	161	5	30	255	36	267	2.58e-17	76.3
HP0940	BSU23980	26.172	256	177	7	1	249	1	251	2.85e-17	75.9
HP0940	BSU27440	23.767	223	137	11	50	255	67	273	5.31e-05	40.4
HP0940	BSU34880	37.037	54	32	1	15	68	142	193	2.0	26.2
HP0940	BSU08260	40.000	35	19	1	137	169	18	52	2.8	26.2
HP0940	BSU06710	34.568	81	34	4	110	171	680	760	4.9	25.4
HP0940	BSU03760	47.619	21	11	0	43	63	36	56	8.1	24.6
HP0940	BSU03800	37.705	61	35	3	138	196	139	198	8.6	24.3
HP0940	BSU11910	45.714	35	19	0	46	80	67	101	8.6	24.3
HP0940	BSU06140	33.333	57	31	2	120	169	699	755	9.5	24.3
HP0941	BSU17640	34.474	380	241	4	2	377	4	379	2.84e-69	220
HP0941	BSU04640	31.842	380	236	8	4	377	8	370	2.41e-59	194
HP0941	BSU35170	25.862	116	65	4	144	239	220	334	0.87	28.5
HP0941	BSU18640	50.000	22	11	0	297	318	47	68	1.3	27.3
HP0941	BSU37120	30.556	72	41	2	139	201	187	258	2.1	26.9
HP0941	BSU24120	19.708	137	97	3	10	136	138	271	5.2	25.8
HP0941	BSU40510	26.190	42	31	0	273	314	167	208	5.6	25.8
HP0942	BSU07750	37.826	460	272	7	1	450	1	456	1.18e-79	251
HP0942	BSU02420	34.459	444	280	4	2	443	3	437	5.87e-73	234
HP0942	BSU18120	32.816	451	288	7	1	449	1	438	1.75e-69	225
HP0942	BSU27810	34.713	435	267	4	8	430	5	434	4.98e-65	214
HP0942	BSU30530	33.784	74	48	1	52	125	4	76	0.004	36.2
HP0942	BSU40330	33.333	75	49	1	52	125	6	80	0.011	34.7
HP0942	BSU02120	36.111	72	40	3	55	123	2	70	0.011	34.7
HP0942	BSU03110	23.214	112	74	1	53	152	5	116	0.35	30.0
HP0942	BSU02100	23.077	65	46	1	355	419	251	311	0.40	29.6
HP0942	BSU06310	22.892	166	117	3	53	215	2	159	0.42	29.6
HP0942	BSU34010	24.000	75	56	1	52	125	2	76	0.49	29.3
HP0942	BSU02060	48.000	25	13	0	68	92	17	41	1.5	28.1
HP0942	BSU19340	20.833	192	134	6	62	237	9	198	1.7	27.7
HP0942	BSU05620	21.250	160	113	4	68	226	26	173	3.2	26.9
HP0942	BSU02960	28.916	83	53	3	2	82	268	346	3.5	26.6
HP0942	BSU27090	28.846	52	36	1	52	103	12	62	3.7	26.6
HP0942	BSU16350	40.741	27	16	0	17	43	60	86	4.0	26.2
HP0942	BSU40050	27.660	47	34	0	251	297	16	62	4.8	25.8
HP0942	BSU01080	40.000	30	18	0	69	98	907	936	5.3	26.2
HP0942	BSU11350	34.884	43	27	1	105	146	46	88	7.1	25.4
HP0942	BSU33780	31.034	58	40	0	30	87	59	116	7.9	25.0
HP0942	BSU34470	27.451	51	36	1	52	102	2	51	8.2	25.4
HP0942	BSU39390	27.451	51	37	0	52	102	6	56	9.1	25.4
HP0943	BSU32630	25.307	407	228	14	3	389	2	352	2.70e-17	79.7
HP0943	BSU11670	23.333	270	191	8	127	389	85	345	9.22e-08	50.4
HP0943	BSU18440	40.541	37	22	0	3	39	153	189	0.005	35.8
HP0943	BSU18440	41.935	31	10	1	3	25	293	323	4.4	26.2
HP0943	BSU10500	48.485	33	17	0	1	33	3	35	0.025	33.5
HP0943	BSU19020	37.838	37	23	0	3	39	24	60	0.026	33.5
HP0943	BSU10140	63.636	22	8	0	2	23	5	26	0.042	32.7
HP0943	BSU22950	36.842	38	24	0	1	38	2	39	0.097	31.2
HP0943	BSU36230	30.769	78	38	3	5	80	3	66	0.32	30.0
HP0943	BSU08090	38.710	31	19	0	5	35	173	203	0.36	29.6
HP0943	BSU03300	48.276	29	15	0	3	31	146	174	0.63	28.9
HP0943	BSU03320	38.235	34	21	0	3	36	146	179	0.96	28.5
HP0943	BSU31930	39.394	33	20	0	2	34	166	198	1.1	28.1
HP0943	BSU31090	36.364	33	21	0	3	35	7	39	1.5	27.3
HP0943	BSU07230	25.000	76	52	1	200	270	109	184	1.7	27.3
HP0943	BSU24060	41.935	31	18	0	4	34	6	36	1.7	27.7
HP0943	BSU01120	41.379	29	17	0	206	234	507	535	2.6	26.9
HP0943	BSU14610	39.394	33	20	0	1	33	8	40	2.7	26.9
HP0943	BSU14610	31.429	35	24	0	1	35	175	209	4.4	26.2
HP0943	BSU30060	40.625	32	19	0	4	35	5	36	3.1	26.6
HP0943	BSU30860	29.032	31	22	0	4	34	2	32	3.5	26.6
HP0943	BSU03670	45.455	22	12	0	278	299	135	156	4.5	26.2
HP0943	BSU01260	52.632	19	9	0	148	166	5	23	4.5	25.4
HP0943	BSU34790	30.303	33	23	0	3	35	146	178	9.2	25.0
HP0944	BSU00480	48.387	124	63	1	1	124	1	123	1.64e-38	123
HP0944	BSU15010	30.000	50	35	0	14	63	36	85	2.7	24.3
HP0944	BSU02130	40.741	27	16	0	93	119	113	139	3.4	23.9
HP0944	BSU32200	26.316	76	54	1	46	119	126	201	4.4	23.9
HP0944	BSU25900	22.727	66	41	1	19	74	66	131	6.0	23.5
HP0944	BSU01430	52.941	17	8	0	53	69	294	310	6.3	23.1
HP0944	BSU15650	38.710	31	19	0	4	34	64	94	6.4	23.5
HP0944	BSU19740	37.500	40	24	1	54	93	313	351	7.9	23.1
HP0944	BSU10480	33.333	33	21	1	30	62	146	177	8.0	22.7
HP0944	BSU27340	39.286	28	17	0	46	73	130	157	8.9	22.7
HP0944a	BSU26940	36.842	38	22	1	62	99	34	69	2.0	23.9
HP0944a	BSU22030	40.000	20	12	0	18	37	640	659	3.9	23.5
HP0944a	BSU06150	28.571	56	39	1	26	80	36	91	4.1	23.1
HP0944a	BSU40570	21.875	32	25	0	3	34	338	369	6.3	22.7
HP0944a	BSU25420	30.769	65	29	2	6	57	187	248	6.9	22.7
HP0944a	BSU13230	38.710	31	19	0	6	36	126	156	8.5	22.3
HP0944a	BSU27140	50.000	16	8	0	23	38	49	64	9.2	22.3
HP0946	BSU23560	35.135	111	62	3	365	467	106	214	2.51e-09	56.2
HP0946	BSU23030	25.225	111	75	3	367	476	26	129	0.13	31.2
HP0946	BSU09680	42.105	38	20	1	395	430	140	177	0.14	31.2
HP0946	BSU09680	29.412	51	36	0	128	178	370	420	6.7	25.8
HP0946	BSU04550	40.541	37	17	1	84	120	69	100	1.5	26.6
HP0946	BSU15580	36.735	49	28	2	187	232	297	345	6.8	25.8
HP0947	BSU13870	31.373	51	28	1	2	52	263	306	0.47	26.6
HP0947	BSU16430	29.630	27	19	0	78	104	222	248	2.7	24.3
HP0947	BSU26920	44.444	18	10	0	93	110	28	45	4.0	23.5
HP0947	BSU18690	40.909	22	13	0	81	102	22	43	7.3	23.1
HP0947	BSU36690	35.484	31	20	0	82	112	195	225	8.8	22.7
HP0948	BSU35800	28.235	85	51	4	17	95	381	461	0.089	31.2
HP0948	BSU33590	43.478	23	12	1	256	277	90	112	3.4	26.2
HP0948	BSU39240	42.857	28	12	1	49	72	82	109	4.2	25.8
HP0948	BSU06770	26.168	107	62	6	166	256	488	593	5.2	25.8
HP0948	BSU13870	25.000	52	35	1	258	309	250	297	6.2	25.4
HP0948	BSU03140	23.684	76	41	2	201	269	110	175	6.9	25.0
HP0948	BSU11540	37.500	64	27	3	259	317	171	226	7.3	25.4
HP0949	BSU40230	40.351	57	33	1	95	150	103	159	8.22e-11	53.9
HP0949	BSU23930	38.095	21	13	0	28	48	94	114	1.6	25.0
HP0949	BSU10050	40.000	30	16	1	88	115	26	55	2.1	25.0
HP0949	BSU31490	23.810	84	57	3	44	123	128	208	2.4	25.0
HP0949	BSU17210	30.556	36	25	0	9	44	1014	1049	3.3	24.6
HP0949	BSU05810	26.923	26	19	0	21	46	66	91	3.4	23.9
HP0949	BSU32150	26.667	90	55	3	17	105	76	155	4.2	23.9
HP0949	BSU01140	43.478	23	12	1	78	99	68	90	5.2	23.9
HP0949	BSU10110	22.727	88	55	3	47	134	122	196	7.4	23.5
HP0949	BSU37510	36.000	25	16	0	82	106	161	185	8.2	23.5
HP0949	BSU15410	26.316	38	28	0	49	86	23	60	8.4	23.1
HP0949	BSU16590	33.333	33	22	0	109	141	29	61	8.6	23.1
HP0949	BSU02840	27.586	29	21	0	51	79	204	232	8.7	23.5
HP0950	BSU29210	48.252	286	137	3	6	285	1	281	2.15e-86	257
HP0950	BSU23920	28.342	187	114	5	58	242	32	200	2.89e-11	60.5
HP0950	BSU23920	24.876	201	124	5	111	287	299	496	0.002	36.2
HP0950	BSU18210	22.794	136	101	3	110	242	66	200	0.029	32.3
HP0950	BSU28470	41.818	55	21	3	133	183	8	55	0.078	31.2
HP0950	BSU32250	35.714	42	25	1	221	262	281	320	0.60	28.1
HP0950	BSU15550	28.358	67	47	1	224	289	104	170	1.8	26.6
HP0950	BSU34540	46.154	26	14	0	247	272	172	197	3.3	25.8
HP0950	BSU16120	37.037	27	16	1	30	55	659	685	3.6	25.8
HP0950	BSU25030	40.000	30	14	1	262	287	115	144	3.9	25.4
HP0950	BSU36910	37.209	43	20	1	195	230	91	133	4.0	25.4
HP0950	BSU01450	55.000	20	9	0	241	260	239	258	4.3	25.4
HP0950	BSU22560	23.958	96	60	4	9	100	66	152	6.6	24.6
HP0950	BSU15710	40.741	27	10	2	30	55	518	539	7.5	25.0
HP0950	BSU38090	52.000	25	12	0	139	163	678	702	8.7	24.6
HP0950	BSU14160	36.000	25	16	0	120	144	170	194	9.9	24.3
HP0951	BSU06600	29.268	41	23	1	154	188	114	154	1.5	26.2
HP0951	BSU04390	30.435	23	16	0	70	92	19	41	1.8	25.8
HP0951	BSU30210	25.714	35	26	0	128	162	95	129	2.9	25.4
HP0951	BSU18310	41.667	24	14	0	46	69	2655	2678	8.9	24.3
HP0951	BSU05370	50.000	20	10	0	46	65	1	20	9.8	23.9
HP0952	BSU16930	34.722	144	92	2	75	218	272	413	1.52e-22	91.3
HP0952	BSU15940	40.000	25	15	0	153	177	20	44	1.7	26.6
HP0952	BSU32230	41.379	29	17	0	52	80	204	232	1.9	26.2
HP0952	BSU04720	52.632	19	8	1	78	96	42	59	3.5	25.0
HP0952	BSU29230	30.263	76	44	3	7	77	1033	1104	4.2	25.4
HP0952	BSU10990	33.333	30	20	0	13	42	70	99	4.4	25.0
HP0952	BSU04320	34.286	35	23	0	18	52	21	55	6.7	24.6
HP0952	BSU13860	43.750	32	15	1	9	37	78	109	7.0	24.3
HP0952	BSU37050	34.286	35	23	0	109	143	391	425	8.3	24.3
HP0953	BSU19570	27.692	65	40	1	15	79	99	156	3.6	25.0
HP0953	BSU00940	19.626	107	81	3	67	168	255	361	3.7	25.0
HP0953	BSU18770	27.451	51	33	1	48	94	232	282	4.8	24.6
HP0953	BSU33880	46.667	15	8	0	48	62	444	458	5.5	24.6
HP0953	BSU36230	35.849	53	29	2	114	162	203	254	6.2	24.3
HP0953	BSU02070	39.286	28	15	1	155	180	31	58	8.9	22.7
HP0953	BSU18320	29.787	47	28	2	127	173	568	609	9.3	23.9
HP0953	BSU03950	43.590	39	21	1	31	69	27	64	9.8	23.9
HP0954	BSU07830	25.472	212	140	3	14	210	13	221	1.16e-22	88.6
HP0954	BSU19550	24.878	205	139	7	12	210	7	202	6.46e-15	67.4
HP0954	BSU05660	22.967	209	137	6	11	207	9	205	5.40e-14	65.1
HP0954	BSU05480	23.158	190	133	5	12	195	7	189	4.18e-09	51.2
HP0954	BSU03860	29.825	57	39	1	32	88	26	81	0.13	29.6
HP0954	BSU08480	28.571	49	34	1	10	58	14	61	0.46	27.7
HP0954	BSU38110	19.760	167	106	7	12	174	8	150	4.2	25.0
HP0954	BSU32520	32.692	52	26	1	131	173	291	342	7.2	24.3
HP0954	BSU05130	37.500	40	24	1	8	47	114	152	7.5	23.9
HP0955	BSU34990	26.812	276	173	9	5	272	2	256	5.01e-20	84.3
HP0955	BSU15030	31.818	44	28	1	176	217	309	352	0.13	30.4
HP0955	BSU03800	31.707	41	28	0	145	185	104	144	2.3	26.2
HP0955	BSU21690	42.308	26	14	1	93	118	77	101	2.9	25.8
HP0955	BSU40370	23.944	71	54	0	214	284	21	91	3.8	25.4
HP0955	BSU29430	34.783	23	15	0	36	58	27	49	5.3	23.9
HP0955	BSU18780	23.611	72	40	1	41	112	22	78	8.6	23.9
HP0955	BSU07700	44.828	29	16	0	112	140	94	122	9.6	24.6
HP0955	BSU13710	23.729	59	45	0	226	284	55	113	9.6	24.3
HP0955	BSU06110	21.053	95	49	2	92	186	184	252	9.8	24.6
HP0956	BSU11620	28.796	191	116	3	57	228	67	256	1.42e-21	87.8
HP0956	BSU09210	30.000	190	111	6	57	225	84	272	1.09e-20	85.5
HP0956	BSU15460	32.727	165	96	5	87	240	132	292	6.50e-20	83.6
HP0956	BSU23160	24.771	218	133	8	1	203	1	202	0.001	35.8
HP0956	BSU33610	27.027	111	63	4	2	98	16	122	2.7	26.2
HP0956	BSU30035	25.000	124	66	5	6	110	5	120	5.2	24.6
HP0956	BSU18970	55.556	18	8	0	13	30	1002	1019	5.6	25.0
HP0956	BSU28540	48.387	31	13	1	3	33	154	181	5.7	24.6
HP0957	BSU09730	21.675	203	122	8	160	347	24	204	0.43	28.9
HP0957	BSU13710	36.585	41	20	1	130	164	39	79	2.9	26.6
HP0957	BSU18490	28.571	63	43	1	210	272	9	69	4.1	25.4
HP0957	BSU15340	26.761	71	48	1	131	197	66	136	5.0	25.8
HP0957	BSU04110	32.500	40	27	0	215	254	38	77	7.7	25.0
HP0957	BSU01450	36.667	30	19	0	357	386	176	205	7.8	25.0
HP0957	BSU01110	33.333	45	30	0	98	142	89	133	8.0	24.6
HP0957	BSU11480	24.528	53	36	2	123	175	245	293	8.3	25.4
HP0957	BSU26660	26.667	45	33	0	172	216	5	49	9.7	24.3
HP0958	BSU15940	24.038	208	122	3	51	222	253	460	0.002	36.2
HP0958	BSU15940	26.829	82	56	1	91	172	645	722	3.3	25.8
HP0958	BSU10000	33.333	51	31	1	98	148	71	118	0.16	28.5
HP0958	BSU31860	24.490	98	57	3	96	176	549	646	1.9	26.6
HP0958	BSU30380	30.000	20	14	0	212	231	196	215	2.8	25.8
HP0958	BSU31260	24.706	85	59	2	74	158	477	556	2.8	26.2
HP0958	BSU14250	26.829	82	53	1	16	97	215	289	3.0	25.8
HP0958	BSU19210	34.146	41	27	0	101	141	122	162	4.8	25.0
HP0958	BSU36060	62.500	16	6	0	168	183	306	321	6.2	24.6
HP0958	BSU22450	23.944	142	76	5	60	192	144	262	6.2	25.0
HP0958	BSU28350	48.148	27	13	1	93	118	141	167	6.3	24.3
HP0958	BSU17210	40.741	27	16	0	88	114	3851	3877	7.1	25.0
HP0958	BSU07100	24.096	83	59	3	33	114	378	457	7.3	24.6
HP0958	BSU33880	27.273	44	25	1	182	218	554	597	7.4	24.6
HP0958	BSU14400	48.387	31	14	1	24	52	24	54	8.8	24.6
HP0959	BSU25170	25.000	100	73	1	5	102	8	107	1.34e-07	48.5
HP0959	BSU25170	28.169	71	48	2	143	210	264	334	0.004	34.7
HP0959	BSU30100	20.225	89	67	2	110	197	207	292	3.2	25.8
HP0959	BSU13789	60.000	15	6	0	72	86	58	72	6.1	23.5
HP0959	BSU29790	24.390	123	77	5	26	141	135	248	9.0	24.3
HP0960	BSU25270	56.690	284	119	1	3	286	2	281	4.13e-123	351
HP0960	BSU06520	38.235	34	21	0	64	97	214	247	0.055	31.6
HP0960	BSU15990	40.741	54	25	3	46	98	14	61	0.099	28.9
HP0960	BSU18410	32.609	46	26	2	73	117	278	319	0.55	28.5
HP0960	BSU09730	26.374	91	59	4	159	248	73	156	4.2	25.4
HP0960	BSU40740	30.435	46	19	2	178	215	115	155	5.7	25.0
HP0960	BSU28890	35.185	54	35	0	245	298	62	115	7.2	24.6
HP0961	BSU22830	36.280	328	188	11	2	311	3	327	1.97e-50	167
HP0961	BSU02840	42.500	40	18	3	52	89	85	121	2.1	26.9
HP0961	BSU07010	32.353	34	23	0	102	135	474	507	2.1	26.9
HP0961	BSU05840	46.154	26	14	0	153	178	226	251	3.5	26.2
HP0961	BSU27400	28.261	46	28	1	10	55	3	43	4.7	24.3
HP0961	BSU40150	28.571	63	44	1	194	255	2	64	8.3	24.6
HP0961	BSU04080	33.333	57	32	2	233	283	53	109	8.7	24.6
HP_RS04710	BSU15920	56.061	66	28	1	4	68	11	76	3.55e-18	68.2
HP_RS04710	BSU17130	32.692	52	33	2	11	61	21	71	0.091	26.2
HP_RS04710	BSU38520	36.957	46	28	1	4	48	10	55	0.12	25.8
HP_RS04710	BSU24450	28.571	56	36	1	1	56	83	134	0.47	24.6
HP_RS04710	BSU10270	25.000	60	29	1	27	70	291	350	0.51	25.0
HP_RS04710	BSU15980	45.000	20	11	0	48	67	288	307	1.0	23.9
HP_RS04710	BSU03490	30.233	43	29	1	23	65	805	846	1.6	23.5
HP_RS04710	BSU39430	32.692	52	27	1	2	45	23	74	2.3	23.1
HP_RS04710	BSU00880	35.897	39	20	1	22	55	211	249	3.3	22.7
HP_RS04710	BSU16320	40.000	25	13	1	36	58	353	377	3.7	22.3
HP_RS04710	BSU34170	30.769	26	18	0	44	69	27	52	7.8	21.6
HP_RS04710	BSU36240	22.973	74	45	3	1	63	167	239	8.7	21.2
HP_RS04710	BSU35680	35.000	20	13	0	26	45	185	204	9.9	21.2
HP0963	BSU22030	23.037	191	135	7	104	291	46	227	7.74e-05	42.0
HP0963	BSU22030	36.364	66	32	2	81	137	583	647	1.81e-04	40.8
HP0963	BSU25290	22.034	177	90	3	99	275	6	134	0.002	37.0
HP0963	BSU28190	25.253	99	58	3	198	286	71	163	0.64	28.5
HP0963	BSU26610	29.333	75	48	2	186	255	136	210	0.79	28.9
HP0963	BSU22840	36.111	36	23	0	101	136	3	38	1.0	28.5
HP0963	BSU20310	50.000	24	10	1	161	182	35	58	1.4	25.8
HP0963	BSU03710	32.075	53	33	1	263	315	320	369	1.7	27.7
HP0963	BSU10050	29.545	88	47	4	60	133	313	399	2.3	27.3
HP0963	BSU10650	28.676	136	77	6	305	422	796	929	3.7	26.9
HP0963	BSU17220	48.000	25	11	1	158	182	1098	1120	5.5	26.2
HP0963	BSU24750	24.324	111	77	3	186	289	145	255	5.6	26.2
HP0963	BSU38460	31.313	99	39	5	70	151	269	355	6.2	25.8
HP0963	BSU17190	32.653	49	30	1	173	221	4214	4259	7.4	25.8
HP0963	BSU17180	32.653	49	33	0	52	100	2730	2778	7.7	25.8
HP0963	BSU17180	32.653	49	30	1	173	221	4720	4765	8.8	25.8
HP_RS04720	BSU22030	30.208	96	51	3	2	97	5	84	4.64e-05	43.5
HP_RS04720	BSU22030	41.860	43	23	1	51	93	609	649	0.001	39.3
HP_RS04720	BSU22030	26.154	65	46	1	267	331	140	202	0.009	36.2
HP_RS04720	BSU22030	22.727	154	88	4	211	333	689	842	0.13	32.3
HP_RS04720	BSU41020	27.869	61	40	2	264	320	271	331	0.17	32.0
HP_RS04720	BSU41020	31.169	77	32	2	1	77	189	244	0.32	30.8
HP_RS04720	BSU24550	32.653	49	33	0	356	404	201	249	0.29	31.2
HP_RS04720	BSU29060	39.286	28	17	0	55	82	3	30	2.5	27.7
HP_RS04720	BSU22840	37.143	35	22	0	43	77	164	198	3.9	27.3
HP_RS04720	BSU28300	27.397	73	49	1	266	338	49	117	4.4	26.6
HP_RS04720	BSU37920	31.707	41	28	0	371	411	86	126	5.1	26.6
HP_RS04720	BSU03480	37.500	32	20	0	281	312	548	579	6.2	26.9
HP_RS04720	BSU18340	23.457	81	57	2	332	412	399	474	6.6	26.9
HP_RS04720	BSU40920	46.154	26	14	0	55	80	3	28	7.9	26.2
HP_RS04720	BSU05950	37.778	45	22	3	48	87	24	67	8.1	26.6
HP_RS04720	BSU12560	23.404	94	55	1	244	320	18	111	8.3	25.8
HP_RS04720	BSU15780	28.571	70	48	1	7	74	115	184	9.0	26.2
HP_RS04720	BSU27250	27.273	44	32	0	277	320	122	165	9.7	26.2
HP_RS04720	BSU25200	29.752	121	44	7	162	276	17	102	9.8	26.2
HP_RS04720	BSU25290	42.308	26	15	0	57	82	11	36	9.9	25.8
HP0966	BSU22030	23.121	173	86	6	5	152	2	152	1.06e-04	42.0
HP0966	BSU22030	32.759	58	29	1	29	76	590	647	1.96e-04	40.8
HP0966	BSU02360	22.973	74	56	1	176	248	42	115	0.46	29.6
HP0966	BSU23380	36.667	30	19	0	92	121	253	282	0.94	28.9
HP0966	BSU10050	29.032	62	43	1	13	74	336	396	1.1	28.5
HP0966	BSU25290	33.333	33	22	0	44	76	11	43	1.1	28.5
HP0966	BSU05610	47.059	34	17	1	26	59	16	48	2.2	27.7
HP0966	BSU22840	28.000	75	50	3	43	116	5	76	2.3	27.7
HP0966	BSU16050	30.952	42	29	0	46	87	125	166	2.3	27.3
HP0966	BSU29060	25.758	132	79	7	42	157	3	131	4.3	26.2
HP0966	BSU27469	36.842	38	24	0	497	534	25	62	6.2	24.3
HP0966	BSU12080	45.455	22	12	0	398	419	124	145	6.6	26.2
HP0966	BSU03760	22.892	166	100	9	178	330	294	444	7.0	26.2
HP0966	BSU21130	38.710	31	19	0	147	177	174	204	7.5	25.8
HP0966	BSU22800	47.826	23	12	0	46	68	22	44	7.9	25.8
HP0966	BSU27730	22.727	110	77	3	213	322	179	280	8.3	25.8
HP0967	BSU38630	38.889	36	20	1	34	69	90	123	1.3	24.6
HP0967	BSU19020	40.000	25	13	1	18	40	392	416	2.2	23.9
HP0967	BSU03900	25.581	43	30	1	20	62	333	373	3.6	23.5
HP0967	BSU13400	28.571	42	30	0	25	66	253	294	4.3	23.1
HP0967	BSU31180	30.909	55	34	2	16	68	142	194	4.6	23.1
HP_RS04735	BSU22740	40.000	30	18	0	61	90	259	288	2.2	23.9
HP_RS04735	BSU08510	56.250	16	7	0	55	70	161	176	5.6	22.7
HP_RS04735	BSU13930	55.556	18	8	0	3	20	324	341	7.3	22.3
HP_RS04735	BSU15530	41.667	24	14	0	69	92	196	219	8.9	21.9
HP0969	BSU06710	27.484	775	519	17	254	1014	296	1041	5.39e-58	214
HP0969	BSU06710	23.913	184	126	5	2	178	1	177	1.56e-07	52.4
HP0969	BSU06710	24.793	242	154	8	184	412	736	962	4.83e-07	50.4
HP0969	BSU06710	22.901	262	153	9	781	1015	288	527	0.31	31.6
HP0969	BSU27650	22.727	176	127	4	833	1005	236	405	0.077	33.5
HP0969	BSU05650	20.988	243	159	10	789	1011	95	324	0.87	30.0
HP0969	BSU30610	34.884	86	48	4	930	1012	78	158	2.1	28.5
HP0969	BSU25140	31.313	99	52	4	615	700	224	319	3.0	28.1
HP0969	BSU00400	25.000	92	51	3	492	579	104	181	5.0	27.3
HP0969	BSU21870	28.571	49	28	2	230	271	22	70	8.4	26.9
HP0969	BSU37630	25.806	62	45	1	863	924	218	278	8.7	26.6
HP0969	BSU22080	24.272	103	68	1	810	902	73	175	8.7	26.6
HP0969	BSU02800	33.929	56	31	2	24	73	362	417	8.8	26.6
HP0969	BSU07060	30.233	86	46	5	219	300	337	412	9.3	26.6
HP0970	BSU33280	36.264	91	48	4	76	159	81	168	0.005	35.0
HP0970	BSU28020	29.032	62	35	1	212	264	125	186	0.50	28.9
HP0970	BSU13280	30.952	42	29	0	48	89	76	117	0.54	28.1
HP0970	BSU17210	29.231	130	80	6	132	249	2868	2997	0.82	28.5
HP0970	BSU21090	30.952	42	29	0	293	334	56	97	2.3	26.2
HP0970	BSU38710	30.769	39	27	0	197	235	155	193	3.5	26.2
HP0970	BSU26610	39.474	38	23	0	103	140	188	225	4.4	25.8
HP0970	BSU37080	28.169	71	45	2	199	269	260	324	5.2	25.8
HP0970	BSU02780	33.333	48	32	0	234	281	306	353	5.3	25.8
HP0970	BSU35560	37.931	29	18	0	92	120	151	179	6.2	25.4
HP0970	BSU02880	26.230	61	44	1	175	235	39	98	9.3	25.0
HP0970	BSU32280	32.143	56	33	1	102	157	27	77	9.7	24.3
HP0971	BSU29080	25.926	108	68	4	137	234	92	197	0.12	31.2
HP0971	BSU12020	36.667	30	19	0	55	84	23	52	3.7	26.6
HP0971	BSU39650	34.286	35	23	0	242	276	142	176	6.6	25.8
HP0971	BSU04150	38.710	31	19	0	187	217	170	200	7.0	25.4
HP0971	BSU04640	41.935	31	16	1	284	314	216	244	9.1	25.4
HP0971	BSU06500	31.915	47	30	1	246	292	258	302	9.6	25.0
HP0972	BSU25260	32.471	696	413	17	1	679	1	656	1.05e-103	328
HP0972	BSU24740	28.378	74	47	2	342	413	44	113	0.89	29.3
HP0972	BSU18760	23.596	89	68	0	376	464	25	113	1.5	28.5
HP0972	BSU10650	32.432	37	25	0	217	253	461	497	5.4	26.9
HP0972	BSU04310	26.923	52	38	0	47	98	86	137	9.0	26.2
HP0973	BSU00190	46.429	28	15	0	28	55	395	422	0.96	28.1
HP0973	BSU12290	41.667	24	14	0	186	209	127	150	1.4	27.3
HP0973	BSU13590	27.027	37	25	1	93	127	308	344	2.6	26.6
HP0973	BSU01640	22.772	101	69	2	135	226	274	374	3.5	26.2
HP0973	BSU26010	22.222	108	76	3	181	283	180	284	4.1	25.8
HP0973	BSU37390	28.571	42	30	0	255	296	67	108	5.3	25.4
HP0973	BSU08930	39.130	23	11	1	159	178	55	77	6.9	24.6
HP0973	BSU37770	24.138	145	96	6	99	230	235	378	8.4	25.0
HP0974	BSU33910	42.944	496	267	7	7	486	8	503	1.04e-133	393
HP0974	BSU23500	33.871	62	36	2	373	430	272	332	0.016	34.3
HP0974	BSU07630	28.571	56	33	1	288	343	19	67	1.3	28.1
HP0974	BSU34620	32.258	31	21	0	398	428	63	93	3.1	26.9
HP0974	BSU05990	21.333	75	56	1	285	359	162	233	5.5	25.8
HP0974	BSU26320	52.000	25	10	1	29	51	136	160	6.6	25.4
HP0974	BSU18320	24.691	81	50	3	123	192	700	780	9.4	25.8
HP0974	BSU18340	24.691	81	50	3	123	192	694	774	10.0	25.4
HP0975	BSU06190	28.947	38	27	0	2	39	194	231	0.54	25.4
HP0975	BSU33600	40.000	20	12	0	68	87	2	21	2.3	23.5
HP0975	BSU11340	29.412	51	33	1	25	72	335	385	2.9	23.5
HP0975	BSU13890	24.138	58	44	0	20	77	477	534	3.3	23.5
HP0975	BSU12390	26.596	94	58	5	8	91	39	131	4.7	23.1
HP0975	BSU32820	36.364	22	14	0	31	52	490	511	8.2	22.3
HP0976	BSU30230	34.921	441	259	8	13	433	11	443	1.11e-88	274
HP0976	BSU09260	30.090	442	272	15	2	419	8	436	3.56e-54	184
HP0976	BSU40340	27.696	408	256	12	28	430	25	398	4.91e-41	147
HP0976	BSU19740	23.908	435	295	10	28	435	14	439	1.36e-40	147
HP0976	BSU11220	27.612	402	252	12	31	430	13	377	4.81e-39	141
HP0976	BSU03900	26.849	365	231	11	35	383	35	379	1.48e-35	133
HP0976	BSU08710	26.349	315	199	14	31	337	36	325	4.42e-20	88.6
HP0976	BSU28120	25.982	331	201	13	33	348	39	340	3.16e-16	77.0
HP0976	BSU37840	37.143	35	22	0	41	75	203	237	0.090	31.2
HP0976	BSU15050	22.500	120	82	4	236	352	187	298	0.57	28.9
HP0976	BSU15069	29.412	34	24	0	115	148	18	51	1.4	25.8
HP0976	BSU29410	30.612	49	30	1	227	275	5	49	1.9	26.9
HP0976	BSU15000	37.838	37	22	1	213	249	20	55	2.8	25.4
HP0976	BSU14470	27.419	62	41	3	194	252	81	141	4.9	26.2
HP0976	BSU08690	26.923	52	33	2	90	141	528	574	5.8	26.2
HP0976	BSU34790	24.286	70	53	0	243	312	6	75	6.3	25.8
HP0976	BSU39660	42.424	33	16	2	6	38	54	83	7.4	25.4
HP0976	BSU22150	44.000	25	14	0	182	206	329	353	9.4	25.4
HP0976	BSU03490	28.395	81	54	3	252	331	515	592	9.6	25.4
HP0977	BSU13950	27.950	161	86	7	290	438	107	249	0.011	35.0
HP0977	BSU21350	27.059	85	53	2	200	276	1743	1826	1.6	28.1
HP0977	BSU23980	26.316	95	35	2	382	476	130	189	2.9	26.9
HP0977	BSU24910	27.500	120	70	3	177	289	214	323	4.6	26.6
HP0977	BSU34840	25.333	75	55	1	334	407	425	499	7.4	25.8
HP0977	BSU34520	29.730	37	26	0	378	414	323	359	8.1	25.8
HP0977	BSU20580	29.787	47	33	0	35	81	21	67	9.5	24.3
HP0978	BSU15280	27.696	408	254	12	6	410	1	370	5.16e-43	155
HP0978	BSU14470	29.947	187	116	7	214	389	136	318	4.22e-06	45.4
HP0978	BSU33160	37.209	43	27	0	433	475	238	280	0.56	29.3
HP0978	BSU28030	24.309	181	117	8	214	381	138	311	1.1	28.5
HP0978	BSU03480	30.263	76	50	2	375	450	1061	1133	1.4	28.5
HP0978	BSU28420	26.667	105	68	4	265	367	31	128	1.7	26.9
HP0978	BSU07880	28.916	83	54	3	88	170	49	126	3.4	26.2
HP0978	BSU28580	34.884	43	25	2	199	241	109	148	4.3	26.6
HP0978	BSU22330	29.412	34	24	0	454	487	111	144	5.0	25.8
HP0978	BSU10790	37.838	37	23	0	336	372	173	209	5.4	26.2
HP0978	BSU16570	38.095	42	23	2	365	406	114	152	6.0	26.2
HP0978	BSU38860	28.571	42	30	0	168	209	219	260	6.8	25.8
HP0978	BSU36410	21.687	166	110	6	229	381	148	306	7.0	25.8
HP0978	BSU04340	50.000	20	10	0	238	257	266	285	8.9	25.8
HP0978	BSU16780	23.853	109	72	3	24	132	227	324	9.3	25.4
HP0978	BSU15620	37.037	27	17	0	115	141	143	169	10.0	25.0
HP0979	BSU15290	39.943	348	183	4	53	381	36	376	1.97e-70	223
HP0979	BSU10770	30.357	56	38	1	24	78	549	604	0.036	33.1
HP0979	BSU22980	29.688	64	34	1	134	186	122	185	0.63	28.5
HP0979	BSU28250	26.984	63	41	2	19	76	59	121	1.7	26.9
HP0979	BSU35170	48.148	27	14	0	122	148	37	63	2.9	26.9
HP0979	BSU34350	27.083	48	34	1	18	65	119	165	5.7	25.8
HP0979	BSU24120	39.474	38	20	1	90	124	62	99	6.8	25.4
HP0979	BSU33430	37.143	35	20	1	110	142	241	275	6.9	25.4
HP0979	BSU26790	35.417	48	29	1	35	82	84	129	7.5	25.0
HP0979	BSU24080	42.424	33	19	0	26	58	172	204	7.9	25.4
HP0979	BSU32610	46.667	30	13	1	126	152	81	110	8.6	25.0
HP0980	BSU16560	39.394	66	40	0	7	72	10	75	1.95e-12	58.5
HP0980	BSU09390	30.000	70	41	2	1	63	407	475	0.81	25.4
HP0980	BSU04470	41.935	31	18	0	45	75	348	378	6.4	22.7
HP0980	BSU03390	28.125	32	23	0	1	32	43	74	6.6	22.3
HP0980	BSU38560	38.462	39	21	1	54	89	248	286	7.0	22.7
HP0980	BSU15650	32.609	46	29	1	55	98	573	618	8.3	22.3
HP0980	BSU15520	38.462	26	16	0	31	56	799	824	8.6	22.3
HP_0981	BSU24300	40.299	67	40	0	1	67	232	298	1.26e-13	61.2
HP_0981	BSU11870	30.303	66	34	2	26	88	226	282	0.17	26.9
HP_0981	BSU23120	31.579	38	25	1	54	90	8	45	0.30	26.2
HP_0981	BSU10360	48.649	37	16	2	6	40	30	65	0.67	25.4
HP_0981	BSU25200	34.884	43	26	1	2	42	268	310	0.98	24.6
HP_0981	BSU18670	38.462	39	22	1	8	44	257	295	3.2	23.5
HP_0981	BSU19370	38.710	31	16	1	37	67	193	220	6.6	22.3
HP_0981	BSU05430	32.143	28	19	0	8	35	471	498	8.6	21.9
HP_0981	BSU15530	50.000	14	7	0	75	88	98	111	9.8	21.9
HP0982	BSU05160	31.250	64	43	1	136	198	91	154	0.074	30.4
HP0982	BSU29805	52.381	21	10	0	54	74	541	561	0.86	27.3
HP0982	BSU15280	29.412	51	34	2	28	77	8	57	3.0	25.4
HP0982	BSU37280	41.935	31	15	1	27	57	760	787	3.3	25.4
HP0982	BSU16800	42.857	21	12	0	54	74	369	389	4.5	25.0
HP0982	BSU04960	31.915	47	28	2	74	119	133	176	4.9	25.0
HP0982	BSU29990	29.787	47	33	0	73	119	21	67	5.3	24.6
HP_RS04810	BSU12570	26.667	45	28	1	48	87	15	59	0.25	26.6
HP_RS04810	BSU01990	40.000	30	18	0	6	35	51	80	1.3	24.6
HP_RS04810	BSU31570	43.750	32	15	1	45	76	224	252	1.8	24.3
HP_RS04810	BSU34990	29.412	51	34	1	4	54	39	87	2.0	23.9
HP_RS04810	BSU18640	31.579	38	24	1	52	89	59	94	2.1	23.9
HP_RS04810	BSU18530	41.026	39	21	1	25	63	50	86	2.9	23.5
HP_RS04810	BSU06950	34.783	23	15	0	67	89	392	414	4.2	23.1
HP_RS04810	BSU34140	45.455	22	12	0	18	39	11	32	4.9	22.7
HP_RS04810	BSU04600	52.941	17	8	0	15	31	296	312	7.3	22.3
HP_RS04815	BSU13400	38.889	18	11	0	25	42	14	31	1.3	22.3
HP_RS04815	BSU10480	43.750	16	9	0	10	25	154	169	1.4	22.3
HP_RS04815	BSU03020	25.641	39	28	1	4	41	130	168	1.6	22.3
HP_RS04815	BSU29090	50.000	12	6	0	15	26	519	530	2.6	21.6
HP_RS04815	BSU04530	53.846	13	6	0	13	25	23	35	2.8	21.2
HP_RS04815	BSU39350	37.500	16	10	0	9	24	120	135	8.0	20.4
HP_RS04815	BSU34670	43.478	23	12	1	12	34	61	82	8.6	20.0
HP0983	BSU09640	26.250	240	171	3	36	270	115	353	1.57e-20	87.0
HP0983	BSU14210	28.415	183	126	4	72	252	80	259	9.45e-13	63.5
HP0983	BSU26970	35.484	31	20	0	124	154	251	281	0.15	30.0
HP0983	BSU08790	24.490	98	67	3	156	252	195	286	1.1	27.3
HP0983	BSU15860	46.667	30	14	1	196	225	249	276	1.2	26.9
HP0983	BSU12100	28.125	64	40	2	192	249	353	416	3.6	25.8
HP0983	BSU10220	28.571	77	49	2	24	94	290	366	5.1	25.4
HP0983	BSU07920	32.632	95	45	4	71	150	36	126	6.8	25.0
HP0983	BSU05830	28.736	87	42	3	16	94	65	139	8.1	24.6
HP_RS04825	BSU09120	29.787	47	23	1	16	62	320	356	0.59	24.6
HP_RS04825	BSU14150	23.438	64	36	2	8	70	47	98	0.70	24.3
HP_RS04825	BSU07840	24.528	53	40	0	16	68	436	488	1.5	23.5
HP_RS04825	BSU39139	40.909	22	13	0	12	33	6	27	1.6	22.3
HP_RS04825	BSU30120	27.586	29	20	1	39	67	107	134	3.4	22.7
HP_RS04825	BSU14071	30.000	40	28	0	7	46	518	557	3.6	22.3
HP_RS04825	BSU41010	52.941	17	8	0	28	44	95	111	5.4	21.9
HP_RS04825	BSU17260	30.556	36	20	1	21	51	243	278	5.4	21.9
HP_RS04825	BSU19210	40.000	35	20	1	3	36	168	202	8.5	21.6
HP_RS04825	BSU38070	32.500	40	24	1	7	43	194	233	9.1	21.2
HP_RS04830	BSU31400	38.235	34	18	1	14	47	171	201	1.8	22.3
HP_RS04830	BSU05880	36.000	25	16	0	14	38	31	55	2.2	21.9
HP_RS04830	BSU03820	33.333	27	18	0	4	30	69	95	2.5	21.9
HP_RS04830	BSU28280	37.500	24	15	0	20	43	255	278	3.1	21.6
HP_RS04830	BSU24940	42.308	26	13	1	23	46	90	115	3.2	21.6
HP_RS04830	BSU19410	36.842	19	12	0	22	40	104	122	4.4	21.2
HP_RS04830	BSU14000	45.455	22	12	0	17	38	170	191	4.9	21.2
HP_RS04830	BSU09370	38.889	18	11	0	23	40	109	126	5.1	21.2
HP_RS04830	BSU38470	32.500	40	24	1	9	45	179	218	5.7	20.8
HP_RS04830	BSU09570	31.250	32	22	0	10	41	170	201	6.2	20.8
HP_RS04830	BSU26420	25.806	31	23	0	11	41	178	208	7.2	20.4
HP_RS04830	BSU31322	38.710	31	18	1	13	42	253	283	7.2	20.4
HP_RS04830	BSU09010	46.667	15	8	0	2	16	257	271	8.3	20.4
HP_RS04830	BSU39190	80.000	10	2	0	3	12	23	32	8.4	20.4
HP0986	BSU40270	47.826	23	12	0	182	204	54	76	1.1	26.9
HP0986	BSU01120	34.426	61	31	4	62	121	176	228	4.8	25.0
HP0986	BSU03820	31.915	47	32	0	34	80	163	209	5.1	24.6
HP0986	BSU25270	27.273	44	32	0	51	94	70	113	8.1	24.3
HP_RS04840	BSU37180	29.508	61	26	2	9	69	48	91	0.46	25.0
HP_RS04840	BSU09530	28.125	64	41	2	1	64	162	220	1.5	23.5
HP_RS04840	BSU03350	47.368	19	10	0	14	32	171	189	2.4	22.7
HP_RS04840	BSU31050	23.333	60	28	1	9	50	342	401	2.5	23.1
HP_RS04840	BSU37680	29.630	54	38	0	8	61	189	242	3.5	22.3
HP_RS04840	BSU32820	28.125	32	23	0	10	41	314	345	3.6	22.3
HP_RS04840	BSU15650	45.000	20	11	0	9	28	669	688	4.0	22.3
HP_RS04840	BSU33430	32.000	25	17	0	24	48	456	480	4.8	22.3
HP_RS04840	BSU33250	32.432	37	22	1	19	55	63	96	5.5	21.9
HP_RS04840	BSU05620	30.612	49	30	2	26	70	8	56	7.9	21.6
HP_RS04840	BSU19830	34.286	35	22	1	4	37	102	136	7.9	21.6
HP_RS07950	BSU30270	36.000	25	16	0	18	42	226	250	2.2	22.3
HP_RS07950	BSU10270	57.143	14	6	0	14	27	484	497	3.4	21.6
HP_RS07950	BSU13590	50.000	14	7	0	4	17	370	383	4.8	21.2
HP_RS07950	BSU30980	33.333	15	10	0	17	31	376	390	4.9	21.2
HP_RS07950	BSU18340	35.000	20	13	0	15	34	170	189	6.3	20.8
HP_RS07950	BSU08000	35.294	17	11	0	21	37	56	72	7.1	20.8
HP0988	BSU03700	33.333	48	31	1	36	82	30	77	2.1	25.0
HP0988	BSU15740	72.727	11	3	0	122	132	433	443	3.7	24.3
HP0988	BSU13200	33.333	54	34	1	13	66	179	230	5.3	23.9
HP0988	BSU39470	33.333	36	24	0	45	80	47	82	5.4	23.9
HP0988	BSU09290	33.333	24	16	0	48	71	374	397	6.4	23.9
HP0988	BSU04670	34.286	35	23	0	13	47	164	198	7.8	23.5
HP0989	BSU15710	37.500	32	14	1	321	352	537	562	0.50	29.3
HP0989	BSU17200	25.806	124	77	2	290	413	3571	3679	2.1	27.7
HP0989	BSU27110	47.619	21	11	0	244	264	169	189	5.3	25.8
HP0989	BSU11610	30.952	42	22	1	46	80	92	133	6.8	25.4
HP_0990	BSU28380	28.689	122	70	7	68	180	204	317	0.009	33.5
HP_0990	BSU20890	35.556	45	28	1	41	85	86	129	2.4	25.8
HP_0990	BSU12210	29.730	37	26	0	11	47	159	195	3.1	25.8
HP_0990	BSU15620	35.000	40	21	1	113	152	197	231	4.0	25.0
HP_0990	BSU37080	37.037	27	17	0	182	208	327	353	5.9	24.6
HP_0990	BSU39760	30.769	52	36	0	140	191	380	431	6.0	24.6
HP_0990	BSU09790	44.828	29	13	1	142	167	272	300	8.0	24.3
HP_0991	BSU05900	30.882	68	35	2	147	202	234	301	0.067	30.4
HP_0991	BSU19000	28.358	67	33	3	110	176	421	472	0.72	27.3
HP_0991	BSU00360	36.585	41	25	1	74	113	165	205	1.7	26.2
HP_0991	BSU02770	27.848	79	52	1	7	85	99	172	1.8	26.2
HP_0991	BSU15160	25.000	76	49	2	11	80	223	296	6.6	24.6
HP_0991	BSU18530	34.211	38	22	1	164	198	94	131	7.8	23.9
HP_0991	BSU11840	24.138	58	44	0	5	62	74	131	8.1	23.5
HP_0991	BSU15590	24.194	62	47	0	54	115	133	194	8.2	24.3
HP_0992	BSU28475	36.111	36	23	0	38	73	123	158	5.8	23.1
HP_0992	BSU26450	53.333	15	7	0	30	44	166	180	6.3	23.1
HP_0992	BSU18480	52.174	23	11	0	6	28	209	231	8.1	22.7
HP_0992	BSU40190	41.667	36	21	0	17	52	590	625	8.6	22.7
HP_0992	BSU28470	27.397	73	51	1	3	73	331	403	9.4	22.7
HP0993	BSU12660	35.000	20	13	0	50	69	121	140	1.1	24.3
HP0993	BSU26060	35.000	20	13	0	50	69	121	140	1.2	24.3
HP0993	BSU29180	33.333	48	26	2	4	51	396	437	2.4	23.5
HP0993	BSU18570	36.000	25	16	0	11	35	576	600	3.9	22.7
HP0993	BSU27040	42.105	19	11	0	45	63	48	66	4.9	22.3
HP0993	BSU04190	50.000	18	9	0	65	82	165	182	7.3	21.9
HP0993	BSU33222	34.091	44	24	1	17	60	11	49	8.7	21.2
HP0993	BSU03220	45.455	22	9	1	27	48	3	21	8.9	21.9
HP0994	BSU26030	31.250	48	33	0	197	244	133	180	0.41	28.9
HP0994	BSU00290	31.915	47	32	0	11	57	55	101	0.47	27.3
HP0994	BSU34570	30.435	115	74	3	147	257	547	659	1.2	27.3
HP0994	BSU01130	32.692	52	27	2	221	265	156	206	1.7	26.6
HP0994	BSU12230	39.130	23	14	0	113	135	200	222	2.6	25.8
HP0994	BSU17210	35.714	42	27	0	21	62	5095	5136	3.0	26.2
HP0994	BSU02720	22.018	109	73	5	135	233	48	154	5.3	25.0
HP0995	BSU23510	25.168	298	203	9	54	343	3	288	5.03e-12	62.8
HP0995	BSU16140	25.751	233	146	9	116	338	72	287	1.54e-09	55.1
HP0995	BSU18390	24.852	169	115	4	182	350	25	181	1.79e-04	38.9
HP0995	BSU04800	33.333	57	37	1	296	351	312	368	0.006	35.0
HP0995	BSU20790	27.007	137	80	5	130	256	73	199	0.44	28.9
HP0995	BSU33450	25.490	51	37	1	87	136	361	411	2.8	26.6
HP0995	BSU35170	32.609	46	30	1	131	176	286	330	2.9	26.6
HP0995	BSU23240	30.986	71	38	4	160	226	22	85	4.3	25.0
HP0995	BSU24920	35.294	34	22	0	195	228	123	156	7.4	24.6
HP0995	BSU13260	25.564	133	90	3	6	129	292	424	7.8	25.0
HP0995	BSU19790	32.432	37	22	1	224	257	173	209	9.6	24.6
HP0996	BSU34080	25.000	52	38	1	401	451	193	244	0.84	28.9
HP0996	BSU10790	35.135	37	22	1	530	566	301	335	0.91	29.3
HP0996	BSU16860	24.138	116	59	5	483	596	177	265	1.5	28.5
HP0996	BSU22360	27.273	99	62	3	165	255	250	346	2.6	27.7
HP0996	BSU11410	31.818	66	38	3	431	492	111	173	4.3	26.6
HP0996	BSU25490	21.739	46	36	0	157	202	241	286	6.6	26.2
HP0997	BSU15710	37.500	32	14	1	321	352	537	562	0.52	29.3
HP0997	BSU17200	25.806	124	77	2	290	413	3571	3679	1.7	27.7
HP0997	BSU27110	47.619	21	11	0	244	264	169	189	5.4	25.8
HP0997	BSU11610	30.952	42	22	1	46	80	92	133	6.7	25.4
HP0997	BSU31860	24.576	118	76	5	268	377	661	773	8.4	25.4
HP0998	BSU03700	33.333	48	31	1	36	82	30	77	2.1	25.0
HP0998	BSU15740	72.727	11	3	0	122	132	433	443	3.7	24.3
HP0998	BSU13200	33.333	54	34	1	13	66	179	230	5.3	23.9
HP0998	BSU39470	33.333	36	24	0	45	80	47	82	5.4	23.9
HP0998	BSU09290	33.333	24	16	0	48	71	374	397	6.4	23.9
HP0998	BSU04670	34.286	35	23	0	13	47	164	198	7.8	23.5
HP_0999	BSU08990	27.143	70	51	0	5	74	50	119	1.1	23.9
HP_0999	BSU13850	32.500	40	25	1	22	59	463	502	1.2	24.3
HP_0999	BSU39760	28.846	52	32	1	16	67	18	64	1.5	23.9
HP_0999	BSU28020	36.000	25	16	0	1	25	92	116	2.2	23.1
HP_0999	BSU18310	40.000	30	18	0	39	68	470	499	3.6	22.7
HP_0999	BSU14470	60.000	15	6	0	59	73	62	76	4.2	22.3
HP_0999	BSU30650	29.851	67	32	2	7	73	51	102	4.2	22.3
HP_0999	BSU15160	34.375	32	21	0	24	55	571	602	5.3	22.3
HP_0999	BSU03510	31.481	54	35	2	8	60	528	580	6.0	21.9
HP_0999	BSU33440	34.211	38	24	1	26	62	236	273	6.1	21.9
HP_0999	BSU24280	29.545	44	31	0	4	47	102	145	8.7	21.6
HP1000	BSU01540	36.842	38	24	0	1	38	107	144	0.006	33.9
HP1000	BSU40970	43.590	39	22	0	2	40	4	42	0.015	32.3
HP1000	BSU16410	19.653	173	103	4	3	142	34	203	0.11	29.6
HP1000	BSU27990	20.787	178	98	5	3	143	5	176	0.14	29.6
HP1000	BSU16400	25.581	86	61	3	11	94	185	269	0.17	29.3
HP1000	BSU15980	25.287	87	52	4	11	87	111	194	0.82	27.3
HP1000	BSU17220	24.038	104	75	3	17	116	1421	1524	5.5	25.0
HP1000	BSU27850	31.250	32	16	1	118	143	295	326	7.4	24.3
HP1000	BSU18320	23.913	46	35	0	69	114	2502	2547	8.3	24.3
HP1000	BSU00040	36.364	33	21	0	152	184	296	328	8.4	24.3
HP1000	BSU36250	33.333	39	26	0	3	41	48	86	9.2	23.9
HP1001	BSU04980	31.250	48	24	3	12	53	70	114	3.2	23.1
HP1001	BSU13990	29.091	55	39	0	28	82	127	181	3.4	23.5
HP1001	BSU28670	26.761	71	48	2	4	71	181	250	5.1	22.7
HP1001	BSU36010	27.778	54	35	2	1	54	342	391	8.8	22.3
HP1002	BSU18550	29.508	61	38	2	221	276	332	392	0.33	29.6
HP1002	BSU10330	29.787	47	33	0	20	66	265	311	0.52	28.9
HP1002	BSU11210	29.412	85	32	4	222	304	123	181	1.3	27.7
HP1002	BSU39500	34.043	47	30	1	90	135	170	216	4.3	25.8
HP1002	BSU29270	22.000	50	39	0	63	112	148	197	4.4	26.2
HP1002	BSU14072	43.478	23	13	0	92	114	111	133	8.6	24.6
HP1003	BSU36740	25.362	138	77	6	40	164	62	186	2.1	27.7
HP1003	BSU30390	23.288	73	56	0	57	129	188	260	4.7	26.6
HP1003	BSU11630	28.571	56	40	0	41	96	101	156	7.1	26.2
HP1003	BSU17020	41.667	24	14	0	234	257	65	88	9.7	25.0
HP1005	BSU00870	28.000	50	31	1	48	92	35	84	0.10	28.1
HP1005	BSU00850	32.143	56	36	1	20	73	240	295	0.11	27.7
HP1005	BSU27400	31.148	61	34	2	4	57	25	84	0.53	25.0
HP1005	BSU34840	42.105	38	14	2	57	87	229	265	1.5	24.6
HP1005	BSU07250	20.000	105	59	3	8	94	164	261	3.2	23.9
HP1005	BSU35820	26.437	87	59	3	11	96	292	374	4.0	23.5
HP1005	BSU13220	31.373	51	33	1	20	68	230	280	4.2	23.5
HP1005	BSU18970	48.000	25	10	1	1	22	919	943	4.6	23.5
HP1005	BSU13500	47.368	19	10	0	5	23	153	171	9.2	22.3
HP1006	BSU18330	29.333	75	50	2	61	132	2224	2298	0.66	27.3
HP1006	BSU17180	27.778	90	58	2	76	163	4144	4228	0.95	26.9
HP1006	BSU17180	44.118	34	14	1	105	138	2853	2881	9.5	23.9
HP1006	BSU11070	25.000	68	46	2	93	160	89	151	1.8	25.4
HP1006	BSU13770	34.615	52	26	2	105	156	10	53	3.0	25.0
HP1006	BSU17190	32.727	55	32	1	91	145	3676	3725	3.0	25.4
HP1006	BSU36100	29.268	41	29	0	51	91	286	326	3.5	25.0
HP1006	BSU34170	33.962	53	32	1	77	129	142	191	4.8	24.3
HP1006	BSU17420	29.592	98	46	4	65	141	106	201	4.9	24.3
HP1006	BSU17210	38.095	21	13	0	15	35	5262	5282	5.0	24.6
HP1006	BSU19810	34.375	32	18	1	105	133	19	50	5.7	23.9
HP1006	BSU33040	34.848	66	40	3	79	143	239	302	6.9	23.9
HP1006	BSU10430	35.484	31	20	0	87	117	37	67	7.5	23.9
HP1006	BSU07140	52.632	19	9	0	128	146	202	220	7.5	23.5
HP1006	BSU37370	27.160	81	44	3	7	87	2	67	9.3	23.5
HP1006	BSU16780	36.364	33	19	1	116	146	274	306	9.9	23.5
HP1006	BSU37720	41.667	36	19	1	100	133	4	39	10.0	23.5
HP1007	BSU11910	39.286	28	17	0	50	77	274	301	4.6	26.2
HP1007	BSU14330	33.333	42	26	1	29	70	245	284	6.5	25.8
HP1007	BSU19590	23.913	46	32	1	56	98	59	104	8.8	25.4
HP1007	BSU12270	34.483	29	19	0	149	177	19	47	9.9	24.6
HP1008	BSU31180	41.935	31	16	1	88	118	212	240	0.74	26.2
HP1008	BSU16590	34.091	44	26	1	48	88	112	155	1.4	25.0
HP1008	BSU13940	31.818	22	15	0	115	136	186	207	2.3	24.6
HP1008	BSU00650	23.457	81	60	2	1	80	121	200	2.5	24.6
HP1008	BSU17180	32.432	37	25	0	86	122	1804	1840	3.0	24.6
HP1008	BSU09850	35.135	37	24	0	52	88	57	93	4.7	23.9
HP1008	BSU02720	36.364	33	20	1	26	58	17	48	5.6	23.9
HP1008	BSU40920	42.857	21	12	0	47	67	239	259	6.0	23.5
HP1008	BSU37770	34.375	32	19	1	27	58	312	341	7.4	23.5
HP1009	BSU04440	34.286	35	23	0	20	54	40	74	3.0	25.8
HP1010	BSU13780	38.235	34	21	0	67	100	270	303	0.18	31.6
HP1010	BSU37860	26.761	71	48	2	532	598	106	176	5.1	26.6
HP1010	BSU10240	38.298	47	27	1	220	266	168	212	7.2	26.2
HP1010	BSU33390	27.451	51	27	2	495	545	54	94	8.2	25.8
HP1011	BSU15540	27.302	315	193	14	50	347	2	297	2.40e-16	75.5
HP1011	BSU00960	29.787	47	33	0	194	240	81	127	1.5	27.3
HP1011	BSU37820	30.435	46	25	1	274	319	70	108	3.8	25.8
HP1011	BSU33610	24.051	79	53	3	190	264	1	76	5.1	25.8
HP1011	BSU38110	25.263	95	59	3	15	105	90	176	6.1	25.4
HP1011	BSU26800	27.174	92	53	3	239	316	147	238	6.9	25.4
HP1011	BSU26829	38.095	21	13	0	96	116	17	37	7.7	23.1
HP1012	BSU16710	26.891	357	247	6	37	391	6	350	4.99e-24	100
HP1012	BSU16860	25.659	417	245	16	38	427	19	397	4.77e-15	73.6
HP1012	BSU16845	24.885	217	146	6	119	326	101	309	1.00e-04	41.2
HP1012	BSU37420	21.084	166	123	4	59	223	48	206	0.001	37.4
HP1012	BSU22370	26.866	67	43	1	187	253	63	123	0.39	29.6
HP1012	BSU01810	28.261	46	30	1	399	444	14	56	1.5	27.3
HP1012	BSU10590	34.783	46	25	2	117	159	301	344	3.3	26.9
HP1012	BSU09300	26.230	61	43	1	27	85	263	323	5.0	26.2
HP1012	BSU00210	40.625	32	19	0	329	360	130	161	6.3	25.4
HP1012	BSU01830	32.353	68	32	2	42	95	270	337	7.4	25.8
HP1012	BSU09190	30.508	59	39	1	222	280	343	399	7.6	25.8
HP1012	BSU10170	30.000	50	31	2	59	104	189	238	8.1	25.4
HP1012	BSU38400	36.364	44	25	1	347	390	379	419	8.1	25.4
HP1012	BSU10800	24.138	58	40	1	377	434	46	99	8.4	25.0
HP1012	BSU16770	29.545	44	29	1	218	261	74	115	9.7	25.0
HP1013	BSU16770	39.858	281	159	4	1	279	1	273	4.88e-66	206
HP1013	BSU02460	24.667	300	193	8	10	295	16	296	3.71e-14	68.6
HP1013	BSU06560	25.758	66	37	2	205	258	491	556	0.68	28.1
HP1013	BSU13590	29.412	68	41	1	86	153	209	269	2.2	26.6
HP1013	BSU05000	26.087	92	49	4	40	127	90	166	2.8	26.2
HP1013	BSU17220	44.118	34	19	0	266	299	1180	1213	3.5	26.2
HP1013	BSU25580	27.660	47	34	0	103	149	109	155	3.6	25.4
HP1013	BSU02320	41.379	29	17	0	2	30	81	109	6.1	25.0
HP1013	BSU00340	35.714	56	29	4	94	144	103	156	6.3	25.0
HP1013	BSU06710	28.814	59	37	2	13	71	187	240	7.2	25.0
HP1013	BSU16390	22.826	92	62	1	194	276	215	306	8.2	25.0
HP1013	BSU39510	48.276	29	12	1	271	299	2	27	8.7	24.3
HP1014	BSU08650	38.976	254	147	3	8	261	3	248	1.91e-55	176
HP1014	BSU15910	28.175	252	171	4	7	258	2	243	7.42e-31	112
HP1014	BSU11720	40.164	122	72	1	137	258	132	252	4.34e-23	92.0
HP1014	BSU02830	26.953	256	178	6	7	261	5	252	1.72e-21	87.4
HP1014	BSU16870	28.000	250	168	5	9	258	2	239	5.12e-20	83.2
HP1014	BSU09450	27.376	263	167	8	3	258	39	284	5.65e-20	84.0
HP1014	BSU37720	27.308	260	172	7	7	260	3	251	1.60e-19	82.0
HP1014	BSU04190	27.692	260	170	7	3	258	36	281	2.11e-19	82.4
HP1014	BSU37680	27.985	268	165	10	7	259	1	255	3.63e-19	81.3
HP1014	BSU03930	25.000	260	176	7	7	260	5	251	6.33e-19	80.5
HP1014	BSU11980	24.904	261	174	8	5	258	2	247	4.57e-18	78.2
HP1014	BSU12350	24.000	275	177	5	6	258	7	271	1.02e-17	77.4
HP1014	BSU14060	25.097	259	174	9	7	258	1	246	5.14e-17	75.1
HP1014	BSU13770	26.275	255	173	7	6	258	3	244	7.42e-16	72.0
HP1014	BSU39840	27.969	261	169	8	6	258	3	252	1.30e-15	71.6
HP1014	BSU32000	26.792	265	173	8	7	261	6	259	3.39e-14	67.4
HP1014	BSU10400	24.803	254	179	6	7	259	39	281	1.05e-13	66.2
HP1014	BSU38970	24.242	264	181	7	7	260	1	255	5.92e-13	63.9
HP1014	BSU31220	26.316	247	156	8	28	258	446	682	1.12e-07	49.3
HP1014	BSU29420	21.654	254	178	9	13	258	5	245	2.35e-07	47.4
HP1014	BSU23780	21.500	200	140	4	6	202	3	188	2.78e-07	47.4
HP1014	BSU10430	22.814	263	184	7	3	258	45	295	2.99e-07	47.4
HP1014	BSU33190	20.295	271	182	8	6	258	4	258	8.56e-07	45.8
HP1014	BSU32980	23.923	209	125	8	7	202	1	188	1.42e-05	42.4
HP1014	BSU18500	26.638	229	147	7	7	233	4	213	2.57e-05	41.2
HP1014	BSU32900	27.869	122	81	3	140	261	15	129	2.91e-04	37.0
HP1014	BSU33590	20.727	275	176	13	6	258	4	258	5.89e-04	37.4
HP1014	BSU31840	22.400	250	158	9	13	246	5	234	0.002	35.0
HP1014	BSU40000	22.297	148	102	5	9	153	31	168	0.58	28.1
HP1014	BSU11300	27.273	66	45	1	31	96	55	117	0.73	27.7
HP1014	BSU13580	40.625	32	18	1	205	235	151	182	1.7	26.6
HP1014	BSU26290	21.891	201	112	9	52	227	134	314	2.9	25.8
HP1014	BSU04070	31.667	60	40	1	140	199	127	185	3.1	25.8
HP1014	BSU17180	44.000	25	14	0	8	32	4170	4194	3.9	25.8
HP1014	BSU25510	35.556	45	28	1	207	251	400	443	5.5	25.0
HP1014	BSU39250	33.333	30	20	0	134	163	29	58	9.2	23.9
HP1015	BSU04960	23.077	130	88	3	44	171	297	416	2.8	25.4
HP1015	BSU21410	50.000	20	10	0	12	31	20	39	2.9	25.4
HP1015	BSU03490	27.273	77	50	2	69	145	1795	1865	4.0	25.0
HP1015	BSU25100	34.043	47	27	1	114	156	37	83	4.5	24.3
HP1015	BSU29160	27.500	120	75	5	35	143	12	130	7.5	24.3
HP1016	BSU16920	34.054	185	110	3	7	179	4	188	8.52e-29	102
HP1016	BSU02270	36.585	41	25	1	42	81	27	67	0.22	28.1
HP1016	BSU26820	33.333	21	14	0	90	110	87	107	4.6	24.3
HP1016	BSU13530	45.455	22	12	0	66	87	269	290	6.1	24.3
HP1017	BSU02400	43.629	463	251	3	13	473	7	461	2.25e-142	414
HP1017	BSU39390	42.340	470	260	3	8	476	4	463	6.18e-133	390
HP1017	BSU40330	41.189	471	269	2	10	479	2	465	7.32e-128	377
HP1017	BSU37760	41.151	469	264	4	11	476	1	460	7.08e-126	372
HP1017	BSU06310	37.687	467	277	6	11	476	1	454	9.54e-100	304
HP1017	BSU30530	35.745	470	283	8	13	475	4	461	8.29e-92	284
HP1017	BSU34010	36.830	429	245	10	18	439	8	417	1.18e-73	236
HP1017	BSU05620	31.646	474	304	9	3	473	2	458	1.35e-72	234
HP1017	BSU02060	32.688	465	271	8	17	466	5	442	1.47e-69	226
HP1017	BSU27090	33.191	470	301	5	7	476	6	462	9.04e-69	224
HP1017	BSU03110	23.820	466	325	9	14	477	5	442	5.79e-29	115
HP1017	BSU02120	26.603	421	243	16	17	404	3	390	1.82e-21	94.0
HP1017	BSU34470	24.213	413	264	15	13	403	2	387	5.91e-17	80.1
HP1017	BSU09460	23.747	459	285	12	3	434	7	427	1.01e-15	75.9
HP1017	BSU12860	23.163	449	291	16	12	446	3	411	1.37e-10	59.7
HP1017	BSU07340	21.670	443	290	13	13	434	17	423	5.72e-08	51.6
HP1017	BSU33330	23.545	378	223	14	18	355	1	352	1.79e-07	50.1
HP1017	BSU06550	23.841	151	102	5	204	351	177	317	0.22	30.8
HP1017	BSU12650	39.394	33	20	0	68	100	160	192	0.85	28.9
HP1017	BSU38710	23.810	63	46	1	345	405	306	368	3.3	26.9
HP1017	BSU05500	28.571	70	42	2	218	279	12	81	3.6	25.8
HP1017	BSU40600	26.744	86	44	4	151	219	115	198	5.8	25.8
HP1017	BSU04570	29.032	62	42	1	227	288	105	164	7.4	25.8
HP1017	BSU23940	38.235	34	20	1	259	291	3	36	8.1	25.0
HP1017	BSU27450	33.333	45	22	1	195	239	6	42	9.5	25.0
HP1020	BSU00910	43.333	150	85	0	249	398	4	153	2.64e-38	132
HP1020	BSU00900	28.505	214	134	6	38	234	5	216	1.92e-12	63.5
HP1020	BSU17200	29.412	51	30	2	60	104	1312	1362	0.92	28.5
HP1020	BSU15560	27.419	62	40	1	53	109	18	79	1.7	27.3
HP1020	BSU29450	26.389	72	32	2	213	270	275	339	2.2	26.9
HP1020	BSU37790	62.500	16	6	0	253	268	177	192	2.9	26.6
HP1020	BSU04100	30.556	36	24	1	354	388	20	55	4.3	26.2
HP1020	BSU14260	37.255	51	26	2	39	89	6	50	6.0	25.4
HP1020	BSU23130	52.632	19	9	0	330	348	301	319	9.3	25.0
HP1021	BSU16330	37.778	45	28	0	61	105	71	115	3.27e-04	36.6
HP1021	BSU30400	26.786	112	74	2	2	106	3	113	3.72e-04	37.7
HP1021	BSU04460	29.114	79	50	2	68	140	82	160	3.91e-04	37.7
HP1021	BSU39660	27.273	132	76	4	2	119	3	128	6.55e-04	37.0
HP1021	BSU40410	27.869	122	80	3	2	116	4	124	0.002	35.4
HP1021	BSU34720	24.427	131	79	4	2	118	3	127	0.004	35.0
HP1021	BSU33221	27.536	138	85	6	3	127	6	141	0.004	35.0
HP1021	BSU13250	25.893	112	74	3	3	106	6	116	0.004	34.7
HP1021	BSU23120	25.000	120	66	4	2	106	8	118	0.008	33.9
HP1021	BSU03750	27.826	115	71	3	1	106	1	112	0.012	33.5
HP1021	BSU24220	38.462	39	24	0	68	106	82	120	0.015	33.1
HP1021	BSU02550	22.936	109	78	2	4	106	1	109	0.050	31.2
HP1021	BSU17940	29.545	44	31	0	62	105	71	114	0.081	29.6
HP1021	BSU26430	23.016	126	78	6	2	113	4	124	0.12	30.4
HP1021	BSU09330	34.884	43	28	0	68	110	77	119	0.15	30.0
HP1021	BSU35490	30.769	39	27	0	68	106	80	118	0.16	29.6
HP1021	BSU33080	30.882	68	38	1	39	106	58	116	0.23	29.3
HP1021	BSU04630	29.487	78	45	2	202	271	209	284	0.26	29.3
HP1021	BSU17180	32.143	56	35	1	244	296	837	892	0.37	29.3
HP1021	BSU31530	39.394	33	18	1	67	99	79	109	0.63	28.1
HP1021	BSU36350	26.562	64	41	2	67	125	14	76	0.65	28.1
HP1021	BSU29110	25.926	108	61	4	2	96	4	105	0.81	27.7
HP1021	BSU13520	37.500	24	15	0	123	146	146	169	2.3	26.6
HP1021	BSU37130	21.495	107	77	2	2	101	5	111	2.9	25.4
HP1021	BSU02000	23.529	119	67	4	2	106	5	113	3.9	25.4
HP1021	BSU25640	34.426	61	27	2	84	144	105	152	3.9	25.4
HP1021	BSU37980	40.909	22	13	0	26	47	16	37	4.4	25.4
HP1021	BSU18970	25.862	58	38	1	11	68	707	759	5.4	25.4
HP1021	BSU29920	50.000	32	11	1	93	119	18	49	6.8	24.6
HP1021	BSU32530	21.667	120	75	4	71	183	305	412	7.3	25.0
HP1021	BSU33010	43.478	23	13	0	84	106	92	114	7.8	24.6
HP1021	BSU16810	34.000	50	28	1	247	291	6	55	8.4	24.6
HP1021	BSU15880	37.037	27	17	0	270	296	22	48	8.5	24.3
HP1021	BSU15200	32.075	53	28	2	232	276	55	107	9.1	24.6
HP1022	BSU29090	24.312	218	131	9	48	244	44	248	6.69e-04	37.7
HP1022	BSU22010	25.843	178	109	6	80	234	68	245	0.036	32.0
HP1022	BSU21210	30.612	49	30	1	127	171	179	227	1.2	26.9
HP1022	BSU21580	36.667	30	19	0	227	256	452	481	6.3	25.0
HP1022	BSU36190	38.462	39	21	1	181	219	38	73	6.5	25.0
HP1022	BSU14450	30.303	66	42	2	162	225	119	182	6.6	25.0
HP1022	BSU36100	28.070	57	39	1	139	193	365	421	8.8	24.6
HP1022	BSU28170	25.455	55	41	0	220	274	395	449	9.4	24.6
HP1023	BSU22170	29.524	105	63	5	85	183	176	275	0.026	33.1
HP1023	BSU05040	47.500	40	17	1	19	58	166	201	1.0	28.1
HP1023	BSU23620	27.869	61	32	2	113	164	91	148	1.9	27.3
HP1023	BSU13870	25.455	55	41	0	333	387	236	290	2.4	26.9
HP1023	BSU15060	30.000	60	35	2	74	132	81	134	2.4	26.9
HP1023	BSU23440	35.714	42	27	0	184	225	59	100	3.4	26.2
HP1023	BSU16050	33.333	27	16	1	217	241	19	45	8.5	25.0
HP1024	BSU25460	59.420	69	27	1	1	68	1	69	1.13e-21	90.5
HP1024	BSU25460	31.356	118	79	1	156	271	218	335	1.75e-17	78.6
HP1024	BSU25460	33.333	48	32	0	128	175	267	314	0.014	33.5
HP1024	BSU23530	26.733	101	68	3	38	132	44	144	0.003	35.0
HP1024	BSU04780	35.556	45	25	1	32	72	354	398	0.60	28.5
HP1024	BSU27280	31.034	87	34	4	51	111	116	202	1.2	26.9
HP1024	BSU22690	28.571	42	30	0	1	42	85	126	1.9	25.8
HP1024	BSU10830	23.333	150	97	5	56	198	77	215	2.1	26.6
HP1024	BSU15250	46.667	30	15	1	36	64	69	98	2.7	25.8
HP1024	BSU02670	22.727	88	61	2	71	158	186	266	4.0	25.8
HP1024	BSU05610	25.926	54	36	1	163	212	314	367	4.9	25.4
HP1024	BSU06770	20.388	103	63	3	33	116	256	358	5.2	25.4
HP1024	BSU26030	27.027	74	48	1	4	71	282	355	7.8	25.0
HP1024	BSU01260	33.333	33	22	0	232	264	8	40	7.9	23.9
HP1024	BSU00650	33.333	36	22	1	33	68	211	244	7.9	24.6
HP1024	BSU24240	22.131	122	78	3	92	209	40	148	8.8	24.6
HP1025	BSU17450	34.314	102	54	2	7	108	10	98	3.00e-12	56.6
HP1025	BSU07390	37.037	81	46	2	11	90	6	82	1.09e-08	47.4
HP1025	BSU36600	37.705	61	36	2	9	68	3	62	2.41e-05	38.9
HP1025	BSU27000	37.097	62	37	2	11	71	3	63	3.79e-05	37.7
HP1025	BSU13310	29.870	77	53	1	5	81	10	85	1.15e-04	35.8
HP1025	BSU40800	31.818	66	43	2	8	72	3	67	5.92e-04	34.3
HP1025	BSU09560	27.358	106	60	3	9	100	12	114	8.40e-04	33.9
HP1025	BSU05460	26.496	117	73	4	8	112	4	119	0.006	32.0
HP1025	BSU35360	30.000	50	34	1	46	95	22	70	0.36	26.9
HP1025	BSU17210	25.758	66	41	2	1	66	2029	2086	0.93	25.8
HP1025	BSU33370	27.869	61	43	1	9	69	7	66	1.9	24.6
HP1025	BSU39690	46.154	26	14	0	46	71	45	70	2.0	24.6
HP1025	BSU11500	38.298	47	20	2	50	93	38	78	2.3	24.3
HP1025	BSU23380	27.397	73	44	3	5	68	257	329	4.9	23.5
HP1025	BSU34970	21.739	69	54	0	54	122	107	175	6.8	23.1
HP1025	BSU08710	34.286	35	21	1	68	100	308	342	6.8	23.1
HP1025	BSU06590	24.138	87	59	3	34	118	292	373	7.8	23.1
HP1025	BSU06150	27.778	36	26	0	34	69	210	245	8.6	22.7
HP1026	BSU27530	37.379	412	227	8	7	389	8	417	9.10e-78	243
HP1026	BSU27730	36.752	117	58	6	7	115	21	129	1.08e-10	59.3
HP1026	BSU00190	26.786	224	126	6	2	193	5	222	3.90e-10	58.2
HP1026	BSU28210	22.605	261	129	9	3	196	59	313	2.47e-05	43.1
HP1026	BSU12420	25.275	91	65	1	43	130	226	316	0.005	35.4
HP1026	BSU13700	39.655	58	29	2	7	58	403	460	0.013	34.3
HP1026	BSU13700	23.741	139	69	5	21	126	93	227	0.052	32.3
HP1026	BSU28200	31.081	74	37	2	44	103	354	427	0.014	34.3
HP1026	BSU16160	42.424	33	19	0	41	73	56	88	0.077	31.6
HP1026	BSU28220	28.205	78	44	2	42	107	114	191	0.082	31.6
HP1026	BSU00690	34.000	50	33	0	24	73	181	230	0.16	30.8
HP1026	BSU39410	28.431	102	61	4	85	177	90	188	0.28	30.0
HP1026	BSU17420	44.000	25	14	0	34	58	89	113	0.39	29.3
HP1026	BSU00860	22.881	118	70	4	3	102	170	284	0.43	29.6
HP1026	BSU00860	61.111	18	7	0	41	58	542	559	1.0	28.5
HP1026	BSU18260	28.571	63	40	1	47	104	253	315	0.51	28.9
HP1026	BSU30610	57.143	21	9	0	42	62	38	58	0.54	28.9
HP1026	BSU06330	27.407	135	82	7	39	160	41	172	0.80	28.5
HP1026	BSU19330	38.462	26	16	0	320	345	59	84	3.2	26.6
HP1026	BSU37960	26.667	105	59	5	31	117	175	279	3.7	26.6
HP1026	BSU08220	37.143	35	20	1	42	74	397	431	4.2	26.2
HP1026	BSU00280	35.088	57	30	2	42	92	8	63	4.8	25.8
HP1026	BSU13590	43.333	30	15	1	108	137	250	277	6.7	25.4
HP1026	BSU03150	29.577	71	38	4	44	113	18	77	7.0	25.0
HP1026	BSU31875	38.235	34	20	1	23	55	660	693	8.0	25.4
HP1026	BSU33730	42.857	21	12	0	42	62	33	53	8.0	25.4
HP1026	BSU19390	30.303	33	23	0	39	71	67	99	8.6	25.0
HP1026	BSU33830	42.857	21	12	0	42	62	33	53	8.7	25.0
HP1026	BSU34090	42.424	33	16	1	40	69	34	66	9.0	25.0
HP1026	BSU28750	28.571	63	41	1	145	207	115	173	9.3	25.0
HP1026	BSU03480	32.308	65	38	3	35	98	20	79	9.4	25.4
HP1027	BSU08730	24.060	133	100	1	17	149	12	143	5.41e-15	64.7
HP1027	BSU25100	25.758	132	88	5	18	145	10	135	5.01e-11	54.3
HP1027	BSU23520	23.129	147	109	2	7	149	1	147	1.22e-10	53.5
HP1027	BSU26810	28.889	45	31	1	95	139	132	175	0.059	29.6
HP1027	BSU27430	28.947	76	47	2	61	134	172	242	0.12	28.9
HP1027	BSU21780	29.032	62	40	1	23	84	204	261	0.60	26.9
HP1027	BSU07060	34.375	32	21	0	36	67	42	73	1.1	26.2
HP1027	BSU23328	29.167	48	30	2	102	149	6	49	1.3	24.3
HP1027	BSU39480	37.838	37	21	1	93	127	202	238	2.0	25.0
HP1027	BSU04230	29.508	61	35	2	9	67	120	174	2.0	25.0
HP1027	BSU35670	41.176	34	20	0	40	73	158	191	2.1	25.0
HP1027	BSU26619	45.000	20	11	0	17	36	19	38	2.4	23.1
HP1027	BSU25610	29.545	88	49	5	68	147	107	189	3.0	24.6
HP1027	BSU02930	46.429	28	12	1	50	77	93	117	3.9	24.3
HP1027	BSU17270	33.333	42	23	1	50	86	130	171	5.0	23.9
HP1027	BSU03590	28.571	56	33	2	61	115	176	225	5.2	23.9
HP1027	BSU17210	27.778	54	30	1	19	72	602	646	5.9	23.9
HP1027	BSU13250	26.316	57	36	2	7	63	108	158	6.8	23.5
HP1027	BSU11360	38.889	18	11	0	95	112	221	238	7.0	23.5
HP1027	BSU20360	23.377	77	52	1	63	139	256	325	8.4	23.5
HP1027	BSU03820	34.783	23	15	0	93	115	199	221	9.7	23.1
HP1028	BSU05650	32.836	67	43	2	49	114	596	661	0.52	27.3
HP1028	BSU40950	23.913	46	35	0	27	72	159	204	1.7	25.4
HP1028	BSU17220	41.667	24	14	0	34	57	1322	1345	2.0	25.8
HP1028	BSU37790	27.711	83	53	2	9	84	204	286	3.1	25.0
HP1028	BSU33200	27.344	128	80	5	40	162	21	140	5.1	24.3
HP1028	BSU12960	44.828	29	16	0	92	120	155	183	6.0	24.3
HP1028	BSU36870	27.451	51	37	0	77	127	29	79	8.6	23.5
HP1028	BSU34800	31.579	38	26	0	93	130	396	433	9.4	23.5
HP1029	BSU37370	30.233	43	29	1	28	70	93	134	0.98	26.6
HP1029	BSU08590	43.333	30	17	0	44	73	244	273	1.0	26.6
HP1029	BSU40358	35.714	28	18	0	57	84	3	30	1.1	24.3
HP1029	BSU10790	41.667	24	13	1	6	28	89	112	5.2	24.6
HP1029	BSU08070	30.882	68	36	2	101	168	155	211	6.6	23.9
HP1029	BSU16500	27.273	33	24	0	102	134	241	273	6.7	23.9
HP1029	BSU30460	54.545	22	8	1	19	38	108	129	9.4	23.1
HP1030	BSU16320	26.866	268	138	9	74	286	114	378	1.50e-21	90.1
HP1030	BSU16310	26.667	75	55	0	207	281	255	329	2.61e-04	38.5
HP1030	BSU12619	30.556	36	25	0	232	267	7	42	1.9	25.8
HP1030	BSU09320	29.545	44	31	0	1	44	220	263	3.8	25.8
HP1030	BSU18400	33.333	42	23	1	138	179	16	52	5.9	23.9
HP1030	BSU08650	41.176	34	18	2	234	266	212	244	7.5	24.6
HP1031	BSU16310	33.229	319	211	2	2	319	3	320	4.80e-60	193
HP1031	BSU16320	32.653	49	33	0	253	301	298	346	0.036	32.3
HP1031	BSU16320	21.384	159	106	3	5	162	6	146	1.3	27.7
HP1031	BSU39330	41.935	31	13	1	113	138	191	221	3.9	26.2
HP1031	BSU28710	45.455	22	12	0	116	137	263	284	4.6	25.8
HP1031	BSU18230	22.368	76	59	0	248	323	85	160	6.3	25.4
HP1031	BSU10150	21.111	90	62	2	135	215	37	126	8.6	24.6
HP1031	BSU15520	32.143	56	38	0	239	294	298	353	8.7	25.0
HP1031	BSU18450	24.576	118	72	5	231	332	1071	1187	10.0	25.0
HP1032	BSU16470	29.515	227	143	2	39	250	25	249	4.36e-26	99.8
HP1032	BSU04730	23.256	258	177	8	9	250	1	253	2.41e-08	50.4
HP1032	BSU15320	26.702	191	99	5	62	248	80	233	3.54e-07	46.6
HP1032	BSU23450	25.126	199	132	8	67	254	60	252	6.78e-07	45.8
HP1032	BSU25200	25.500	200	130	8	66	247	160	358	1.71e-06	45.1
HP1032	BSU15330	22.772	202	129	7	67	250	66	258	3.06e-06	43.9
HP1032	BSU33840	40.000	25	15	0	219	243	47	71	0.19	29.3
HP1032	BSU01730	31.667	60	41	0	191	250	125	184	0.26	28.9
HP1032	BSU22030	38.889	72	34	4	104	165	397	468	0.33	28.9
HP1032	BSU19200	28.571	77	54	1	170	246	105	180	0.34	28.5
HP1032	BSU12560	21.898	137	85	4	119	248	38	159	0.42	28.1
HP1032	BSU09520	22.785	79	57	1	172	250	78	152	0.44	27.7
HP1032	BSU13250	30.233	43	30	0	181	223	100	142	1.3	26.6
HP1032	BSU16660	25.954	131	70	7	95	205	119	242	1.4	26.9
HP1032	BSU14730	26.316	57	42	0	194	250	108	164	1.6	26.2
HP1032	BSU03860	30.000	60	40	1	171	228	181	240	1.6	26.6
HP1032	BSU40170	31.818	44	26	2	75	115	69	111	1.8	26.6
HP1032	BSU38450	36.364	44	26	1	209	250	68	111	2.4	25.8
HP1032	BSU13450	22.472	89	67	1	21	109	16	102	2.7	25.8
HP1032	BSU00430	35.294	34	22	0	59	92	43	76	4.1	25.4
HP1032	BSU13670	30.952	42	25	1	108	149	6	43	6.2	24.3
HP1032	BSU24000	35.000	40	26	0	5	44	1	40	6.2	24.6
HP_RS05075	BSU30050	33.333	54	30	2	4	55	402	451	1.1	25.0
HP_RS05075	BSU01680	64.706	17	6	0	43	59	215	231	2.3	24.3
HP_RS05075	BSU13100	33.333	45	23	2	11	50	36	78	3.4	23.1
HP_RS05075	BSU06812	26.316	38	27	1	66	103	220	256	3.9	23.5
HP_RS05075	BSU25610	44.186	43	18	2	20	62	123	159	4.6	23.1
HP_RS05075	BSU24090	36.364	44	24	1	24	67	92	131	4.8	23.1
HP_RS05075	BSU40670	40.000	25	15	0	60	84	43	67	6.0	22.7
HP_RS05075	BSU01960	41.935	31	18	0	19	49	72	102	6.2	22.7
HP_RS05075	BSU30330	27.273	44	30	1	3	44	35	78	7.3	22.3
HP1034	BSU16410	30.292	274	172	6	28	293	32	294	6.81e-33	119
HP1034	BSU27990	33.987	153	92	4	30	177	5	153	8.33e-19	80.9
HP1034	BSU01540	30.928	194	112	6	10	197	98	275	1.65e-10	57.8
HP1034	BSU40970	32.895	152	80	6	28	165	3	146	1.69e-06	45.1
HP1034	BSU36250	30.682	88	46	2	3	75	6	93	8.79e-04	37.0
HP1034	BSU34360	23.529	170	123	5	1	166	18	184	0.009	33.5
HP1034	BSU15600	35.135	74	43	3	23	93	22	93	0.029	32.0
HP1034	BSU22030	55.000	20	9	0	11	30	1090	1109	1.1	27.7
HP1034	BSU31930	30.435	115	61	8	37	141	174	279	1.2	27.3
HP1034	BSU31930	23.810	84	49	3	134	206	26	105	3.8	25.8
HP1034	BSU18570	41.026	39	16	1	109	140	76	114	1.6	26.9
HP1034	BSU07840	31.646	79	39	3	39	110	638	708	2.0	26.9
HP1034	BSU02200	33.962	53	28	2	66	111	165	217	2.4	26.6
HP1034	BSU10910	28.814	59	42	0	25	83	24	82	6.1	25.0
HP1034	BSU17550	43.478	23	13	0	272	294	27	49	7.1	23.9
HP1035	BSU16400	35.686	255	154	4	188	438	108	356	8.91e-38	138
HP1035	BSU15980	29.167	192	112	8	253	430	99	280	4.39e-11	61.2
HP1035	BSU15950	28.079	203	115	7	249	430	112	304	7.47e-09	53.9
HP1035	BSU32550	51.724	29	14	0	249	277	23	51	0.002	37.0
HP1035	BSU38660	32.812	64	43	0	249	312	21	84	0.038	32.7
HP1035	BSU24730	42.500	40	19	2	257	296	139	174	0.072	32.0
HP1035	BSU38810	41.379	29	17	0	249	277	24	52	0.098	31.6
HP1035	BSU29340	26.027	73	44	2	249	317	21	87	0.11	31.2
HP1035	BSU09070	46.429	28	15	0	250	277	23	50	0.14	30.8
HP1035	BSU13220	46.429	28	15	0	250	277	315	342	0.17	31.2
HP1035	BSU01950	40.000	30	18	0	250	279	24	53	0.19	30.4
HP1035	BSU39480	21.094	128	93	3	229	356	2	121	0.28	30.0
HP1035	BSU03590	34.146	41	21	1	237	277	15	49	0.40	29.3
HP1035	BSU03820	31.481	54	31	2	250	303	22	69	0.43	29.3
HP1035	BSU33830	41.667	24	14	0	249	272	22	45	0.51	29.3
HP1035	BSU07490	39.474	38	19	1	249	286	23	56	0.63	28.9
HP1035	BSU39010	28.571	56	34	1	185	234	164	219	0.67	28.9
HP1035	BSU16160	41.304	46	21	3	255	295	53	97	0.80	28.9
HP1035	BSU32710	33.333	75	41	3	224	296	1	68	0.84	28.5
HP1035	BSU30760	29.412	68	36	3	227	288	7	68	0.99	28.1
HP1035	BSU33290	41.935	31	16	1	248	276	20	50	1.1	28.1
HP1035	BSU17330	36.000	50	24	1	250	299	1	42	1.2	28.1
HP1035	BSU08310	27.536	69	39	2	232	300	9	66	1.3	28.1
HP1035	BSU05480	32.857	70	43	1	328	393	33	102	1.4	27.7
HP1035	BSU34820	36.364	44	27	1	256	299	368	410	1.5	28.1
HP1035	BSU08970	50.000	22	11	0	254	275	94	115	1.8	27.7
HP1035	BSU23760	39.024	41	24	1	257	297	91	130	1.9	27.3
HP1035	BSU14320	29.412	51	30	1	246	296	353	397	1.9	27.7
HP1035	BSU08830	37.931	29	18	0	249	277	26	54	2.2	26.9
HP1035	BSU12420	47.826	23	12	0	255	277	220	242	2.2	27.3
HP1035	BSU34700	42.857	28	16	0	249	276	29	56	2.3	26.9
HP1035	BSU05950	30.682	88	51	4	250	333	24	105	2.5	27.3
HP1035	BSU05950	62.500	16	6	0	260	275	358	373	5.2	26.2
HP1035	BSU09080	32.143	28	19	0	250	277	25	52	2.7	26.9
HP1035	BSU08220	54.545	22	10	0	258	279	395	416	2.8	26.9
HP1035	BSU01540	36.000	50	27	2	250	297	100	146	2.9	26.9
HP1035	BSU18970	41.667	24	14	0	258	281	61	84	3.0	26.9
HP1035	BSU30850	50.000	32	12	1	153	184	245	272	3.1	26.6
HP1035	BSU09890	41.667	24	14	0	249	272	21	44	3.3	26.6
HP1035	BSU07570	23.729	59	44	1	287	345	334	391	3.3	26.9
HP1035	BSU33730	37.500	24	15	0	249	272	22	45	3.3	26.6
HP1035	BSU13700	24.658	146	77	6	152	280	8	137	3.6	26.9
HP1035	BSU13700	57.895	19	8	0	258	276	442	460	5.3	26.2
HP1035	BSU03460	34.177	79	42	4	276	349	65	138	3.6	26.2
HP1035	BSU14360	37.500	24	15	0	249	272	25	48	5.1	25.8
HP1035	BSU27430	33.333	24	16	0	249	272	21	44	5.1	25.8
HP1035	BSU21470	35.556	45	17	3	248	289	500	535	5.2	26.2
HP1035	BSU28210	37.500	48	19	2	241	288	82	118	5.5	26.2
HP1035	BSU07420	37.500	32	20	0	244	275	339	370	5.7	26.2
HP1035	BSU12250	39.130	23	14	0	251	273	38	60	6.1	25.8
HP1035	BSU24960	33.333	24	16	0	249	272	42	65	6.3	25.8
HP1035	BSU14330	59.091	22	8	1	258	279	392	412	7.6	25.8
HP1035	BSU03150	25.962	104	52	6	254	355	10	90	8.1	25.0
HP1035	BSU00690	48.276	29	14	1	249	277	188	215	8.1	25.8
HP1035	BSU17210	29.670	91	49	5	325	403	3695	3782	8.4	25.8
HP1035	BSU28200	24.324	148	77	6	140	287	263	375	9.2	25.4
HP1035	BSU24950	29.630	27	19	0	249	275	33	59	9.5	25.0
HP1035	BSU30610	42.857	21	12	0	257	277	35	55	9.6	25.0
HP1036	BSU00790	34.058	138	87	2	20	155	1	136	1.75e-20	80.1
HP1036	BSU00470	36.842	38	17	1	28	58	87	124	0.31	27.7
HP1036	BSU01080	46.154	26	14	0	8	33	326	351	0.56	27.3
HP1036	BSU39700	31.818	44	26	1	49	88	216	259	0.58	26.9
HP1036	BSU35680	25.352	71	48	2	17	84	828	896	0.75	26.9
HP1036	BSU24970	30.000	50	27	1	107	156	150	191	1.8	25.4
HP1036	BSU18830	33.333	24	16	0	132	155	586	609	4.7	24.3
HP1036	BSU19420	24.691	81	40	2	8	67	247	327	4.8	24.3
HP1036	BSU22990	26.230	61	44	1	87	146	70	130	7.3	23.5
HP1036	BSU05000	41.667	24	14	0	118	141	232	255	8.4	23.5
HP1036	BSU24100	28.571	70	41	2	84	148	549	614	9.6	23.5
HP1037	BSU24460	35.965	342	191	9	10	349	20	335	6.77e-60	194
HP1037	BSU13860	29.573	328	196	9	28	347	43	343	2.85e-41	145
HP1037	BSU01380	23.182	220	139	10	122	331	3	202	1.55e-05	42.7
HP1037	BSU07690	23.602	161	98	6	179	331	60	203	1.80e-05	42.4
HP1037	BSU39230	25.714	70	48	1	3	68	927	996	1.1	28.1
HP1037	BSU25450	30.882	68	35	3	51	108	13	78	3.8	26.2
HP1037	BSU34800	34.783	23	15	0	290	312	437	459	5.6	25.8
HP1037	BSU22700	33.929	56	32	3	262	317	231	281	6.1	25.4
HP1037	BSU21600	36.111	36	21	1	301	334	280	315	6.5	25.4
HP1037	BSU19720	30.769	39	25	1	303	339	1	39	6.5	25.0
HP1037	BSU29750	33.333	57	35	2	131	187	229	282	7.0	25.4
HP1037	BSU21350	27.143	70	35	3	254	319	2116	2173	7.1	25.4
HP1037	BSU21100	26.087	69	50	1	2	69	146	214	9.7	24.6
HP1038	BSU24470	43.262	141	77	2	3	143	4	141	1.21e-36	120
HP1038	BSU37780	42.424	33	17	2	107	137	458	490	0.43	27.7
HP1038	BSU38520	29.268	41	29	0	124	164	32	72	0.91	25.4
HP1038	BSU07050	28.099	121	64	7	17	128	337	443	0.92	26.6
HP1038	BSU03670	24.183	153	84	7	46	167	75	226	0.95	26.6
HP1038	BSU38050	40.000	25	15	0	103	127	163	187	0.97	26.6
HP1038	BSU38400	30.769	65	43	2	104	167	347	410	2.4	25.4
HP1038	BSU21660	41.667	36	14	1	108	136	143	178	3.5	24.6
HP1038	BSU27310	40.000	30	18	0	49	78	31	60	3.9	24.6
HP1038	BSU05010	37.778	45	20	2	32	68	343	387	4.7	24.3
HP1038	BSU03210	39.286	28	16	1	107	133	458	485	5.4	24.3
HP1038	BSU10880	40.000	45	25	2	69	112	314	357	5.6	24.3
HP1038	BSU20970	25.000	64	44	3	45	105	38	100	5.7	23.9
HP1038	BSU29100	32.727	55	35	1	111	165	190	242	8.0	23.9
HP1039	BSU24370	35.385	65	36	3	294	357	54	113	0.013	33.9
HP1039	BSU35090	26.829	41	30	0	58	98	295	335	0.64	28.9
HP1039	BSU10180	36.364	44	26	1	223	266	191	232	3.3	26.6
HP1039	BSU07610	33.929	56	30	2	355	409	4	53	5.4	26.2
HP1040	BSU16680	51.136	88	43	0	1	88	1	88	4.45e-27	92.0
HP1040	BSU24870	31.707	41	28	0	26	66	434	474	0.019	29.6
HP1040	BSU31860	32.143	28	19	0	28	55	43	70	0.98	25.0
HP1040	BSU27500	32.727	55	30	2	6	58	181	230	3.2	23.5
HP1040	BSU40930	53.333	15	7	0	71	85	565	579	3.8	23.1
HP1040	BSU15460	30.233	43	30	0	6	48	12	54	5.8	22.7
HP1040	BSU18200	34.615	52	26	2	1	44	348	399	7.5	22.3
HP1040	BSU27900	30.612	49	26	3	37	81	137	181	8.0	21.9
HP1040	BSU29960	38.095	21	13	0	28	48	153	173	8.9	21.9
HP1041	BSU16390	39.385	716	390	10	21	731	1	677	1.02e-143	433
HP1041	BSU09410	34.884	43	28	0	190	232	297	339	1.5	28.9
HP1041	BSU08970	32.203	59	39	1	506	564	398	455	3.8	27.3
HP1041	BSU08080	35.185	54	33	1	539	590	146	199	4.6	26.9
HP1041	BSU07760	35.714	42	26	1	314	355	110	150	5.8	26.6
HP1041	BSU32850	43.333	30	17	0	192	221	15	44	5.9	26.6
HP1041	BSU14190	26.667	45	33	0	651	695	232	276	7.5	26.2
HP1041	BSU25400	37.255	51	31	1	546	595	2	52	7.6	25.8
HP1042	BSU18200	22.754	334	203	16	3	324	1	291	3.09e-06	45.4
HP1042	BSU05160	29.762	84	52	5	100	178	217	298	0.20	30.0
HP1042	BSU17210	23.529	51	37	1	94	144	4734	4782	2.5	26.9
HP1042	BSU16460	27.083	48	35	0	170	217	58	105	3.8	25.4
HP1042	BSU40510	30.000	50	34	1	78	126	427	476	6.1	25.4
HP1042	BSU40510	26.923	52	37	1	293	344	603	653	6.1	25.4
HP1042	BSU35820	36.735	49	26	1	143	186	77	125	8.3	25.0
HP1042	BSU13420	40.000	30	18	0	49	78	447	476	8.5	25.0
HP1042	BSU07250	26.136	88	59	3	74	155	243	330	9.6	25.0
HP1043	BSU34720	28.017	232	141	8	2	214	3	227	3.57e-25	95.9
HP1043	BSU13250	29.240	171	114	2	48	212	55	224	1.24e-22	89.0
HP1043	BSU03750	27.826	230	144	7	1	214	1	224	3.63e-22	87.8
HP1043	BSU40410	27.473	182	119	4	48	218	54	233	7.38e-20	81.6
HP1043	BSU23120	27.128	188	118	6	44	214	50	235	1.56e-18	78.2
HP1043	BSU02550	27.556	225	147	5	4	214	1	223	6.90e-18	76.3
HP1043	BSU33221	27.778	180	119	6	48	219	56	232	7.74e-18	76.3
HP1043	BSU29110	27.128	188	116	4	48	218	54	237	1.16e-17	75.9
HP1043	BSU30400	25.862	232	140	9	1	212	2	221	1.18e-13	64.7
HP1043	BSU02000	25.114	219	152	7	2	214	5	217	1.77e-12	61.2
HP1043	BSU26430	23.581	229	155	7	2	214	4	228	3.47e-12	60.5
HP1043	BSU39660	23.418	158	112	2	65	214	69	225	4.30e-11	57.4
HP1043	BSU33010	23.295	176	122	4	48	215	53	223	2.94e-10	55.1
HP1043	BSU31530	27.523	109	65	6	1	99	2	106	0.024	32.0
HP1043	BSU16420	28.099	121	78	4	1	113	2	121	0.066	30.8
HP1043	BSU16330	21.930	114	78	3	2	107	4	114	0.096	29.3
HP1043	BSU05420	27.692	130	71	7	4	131	19	127	0.17	29.3
HP1043	BSU04460	28.302	106	68	4	2	100	7	111	0.18	29.3
HP1043	BSU17940	26.168	107	69	2	1	107	17	113	0.57	26.9
HP1043	BSU02740	62.500	16	6	0	84	99	89	104	1.2	26.6
HP1043	BSU33860	30.769	65	35	3	141	201	98	156	1.5	26.2
HP1043	BSU36350	30.769	52	33	2	61	110	2	52	1.6	26.2
HP1043	BSU28920	23.894	113	59	5	48	141	55	159	1.6	26.2
HP1043	BSU23750	25.000	116	63	5	102	216	4	96	3.8	24.6
HP1043	BSU37540	33.333	39	26	0	98	136	2	40	6.6	22.7
HP1043	BSU06680	47.826	23	12	0	76	98	461	483	7.2	24.3
HP1043	BSU34730	37.143	35	21	1	8	42	93	126	8.3	23.9
HP1043	BSU07350	22.727	66	51	0	72	137	24	89	8.9	24.3
HP1044	BSU14050	27.119	236	151	9	146	368	59	286	2.55e-15	72.4
HP1044	BSU13370	26.953	256	153	13	131	364	27	270	3.50e-14	68.9
HP1044	BSU22980	26.639	244	140	9	135	364	37	255	2.59e-11	60.1
HP1044	BSU09910	29.032	62	40	2	164	221	41	102	0.66	28.5
HP1044	BSU03200	26.190	84	54	2	280	361	218	295	1.8	27.3
HP1044	BSU07610	31.579	57	30	2	179	227	302	357	3.0	26.6
HP1044	BSU35920	25.862	58	29	1	174	217	129	186	3.1	26.2
HP1044	BSU07840	27.660	47	32	1	264	308	851	897	3.4	26.6
HP1044	BSU10640	25.490	51	30	1	145	187	1	51	3.9	26.2
HP1044	BSU19080	28.986	138	61	7	138	251	50	174	6.3	25.4
HP1044	BSU03660	29.310	58	39	1	222	277	77	134	7.0	25.4
HP1045	BSU29680	37.435	577	321	16	73	647	34	572	2.14e-119	365
HP1045	BSU29560	29.496	556	335	16	83	630	11	517	1.54e-55	194
HP1045	BSU28560	24.590	549	360	19	97	629	39	549	6.94e-29	118
HP1045	BSU18330	22.453	579	365	17	95	651	1498	2014	4.84e-26	111
HP1045	BSU18330	24.184	521	320	17	114	626	496	949	4.03e-18	85.9
HP1045	BSU31960	25.216	579	335	26	107	660	478	983	1.64e-21	97.1
HP1045	BSU31960	22.400	500	318	18	95	574	1527	1976	2.06e-18	87.0
HP1045	BSU04170	23.872	532	344	15	108	633	24	500	9.05e-21	92.8
HP1045	BSU18250	26.493	536	340	20	114	630	36	536	1.49e-20	92.4
HP1045	BSU18320	23.143	579	363	18	64	629	1481	1990	4.80e-19	89.0
HP1045	BSU18320	25.237	317	213	10	266	573	608	909	3.40e-11	63.5
HP1045	BSU10270	21.053	551	370	19	94	632	13	510	5.24e-18	84.3
HP1045	BSU03510	22.624	526	341	18	111	629	488	954	7.06e-18	85.1
HP1045	BSU18340	22.495	489	295	18	113	577	1524	1952	2.82e-17	83.2
HP1045	BSU18340	24.927	341	229	11	245	573	578	903	1.09e-11	65.1
HP1045	BSU31980	22.901	524	348	19	114	630	52	526	7.05e-17	80.9
HP1045	BSU30790	22.121	547	337	15	98	636	19	484	2.05e-16	79.3
HP1045	BSU03490	22.078	462	304	11	111	563	1520	1934	1.79e-15	77.4
HP1045	BSU03490	22.772	505	276	18	85	558	468	889	1.57e-13	71.2
HP1045	BSU03490	20.858	513	324	19	87	587	2550	2992	5.28e-10	59.7
HP1045	BSU10360	24.044	549	305	21	98	630	17	469	2.84e-15	75.5
HP1045	BSU18310	26.266	316	210	10	266	573	1639	1939	2.21e-13	70.9
HP1045	BSU18310	25.441	397	229	16	256	629	2667	3019	4.82e-12	66.2
HP1045	BSU18310	23.622	381	252	12	260	629	600	952	5.64e-11	62.8
HP1045	BSU17180	22.460	561	347	20	85	632	1157	1642	1.42e-12	68.2
HP1045	BSU17180	24.121	398	246	16	262	631	187	556	1.27e-08	55.1
HP1045	BSU38500	20.440	455	301	15	113	558	27	429	6.73e-12	65.1
HP1045	BSU03480	20.438	548	349	14	97	629	1520	1995	9.23e-11	62.0
HP1045	BSU03480	20.281	498	323	17	85	574	2548	2979	3.70e-09	57.0
HP1045	BSU03480	34.177	79	52	0	502	580	836	914	2.22e-05	44.7
HP1045	BSU03480	21.875	192	106	6	100	289	479	628	3.13e-04	40.8
HP1045	BSU18300	22.601	469	284	18	109	558	491	899	1.17e-10	61.6
HP1045	BSU17210	20.385	520	329	18	65	558	444	904	1.22e-06	48.9
HP1045	BSU16940	26.316	57	41	1	314	369	53	109	3.8	26.9
HP1045	BSU29060	40.000	35	21	0	21	55	36	70	5.6	26.2
HP1045	BSU16780	26.446	121	63	5	96	202	291	399	7.0	26.6
HP1045	BSU24640	33.333	30	20	0	388	417	100	129	7.3	26.2
HP1045	BSU29130	42.105	38	21	1	101	137	141	178	8.2	26.2
HP1046	BSU16590	39.604	101	60	1	1	101	5	104	6.27e-15	64.7
HP1046	BSU15090	21.795	78	60	1	43	119	28	105	1.4	25.4
HP1046	BSU11260	33.333	30	20	0	30	59	3	32	1.4	24.3
HP1046	BSU26610	45.000	20	11	0	1	20	395	414	2.9	24.6
HP1046	BSU07830	25.333	75	50	2	77	146	69	142	4.0	24.3
HP1046	BSU18300	40.000	35	18	1	13	47	1039	1070	4.7	24.3
HP1046	BSU38660	38.235	34	17	1	26	59	24	53	5.7	23.9
HP1046	BSU16910	29.412	51	33	1	69	119	175	222	7.9	23.5
HP1046	BSU19760	28.571	42	23	1	94	128	1	42	9.1	23.1
HP1046	BSU39390	50.000	22	11	0	74	95	5	26	10.0	23.1
HP1047	BSU16650	29.885	87	56	2	23	104	24	110	5.64e-04	33.9
HP1047	BSU15670	33.333	27	18	0	36	62	44	70	1.2	24.3
HP1047	BSU07430	30.645	62	36	1	5	66	188	242	3.5	23.9
HP1047	BSU31690	30.952	42	20	1	16	57	419	451	4.5	23.5
HP1047	BSU12560	47.826	23	12	0	16	38	107	129	6.6	22.7
HP1048	BSU16630	49.192	557	270	3	387	935	157	708	1.88e-179	534
HP1048	BSU25510	26.244	221	134	6	449	648	18	230	8.00e-15	75.5
HP1048	BSU01120	33.858	127	66	2	448	556	13	139	8.60e-10	59.3
HP1048	BSU14770	27.857	140	85	3	448	571	10	149	2.81e-09	57.4
HP1048	BSU01130	27.500	240	124	9	448	649	15	242	5.18e-06	46.6
HP1048	BSU25290	24.848	165	107	6	448	602	11	168	5.47e-05	43.1
HP1048	BSU22840	25.882	170	99	8	446	602	4	159	3.10e-04	40.8
HP1048	BSU14950	26.214	103	63	2	692	786	43	140	0.72	29.3
HP1048	BSU28310	32.308	65	40	3	485	547	412	474	0.97	29.6
HP1048	BSU05370	23.611	72	46	2	858	920	405	476	3.3	28.1
HP1048	BSU20610	30.909	55	38	0	487	541	91	145	3.4	27.3
HP1048	BSU00760	75.000	16	4	0	22	37	209	224	3.5	27.7
HP1048	BSU09020	28.846	52	35	1	848	899	36	85	5.4	26.6
HP1048	BSU31200	30.000	70	46	2	764	832	19	86	5.4	27.3
HP1048	BSU00920	20.952	105	76	2	462	566	334	431	6.2	26.9
HP1048	BSU06530	39.623	53	25	3	724	776	122	167	7.8	26.6
HP1048	BSU29805	28.571	91	55	2	192	272	33	123	9.3	26.6
HP1049	BSU22780	27.451	51	37	0	30	80	79	129	0.18	26.6
HP1049	BSU16610	35.556	45	25	3	6	46	7	51	3.5	22.7
HP1049	BSU16480	31.034	29	20	0	25	53	121	149	3.7	22.7
HP1049	BSU31690	34.375	32	20	1	51	82	493	523	5.1	22.7
HP1049	BSU27160	29.545	44	30	1	6	48	963	1006	5.3	22.7
HP1049	BSU16590	30.952	42	26	1	26	67	112	150	5.5	22.3
HP1049	BSU33500	38.235	34	17	2	35	68	76	105	7.5	21.9
HP1050	BSU32240	28.094	299	200	7	3	293	10	301	8.00e-30	111
HP1050	BSU38260	38.000	50	27	2	126	173	134	181	0.39	28.9
HP1050	BSU18700	30.189	53	37	0	107	159	37	89	1.1	26.6
HP1050	BSU03890	28.571	56	33	1	51	106	15	63	3.1	26.2
HP1050	BSU35260	45.833	24	12	1	247	269	37	60	6.1	25.0
HP1050	BSU26490	24.074	54	39	1	96	147	55	108	7.2	24.6
HP1051	BSU05040	30.645	62	38	2	91	149	39	98	0.66	26.9
HP1051	BSU05920	41.667	24	14	0	60	83	60	83	1.2	25.8
HP1051	BSU02450	30.645	62	37	3	83	139	235	295	2.0	25.4
HP1051	BSU38490	56.000	25	7	1	3	27	106	126	3.1	24.6
HP1051	BSU18450	37.037	27	17	0	32	58	503	529	3.4	24.6
HP1051	BSU24060	26.316	57	36	1	91	141	196	252	4.4	24.3
HP1051	BSU26030	28.358	67	43	2	31	92	413	479	8.5	23.5
HP1051	BSU05860	39.286	28	17	0	112	139	244	271	9.9	23.1
HP1052	BSU09400	30.435	46	30	1	245	290	47	90	1.8	26.9
HP1052	BSU12290	52.381	21	10	0	91	111	84	104	2.2	26.6
HP1052	BSU28980	34.211	38	22	1	147	184	255	289	5.0	25.4
HP1052	BSU38110	40.909	22	13	0	158	179	66	87	5.0	25.4
HP1052	BSU30960	34.783	23	15	0	195	217	276	298	5.5	25.4
HP1052	BSU13590	36.842	38	21	1	65	99	216	253	7.0	25.0
HP1052	BSU27870	19.318	88	69	1	90	177	422	507	9.9	24.6
HP1053	BSU38200	30.508	59	34	2	78	133	81	135	0.21	28.9
HP1053	BSU08130	36.364	33	21	0	38	70	43	75	3.4	24.6
HP1053	BSU37110	52.000	25	9	1	62	83	173	197	4.7	24.6
HP1053	BSU37320	42.857	21	12	0	41	61	188	208	5.0	24.6
HP1054	BSU32560	32.000	50	32	1	314	361	125	174	0.44	29.3
HP1054	BSU23350	31.746	63	35	2	365	427	13	67	0.58	26.9
HP1054	BSU21350	35.417	48	28	2	389	435	1650	1695	0.98	28.5
HP1054	BSU06970	25.490	102	73	2	31	130	178	278	1.1	28.1
HP1054	BSU33580	30.208	96	58	5	25	118	12	100	4.4	25.8
HP1054	BSU18250	25.000	56	42	0	218	273	275	330	5.3	26.2
HP1054	BSU29850	29.032	93	47	3	91	166	21	111	6.7	25.0
HP1054	BSU13799	30.769	65	40	3	10	73	1	61	7.5	24.3
HP1054	BSU28560	40.741	27	16	0	197	223	480	506	8.6	25.4
HP1055	BSU31960	32.353	34	23	0	19	52	1532	1565	1.7	27.3
HP1055	BSU35650	29.630	54	36	1	226	279	25	76	2.8	26.2
HP1055	BSU32580	29.870	77	50	2	120	192	92	168	3.5	25.8
HP1055	BSU17720	40.741	27	16	0	208	234	68	94	4.3	25.0
HP1055	BSU19130	44.000	25	14	0	173	197	22	46	4.8	25.4
HP1055	BSU24600	31.250	32	22	0	24	55	3	34	6.1	23.5
HP1055	BSU07300	30.159	63	38	2	56	115	128	187	7.3	25.0
HP1055	BSU40910	27.451	51	35	1	57	107	3	51	8.2	23.9
HP1056	BSU12310	34.483	58	35	1	83	137	368	425	0.40	28.9
HP1056	BSU15870	17.647	68	56	0	51	118	476	543	3.0	26.2
HP1056	BSU05620	23.171	82	51	1	55	124	2	83	4.3	25.4
HP1057	BSU29130	20.714	140	81	2	30	154	247	371	0.096	30.4
HP1057	BSU03890	27.679	112	69	5	30	129	359	470	0.81	27.7
HP1057	BSU39660	30.159	63	34	2	74	130	2	60	1.2	26.9
HP1057	BSU24720	25.610	82	47	3	16	97	208	275	1.4	26.6
HP1057	BSU20800	35.294	34	22	0	149	182	374	407	2.5	26.2
HP1057	BSU37770	30.000	40	27	1	198	237	31	69	3.3	25.8
HP1057	BSU34950	41.176	34	17	2	89	119	4	37	5.1	24.6
HP1057	BSU25500	27.907	43	31	0	160	202	264	306	5.5	25.0
HP1057	BSU01970	40.000	20	12	0	22	41	125	144	5.8	24.6
HP1057	BSU39350	28.571	56	31	2	46	101	41	87	7.8	24.6
HP1058	BSU22430	43.511	262	146	2	10	269	2	263	3.25e-70	214
HP1058	BSU11190	28.000	50	36	0	148	197	192	241	0.80	27.7
HP1058	BSU29070	34.694	49	31	1	199	246	27	75	1.3	26.9
HP1058	BSU27100	34.211	38	18	1	139	176	133	163	1.8	26.6
HP1058	BSU35050	50.000	16	8	0	195	210	22	37	4.4	25.0
HP1058	BSU32310	34.615	52	29	1	160	206	18	69	4.5	24.3
HP1058	BSU16760	19.737	76	45	3	156	221	312	381	5.5	25.0
HP1058	BSU11660	45.833	24	13	0	186	209	132	155	8.2	24.3
HP1059	BSU27730	52.744	328	154	1	1	327	1	328	8.88e-121	348
HP1059	BSU27530	31.707	123	80	3	21	142	8	127	1.14e-10	58.9
HP1059	BSU28210	23.571	280	155	11	21	248	63	335	6.37e-08	50.8
HP1059	BSU00190	36.170	94	48	4	21	111	10	94	2.43e-07	48.9
HP1059	BSU13700	25.000	196	114	6	21	183	403	598	2.20e-05	42.7
HP1059	BSU13700	28.916	83	39	4	57	119	116	198	2.1	26.9
HP1059	BSU17420	25.000	164	77	8	29	155	76	230	7.63e-04	37.7
HP1059	BSU26260	29.487	78	46	2	47	115	158	235	0.004	35.4
HP1059	BSU28220	27.273	121	64	4	21	117	67	187	0.007	34.7
HP1059	BSU00860	25.510	98	52	3	57	133	542	639	0.016	33.9
HP1059	BSU00860	37.500	24	15	0	57	80	205	228	8.5	25.0
HP1059	BSU28200	38.182	55	31	2	25	77	318	371	0.022	33.5
HP1059	BSU27080	29.592	98	42	3	55	125	140	237	0.032	32.7
HP1059	BSU06330	22.078	231	125	8	55	236	41	265	0.080	31.2
HP1059	BSU08220	32.000	50	26	2	31	80	378	419	0.14	30.8
HP1059	BSU12530	28.358	67	39	2	58	115	122	188	0.23	29.6
HP1059	BSU35040	25.000	68	49	1	43	108	387	454	0.64	28.9
HP1059	BSU16160	40.000	35	14	1	55	89	54	81	0.85	28.1
HP1059	BSU30610	46.429	28	15	0	51	78	31	58	2.0	26.9
HP1059	BSU07420	40.000	25	15	0	271	295	37	61	4.0	26.2
HP1059	BSU12420	52.632	19	9	0	56	74	223	241	4.0	25.8
HP1059	BSU26870	36.111	36	23	0	247	282	225	260	7.8	25.0
HP1059	BSU36770	47.619	21	11	0	26	46	207	227	8.8	24.6
HP1059	BSU18560	35.000	40	21	2	97	133	252	289	9.4	24.6
HP1059	BSU00690	47.619	21	11	0	56	76	197	217	9.4	25.0
HP1059	BSU33730	26.000	50	30	1	29	78	11	53	9.5	24.6
HP1059	BSU17770	32.727	55	26	2	89	135	305	356	9.7	24.6
HP1060	BSU05980	31.818	44	27	1	4	44	3	46	0.029	28.9
HP1060	BSU17710	34.091	44	22	1	4	47	3	39	0.062	28.1
HP1060	BSU02630	30.000	40	21	1	4	43	5	37	0.19	26.9
HP1060	BSU29610	30.392	102	47	4	39	125	359	451	0.30	28.1
HP1060	BSU37010	36.364	55	32	1	27	78	42	96	0.62	26.9
HP1060	BSU06350	35.135	37	23	1	41	76	682	718	1.1	26.2
HP1060	BSU02320	40.741	27	14	1	106	130	3	29	1.8	25.4
HP1060	BSU18450	27.419	62	40	2	50	111	384	440	2.6	25.0
HP1060	BSU14970	35.294	34	21	1	42	74	9	42	4.5	23.9
HP1060	BSU29340	28.000	50	34	1	66	113	94	143	5.2	23.9
HP1060	BSU29740	31.481	54	26	2	103	147	198	249	5.8	23.9
HP1060	BSU19030	39.394	33	18	1	84	114	47	79	6.5	23.9
HP1060	BSU39730	40.476	42	18	2	115	154	397	433	8.7	23.5
HP1061	BSU05990	33.778	225	145	2	4	224	10	234	4.28e-43	144
HP1061	BSU02640	31.579	228	156	0	8	235	11	238	3.89e-38	130
HP1061	BSU00570	45.000	20	11	0	231	250	214	233	0.92	27.3
HP1061	BSU03760	52.632	19	9	0	40	58	138	156	2.9	25.8
HP1061	BSU09390	22.826	92	69	1	56	145	201	292	3.4	25.8
HP1061	BSU09040	36.585	41	25	1	98	138	12	51	3.4	23.5
HP1061	BSU03220	34.091	44	28	1	52	95	44	86	4.0	25.4
HP1061	BSU06890	40.000	15	9	0	33	47	60	74	5.2	23.9
HP1062	BSU27720	35.735	347	203	8	9	345	6	342	3.66e-65	206
HP1062	BSU11390	30.303	99	62	3	241	339	41	132	0.21	30.0
HP1062	BSU06060	25.000	112	61	4	107	217	297	386	1.0	28.1
HP1062	BSU31520	31.481	54	31	1	5	52	40	93	2.6	26.6
HP1062	BSU20250	52.000	25	12	0	134	158	257	281	2.8	26.6
HP1062	BSU17380	35.088	57	25	2	294	338	38	94	2.8	26.6
HP1062	BSU25980	40.541	37	20	1	218	254	246	280	3.7	26.2
HP1062	BSU22360	25.000	92	49	3	20	100	100	182	5.9	25.4
HP1062	BSU10200	22.727	110	81	4	180	286	12	120	6.0	25.4
HP1062	BSU14300	52.632	19	9	0	134	152	4	22	6.3	25.0
HP1062	BSU39730	29.268	41	29	0	276	316	390	430	7.4	25.4
HP1062	BSU14630	20.635	63	41	1	60	122	66	119	7.7	25.0
HP1062	BSU35040	41.667	36	20	1	45	79	558	593	9.6	25.0
HP1063	BSU41000	29.560	159	95	4	8	154	28	181	4.18e-13	62.4
HP1063	BSU27360	38.462	39	24	0	44	82	52	90	0.19	28.5
HP1063	BSU25450	25.926	108	66	5	43	143	172	272	0.48	27.3
HP1063	BSU22030	39.286	28	17	0	133	160	1051	1078	1.7	26.2
HP1063	BSU37000	50.000	18	9	0	50	67	119	136	2.2	25.4
HP1063	BSU18410	25.532	94	61	2	4	88	431	524	4.9	24.6
HP1063	BSU15650	40.909	22	13	0	58	79	732	753	5.7	24.3
HP1063	BSU25160	21.277	47	32	1	103	149	88	129	6.1	24.3
HP1063	BSU21600	29.630	27	19	0	89	115	240	266	9.3	23.5
HP1063	BSU20800	42.857	28	16	0	27	54	408	435	9.7	23.5
HP1064	BSU12360	36.111	36	14	2	4	38	166	193	0.80	24.6
HP1064	BSU06320	25.455	55	37	1	12	62	55	109	1.3	23.9
HP1064	BSU19220	31.707	41	26	1	17	57	300	338	2.2	23.5
HP1064	BSU18570	27.500	40	29	0	25	64	569	608	2.3	23.1
HP1064	BSU39480	56.250	16	7	0	27	42	214	229	3.0	22.7
HP1064	BSU30150	33.333	21	14	0	21	41	347	367	3.1	22.7
HP1064	BSU13450	22.388	67	41	2	11	66	4	70	3.4	22.7
HP1064	BSU38390	39.286	28	15	1	5	30	190	217	5.4	22.3
HP1064	BSU16210	25.000	48	35	1	29	75	197	244	6.4	21.9
HP1064	BSU08520	50.000	14	7	0	30	43	71	84	8.0	21.6
HP1064	BSU05830	30.000	40	24	1	9	44	401	440	9.1	21.6
HP1065	BSU03490	32.203	59	32	2	17	72	336	389	0.36	27.3
HP1065	BSU20340	26.562	128	68	4	16	120	271	395	0.55	26.9
HP1065	BSU23380	50.000	16	8	0	35	50	348	363	6.9	23.5
HP1066	BSU36690	23.913	92	67	2	25	115	57	146	0.19	28.9
HP1067	BSU16330	38.318	107	61	3	2	107	4	106	2.53e-20	77.0
HP1067	BSU23120	40.000	110	59	4	2	110	8	111	1.28e-19	77.8
HP1067	BSU29110	28.571	119	81	3	2	120	4	118	1.51e-14	64.3
HP1067	BSU03750	25.620	121	83	4	1	120	1	115	1.74e-12	58.5
HP1067	BSU33221	27.966	118	81	2	3	120	6	119	2.68e-12	58.2
HP1067	BSU39660	29.412	119	71	3	2	116	3	112	3.78e-12	57.8
HP1067	BSU26430	28.696	115	76	3	2	116	4	112	3.32e-11	55.1
HP1067	BSU06960	32.000	125	72	4	2	120	3	120	4.43e-11	55.5
HP1067	BSU16420	34.862	109	64	4	1	106	2	106	7.27e-11	54.7
HP1067	BSU40410	30.631	111	72	3	2	112	4	109	1.20e-10	53.9
HP1067	BSU02550	25.234	107	71	3	4	108	1	100	2.24e-10	52.8
HP1067	BSU14010	27.473	91	58	1	2	84	176	266	2.91e-10	53.1
HP1067	BSU30400	24.167	120	86	3	1	120	2	116	7.47e-10	51.6
HP1067	BSU13250	28.226	124	79	5	3	123	6	122	1.01e-09	51.2
HP1067	BSU09330	31.858	113	73	3	1	112	1	110	1.20e-09	50.8
HP1067	BSU02740	29.474	95	62	3	26	120	28	117	6.41e-09	48.9
HP1067	BSU34720	25.600	125	76	3	2	120	3	116	5.95e-08	46.2
HP1067	BSU17940	29.839	124	76	4	2	121	3	119	1.79e-07	43.5
HP1067	BSU05420	26.829	123	85	3	2	123	3	121	2.35e-07	44.3
HP1067	BSU07590	33.824	68	43	1	49	116	50	115	4.17e-07	43.9
HP1067	BSU33010	23.636	110	79	3	3	112	5	109	6.46e-07	43.1
HP1067	BSU35490	27.500	120	83	3	1	119	4	120	6.62e-07	43.1
HP1067	BSU24220	26.606	109	76	2	1	107	4	110	2.81e-06	41.6
HP1067	BSU37130	24.528	106	76	3	2	107	5	106	5.38e-06	39.7
HP1067	BSU08300	26.606	109	76	3	1	108	2	107	2.15e-05	38.9
HP1067	BSU04460	22.414	116	88	1	2	117	7	120	4.32e-05	38.1
HP1067	BSU28920	25.210	119	81	5	1	117	2	114	1.61e-04	36.6
HP1067	BSU02450	24.409	127	83	4	1	118	1	123	2.26e-04	36.2
HP1067	BSU02000	22.523	111	79	3	2	112	5	108	0.002	33.5
HP1067	BSU31530	27.119	59	41	1	49	107	50	106	0.003	32.7
HP1067	BSU38910	26.562	64	45	1	49	112	54	115	0.031	30.0
HP1067	BSU19200	35.088	57	33	2	49	105	50	102	0.045	29.3
HP1067	BSU34060	27.273	77	50	2	29	105	34	104	0.14	28.1
HP1067	BSU02420	43.478	23	13	0	25	47	450	472	0.32	27.3
HP1067	BSU05720	35.484	31	19	1	81	111	257	286	0.88	25.8
HP1067	BSU36350	26.829	41	30	0	67	107	2	42	2.2	24.6
HP1067	BSU31970	24.510	102	54	3	14	99	61	155	2.4	24.6
HP1067	BSU19690	21.429	70	50	2	51	120	307	371	6.7	23.1
HP1067	BSU03900	40.909	22	13	0	95	116	401	422	8.2	23.1
HP1067	BSU03490	25.397	63	38	2	59	121	2413	2466	8.5	23.1
HP1067	BSU27550	25.581	43	32	0	76	118	167	209	8.8	23.1
HP1067	BSU36010	28.571	21	15	0	76	96	211	231	9.2	22.7
HP1068	BSU25450	34.975	203	123	7	124	320	108	307	9.80e-26	101
HP1068	BSU27120	37.931	58	28	3	34	90	80	130	0.93	27.3
HP1068	BSU38360	25.316	79	53	2	190	262	220	298	1.3	27.3
HP1068	BSU39890	36.170	47	26	1	190	232	36	82	1.3	27.3
HP1068	BSU25610	28.378	74	48	2	190	262	32	101	1.4	26.9
HP1068	BSU24790	37.500	48	27	2	244	289	143	189	1.5	26.9
HP1068	BSU01140	24.242	66	48	2	128	193	160	223	3.2	26.2
HP1068	BSU02610	22.727	88	62	3	15	99	65	149	4.9	25.4
HP1068	BSU39020	75.000	12	3	0	65	76	322	333	6.4	25.4
HP1068	BSU06150	28.571	35	25	0	3	37	297	331	7.5	25.0
HP1068	BSU22750	37.736	53	28	3	194	241	51	103	7.8	24.6
HP1068	BSU00160	26.667	60	39	3	1	60	208	262	8.4	25.0
HP1068	BSU30150	29.167	72	38	3	13	84	332	390	8.6	25.0
HP1068	BSU14630	30.189	53	37	0	271	323	274	326	8.6	25.0
HP1068	BSU17380	29.688	64	34	3	177	229	379	442	8.6	25.0
HP1068	BSU35960	26.316	57	36	1	208	264	89	139	9.3	24.6
HP1069	BSU00690	52.442	471	216	6	147	612	135	602	1.28e-162	477
HP1069	BSU12420	29.730	259	150	8	179	434	194	423	8.76e-24	101
HP1069	BSU16160	40.678	59	33	2	202	258	51	109	1.23e-06	48.1
HP1069	BSU16160	29.412	119	66	5	248	351	253	368	0.40	30.4
HP1069	BSU17420	27.368	190	104	10	172	345	58	229	1.44e-06	47.4
HP1069	BSU28220	37.333	75	41	3	208	276	114	188	6.79e-05	42.4
HP1069	BSU27730	36.986	73	36	2	206	277	56	119	0.002	37.7
HP1069	BSU24100	26.389	144	77	4	153	280	349	479	0.002	38.1
HP1069	BSU28200	30.909	110	60	5	174	274	324	426	0.008	35.8
HP1069	BSU33290	24.242	165	113	5	197	353	21	181	0.016	34.3
HP1069	BSU13700	29.787	94	53	4	207	287	116	209	0.024	34.3
HP1069	BSU13700	29.114	79	43	3	207	272	443	521	0.63	29.6
HP1069	BSU27530	46.875	32	17	0	200	231	35	66	0.032	33.9
HP1069	BSU19390	47.059	34	18	0	204	237	66	99	0.037	33.5
HP1069	BSU14330	27.731	119	68	5	119	224	297	410	0.20	31.2
HP1069	BSU00860	25.532	94	57	2	207	287	205	298	0.23	31.2
HP1069	BSU00860	28.261	92	47	5	199	272	530	620	4.5	26.9
HP1069	BSU28210	33.721	86	39	4	169	252	68	137	0.25	30.8
HP1069	BSU21470	27.586	87	44	4	162	230	451	536	0.42	30.4
HP1069	BSU12530	29.630	81	48	3	206	280	120	197	0.77	29.3
HP1069	BSU19110	50.000	22	11	0	10	31	58	79	0.98	28.5
HP1069	BSU40350	24.603	126	68	4	169	280	140	252	1.1	28.9
HP1069	BSU05610	25.333	75	50	2	196	270	310	378	1.2	28.9
HP1069	BSU07370	61.111	18	7	0	208	225	34	51	1.6	28.5
HP1069	BSU00190	34.328	67	28	3	168	230	14	68	1.8	28.1
HP1069	BSU28980	40.476	42	20	2	185	226	148	184	3.1	27.3
HP1069	BSU35340	28.333	60	43	0	545	604	271	330	3.3	27.3
HP1069	BSU10340	26.415	53	39	0	405	457	111	163	4.1	26.6
HP1069	BSU40620	31.915	47	30	1	181	225	3	49	5.1	26.6
HP1069	BSU13220	39.394	33	18	1	195	225	25	57	5.8	26.6
HP1069	BSU24430	52.632	19	9	0	206	224	139	157	6.3	26.2
HP1069	BSU32550	41.379	29	17	0	197	225	23	51	6.4	26.2
HP1069	BSU37080	55.556	18	8	0	207	224	174	191	6.8	26.2
HP1069	BSU08830	55.556	18	8	0	208	225	37	54	6.9	26.2
HP1069	BSU27080	37.500	40	23	1	203	240	136	175	6.9	26.6
HP1069	BSU37770	50.000	32	14	2	557	587	313	343	8.3	26.2
HP1069	BSU33850	32.609	46	31	0	136	181	66	111	9.6	25.4
HP1069	BSU28960	28.846	52	31	1	545	596	140	185	9.9	25.8
HP_1070	BSU31890	66.667	12	4	0	7	18	115	126	0.72	25.0
HP1071	BSU02270	32.609	184	105	3	10	185	5	177	4.64e-22	86.7
HP1071	BSU06930	32.759	58	35	2	167	220	28	85	0.12	28.5
HP1071	BSU16920	27.869	61	34	1	47	97	57	117	0.57	27.7
HP1071	BSU18000	54.545	22	10	0	107	128	440	461	0.80	27.7
HP1071	BSU27140	41.176	34	18	1	121	152	320	353	3.7	25.4
HP1071	BSU12080	32.558	43	28	1	159	200	273	315	4.5	25.0
HP1071	BSU20630	38.710	31	19	0	186	216	1	31	6.0	24.3
HP1071	BSU40320	41.935	31	17	1	20	50	199	228	6.2	24.6
HP1071	BSU19460	37.500	56	29	3	39	90	66	119	7.7	24.3
HP1072	BSU33500	35.488	758	442	12	2	741	74	802	8.81e-147	446
HP1072	BSU33500	36.486	74	43	1	4	77	8	77	1.32e-07	51.6
HP1072	BSU13850	30.233	559	354	11	192	737	100	635	1.50e-74	251
HP1072	BSU33490	29.359	562	362	16	191	739	162	701	2.83e-60	213
HP1072	BSU15650	27.933	179	101	3	546	696	521	699	3.14e-16	79.7
HP1072	BSU15650	21.898	274	193	6	193	452	77	343	1.65e-06	48.1
HP1072	BSU33510	28.358	67	48	0	2	68	3	69	1.37e-06	43.5
HP1072	BSU13600	28.169	142	75	6	529	645	45	184	0.008	35.4
HP1072	BSU04040	31.373	51	35	0	626	676	195	245	0.36	30.4
HP1072	BSU26860	34.783	46	30	0	248	293	88	133	0.87	29.3
HP1072	BSU39060	32.609	46	31	0	248	293	88	133	2.3	28.1
HP1072	BSU27160	27.273	121	62	5	535	642	910	1017	3.6	27.7
HP1072	BSU27100	37.931	29	18	0	159	187	154	182	4.2	26.9
HP1072	BSU05380	29.091	55	33	1	163	217	22	70	5.3	26.6
HP1072	BSU36290	33.333	48	32	0	629	676	235	282	6.0	26.6
HP1072	BSU03490	57.895	19	6	1	174	190	135	153	6.8	26.9
HP1072	BSU37500	22.430	107	79	3	601	704	138	243	7.6	26.2
HP1072	BSU00060	26.733	101	61	5	137	235	482	571	7.6	26.6
HP1072	BSU07610	29.167	48	34	0	248	295	89	136	8.8	26.2
HP1072	BSU19440	36.170	47	22	1	383	421	395	441	9.4	26.2
HP1073	BSU33510	42.188	64	34	2	4	65	5	67	3.91e-10	47.4
HP1073	BSU33500	37.778	45	28	0	2	46	74	118	4.66e-06	38.9
HP1073	BSU33500	33.333	45	29	1	5	49	9	52	0.016	28.9
HP1073	BSU33490	25.490	51	38	0	1	51	4	54	0.40	25.0
HP1073	BSU14690	50.000	26	13	0	36	61	124	149	0.59	24.6
HP1073	BSU31960	33.333	48	29	1	18	62	859	906	1.1	23.9
HP1073	BSU16220	29.688	64	42	3	5	66	24	86	2.7	22.7
HP1073	BSU11010	30.303	33	21	1	33	65	312	342	3.4	22.3
HP1073	BSU16580	36.842	19	12	0	3	21	928	946	6.0	21.6
HP1073	BSU21350	31.579	38	25	1	25	62	1270	1306	8.1	21.6
HP1073	BSU24270	39.130	23	14	0	4	26	5	27	9.0	21.2
HP1073	BSU06710	31.707	41	26	2	8	46	57	97	9.3	21.2
HP1073	BSU00220	38.095	21	13	0	36	56	4	24	9.9	20.8
HP1074	BSU00070	34.043	47	28	2	19	64	535	579	1.2	27.3
HP1074	BSU27660	33.962	53	35	0	164	216	12	64	2.5	25.0
HP1074	BSU38630	23.881	67	45	1	174	240	102	162	3.2	25.8
HP1075	BSU34370	25.490	102	73	2	90	188	57	158	0.059	32.0
HP1075	BSU23920	22.656	128	69	3	119	233	155	265	2.0	27.3
HP1075	BSU29530	25.301	83	58	3	109	188	126	207	5.9	25.8
HP1075	BSU24020	25.225	111	58	5	106	216	5	90	8.7	25.0
HP1076	BSU18300	39.394	33	20	0	80	112	331	363	0.095	29.6
HP1076	BSU24240	29.825	114	64	3	25	138	215	312	0.18	28.9
HP1076	BSU08770	38.636	44	24	2	122	162	20	63	0.57	25.4
HP1076	BSU23110	40.000	35	21	0	72	106	193	227	0.84	26.9
HP1076	BSU08470	29.787	47	30	1	3	49	234	277	1.3	26.2
HP1076	BSU37010	23.881	67	50	1	28	93	29	95	1.3	26.2
HP1076	BSU07680	33.333	42	28	0	97	138	5	46	1.8	25.0
HP1076	BSU09440	42.857	28	13	1	117	141	223	250	2.4	25.4
HP1076	BSU05720	40.000	25	15	0	67	91	341	365	5.5	24.3
HP1077	BSU33980	24.800	125	73	3	109	233	99	202	0.091	31.2
HP1077	BSU19190	60.000	25	9	1	173	197	55	78	1.6	26.9
HP1077	BSU39270	34.848	66	26	4	97	152	38	96	2.8	26.6
HP1077	BSU24390	42.857	28	16	0	248	275	239	266	2.9	26.6
HP1077	BSU06710	24.800	125	64	5	104	220	484	586	8.0	25.0
HP1078	BSU37770	25.243	103	63	4	34	123	138	239	1.9	26.2
HP1078	BSU12520	23.529	68	50	2	40	106	147	213	5.1	24.6
HP1078	BSU16800	27.397	73	46	3	130	199	186	254	9.6	24.3
HP1079	BSU00040	33.333	54	36	0	2	55	3	56	2.44e-05	42.7
HP1079	BSU24240	34.043	47	31	0	1	47	1	47	0.007	35.0
HP1079	BSU10040	34.921	63	36	2	253	315	135	192	0.044	32.0
HP1079	BSU15940	21.978	91	54	3	9	95	10	87	0.055	32.3
HP1079	BSU03190	32.075	53	36	0	92	144	205	257	0.065	31.6
HP1079	BSU01950	27.143	70	46	2	263	331	142	207	0.61	28.5
HP1079	BSU10770	37.037	27	17	0	139	165	696	722	0.72	28.9
HP1079	BSU05530	25.510	98	63	5	166	262	103	191	0.99	27.7
HP1079	BSU32710	27.941	68	44	2	253	320	148	210	1.2	27.7
HP1079	BSU27550	26.667	75	37	1	82	156	56	112	1.4	27.7
HP1079	BSU14400	26.250	80	48	2	232	306	352	425	1.4	27.7
HP1079	BSU24060	27.660	47	31	1	31	77	431	474	3.1	26.6
HP1079	BSU00970	23.853	109	69	4	159	256	10	115	3.7	25.8
HP1079	BSU08800	90.000	10	1	0	350	359	412	421	4.2	26.2
HP1079	BSU40200	34.286	35	15	1	24	50	28	62	4.4	26.2
HP1079	BSU02750	25.862	58	36	3	27	82	36	88	4.5	25.8
HP1079	BSU18440	26.000	100	63	3	255	348	169	263	4.9	25.8
HP1079	BSU01460	24.359	78	52	4	242	318	123	194	5.0	25.8
HP1079	BSU17200	24.324	74	55	1	57	129	3449	3522	5.2	26.2
HP1079	BSU08060	30.233	43	30	0	115	157	134	176	5.5	25.8
HP1079	BSU07240	23.944	71	47	2	202	266	253	322	5.7	25.4
HP1079	BSU13220	35.897	39	21	1	24	62	322	356	5.8	25.8
HP1079	BSU20070	39.474	38	19	1	303	336	7	44	6.0	24.6
HP1079	BSU06770	42.105	19	11	0	63	81	41	59	7.8	25.4
HP1079	BSU30760	44.444	27	15	0	23	49	30	56	9.1	24.6
HP1080	BSU39430	23.853	109	67	5	74	170	59	163	0.96	26.6
HP1080	BSU31270	28.125	64	29	2	114	160	62	125	4.2	24.6
HP1080	BSU16380	25.532	94	52	4	8	83	47	140	6.4	24.3
HP1080	BSU26500	32.500	40	27	0	78	117	24	63	6.4	23.1
HP1080	BSU02940	45.455	22	12	0	68	89	34	55	9.9	23.5
HP1081	BSU13400	30.682	88	56	3	25	109	524	609	0.99	26.9
HP1081	BSU12740	34.146	41	27	0	65	105	92	132	1.0	26.6
HP1081	BSU02840	30.882	68	39	3	62	122	343	409	1.8	26.2
HP1081	BSU13620	21.569	51	40	0	70	120	106	156	5.5	24.3
HP1081	BSU09310	34.615	52	24	2	71	112	522	573	8.7	24.3
HP1081	BSU21010	34.000	50	29	2	83	130	154	201	8.8	23.9
HP1082	BSU14320	30.435	552	373	6	5	550	4	550	1.78e-84	271
HP1082	BSU37230	31.273	550	350	9	6	541	3	538	3.95e-78	254
HP1082	BSU34820	31.568	491	329	4	62	549	69	555	1.39e-77	253
HP1082	BSU08690	28.444	559	379	7	6	550	5	556	7.30e-73	240
HP1082	BSU08220	27.505	549	392	3	5	550	35	580	1.79e-70	234
HP1082	BSU14330	26.834	559	381	8	7	550	32	577	1.30e-65	221
HP1082	BSU09720	30.769	468	315	8	88	550	181	644	2.70e-63	216
HP1082	BSU08210	28.407	521	352	8	39	550	35	543	4.94e-57	197
HP1082	BSU09710	27.767	497	330	11	71	550	68	552	3.68e-48	173
HP1082	BSU21470	25.741	540	379	12	19	550	169	694	7.29e-36	139
HP1082	BSU38730	22.202	545	409	9	11	547	10	547	1.93e-33	131
HP1082	BSU38740	22.609	460	349	2	92	550	88	541	2.53e-30	121
HP1082	BSU02980	34.783	207	121	6	353	550	49	250	2.44e-26	108
HP1082	BSU32750	32.743	226	137	7	334	550	2	221	2.67e-24	100
HP1082	BSU33270	33.043	230	135	6	325	548	2	218	2.01e-23	95.9
HP1082	BSU35260	32.558	215	129	7	334	541	2	207	2.38e-23	95.5
HP1082	BSU24950	29.752	242	145	7	324	551	6	236	2.94e-23	96.3
HP1082	BSU30420	30.973	226	141	6	334	548	2	223	3.63e-23	95.1
HP1082	BSU33730	31.683	202	131	5	353	550	18	216	5.87e-23	97.8
HP1082	BSU33830	32.178	202	130	5	353	550	18	216	1.09e-22	97.1
HP1082	BSU33830	29.268	41	29	0	308	348	249	289	4.3	26.6
HP1082	BSU12250	30.882	204	128	4	331	530	10	204	1.22e-22	94.4
HP1082	BSU23960	35.135	185	107	6	352	529	16	194	2.69e-22	92.8
HP1082	BSU38810	28.302	212	142	5	343	550	10	215	2.62e-21	92.4
HP1082	BSU03730	28.507	221	147	7	334	549	4	218	3.57e-21	89.4
HP1082	BSU34700	26.961	204	138	4	352	548	24	223	3.11e-20	87.4
HP1082	BSU29340	34.409	186	112	6	351	529	15	197	4.90e-20	87.0
HP1082	BSU03590	34.969	163	96	4	349	504	13	172	1.96e-19	84.7
HP1082	BSU01450	30.047	213	125	5	347	547	19	219	1.97e-19	85.5
HP1082	BSU14360	28.761	226	141	6	334	548	2	218	2.08e-19	84.3
HP1082	BSU39480	32.432	185	115	6	352	529	16	197	2.34e-19	84.7
HP1082	BSU30380	29.126	206	133	5	334	531	4	204	2.88e-19	84.3
HP1082	BSU01460	32.812	192	114	6	349	530	6	192	1.94e-18	82.4
HP1082	BSU24960	30.932	236	134	9	332	550	21	244	3.27e-18	81.6
HP1082	BSU27430	36.196	163	86	8	351	504	15	168	3.69e-18	80.9
HP1082	BSU39640	26.667	210	131	5	352	548	22	221	5.99e-18	80.9
HP1082	BSU11370	30.693	202	111	6	352	535	35	225	7.22e-18	81.6
HP1082	BSU30610	32.418	182	111	7	352	530	22	194	7.67e-18	80.5
HP1082	BSU11470	29.384	211	134	5	352	550	24	231	1.02e-17	80.9
HP1082	BSU13220	27.957	186	121	6	349	530	306	482	1.17e-16	79.7
HP1082	BSU13220	30.636	173	106	6	341	504	13	180	1.31e-13	70.1
HP1082	BSU08830	29.319	191	122	5	342	530	11	190	1.18e-16	77.0
HP1082	BSU31550	32.787	183	116	6	352	529	18	198	1.44e-16	79.3
HP1082	BSU31550	24.242	198	118	8	352	528	272	458	3.05e-07	49.7
HP1082	BSU02750	28.351	194	104	7	353	530	21	195	1.50e-16	76.3
HP1082	BSU02860	25.822	213	124	6	352	546	18	214	8.33e-16	73.9
HP1082	BSU32550	27.228	202	132	6	333	530	3	193	8.73e-16	75.9
HP1082	BSU34090	30.000	190	108	5	348	529	16	188	1.06e-15	74.7
HP1082	BSU33290	26.531	196	119	5	349	530	15	199	4.43e-15	72.4
HP1082	BSU30760	29.469	207	120	8	334	530	4	194	6.95e-15	71.6
HP1082	BSU35940	33.333	183	115	6	352	529	17	197	1.50e-14	72.8
HP1082	BSU35940	22.439	205	148	6	355	549	269	472	5.17e-07	48.9
HP1082	BSU13000	28.218	202	116	8	352	535	26	216	3.00e-14	70.9
HP1082	BSU32940	26.154	195	134	5	352	541	20	209	3.57e-14	69.7
HP1082	BSU07490	26.943	193	132	4	344	530	10	199	9.12e-14	68.6
HP1082	BSU11460	28.507	221	124	9	334	530	8	218	1.03e-13	69.3
HP1082	BSU03820	26.887	212	131	6	350	548	14	214	2.02e-13	67.4
HP1082	BSU01950	28.758	153	95	5	356	504	22	164	2.92e-13	66.6
HP1082	BSU15340	30.769	169	105	6	344	504	9	173	5.39e-13	66.2
HP1082	BSU38660	25.414	181	120	5	352	529	16	184	1.19e-12	65.5
HP1082	BSU11360	30.500	200	109	7	353	530	24	215	2.25e-12	65.1
HP1082	BSU08310	27.225	191	116	7	349	529	13	190	3.78e-11	61.2
HP1082	BSU40620	27.184	206	126	5	352	548	16	206	4.16e-11	59.7
HP1082	BSU33160	26.506	166	98	3	352	504	15	169	3.62e-10	58.9
HP1082	BSU12950	28.934	197	110	8	356	530	27	215	4.14e-10	58.2
HP1082	BSU07370	27.602	221	137	7	349	548	15	233	4.89e-10	58.9
HP1082	BSU07370	31.034	58	38	1	473	530	441	496	0.053	33.1
HP1082	BSU02570	26.115	157	109	2	348	504	15	164	4.89e-10	57.8
HP1082	BSU07420	25.728	206	127	5	349	530	15	218	6.16e-10	58.2
HP1082	BSU07420	22.460	187	104	5	356	532	343	498	6.77e-07	48.5
HP1082	BSU09080	24.510	204	144	4	350	550	17	213	1.06e-09	56.6
HP1082	BSU04490	26.901	171	118	2	350	520	18	181	2.66e-09	55.5
HP1082	BSU05610	28.780	205	105	7	348	550	15	180	3.09e-09	56.2
HP1082	BSU05610	22.340	188	112	6	349	530	303	462	0.001	38.5
HP1082	BSU10040	24.865	185	119	5	352	528	18	190	9.48e-09	53.1
HP1082	BSU35700	24.272	206	126	6	351	548	37	220	2.21e-07	50.1
HP1082	BSU09070	23.118	186	115	5	353	529	18	184	4.05e-07	48.1
HP1082	BSU32710	25.121	207	133	7	350	541	18	217	1.19e-06	47.0
HP1082	BSU30010	25.248	202	132	6	350	548	18	203	1.50e-06	46.2
HP1082	BSU05950	28.261	184	100	7	352	507	18	197	6.72e-06	45.4
HP1082	BSU05950	23.077	208	114	7	352	542	342	520	2.01e-04	40.8
HP1082	BSU40150	22.642	212	107	5	343	535	6	179	8.44e-06	43.9
HP1082	BSU14430	21.525	223	132	7	349	541	13	222	2.83e-04	40.4
HP1082	BSU14430	40.625	32	19	0	473	504	440	471	0.090	32.3
HP1082	BSU09890	21.910	178	130	4	352	528	16	185	0.001	37.7
HP1082	BSU30450	36.957	46	29	0	352	397	16	61	0.006	35.8
HP1082	BSU37390	22.857	210	129	8	331	528	6	194	0.015	34.3
HP1082	BSU24240	25.000	84	55	3	474	549	447	530	0.020	34.3
HP1082	BSU35160	50.000	32	16	0	353	384	622	653	0.34	30.4
HP1082	BSU35160	35.714	42	24	1	465	503	820	861	3.3	27.3
HP1082	BSU35160	39.286	28	17	0	353	380	16	43	7.0	26.2
HP1082	BSU15780	36.364	44	27	1	340	383	142	184	1.6	28.1
HP1082	BSU23790	37.778	45	24	1	126	166	128	172	2.5	27.3
HP1082	BSU18970	54.545	22	10	0	366	387	61	82	4.2	26.9
HP1082	BSU14071	36.585	41	26	0	68	108	305	345	4.8	26.6
HP1082	BSU14490	28.125	96	59	4	339	431	49	137	4.8	26.6
HP1082	BSU10080	31.148	61	37	2	111	171	85	140	5.5	26.6
HP1082	BSU32370	54.545	22	9	1	509	529	158	179	9.6	25.8
HP1083	BSU31630	25.862	58	42	1	252	309	211	267	0.37	30.0
HP1083	BSU35490	32.203	59	30	3	275	326	47	102	4.4	26.2
HP1084	BSU15490	37.874	301	167	6	6	302	2	286	1.18e-65	205
HP1084	BSU11250	27.950	322	187	10	6	305	12	310	4.47e-22	91.3
HP1084	BSU13910	27.586	87	57	2	141	227	480	560	0.31	29.3
HP1084	BSU25820	44.000	25	14	0	162	186	54	78	1.4	26.9
HP1084	BSU36710	32.432	74	44	3	159	230	109	178	1.5	26.9
HP1084	BSU19310	31.818	44	29	1	162	204	239	282	1.7	26.9
HP1084	BSU24270	21.930	114	66	5	17	119	202	303	2.1	26.9
HP1084	BSU39630	30.233	43	28	1	8	48	435	477	2.5	26.6
HP1084	BSU13590	42.308	26	15	0	116	141	337	362	3.0	26.2
HP1084	BSU11340	26.506	83	48	2	52	123	121	201	3.1	26.2
HP1084	BSU38090	24.806	129	64	5	186	306	22	125	4.9	25.8
HP1084	BSU26670	42.857	35	20	0	180	214	46	80	5.5	25.4
HP1084	BSU12160	25.581	43	32	0	229	271	93	135	7.3	25.0
HP1084	BSU15390	43.750	16	9	0	182	197	118	133	8.8	24.3
HP1084	BSU21400	27.907	86	52	4	80	158	85	167	10.0	24.3
HP1085	BSU31410	27.660	47	34	0	120	166	10	56	3.6	24.3
HP1085	BSU07230	40.541	37	21	1	109	145	238	273	4.6	24.3
HP1085	BSU39860	28.750	80	39	3	53	123	200	270	5.6	24.3
HP1085	BSU39120	50.000	18	9	0	118	135	302	319	5.7	24.3
HP1085	BSU23810	35.294	34	20	1	134	167	454	485	8.8	23.5
HP1085	BSU27030	26.984	63	36	4	63	115	23	85	8.8	23.9
HP1086	BSU24260	34.855	241	144	6	2	232	7	244	2.33e-33	119
HP1086	BSU38360	39.535	43	26	0	76	118	220	262	0.004	34.7
HP1086	BSU15410	40.000	50	29	1	1	50	181	229	0.007	33.5
HP1086	BSU29660	34.043	47	31	0	2	48	93	139	0.020	32.0
HP1086	BSU36590	26.000	100	58	5	66	154	287	381	0.53	28.1
HP1086	BSU26970	38.298	47	27	2	76	120	178	224	3.0	25.8
HP1086	BSU27060	27.907	43	31	0	93	135	90	132	3.4	25.0
HP1086	BSU16240	33.333	54	35	1	77	129	330	383	3.5	25.4
HP1086	BSU06060	39.286	28	14	1	182	209	215	239	7.2	24.6
HP1086	BSU34680	37.037	27	17	0	122	148	85	111	9.0	24.3
HP1087	BSU16670	26.621	293	185	9	7	271	13	303	3.89e-23	93.6
HP1087	BSU29300	29.730	111	74	3	164	272	4	112	2.48e-04	38.1
HP1087	BSU33310	32.609	46	27	2	62	106	288	330	0.30	29.3
HP1087	BSU25160	42.857	21	12	0	76	96	172	192	0.92	27.7
HP1087	BSU38580	60.000	20	8	0	145	164	103	122	2.9	26.2
HP1087	BSU34500	32.353	34	22	1	73	106	11	43	5.8	24.3
HP1087	BSU08450	57.143	14	6	0	93	106	267	280	6.3	25.0
HP1087	BSU19370	23.729	59	40	3	126	182	226	281	6.5	25.0
HP1087	BSU38390	55.000	20	9	0	145	164	103	122	7.6	24.6
HP1087	BSU40950	28.750	80	39	5	142	209	14	87	7.7	24.6
HP1087	BSU34610	31.579	57	36	1	61	117	131	184	8.5	24.6
HP1088	BSU17890	46.235	664	318	15	12	640	7	666	0.0	557
HP1088	BSU24270	24.615	195	139	5	415	606	384	573	9.61e-08	51.6
HP1088	BSU24270	24.161	298	151	12	3	251	12	283	1.76e-05	44.7
HP1088	BSU08060	21.827	197	133	6	113	302	115	297	0.004	36.6
HP1088	BSU24050	25.547	137	79	7	117	242	118	242	0.008	35.4
HP1088	BSU08070	24.742	97	68	2	470	563	152	246	0.19	31.2
HP1088	BSU36180	25.316	79	55	2	291	368	2	77	0.79	28.5
HP1088	BSU38250	43.243	37	20	1	224	260	156	191	1.3	28.1
HP1088	BSU07250	26.582	79	46	2	249	315	734	812	1.5	28.5
HP1088	BSU09790	35.185	54	29	2	399	447	16	68	2.0	28.1
HP1088	BSU24730	28.916	83	49	4	109	184	133	212	2.4	27.7
HP1088	BSU14580	24.000	100	69	3	134	227	147	245	3.6	27.3
HP1088	BSU36380	33.929	56	32	1	392	447	112	162	6.0	26.6
HP1088	BSU03480	30.508	59	37	2	550	607	1731	1786	6.3	26.6
HP1089	BSU18090	23.944	71	54	0	370	440	463	533	2.2	28.5
HP1089	BSU12000	29.630	54	37	1	219	272	543	595	3.0	27.7
HP1089	BSU34770	55.000	20	9	0	22	41	160	179	4.2	27.3
HP1089	BSU07360	31.343	67	43	2	145	211	221	284	4.3	26.9
HP1089	BSU34550	23.762	101	58	4	264	346	70	169	7.4	26.2
HP1089	BSU10620	51.613	31	11	2	650	677	941	970	9.6	26.2
HP1090	BSU16800	44.444	468	251	3	391	852	312	776	1.28e-136	422
HP1090	BSU29805	45.690	464	241	4	393	852	487	943	6.87e-133	417
HP1090	BSU31875	32.143	280	164	11	506	764	639	913	2.17e-23	103
HP1090	BSU31875	21.466	191	133	5	544	733	1008	1182	2.70e-07	51.2
HP1090	BSU31875	24.779	113	74	4	512	619	1258	1364	1.2	29.6
HP1090	BSU04860	27.222	180	107	6	538	709	226	389	3.36e-07	50.4
HP1090	BSU00060	32.759	58	39	0	777	834	299	356	0.92	29.6
HP1090	BSU37690	32.857	70	37	2	39	103	57	121	1.3	28.9
HP1090	BSU28090	28.000	75	47	2	657	730	480	548	1.8	28.9
HP1090	BSU27080	30.508	59	19	1	541	599	140	176	1.9	28.9
HP1090	BSU04940	30.645	62	29	3	527	580	445	500	2.8	28.1
HP1090	BSU14140	27.027	74	52	2	408	479	70	143	2.9	27.7
HP1090	BSU09640	37.209	43	27	0	123	165	19	61	4.5	27.3
HP1090	BSU18790	21.101	109	53	3	728	814	67	164	6.0	26.6
HP1090	BSU16310	28.333	60	35	1	207	258	88	147	8.1	26.6
HP1090	BSU11370	32.927	82	41	4	496	572	5	77	8.5	26.2
HP1090	BSU16520	28.571	35	25	0	733	767	84	118	8.6	25.8
HP1090	BSU28900	30.435	69	35	2	19	86	137	193	9.8	25.8
HP1091	BSU35830	25.215	349	190	14	68	373	58	378	1.48e-13	68.9
HP1091	BSU08260	23.990	421	233	17	6	373	16	402	3.84e-10	58.2
HP1091	BSU17630	22.304	408	241	16	14	373	15	394	1.39e-09	56.6
HP1091	BSU39810	22.251	382	224	13	42	379	34	386	2.92e-09	55.5
HP1091	BSU06230	22.115	416	257	17	1	372	1	393	1.58e-08	53.1
HP1091	BSU40840	22.326	215	144	6	27	240	46	238	1.83e-06	46.6
HP1091	BSU02950	24.590	183	112	5	69	245	62	224	2.48e-04	39.7
HP1091	BSU40770	29.508	122	69	4	36	153	38	146	0.005	35.8
HP1091	BSU38340	36.207	58	35	1	262	317	31	88	0.007	35.0
HP1091	BSU37320	28.986	69	48	1	254	322	217	284	0.024	33.5
HP1091	BSU07910	26.950	141	68	6	182	315	165	277	0.059	32.3
HP1091	BSU07910	25.316	79	47	2	68	142	248	318	0.79	28.5
HP1091	BSU36450	26.298	289	168	18	21	302	19	269	0.063	32.0
HP1091	BSU09010	30.137	73	47	1	252	324	279	347	0.14	31.2
HP1091	BSU08400	37.255	51	24	1	74	124	69	111	0.17	30.8
HP1091	BSU27760	29.240	171	99	10	63	227	272	426	0.17	30.8
HP1091	BSU36480	37.143	70	30	3	74	143	65	120	0.45	29.3
HP1091	BSU05950	29.126	103	62	2	110	201	114	216	0.78	28.9
HP1091	BSU40660	29.464	112	65	3	38	149	39	136	1.1	28.1
HP1091	BSU31480	45.000	40	16	1	58	97	41	74	1.3	27.7
HP1091	BSU02480	21.538	195	116	7	113	283	113	294	1.4	27.7
HP1091	BSU07860	37.288	59	33	1	74	132	63	117	1.4	27.7
HP1091	BSU35210	28.421	95	48	5	40	130	32	110	1.5	27.7
HP1091	BSU03330	23.333	120	76	6	262	375	35	144	1.6	27.7
HP1091	BSU33960	18.490	384	258	12	76	421	83	449	2.3	27.3
HP1091	BSU05800	28.448	116	65	7	183	296	152	251	2.8	26.9
HP1091	BSU23730	24.306	144	100	5	237	378	8	144	3.6	26.6
HP1091	BSU39710	32.432	74	42	2	68	141	64	129	4.2	26.2
HP1091	BSU00080	30.357	56	33	1	324	373	47	102	5.7	25.8
HP1091	BSU06160	52.381	21	10	0	46	66	244	264	8.3	25.4
HP1091	BSU08380	33.333	36	24	0	273	308	44	79	9.3	25.0
HP1092	BSU16290	31.365	271	158	11	6	263	6	261	4.42e-26	100
HP1092	BSU36390	29.845	258	149	11	18	257	18	261	1.70e-16	74.3
HP1092	BSU36400	25.714	280	173	8	1	261	1	264	2.55e-15	70.9
HP1092	BSU26100	27.174	92	58	2	37	127	14	97	0.025	31.6
HP1092	BSU35410	42.424	33	19	0	4	36	7	39	0.78	27.7
HP1092	BSU32250	45.714	35	18	1	47	80	5	39	0.95	27.3
HP1092	BSU16190	25.758	66	43	3	8	73	10	69	1.6	26.2
HP1092	BSU11330	34.286	35	21	1	45	77	241	275	1.7	26.6
HP1092	BSU36480	28.000	125	69	6	123	243	294	401	3.7	25.8
HP1092	BSU13850	30.137	73	38	3	12	83	428	488	3.9	25.8
HP1092	BSU21070	32.692	52	30	1	45	91	257	308	5.2	25.0
HP1092	BSU37000	29.412	51	36	0	192	242	158	208	5.4	25.0
HP1092	BSU05110	27.027	37	27	0	29	65	104	140	6.5	24.6
HP1092	BSU01660	52.632	19	9	0	139	157	37	55	6.8	25.0
HP1092	BSU35750	30.357	56	37	2	57	110	1	56	7.0	24.6
HP1092	BSU10820	25.455	55	41	0	154	208	133	187	7.1	24.6
HP1092	BSU18960	31.034	58	36	2	207	264	58	111	7.3	23.9
HP1092	BSU01950	31.111	45	21	1	83	127	179	213	9.4	24.3
HP1094	BSU20500	36.842	38	21	1	33	67	82	119	0.20	27.3
HP1094	BSU00090	29.825	57	25	1	4	45	159	215	1.7	24.6
HP1094	BSU37560	25.581	43	28	1	63	101	295	337	1.8	24.6
HP1094	BSU37810	20.833	72	55	1	2	71	34	105	3.4	23.5
HP1094	BSU03020	35.897	39	21	1	74	112	343	377	3.7	23.9
HP1094	BSU13789	36.364	33	20	1	20	52	34	65	5.4	22.3
HP1094	BSU31230	27.083	48	24	1	63	99	13	60	6.2	23.1
HP1094	BSU01800	36.111	36	18	1	27	62	13	43	9.6	22.3
HP1094	BSU37900	22.388	67	50	1	45	111	394	458	9.7	22.3
HP1095	BSU15710	37.500	32	14	1	321	352	537	562	0.52	29.3
HP1095	BSU17200	25.806	124	77	2	290	413	3571	3679	1.7	27.7
HP1095	BSU27110	47.619	21	11	0	244	264	169	189	5.4	25.8
HP1095	BSU11610	30.952	42	22	1	46	80	92	133	6.7	25.4
HP1095	BSU31860	24.576	118	76	5	268	377	661	773	8.4	25.4
HP1096	BSU03700	33.333	48	31	1	36	82	30	77	2.1	25.0
HP1096	BSU15740	72.727	11	3	0	122	132	433	443	3.7	24.3
HP1096	BSU13200	33.333	54	34	1	13	66	179	230	5.3	23.9
HP1096	BSU39470	33.333	36	24	0	45	80	47	82	5.4	23.9
HP1096	BSU09290	33.333	24	16	0	48	71	374	397	6.4	23.9
HP1096	BSU04670	34.286	35	23	0	13	47	164	198	7.8	23.5
HP1098	BSU27490	31.034	145	79	5	152	281	5	143	2.36e-07	47.4
HP1098	BSU37850	32.000	50	33	1	178	226	167	216	1.5	26.9
HP1098	BSU34810	35.088	57	34	3	27	80	19	75	1.8	26.9
HP1098	BSU05840	29.091	55	30	1	83	128	100	154	4.4	25.4
HP1098	BSU33810	33.846	65	23	3	25	69	104	168	5.2	25.4
HP1098	BSU23910	24.658	73	40	2	215	274	291	361	8.1	24.6
HP1098	BSU36690	32.500	40	27	0	26	65	257	296	8.7	24.6
HP1099	BSU22100	33.721	172	111	3	1	171	1	170	1.01e-27	100
HP1099	BSU16550	47.368	38	18	1	86	123	124	159	0.002	35.0
HP1099	BSU33980	29.762	84	49	3	2	76	7	89	0.11	30.0
HP1099	BSU14860	35.897	39	25	0	85	123	112	150	0.21	29.3
HP1099	BSU37640	25.490	102	65	4	93	191	103	196	3.2	25.4
HP1099	BSU14390	32.759	58	29	3	20	69	193	248	3.4	25.0
HP1099	BSU34790	50.000	20	10	0	84	103	55	74	5.7	24.6
HP1099	BSU14500	40.741	27	16	0	74	100	244	270	7.5	24.3
HP1099	BSU04040	33.333	51	19	2	54	95	10	54	7.6	23.9
HP1099	BSU23300	34.000	50	27	2	104	149	31	78	9.9	23.1
HP1100	BSU21870	31.407	519	307	13	68	565	37	527	9.44e-64	216
HP1100	BSU03982	23.214	56	43	0	418	473	84	139	0.58	28.9
HP1100	BSU17200	22.826	92	55	3	28	113	476	557	3.5	27.3
HP1100	BSU21020	40.000	30	18	0	69	98	79	108	3.5	25.8
HP1100	BSU29249	50.000	22	11	0	78	99	21	42	4.0	24.6
HP1100	BSU40190	26.027	73	39	2	410	467	540	612	7.3	26.2
HP1101	BSU23850	34.267	464	254	13	6	418	11	474	2.04e-80	253
HP1101	BSU10940	33.333	54	32	1	114	163	124	177	0.23	30.0
HP1101	BSU29100	34.000	50	31	1	378	425	357	406	1.1	28.1
HP1101	BSU16930	29.545	88	47	4	70	156	35	108	4.6	26.2
HP1101	BSU27360	29.688	64	40	1	321	384	89	147	5.5	25.8
HP1101	BSU06700	45.000	20	11	0	256	275	76	95	8.0	25.4
HP1101	BSU05840	23.611	72	44	3	328	395	360	424	8.3	25.4
HP1101	BSU18180	38.235	34	21	0	315	348	60	93	8.7	25.0
HP1102	BSU35020	28.000	100	61	4	127	215	128	227	0.043	31.2
HP1102	BSU05190	37.778	45	27	1	39	83	334	377	0.69	27.7
HP1102	BSU27860	27.869	61	42	1	33	91	85	145	1.7	26.2
HP1102	BSU18310	40.741	27	16	0	95	121	666	692	2.2	26.2
HP1102	BSU16770	28.571	91	53	3	120	198	118	208	3.4	25.4
HP1102	BSU04290	42.105	19	11	0	137	155	416	434	9.4	24.3
HP1102	BSU33500	45.455	22	12	0	126	147	245	266	9.6	24.3
HP1103	BSU21120	41.176	34	17	1	232	262	351	384	1.7	27.3
HP1103	BSU27160	23.188	69	50	2	240	308	811	876	3.6	26.2
HP1103	BSU04080	29.167	48	32	1	216	263	116	161	3.7	25.8
HP1103	BSU00470	34.211	76	43	3	150	222	50	121	4.1	25.8
HP1103	BSU17200	31.429	35	24	0	34	68	4194	4228	4.5	26.2
HP1104	BSU27010	45.245	347	179	6	4	344	6	347	4.61e-106	311
HP1104	BSU06150	29.365	252	152	7	31	267	34	274	3.29e-16	75.5
HP1104	BSU12330	29.121	182	118	4	31	212	27	197	1.10e-12	65.1
HP1104	BSU18430	24.776	335	199	14	20	334	18	319	2.56e-11	60.8
HP1104	BSU40250	29.851	201	123	8	32	220	51	245	9.77e-11	59.3
HP1104	BSU26970	28.492	179	120	3	31	202	27	204	1.75e-07	49.3
HP1104	BSU16990	29.730	111	72	5	9	114	8	117	1.46e-06	46.2
HP1104	BSU16730	34.783	69	44	1	177	244	154	222	1.10e-04	40.0
HP1104	BSU06240	24.651	215	134	6	29	231	24	222	0.34	29.3
HP1104	BSU30320	24.299	107	66	3	184	288	77	170	0.52	28.9
HP1104	BSU38600	36.667	30	19	0	219	248	438	467	1.3	27.7
HP1104	BSU22080	33.333	33	22	0	29	61	153	185	3.0	26.6
HP1104	BSU28970	23.664	131	79	5	156	272	45	168	3.1	26.2
HP1104	BSU16670	34.000	50	28	2	274	322	23	68	4.4	25.8
HP1104	BSU11382	25.000	60	36	1	8	58	7	66	4.8	25.8
HP1104	BSU15700	30.952	42	29	0	282	323	312	353	5.3	25.8
HP1104	BSU13390	22.857	70	52	1	127	194	194	263	5.7	25.4
HP1104	BSU23070	40.000	30	18	0	177	206	138	167	6.3	25.4
HP1104	BSU38540	28.814	59	39	2	173	231	2	57	7.7	25.0
HP1104	BSU37120	25.410	122	61	6	128	233	56	163	7.7	25.0
HP1104	BSU08790	35.556	45	25	1	282	326	197	237	8.6	25.0
HP1105	BSU38430	44.444	27	12	1	236	262	233	256	1.3	27.7
HP1105	BSU22360	25.581	86	54	2	63	139	263	347	3.5	26.6
HP1105	BSU14490	20.721	111	74	4	175	271	78	188	4.3	26.2
HP1106	BSU04070	21.296	108	71	3	268	361	83	190	2.2	26.9
HP1106	BSU17220	32.432	37	25	0	95	131	2245	2281	3.1	26.9
HP1106	BSU28090	45.000	20	11	0	134	153	266	285	5.1	26.2
HP1106	BSU27030	25.000	52	37	1	332	381	262	313	5.3	26.2
HP1106	BSU26030	53.846	13	6	0	154	166	901	913	10.0	25.4
HP1107	BSU10020	26.923	52	38	0	167	218	138	189	0.31	28.5
HP1107	BSU35880	31.395	86	53	2	2	82	125	209	1.9	26.2
HP1107	BSU15230	40.000	45	23	1	124	164	113	157	4.4	25.0
HP1107	BSU03170	24.242	33	25	0	52	84	234	266	4.9	25.0
HP1107	BSU25720	36.667	30	18	1	178	207	121	149	8.6	23.9
HP1108	BSU25610	31.250	48	27	1	63	104	125	172	0.13	29.3
HP1108	BSU40620	28.571	49	28	1	64	105	144	192	1.6	25.8
HP1108	BSU04960	29.688	64	36	2	52	115	725	779	1.7	26.2
HP1108	BSU38090	44.828	29	12	1	35	63	357	381	2.2	25.8
HP1108	BSU31040	26.866	67	42	3	101	162	50	114	2.5	25.0
HP1108	BSU22320	28.947	38	26	1	143	180	128	164	3.2	25.4
HP1108	BSU34560	26.316	38	28	0	68	105	37	74	3.5	25.0
HP1108	BSU26450	28.571	42	28	1	25	66	137	176	4.6	24.3
HP1108	BSU29340	30.612	49	30	1	68	112	207	255	5.1	24.3
HP1108	BSU31750	30.952	42	25	1	94	135	208	245	5.8	24.3
HP1108	BSU04570	35.088	57	33	2	120	172	330	386	9.9	23.5
HP1109	BSU37270	36.957	46	26	2	57	99	180	225	0.17	28.1
HP1109	BSU28430	48.000	25	12	1	84	107	151	175	0.29	27.3
HP1109	BSU27220	52.632	19	9	0	83	101	191	209	0.95	25.8
HP1109	BSU27220	25.581	43	26	2	46	83	185	226	7.5	23.1
HP1109	BSU28690	44.000	25	14	0	86	110	76	100	1.1	25.8
HP1109	BSU28690	39.286	28	15	1	87	114	25	50	4.7	23.9
HP1109	BSU05400	21.739	46	36	0	67	112	24	69	1.9	24.6
HP1109	BSU08910	23.529	102	57	4	33	114	163	263	2.0	25.0
HP1109	BSU30980	21.429	98	64	2	25	109	159	256	2.7	24.6
HP1109	BSU24550	69.231	13	4	0	100	112	217	229	2.8	24.6
HP1109	BSU01820	52.632	19	9	0	7	25	158	176	3.5	23.9
HP1109	BSU37180	37.500	24	13	1	76	99	267	288	7.1	23.5
HP1109	BSU34040	46.154	13	7	0	87	99	312	324	8.5	23.1
HP1109	BSU12160	38.710	31	15	1	83	113	186	212	8.6	23.1
HP1110	BSU08070	29.231	65	46	0	266	330	213	277	8.99e-04	37.7
HP1110	BSU24270	24.545	110	77	2	272	381	506	609	0.031	33.1
HP1110	BSU18350	33.929	56	24	2	122	164	153	208	0.24	30.4
HP1110	BSU05780	28.667	150	79	8	112	247	107	242	0.44	29.3
HP1110	BSU08300	23.958	192	115	6	193	373	39	210	3.0	26.6
HP1110	BSU04640	30.263	76	44	2	240	306	17	92	5.2	25.8
HP1110	BSU02030	42.857	21	12	0	158	178	143	163	5.9	25.4
HP1110	BSU17730	23.529	119	74	4	203	314	6	114	6.0	25.0
HP1110	BSU32720	24.561	57	42	1	344	399	5	61	6.4	24.6
HP1110	BSU15520	26.316	114	76	2	280	393	637	742	7.4	25.8
HP1110	BSU14050	27.451	51	37	0	239	289	48	98	8.5	25.0
HP1110	BSU23620	31.373	51	31	1	23	69	186	236	8.6	25.0
HP1111	BSU11820	35.000	40	20	2	22	57	32	69	0.43	29.3
HP1111	BSU11440	29.231	65	32	2	190	240	118	182	0.96	27.7
HP1111	BSU36470	30.000	60	40	1	157	216	278	335	1.1	27.7
HP1111	BSU03460	43.333	30	17	0	153	182	82	111	1.2	26.9
HP1111	BSU13690	35.714	42	26	1	269	310	52	92	3.3	25.8
HP1111	BSU07490	20.455	88	62	2	225	305	120	206	3.6	25.8
HP1111	BSU21060	42.105	19	11	0	253	271	42	60	4.1	23.9
HP1111	BSU03480	27.778	54	39	0	76	129	690	743	4.8	25.8
HP1111	BSU27190	39.286	28	17	0	274	301	10	37	5.4	23.1
HP1111	BSU05570	29.545	44	31	0	62	105	2	45	6.5	23.9
HP1111	BSU39920	36.585	41	23	1	257	294	521	561	8.1	25.0
HP1111	BSU18240	25.287	87	63	2	29	115	114	198	8.5	25.0
HP1111	BSU29900	30.769	52	30	3	91	138	20	69	8.8	24.6
HP1111	BSU33070	30.612	49	26	2	44	92	170	210	8.9	24.6
HP1112	BSU06440	49.087	438	213	2	1	438	1	428	1.73e-152	436
HP1112	BSU33040	26.699	206	133	8	93	284	137	338	1.66e-06	47.0
HP1112	BSU29440	22.039	304	203	12	88	375	103	388	7.99e-05	41.6
HP1112	BSU23570	21.939	196	136	5	93	275	143	334	1.02e-04	41.2
HP1112	BSU32910	29.487	78	43	3	340	405	2	79	2.5	25.8
HP1112	BSU02860	35.556	45	23	2	11	49	103	147	2.7	26.6
HP1112	BSU02200	26.027	73	51	1	91	160	118	190	3.8	26.6
HP1112	BSU05190	32.609	46	25	2	162	202	156	200	5.4	26.2
HP1112	BSU22460	22.581	62	46	1	87	146	137	198	5.9	25.8
HP1112	BSU08840	34.000	50	27	2	392	438	262	308	8.7	25.4
HP1113	BSU31050	38.182	55	33	1	164	218	49	102	0.60	28.1
HP1113	BSU20540	31.034	29	20	0	72	100	17	45	0.93	26.6
HP1113	BSU22400	44.000	25	14	0	123	147	294	318	1.5	26.9
HP1113	BSU13390	24.000	50	38	0	9	58	148	197	2.4	26.2
HP1113	BSU27760	41.379	29	17	0	207	235	235	263	3.7	25.8
HP1113	BSU09300	25.610	82	50	2	20	101	212	282	3.9	25.8
HP1113	BSU40130	33.333	36	18	2	92	121	161	196	6.8	24.6
HP1113	BSU11710	36.000	25	16	0	16	40	83	107	8.6	24.3
HP1113	BSU03150	28.261	46	25	1	62	99	133	178	10.0	23.9
HP1114	BSU35170	52.736	658	302	3	4	656	5	658	0.0	707
HP1114	BSU00550	25.974	308	201	7	25	327	15	300	6.19e-18	85.1
HP1114	BSU00550	29.730	74	48	1	474	547	860	929	1.59e-04	41.6
HP1114	BSU15710	29.464	112	63	5	455	554	563	670	5.99e-05	42.7
HP1114	BSU15710	30.120	83	52	3	3	80	259	340	0.007	36.2
HP1114	BSU35470	23.737	198	125	8	387	566	256	445	4.13e-04	40.0
HP1114	BSU15870	23.457	81	56	2	467	547	498	572	5.70e-04	39.7
HP1114	BSU15870	24.242	66	49	1	456	520	317	382	0.28	30.8
HP1114	BSU25140	25.874	143	91	4	388	520	180	317	0.001	38.9
HP1114	BSU07430	29.126	103	62	4	461	562	258	350	0.001	38.5
HP1114	BSU04580	22.689	119	86	2	457	574	250	363	0.004	36.6
HP1114	BSU06770	29.333	75	40	3	483	551	310	377	0.007	36.2
HP1114	BSU28490	48.485	33	17	0	625	657	198	230	0.008	35.8
HP1114	BSU39110	22.222	144	100	4	443	579	235	373	0.27	30.8
HP1114	BSU03480	31.429	70	45	2	239	307	3148	3215	0.40	30.8
HP1114	BSU29210	40.000	40	23	1	616	655	31	69	0.59	29.6
HP1114	BSU23020	22.667	150	102	5	457	603	237	375	1.4	28.5
HP1114	BSU21210	25.510	98	56	3	14	100	129	220	2.3	27.7
HP1114	BSU22220	22.363	237	146	9	327	546	172	387	4.6	26.9
HP1114	BSU16400	45.833	24	13	0	30	53	174	197	4.7	26.9
HP1114	BSU24730	29.825	57	34	1	1	57	113	163	4.8	26.9
HP1114	BSU21230	31.429	35	24	0	324	358	9	43	4.9	25.0
HP1114	BSU28800	31.250	32	22	0	197	228	161	192	5.1	26.9
HP1114	BSU22400	25.333	75	52	2	451	523	759	831	5.4	26.9
HP1114	BSU14330	68.421	19	5	1	36	54	394	411	8.6	26.2
HP1115	BSU26180	33.333	120	59	7	9	120	377	483	0.58	28.1
HP1115	BSU33740	34.694	49	21	1	18	66	135	172	2.2	25.8
HP1115	BSU17140	31.250	48	31	1	47	92	340	387	2.5	25.8
HP1115	BSU18310	28.261	46	33	0	1	46	429	474	3.5	25.8
HP1115	BSU36410	45.455	22	12	0	22	43	74	95	7.8	24.3
HP1115	BSU29090	36.000	25	16	0	73	97	495	519	8.2	24.3
HP1115	BSU25850	40.741	27	16	0	168	194	6	32	8.3	22.3
HP1115	BSU12960	35.294	34	22	0	3	36	389	422	8.7	24.3
HP1115	BSU17220	50.000	26	13	0	103	128	487	512	9.0	24.3
HP1115	BSU30360	35.135	37	24	0	112	148	144	180	9.1	23.9
HP1115	BSU04910	27.869	61	44	0	34	94	292	352	9.3	24.3
HP1115	BSU19090	37.931	29	18	0	11	39	24	52	9.3	23.9
HP1116	BSU12410	26.667	120	73	4	244	359	27	135	2.3	27.7
HP1116	BSU15520	40.741	27	16	0	404	430	168	194	3.7	28.1
HP1116	BSU33120	35.294	34	19	1	608	641	5	35	3.9	27.3
HP1116	BSU28440	38.235	34	21	0	72	105	171	204	5.4	27.3
HP1116	BSU19370	26.562	64	46	1	762	824	328	391	9.9	26.6
HP_RS07960	BSU06038	36.364	33	21	0	34	66	51	83	0.020	28.1
HP_RS07960	BSU34620	28.947	38	27	0	18	55	290	327	5.4	21.9
HP_RS07960	BSU35700	70.000	10	3	0	32	41	301	310	6.2	21.6
HP_RS07960	BSU06660	50.000	18	9	0	49	66	319	336	8.0	21.6
HP_RS07960	BSU36510	50.000	24	11	1	8	30	114	137	8.9	21.2
HP1117	BSU06350	25.532	47	35	0	110	156	460	506	0.081	30.8
HP1117	BSU00330	50.000	22	11	0	90	111	72	93	0.67	26.9
HP1117	BSU12010	24.603	126	80	4	77	191	81	202	2.3	26.2
HP1117	BSU18040	32.609	46	29	1	125	168	9	54	2.7	25.0
HP1117	BSU15510	46.667	30	15	1	69	98	213	241	2.9	25.8
HP1117	BSU21280	30.159	63	39	3	63	123	70	129	3.2	25.4
HP1117	BSU21400	30.882	68	34	3	133	187	100	167	4.1	25.4
HP1117	BSU04380	31.429	35	24	0	63	97	26	60	6.2	24.3
HP1117	BSU40740	31.915	47	27	2	58	101	15	59	7.6	24.3
HP1117	BSU12990	41.667	36	18	1	97	132	215	247	7.7	24.6
HP1117	BSU40300	52.174	23	11	0	34	56	229	251	7.8	24.6
HP1117	BSU00130	31.944	72	39	4	97	162	195	262	9.1	24.3
HP1118	BSU18410	40.511	548	285	12	23	548	32	560	2.87e-125	377
HP1118	BSU36100	30.037	536	336	13	39	564	11	517	1.88e-69	230
HP1118	BSU17100	30.000	50	32	1	161	207	216	265	0.84	28.9
HP1118	BSU36900	35.556	45	27	1	118	160	107	151	1.7	28.1
HP1118	BSU01370	27.536	69	35	3	87	141	24	91	2.4	27.3
HP1118	BSU11180	31.250	32	22	0	367	398	40	71	2.7	26.9
HP1118	BSU06710	43.478	23	13	0	509	531	862	884	5.8	26.6
HP1118	BSU38040	45.161	31	14	1	409	439	204	231	7.3	26.2
HP1118	BSU17210	25.000	100	67	5	101	197	3565	3659	8.8	26.2
HP1119	BSU35410	30.417	240	149	3	8	231	8	245	3.70e-24	103
HP1119	BSU35410	29.630	81	57	0	522	602	419	499	5.56e-08	52.4
HP1119	BSU16290	30.000	80	43	3	4	70	1	80	0.053	32.7
HP1119	BSU16290	30.612	49	34	0	558	606	216	264	0.12	31.6
HP1119	BSU36390	29.167	48	34	0	558	605	222	269	0.069	32.3
HP1119	BSU27410	30.108	93	50	3	132	213	711	799	1.1	28.9
HP1119	BSU07840	40.741	27	16	0	503	529	727	753	2.1	28.1
HP1119	BSU39230	36.170	47	28	1	367	411	722	768	2.4	28.1
HP1119	BSU39230	30.769	39	27	0	347	385	1649	1687	9.8	25.8
HP1119	BSU39670	32.727	55	36	1	552	605	7	61	3.0	27.3
HP1119	BSU01080	38.710	31	19	0	142	172	377	407	3.1	27.7
HP1119	BSU39580	27.143	70	41	3	133	192	39	108	4.2	25.8
HP1119	BSU34810	26.667	90	58	2	267	348	215	304	5.0	26.6
HP1119	BSU06210	55.000	20	9	0	308	327	124	143	5.1	26.6
HP1119	BSU07610	28.889	45	25	1	374	411	361	405	7.0	26.2
HP1119	BSU35290	31.343	67	34	2	114	180	62	116	7.1	26.2
HP1120	BSU35150	31.250	64	33	1	7	70	100	152	0.91	25.8
HP1120	BSU03570	32.911	79	41	4	38	104	86	164	1.0	25.8
HP1120	BSU31490	20.213	94	71	2	12	101	31	124	1.2	25.8
HP1120	BSU29790	23.729	59	41	1	39	93	301	359	2.3	25.0
HP1120	BSU36850	29.630	81	50	3	13	92	95	169	2.6	24.6
HP1120	BSU35360	31.250	64	33	1	7	70	244	296	3.8	24.3
HP1120	BSU24130	39.394	33	19	1	64	95	435	467	4.1	24.3
HP1120	BSU39230	30.612	49	31	2	83	130	135	181	4.7	24.3
HP1120	BSU29650	30.769	52	30	2	71	120	96	143	4.7	24.3
HP1120	BSU20180	58.824	17	7	0	9	25	30	46	4.9	22.7
HP1120	BSU03790	30.303	66	36	4	16	81	236	291	5.7	23.9
HP1120	BSU35120	33.871	62	35	1	19	74	274	335	7.0	23.5
HP1120	BSU17640	26.000	50	37	0	70	119	176	225	8.6	23.1
HP1121	BSU20250	31.776	214	109	3	1	177	1	214	1.13e-27	108
HP1121	BSU06070	27.607	163	112	2	4	162	1	161	7.59e-15	71.2
HP1121	BSU06060	27.072	181	107	6	4	161	84	262	5.99e-10	56.6
HP1121	BSU25450	28.571	28	19	1	51	77	46	73	2.1	26.6
HP1121	BSU03510	33.333	54	35	1	190	242	645	698	2.1	26.9
HP1121	BSU09250	75.000	16	4	0	54	69	186	201	4.0	25.8
HP1121	BSU19240	29.167	48	34	0	91	138	51	98	4.2	25.4
HP1121	BSU02930	33.333	42	26	1	268	309	348	387	4.4	25.8
HP1121	BSU04810	37.931	29	18	0	272	300	127	155	5.0	25.0
HP1121	BSU33610	28.736	87	46	3	89	159	306	392	6.7	25.4
HP1121	BSU39730	30.000	30	21	0	52	81	445	474	8.3	25.0
HP1121	BSU21640	34.483	29	19	0	257	285	10	38	8.5	24.3
HP1121	BSU27330	27.632	76	50	3	164	236	51	124	8.6	24.6
HP1121	BSU36300	29.412	51	36	0	212	262	16	66	9.6	24.6
HP1122	BSU06300	23.333	30	23	0	34	63	14	43	0.42	25.0
HP1122	BSU08260	27.119	59	41	1	8	66	211	267	1.1	23.9
HP1122	BSU04870	32.258	31	21	0	10	40	208	238	1.8	23.1
HP1122	BSU13290	24.242	33	25	0	30	62	6	38	3.7	21.6
HP1122	BSU35430	30.769	26	18	0	34	59	56	81	5.5	21.6
HP1122	BSU23020	25.455	55	41	0	11	65	192	246	8.7	21.2
HP1122	BSU35160	58.824	17	7	0	35	51	610	626	9.0	21.2
HP1122a	BSU06710	47.826	23	12	0	42	64	760	782	0.073	27.3
HP1122a	BSU20520	34.146	41	23	1	8	48	10	46	0.25	24.6
HP1122a	BSU18680	37.500	24	15	0	4	27	5	28	0.26	25.4
HP1122a	BSU12390	29.032	31	22	0	33	63	355	385	0.59	24.6
HP1122a	BSU07820	45.455	33	12	2	38	64	83	115	1.0	23.9
HP1122a	BSU10520	36.842	19	12	0	5	23	151	169	1.1	23.9
HP1122a	BSU37630	26.087	46	34	0	5	50	59	104	1.1	23.9
HP1122a	BSU33170	25.926	27	20	0	8	34	198	224	1.8	23.1
HP1122a	BSU18090	53.333	15	7	0	44	58	148	162	2.7	22.7
HP1122a	BSU39930	33.962	53	30	2	11	63	81	128	3.5	22.3
HP1122a	BSU34600	33.333	33	22	0	23	55	86	118	3.7	22.3
HP1122a	BSU23970	30.000	30	21	0	8	37	185	214	4.0	22.3
HP1122a	BSU19350	38.095	42	20	2	11	49	29	67	4.8	21.9
HP1122a	BSU38340	26.316	38	28	0	3	40	338	375	8.7	21.2
HP1122a	BSU39760	32.000	25	17	0	26	50	444	468	9.3	21.2
HP1122a	BSU12360	42.857	21	12	0	7	27	216	236	9.3	21.2
HP1122a	BSU02240	40.909	22	13	0	38	59	27	48	9.5	21.2
HP1122a	BSU02510	46.667	15	8	0	37	51	369	383	9.5	21.2
HP1123	BSU07210	37.838	37	21	1	24	58	281	317	1.1	26.6
HP1123	BSU12600	31.111	45	29	1	21	65	97	139	1.1	26.2
HP1123	BSU25060	27.397	73	51	1	69	141	27	97	2.3	24.6
HP1123	BSU22660	41.667	24	14	0	95	118	147	170	4.4	24.6
HP1123	BSU09165	37.209	43	21	2	7	49	57	93	5.8	24.3
HP1123	BSU16220	35.294	34	20	1	93	124	233	266	6.5	24.3
HP1123	BSU25260	23.077	65	50	0	17	81	203	267	9.0	23.9
HP1124	BSU29240	27.273	55	40	0	78	132	20	74	0.84	27.3
HP1124	BSU06830	40.741	27	16	0	240	266	99	125	4.4	25.8
HP1124	BSU26030	25.806	62	46	0	107	168	1228	1289	6.4	25.4
HP1124	BSU17190	41.379	29	17	0	160	188	2364	2392	7.8	25.4
HP1124	BSU23480	42.424	33	19	0	1	33	1	33	8.1	25.0
HP1124	BSU07250	23.944	142	83	5	124	248	190	323	8.3	25.0
HP1124	BSU22590	30.769	26	18	0	242	267	137	162	8.8	25.0
HP1125	BSU13680	29.825	114	74	4	71	178	138	251	3.54e-05	39.7
HP1125	BSU29720	32.927	82	48	3	103	179	157	236	0.036	30.8
HP1125	BSU05220	32.075	53	36	0	10	62	14	66	0.13	28.9
HP1125	BSU33380	61.905	21	7	1	1	20	2	22	0.21	28.5
HP1125	BSU07100	26.923	52	35	2	3	53	6	55	0.25	28.5
HP1125	BSU25830	26.000	50	36	1	1	49	210	259	0.31	28.1
HP1125	BSU19210	26.866	67	43	2	6	69	104	167	0.70	26.9
HP1125	BSU25130	31.579	38	24	1	119	154	199	236	0.74	26.9
HP1125	BSU05730	28.169	71	46	3	1	70	1	67	0.94	26.6
HP1125	BSU02850	34.884	43	24	1	2	44	4	42	3.0	25.0
HP1125	BSU03380	47.619	21	10	1	3	22	8	28	3.5	25.0
HP1125	BSU21040	27.559	127	61	5	58	166	339	452	3.5	25.0
HP1125	BSU28070	38.462	26	13	1	54	79	214	236	5.6	24.3
HP1125	BSU34850	27.273	66	41	2	7	67	9	72	5.6	24.3
HP1125	BSU28630	39.394	33	13	1	78	110	275	300	5.6	24.3
HP1125	BSU08790	39.286	28	17	0	84	111	365	392	5.9	24.3
HP1125	BSU35900	31.818	66	34	3	88	142	170	235	7.3	23.9
HP1125	BSU29550	33.333	30	20	0	85	114	309	338	7.4	23.9
HP1125	BSU13360	25.000	40	30	0	72	111	11	50	8.7	23.5
HP1125	BSU10330	46.154	26	14	0	90	115	174	199	9.4	23.5
HP1126	BSU02660	30.435	46	32	0	251	296	130	175	1.7	27.3
HP1126	BSU39740	26.364	110	64	4	150	258	32	125	2.5	26.9
HP1126	BSU22850	34.043	47	26	1	277	318	151	197	3.2	26.6
HP1126	BSU21820	27.451	51	37	0	294	344	39	89	3.2	26.6
HP1126	BSU04250	40.541	37	19	1	27	63	85	118	4.7	25.4
HP1126	BSU28590	23.762	101	71	2	14	114	197	291	4.8	26.2
HP1126	BSU25820	35.088	57	35	2	237	293	6	60	6.1	25.4
HP1126	BSU15410	32.353	34	23	0	148	181	66	99	8.7	25.0
HP1127	BSU27160	31.818	44	30	0	8	51	271	314	0.60	28.5
HP1127	BSU07250	33.333	42	28	0	10	51	273	314	1.4	27.3
HP1127	BSU13660	38.636	44	20	2	1	37	246	289	4.7	25.4
HP1127	BSU07710	42.857	21	12	0	3	23	69	89	6.6	25.0
HP1129	BSU32600	29.310	58	39	1	76	131	135	192	0.97	25.8
HP1129	BSU34440	30.000	60	35	2	25	77	159	218	1.1	25.8
HP1129	BSU27350	29.032	62	43	1	11	72	3	63	1.2	25.4
HP1129	BSU34230	41.667	24	14	0	39	62	347	370	1.5	25.4
HP1129	BSU15480	37.143	35	22	0	11	45	271	305	2.3	24.6
HP1129	BSU11350	43.333	30	17	0	31	60	88	117	2.6	24.6
HP1129	BSU26180	27.119	59	38	2	56	109	171	229	3.6	24.3
HP1129	BSU05260	24.074	54	29	1	57	98	137	190	6.0	23.5
HP1129	BSU11930	52.941	17	8	0	33	49	39	55	6.4	23.1
HP1129	BSU35820	23.288	73	56	0	11	83	255	327	8.3	23.1
HP1129	BSU23690	29.032	31	20	1	105	133	80	110	8.6	22.7
HP1129	BSU16690	27.586	29	21	0	46	74	572	600	9.5	23.1
HP1130	BSU21660	29.070	86	57	2	33	115	440	524	0.29	28.5
HP1130	BSU17180	26.042	96	50	4	44	137	2923	2999	1.8	26.2
HP1130	BSU20350	47.826	23	12	0	72	94	214	236	4.2	25.0
HP1130	BSU21220	38.462	26	16	0	78	103	82	107	4.6	24.6
HP1130	BSU13300	30.612	49	32	1	44	92	68	114	4.6	24.6
HP1130	BSU28110	41.667	36	19	1	40	75	372	405	7.0	24.3
HP1131	BSU36800	30.000	110	76	1	1	109	1	110	1.68e-13	59.7
HP1131	BSU11710	32.143	28	19	0	59	86	170	197	1.5	25.0
HP1131	BSU16690	37.838	37	20	1	69	105	582	615	1.9	25.0
HP1131	BSU39820	24.528	53	40	0	70	122	311	363	3.6	24.3
HP1131	BSU12680	37.209	43	20	1	64	106	654	689	3.9	23.9
HP1131	BSU28590	41.667	24	14	0	56	79	441	464	4.5	23.9
HP1131	BSU36280	41.667	24	14	0	96	119	369	392	6.0	23.5
HP1131	BSU10790	35.484	31	19	1	86	116	229	258	7.6	23.1
HP1131	BSU12970	42.857	14	8	0	58	71	106	119	7.7	23.1
HP1131	BSU18830	35.000	40	21	1	8	42	743	782	9.7	22.7
HP1132	BSU36810	64.668	467	160	3	2	463	3	469	0.0	607
HP1132	BSU16240	30.938	320	198	8	70	380	83	388	8.97e-41	148
HP1132	BSU36830	27.941	340	236	6	71	406	88	422	7.66e-30	118
HP1132	BSU37080	22.047	254	169	10	134	376	159	394	0.002	37.0
HP1132	BSU07420	31.148	61	31	2	117	166	311	371	0.24	30.4
HP1132	BSU14490	26.316	76	55	1	222	297	44	118	0.27	30.4
HP1132	BSU16950	36.111	72	40	3	387	457	73	139	0.65	28.9
HP1132	BSU28980	35.088	57	33	2	135	188	148	203	0.74	28.9
HP1132	BSU30450	38.462	39	23	1	144	182	26	63	0.97	28.5
HP1132	BSU33060	28.302	53	38	0	107	159	250	302	1.1	28.5
HP1132	BSU26820	31.343	67	42	1	276	342	155	217	1.8	27.3
HP1132	BSU15950	42.500	40	21	1	150	189	125	162	2.1	27.3
HP1132	BSU17110	27.778	54	35	2	286	336	40	92	3.3	26.6
HP1132	BSU14390	27.273	55	31	1	90	144	159	204	6.1	25.8
HP1132	BSU09710	29.293	99	60	4	73	167	294	386	6.7	25.8
HP1132	BSU25670	35.135	37	24	0	134	170	148	184	7.4	25.8
HP1132	BSU34700	30.508	59	39	2	143	200	33	90	7.6	25.4
HP1132	BSU40620	45.833	24	13	0	142	165	24	47	8.4	25.0
HP1133	BSU36820	33.555	301	186	3	1	301	1	287	3.78e-53	172
HP1133	BSU07520	31.579	57	33	2	76	126	242	298	2.9	26.2
HP1133	BSU07030	31.429	35	24	0	116	150	153	187	3.2	25.8
HP1133	BSU13870	30.769	78	51	3	1	76	1	77	4.3	25.8
HP1133	BSU33610	28.205	39	28	0	84	122	210	248	4.4	25.8
HP1133	BSU37600	28.302	53	31	1	122	174	40	85	7.7	25.0
HP1134	BSU36830	60.922	499	193	1	4	502	3	499	0.0	635
HP1134	BSU16240	28.158	380	248	7	67	435	62	427	3.87e-40	147
HP1134	BSU36810	25.806	372	256	8	63	423	50	412	2.07e-25	105
HP1134	BSU37080	23.868	243	159	11	134	366	139	365	0.001	38.1
HP1134	BSU12290	26.136	88	51	2	266	353	183	256	0.12	31.6
HP1134	BSU12290	30.000	70	39	3	431	491	1	69	1.3	28.1
HP1134	BSU20250	29.474	95	50	3	96	173	238	332	0.20	30.8
HP1134	BSU24430	24.684	158	105	6	167	317	140	290	0.48	29.6
HP1134	BSU32610	22.881	118	87	3	113	228	21	136	1.9	27.7
HP1134	BSU40520	29.545	44	30	1	217	259	58	101	2.2	27.3
HP1134	BSU12880	25.926	54	40	0	292	345	428	481	4.6	26.6
HP1134	BSU15430	28.571	63	39	2	188	244	519	581	6.6	26.2
HP1134	BSU31550	21.910	178	96	9	150	301	287	447	8.9	25.8
HP1134	BSU16940	39.130	46	23	2	149	189	40	85	9.2	25.4
HP1134	BSU20360	27.586	58	38	2	246	299	173	230	9.5	25.4
HP1135	BSU06200	26.667	45	33	0	22	66	101	145	3.0	25.0
HP1135	BSU03950	42.857	21	12	0	119	139	34	54	3.7	25.0
HP1135	BSU10980	44.444	18	10	0	145	162	370	387	5.0	24.6
HP1135	BSU08330	29.167	48	30	2	2	49	54	97	5.1	24.3
HP1135	BSU30450	30.233	43	29	1	46	88	14	55	6.5	23.9
HP1135	BSU36790	41.667	24	14	0	116	139	59	82	6.7	23.9
HP1135	BSU31875	29.825	57	31	2	121	168	1220	1276	8.3	23.9
HP1135	BSU01540	30.769	52	32	1	129	176	297	348	8.6	23.9
HP1135	BSU13700	42.857	28	16	0	44	71	360	387	8.8	23.9
HP1136	BSU28630	32.530	83	53	2	7	87	666	747	0.72	26.9
HP1136	BSU05380	29.032	62	43	1	103	164	110	170	3.0	24.6
HP1136	BSU27410	30.952	42	29	0	55	96	723	764	3.4	25.0
HP1136	BSU17210	26.966	89	59	2	67	155	3561	3643	3.5	25.0
HP1136	BSU28580	30.667	75	34	4	28	95	471	534	4.4	24.6
HP1136	BSU14250	30.081	123	58	7	59	153	98	220	4.4	24.6
HP1136	BSU32110	28.261	46	30	1	9	54	247	289	8.7	23.5
HP1136	BSU06320	39.286	28	16	1	3	30	26	52	9.2	23.5
HP1136	BSU27760	25.641	39	29	0	41	79	386	424	9.7	23.5
HP1137	BSU31490	26.389	72	46	1	68	139	250	314	0.17	28.5
HP1137	BSU33020	25.000	68	45	3	13	74	170	237	0.85	26.2
HP1137	BSU23570	34.694	49	23	2	84	124	176	223	0.90	26.2
HP1137	BSU36160	45.455	22	12	0	16	37	265	286	1.2	25.8
HP1137	BSU15900	31.646	79	38	4	67	142	204	269	1.3	25.8
HP1137	BSU05540	37.500	24	15	0	2	25	53	76	1.4	25.4
HP1137	BSU19330	34.286	35	21	1	106	138	4	38	2.1	25.0
HP1137	BSU21350	29.870	77	51	2	60	136	1944	2017	2.4	25.0
HP1137	BSU40200	26.271	118	62	4	38	131	248	364	3.3	24.6
HP1137	BSU17430	26.250	80	58	1	56	135	10	88	3.4	24.6
HP1137	BSU32820	25.833	120	78	5	21	131	315	432	8.0	23.5
HP1137	BSU08350	29.630	27	19	0	64	90	88	114	9.2	23.1
HP1138	BSU40960	42.128	235	125	3	1	234	1	225	6.28e-56	179
HP1138	BSU40990	43.158	190	105	2	33	219	30	219	3.66e-46	154
HP1138	BSU28980	28.000	75	50	1	171	241	204	278	1.3	26.9
HP1138	BSU30370	36.000	50	28	1	144	189	252	301	1.9	26.9
HP1138	BSU23120	46.154	26	12	1	28	51	88	113	2.9	25.8
HP1138	BSU34110	33.333	51	34	0	141	191	144	194	3.0	26.2
HP1138	BSU29110	50.000	18	9	0	34	51	93	110	3.2	25.8
HP1138	BSU12220	38.298	47	22	2	18	64	312	351	3.2	26.2
HP1138	BSU03480	31.818	44	28	1	96	137	1029	1072	3.2	26.2
HP1138	BSU10820	30.000	60	39	1	50	106	342	401	3.9	25.8
HP1138	BSU05260	39.474	38	18	2	42	79	39	71	4.0	25.4
HP1138	BSU40400	38.000	50	24	3	97	141	355	402	4.4	25.8
HP1138	BSU05240	33.333	45	29	1	2	45	176	220	4.5	25.4
HP1138	BSU33080	35.484	31	20	0	149	179	172	202	6.3	24.6
HP1139	BSU40970	46.154	260	129	2	1	260	1	249	4.43e-77	231
HP1139	BSU27990	24.815	270	164	7	1	261	1	240	2.40e-17	76.3
HP1139	BSU01540	31.944	144	68	7	5	140	109	230	2.90e-06	44.7
HP1139	BSU36250	28.455	123	77	3	13	135	56	167	1.81e-05	41.6
HP1139	BSU16410	25.949	158	89	5	2	150	31	169	2.76e-04	38.1
HP1139	BSU34360	37.662	77	39	4	5	77	47	118	4.26e-04	37.4
HP1139	BSU20460	57.143	21	9	0	223	243	8	28	0.33	28.9
HP1139	BSU40330	29.545	44	31	0	26	69	416	459	2.1	26.6
HP1139	BSU27740	28.571	56	34	2	65	119	113	163	7.3	24.3
HP1139	BSU16400	51.724	29	13	1	13	40	185	213	8.3	24.6
HP1139	BSU01120	22.051	195	119	7	50	241	243	407	8.9	24.6
HP1140	BSU22440	28.346	127	85	3	9	130	89	214	6.68e-08	48.5
HP1140	BSU22650	34.375	64	39	2	54	117	3	63	0.001	35.4
HP1140	BSU18230	31.579	76	49	2	134	209	5	77	0.78	27.3
HP1140	BSU00430	39.286	28	17	0	31	58	240	267	4.5	25.0
HP1140	BSU22520	33.333	30	20	0	164	193	133	162	5.4	24.6
HP1140	BSU00280	31.250	32	22	0	129	160	176	207	6.4	24.3
HP1140	BSU12040	42.857	21	12	0	87	107	28	48	8.4	23.9
HP1140	BSU13120	23.729	59	45	0	127	185	302	360	9.1	23.9
HP1141	BSU15730	35.144	313	188	10	2	303	3	311	1.48e-52	172
HP1141	BSU13110	28.571	119	74	4	58	167	150	266	1.53e-05	42.4
HP1141	BSU06510	20.000	155	114	4	47	191	39	193	7.88e-04	36.6
HP1141	BSU03830	40.000	40	24	0	67	106	102	141	0.23	29.6
HP1141	BSU07520	35.000	40	25	1	70	108	109	148	1.5	26.9
HP1141	BSU09810	34.375	32	21	0	215	246	29	60	1.6	26.9
HP1141	BSU19750	32.787	61	34	2	64	122	185	240	3.4	25.8
HP1141	BSU04210	26.316	38	28	0	154	191	58	95	7.5	24.6
HP1141	BSU29230	37.143	35	22	0	235	269	668	702	8.6	25.0
HP1141	BSU37190	33.333	45	26	1	193	233	140	184	9.0	24.6
HP1141	BSU14690	34.000	50	28	3	195	242	88	134	9.7	24.6
HP1142	BSU03590	24.390	82	50	2	535	611	136	210	0.059	32.7
HP1142	BSU27430	32.143	56	31	1	552	607	154	202	0.14	31.6
HP1142	BSU15980	26.596	94	55	3	41	133	102	182	0.58	30.0
HP1142	BSU23960	27.778	54	32	1	555	608	157	203	0.71	29.3
HP1142	BSU29610	22.609	230	148	8	307	524	288	499	0.85	29.6
HP1142	BSU15940	22.464	138	104	2	343	477	230	367	1.2	29.3
HP1142	BSU38660	32.500	40	27	0	544	583	137	176	1.5	28.5
HP1142	BSU27730	42.424	33	16	2	37	69	51	80	1.6	28.5
HP1142	BSU03680	31.481	54	28	2	248	300	404	449	1.6	28.5
HP1142	BSU09920	41.667	24	14	0	40	63	27	50	1.7	28.9
HP1142	BSU03480	22.727	132	81	4	289	418	231	343	1.7	28.9
HP1142	BSU35940	32.394	71	34	4	20	76	2	72	1.7	28.5
HP1142	BSU09080	27.465	142	79	8	554	681	152	283	1.9	28.1
HP1142	BSU07420	26.230	61	35	2	551	611	457	507	2.4	28.1
HP1142	BSU31860	32.530	83	51	2	411	491	551	630	2.5	28.1
HP1142	BSU12600	26.573	143	84	6	258	386	127	262	3.1	27.3
HP1142	BSU13220	29.508	61	30	2	40	100	320	367	3.2	27.7
HP1142	BSU40620	36.585	41	25	1	23	63	11	50	4.5	26.9
HP1142	BSU36830	37.500	32	20	0	150	181	465	496	4.5	27.3
HP1142	BSU12950	26.582	79	51	4	550	628	171	242	4.7	26.9
HP1142	BSU09930	32.727	55	32	2	548	599	193	245	4.8	26.9
HP1142	BSU16400	34.884	43	23	2	45	87	180	217	5.1	26.9
HP1142	BSU17970	27.551	98	53	5	71	155	27	119	8.0	25.4
HP1142	BSU11470	46.429	28	15	0	556	583	172	199	9.0	26.2
HP1142	BSU39480	32.692	52	28	3	556	607	161	205	9.1	25.8
HP1142	BSU13770	29.091	55	35	1	445	499	43	93	9.3	25.8
HP1143	BSU28440	21.212	99	73	2	315	408	184	282	0.73	28.9
HP1143	BSU05010	28.000	75	41	1	299	360	89	163	1.1	28.1
HP1143	BSU20860	34.884	43	25	1	323	365	135	174	1.8	27.3
HP1143	BSU10160	28.571	91	42	2	111	199	282	351	2.1	27.3
HP1143	BSU29090	31.646	79	41	3	88	162	455	524	2.3	27.3
HP1143	BSU10650	34.286	70	42	2	58	125	798	865	4.9	26.2
HP1143	BSU10650	35.294	51	31	1	102	152	195	243	5.2	26.2
HP_RS05620	BSU39290	41.304	46	20	2	61	100	85	129	0.14	28.1
HP_RS05620	BSU32490	38.000	50	22	2	61	106	64	108	0.15	28.1
HP_RS05620	BSU21800	30.882	68	41	1	3	64	60	127	0.36	26.9
HP_RS05620	BSU27970	29.032	31	22	0	64	94	59	89	0.96	25.8
HP_RS05620	BSU31960	46.154	26	12	1	48	73	2232	2255	4.3	24.3
HP1145	BSU18970	28.889	45	26	1	152	196	912	950	0.78	28.1
HP1145	BSU29090	35.294	51	28	1	1	46	492	542	2.0	26.6
HP1145	BSU18830	33.784	74	33	4	45	113	463	525	2.8	26.2
HP1145	BSU01770	35.294	34	21	1	99	132	92	124	4.3	25.4
HP1145	BSU28570	32.143	28	19	0	101	128	59	86	9.7	23.9
HP1147	BSU16040	51.304	115	54	2	3	117	2	114	3.29e-36	117
HP1147	BSU40490	55.556	18	8	0	98	115	381	398	1.1	25.4
HP1147	BSU12060	45.833	24	11	1	67	90	105	126	6.9	22.7
HP1148	BSU16030	36.797	231	138	2	1	227	1	227	6.29e-46	150
HP1148	BSU13190	24.706	170	87	7	53	184	118	284	0.30	28.5
HP1148	BSU06560	25.758	66	45	1	19	84	296	357	1.1	26.9
HP1148	BSU26300	32.609	46	24	2	119	160	22	64	2.1	24.3
HP1148	BSU16510	24.074	54	38	1	60	110	109	162	2.6	25.8
HP1148	BSU00280	23.377	77	49	2	65	134	51	124	3.9	25.0
HP1148	BSU02880	42.500	40	20	1	32	71	166	202	5.3	24.6
HP1148	BSU28630	26.596	94	51	3	87	177	269	347	5.5	25.0
HP1148	BSU00110	23.944	142	80	7	56	177	56	189	5.6	24.6
HP1148	BSU29600	34.783	46	29	1	57	101	23	68	6.2	24.6
HP1148	BSU35699	30.000	40	28	0	127	166	34	73	8.0	23.9
HP1148	BSU00230	29.167	48	31	1	110	157	28	72	8.2	23.1
HP1148	BSU13509	33.333	27	18	0	160	186	19	45	8.6	22.3
HP1148	BSU15860	28.571	56	36	1	85	136	185	240	9.9	23.9
HP1149	BSU16020	32.857	70	39	3	104	172	101	163	0.020	31.2
HP1149	BSU18470	60.000	20	8	0	72	91	340	359	1.6	26.2
HP1149	BSU07860	36.111	36	18	1	65	95	174	209	4.4	24.6
HP1149	BSU40250	25.490	102	66	3	49	140	147	248	4.5	24.6
HP1149	BSU27970	28.571	105	63	2	5	101	141	241	5.0	24.3
HP1149	BSU19390	30.303	33	23	0	98	130	132	164	5.7	24.3
HP1149	BSU36710	28.125	64	39	2	68	125	41	103	7.1	23.9
HP1150	BSU16000	34.884	43	26	1	55	95	37	79	0.002	32.0
HP1150	BSU17000	31.915	47	25	1	4	43	129	175	2.8	24.3
HP1150	BSU12500	28.846	52	37	0	27	78	8	59	3.5	23.9
HP1150	BSU04150	32.353	34	21	1	50	81	245	278	3.5	23.9
HP1150	BSU00830	25.490	51	31	2	21	69	3	48	5.3	23.1
HP1150	BSU02820	37.500	24	15	0	64	87	265	288	5.4	23.1
HP1150	BSU31230	47.826	23	12	0	48	70	67	89	5.6	23.5
HP1150	BSU36930	28.571	35	22	1	79	110	18	52	6.2	22.7
HP1150	BSU10140	23.810	84	57	2	28	104	65	148	7.1	23.1
HP1150	BSU39880	32.353	34	19	1	74	103	106	139	7.1	23.1
HP1150	BSU04340	26.667	105	52	4	30	112	151	252	7.1	23.1
HP1150	BSU25770	32.432	37	18	1	28	57	453	489	7.2	23.1
HP1150	BSU21210	60.000	15	6	0	12	26	147	161	7.6	22.7
HP1150	BSU04070	33.333	33	22	0	37	69	79	111	7.9	22.7
HP1150	BSU03200	30.000	40	28	0	33	72	226	265	9.7	22.3
HP1151	BSU15990	53.623	69	32	0	4	72	5	73	2.45e-22	79.3
HP1151	BSU29330	28.571	56	38	1	18	73	245	298	0.30	25.8
HP1151	BSU25390	23.810	63	38	2	4	56	346	408	0.59	25.0
HP1151	BSU06760	30.556	36	22	1	21	56	815	847	3.2	22.7
HP1151	BSU17220	61.538	13	5	0	30	42	1587	1599	4.0	22.7
HP1151	BSU00090	53.333	15	7	0	43	57	471	485	5.8	21.9
HP1151	BSU38780	52.941	17	8	0	57	73	67	83	8.0	21.6
HP1151	BSU07420	41.176	17	10	0	36	52	333	349	9.9	21.6
HP1152	BSU15980	41.109	433	243	7	2	425	3	432	2.67e-108	325
HP1152	BSU15950	34.667	300	176	6	4	283	17	316	6.17e-42	148
HP1152	BSU16400	30.220	182	113	4	97	273	178	350	9.10e-15	72.4
HP1152	BSU01540	27.907	172	89	9	93	234	105	271	0.011	34.7
HP1152	BSU36250	27.820	133	76	4	95	215	47	171	0.020	33.5
HP1152	BSU16410	23.348	227	137	8	88	283	26	246	0.093	31.6
HP1152	BSU27990	40.541	37	22	0	96	132	5	41	0.29	30.0
HP1152	BSU08220	30.612	49	34	0	97	145	395	443	0.36	30.0
HP1152	BSU24730	31.818	44	30	0	76	119	119	162	0.62	28.9
HP1152	BSU14790	48.148	27	14	0	308	334	43	69	1.00	26.2
HP1152	BSU06140	24.242	99	68	2	92	183	191	289	1.3	28.1
HP1152	BSU26810	30.137	146	82	7	115	256	55	184	1.7	27.3
HP1152	BSU04310	42.857	42	15	1	287	319	338	379	2.7	27.3
HP1152	BSU09990	35.484	31	20	0	188	218	30	60	3.2	26.6
HP1152	BSU05540	25.600	125	59	4	186	292	111	219	3.3	26.6
HP1152	BSU21470	34.211	38	25	0	97	134	512	549	3.6	26.6
HP1152	BSU13220	27.500	80	51	1	73	145	292	371	5.1	26.2
HP1152	BSU40970	46.667	30	16	0	104	133	13	42	6.1	25.8
HP1152	BSU13000	28.283	99	56	3	191	286	108	194	6.5	25.8
HP1152	BSU38400	29.688	64	43	1	3	64	454	517	6.9	25.8
HP1152	BSU33640	23.881	134	74	4	66	191	77	190	7.4	25.4
HP1152	BSU15530	34.568	81	33	5	137	200	133	210	9.2	25.0
HP1152	BSU01460	27.941	68	49	0	95	162	21	88	9.7	25.0
HP1153	BSU28090	40.449	890	479	19	5	866	9	875	0.0	682
HP1153	BSU15430	25.324	849	505	22	35	783	40	859	1.16e-67	239
HP1153	BSU30320	22.329	833	395	27	7	698	2	723	1.45e-29	122
HP1153	BSU00380	24.354	271	182	8	444	699	231	493	3.05e-12	67.0
HP1153	BSU00380	27.778	144	84	4	35	177	1	125	6.27e-07	49.7
HP1153	BSU00380	25.301	83	56	2	773	852	35	114	6.6	26.9
HP1153	BSU37330	26.705	176	100	7	424	580	267	432	0.041	33.9
HP1153	BSU37330	25.000	100	58	2	29	111	108	207	3.0	28.1
HP1153	BSU00940	28.169	142	93	4	459	598	198	332	0.048	33.9
HP1153	BSU22590	44.444	27	15	0	466	492	46	72	2.7	28.1
HP1153	BSU11540	28.358	134	88	3	718	847	92	221	4.0	27.7
HP1153	BSU17200	27.344	128	72	6	521	636	2183	2301	4.4	27.7
HP1153	BSU13520	26.389	72	51	1	637	706	33	104	7.3	26.6
HP1153	BSU19920	28.571	35	24	1	418	451	9	43	9.4	23.5
HP1154	BSU35380	32.258	93	60	2	24	115	42	132	4.92e-08	45.8
HP1154	BSU35280	28.302	53	34	1	87	135	171	223	0.75	26.2
HP1154	BSU34120	34.483	29	19	0	28	56	216	244	3.4	24.3
HP1154	BSU16630	36.667	30	19	0	105	134	686	715	3.8	24.3
HP1154	BSU12480	22.642	106	68	4	35	128	79	182	4.0	23.9
HP1154	BSU25390	18.750	48	39	0	65	112	22	69	4.8	23.9
HP1154	BSU13660	34.375	32	21	0	67	98	166	197	4.9	23.9
HP1154	BSU05930	25.000	84	44	4	15	94	7	75	5.3	23.5
HP1154	BSU29650	28.070	57	41	0	1	57	111	167	7.0	23.5
HP1154	BSU26860	23.913	46	35	0	64	109	1	46	7.6	23.1
HP1155	BSU15220	27.844	334	217	6	1	316	1	328	6.07e-38	136
HP1155	BSU12220	37.500	32	20	0	243	274	282	313	0.11	30.8
HP1155	BSU21920	27.536	69	45	3	211	276	237	303	0.25	30.0
HP1155	BSU21920	23.881	67	43	2	5	69	10	70	9.7	24.6
HP1155	BSU17190	39.024	41	23	2	271	310	3447	3486	0.31	30.0
HP1155	BSU37720	34.328	67	32	2	64	130	105	159	0.58	28.5
HP1155	BSU20800	29.688	64	40	2	169	231	380	439	1.4	27.3
HP1155	BSU25470	26.923	52	36	1	142	191	270	321	1.4	27.7
HP1155	BSU32910	57.143	28	7	2	2	28	6	29	2.1	25.8
HP1155	BSU05180	25.410	122	66	3	71	188	81	181	4.9	25.8
HP1155	BSU36910	37.143	35	22	0	136	170	101	135	5.2	25.4
HP1155	BSU22030	35.714	42	25	2	73	113	592	632	5.8	25.8
HP1155	BSU13350	50.000	22	11	0	10	31	13	34	8.5	25.0
HP1155	BSU13660	36.364	55	33	2	45	98	97	150	9.6	25.0
HP1156	BSU11240	33.803	71	38	3	603	673	653	714	0.30	31.2
HP1157	BSU14690	28.333	60	38	1	154	213	44	98	0.56	30.8
HP1157	BSU21350	29.333	75	47	3	319	392	9	78	1.2	30.0
HP1157	BSU09110	39.535	43	24	1	1060	1100	38	80	3.1	28.1
HP1157	BSU30150	30.769	52	33	1	170	221	45	93	4.3	28.1
HP1157	BSU08130	32.727	55	34	2	343	396	84	136	6.7	26.6
HP1157	BSU17500	33.333	27	18	0	612	638	108	134	9.0	26.2
HP1158	BSU23800	24.627	268	181	10	1	254	1	261	4.68e-13	64.3
HP1158	BSU18480	24.528	265	180	10	6	256	21	279	1.84e-09	53.9
HP1158	BSU12910	22.388	268	192	10	1	257	1	263	6.54e-04	37.0
HP1158	BSU25600	20.974	267	161	11	6	244	5	249	0.063	30.8
HP1158	BSU10400	29.464	112	64	5	115	219	151	254	0.066	30.8
HP1158	BSU10170	39.286	28	15	1	126	153	259	284	0.12	30.0
HP1158	BSU38040	31.034	58	27	1	212	256	369	426	0.50	28.5
HP1158	BSU09450	27.193	114	64	5	115	226	155	251	0.55	28.1
HP1158	BSU09620	22.857	70	53	1	125	193	156	225	0.71	27.7
HP1158	BSU04190	26.316	114	65	4	115	226	152	248	4.5	25.0
HP1158	BSU14180	26.596	94	59	4	9	96	54	143	4.7	25.0
HP1158	BSU32480	32.653	49	30	2	197	242	24	72	5.0	25.4
HP1158	BSU26450	21.053	114	74	4	127	224	13	126	7.9	24.3
HP1158	BSU31100	23.529	119	80	4	73	188	182	292	8.3	24.6
HP1159	BSU36690	48.276	29	13	1	19	45	83	111	1.0	26.6
HP1159	BSU10840	31.818	66	33	2	5	70	203	256	1.7	25.8
HP1159	BSU24230	40.000	35	20	1	87	121	157	190	2.5	25.4
HP1159	BSU05010	39.130	23	14	0	26	48	95	117	3.5	25.0
HP1159	BSU29130	28.333	60	33	3	97	146	23	82	4.0	24.6
HP1159	BSU06540	23.636	110	68	4	3	109	1	97	4.3	24.3
HP1159	BSU28030	38.095	42	22	2	2	41	295	334	7.0	23.9
HP1159	BSU02820	38.235	34	19	1	17	48	80	113	7.5	23.9
HP1159	BSU06830	38.235	34	19	1	17	48	80	113	8.9	23.5
HP1160	BSU25320	35.897	117	62	2	30	133	41	157	5.09e-18	72.4
HP1160	BSU35840	32.653	49	30	1	1	49	151	196	0.13	28.5
HP1160	BSU17540	28.302	53	31	2	35	80	40	92	2.8	24.3
HP1160	BSU06710	33.333	27	18	0	105	131	93	119	2.8	24.6
HP1160	BSU09965	31.818	44	21	1	84	118	40	83	4.4	23.9
HP1160	BSU28770	33.333	33	22	0	86	118	216	248	4.5	23.9
HP1160	BSU26230	35.556	45	21	1	73	109	113	157	5.4	23.9
HP1160	BSU16430	27.273	66	44	1	15	80	467	528	6.0	23.9
HP1160	BSU17600	29.545	44	22	1	78	112	273	316	6.1	23.5
HP1160	BSU38090	35.135	37	23	1	92	127	351	387	7.0	23.5
HP1161	BSU14170	34.737	95	53	2	1	88	1	93	2.61e-08	47.4
HP1161	BSU33440	22.581	93	65	2	3	88	67	159	0.027	31.2
HP1161	BSU14150	26.050	119	83	2	1	115	1	118	0.071	29.3
HP1161	BSU26610	22.901	131	100	1	20	150	213	342	1.0	26.6
HP1161	BSU21170	28.889	45	25	2	64	108	8	45	6.7	23.5
HP1161	BSU14570	40.909	22	13	0	112	133	26	47	7.2	23.5
HP1161	BSU19180	22.951	61	47	0	39	99	181	241	7.8	23.5
HP1161	BSU07450	27.731	119	65	7	19	122	201	313	8.3	23.5
HP1161	BSU08440	37.097	62	28	4	14	74	108	159	8.5	23.5
HP1161	BSU29880	44.118	34	19	0	25	58	279	312	8.7	23.5
HP1161	BSU13760	58.824	17	7	0	123	139	8	24	8.8	23.1
HP1162	BSU18190	21.341	164	104	5	28	186	48	191	1.51e-07	46.6
HP1162	BSU02280	23.288	146	100	3	9	143	5	149	5.99e-07	44.3
HP1162	BSU13430	21.538	130	94	3	1	123	13	141	0.010	32.7
HP1162	BSU17170	30.645	62	23	2	2	63	68	109	1.3	26.2
HP1162	BSU39890	43.478	23	13	0	26	48	46	68	4.3	24.6
HP1162	BSU27200	37.931	29	15	1	50	75	228	256	8.9	23.9
HP1162	BSU08630	22.485	169	100	7	2	156	183	334	9.0	23.9
HP1162	BSU17180	41.935	31	15	1	143	170	4766	4796	9.2	23.9
HP1163	BSU21090	37.838	37	23	0	24	60	91	127	0.32	25.0
HP1163	BSU30990	52.632	19	9	0	12	30	39	57	0.55	24.3
HP1163	BSU02120	44.444	18	10	0	14	31	494	511	0.81	23.9
HP1163	BSU29830	58.824	17	7	0	45	61	182	198	0.99	23.9
HP1163	BSU16270	55.556	18	8	0	46	63	139	156	1.3	23.5
HP1163	BSU09320	37.500	32	19	1	33	63	146	177	2.7	22.3
HP1163	BSU23860	35.714	28	18	0	36	63	23	50	4.2	21.9
HP1163	BSU27880	36.000	25	16	0	15	39	363	387	4.6	21.9
HP1163	BSU14400	37.037	27	17	0	9	35	312	338	5.0	21.9
HP1163	BSU38050	42.308	26	14	1	5	29	116	141	5.4	21.6
HP1163	BSU36610	34.375	32	17	1	8	35	91	122	6.2	21.6
HP1163	BSU20710	42.857	14	8	0	14	27	54	67	8.0	20.8
HP1163	BSU02670	53.333	15	7	0	10	24	237	251	8.2	21.2
HP1163	BSU15700	37.500	24	15	0	33	56	241	264	9.0	21.2
HP1164	BSU22950	22.823	333	219	12	9	321	7	321	6.46e-13	65.1
HP1164	BSU32110	22.830	311	196	13	2	296	4	286	1.63e-08	52.0
HP1164	BSU03270	20.701	314	205	11	2	298	4	290	8.99e-07	46.6
HP1164	BSU26640	25.253	198	124	6	5	189	1	187	3.40e-06	44.7
HP1164	BSU34790	22.659	331	194	14	3	311	4	294	1.35e-05	42.7
HP1164	BSU30060	23.529	170	88	5	7	137	5	171	0.064	31.6
HP1164	BSU10500	31.343	67	28	2	7	55	6	72	0.19	30.0
HP1164	BSU40100	24.118	170	100	5	161	316	346	500	0.29	29.6
HP1164	BSU14610	45.161	31	16	1	7	37	11	40	0.51	28.9
HP1164	BSU18440	39.474	38	22	1	8	45	155	191	0.52	28.9
HP1164	BSU29180	26.136	88	48	3	209	293	145	218	2.7	26.6
HP1164	BSU03330	33.333	36	24	0	273	308	88	123	4.1	25.8
HP1164	BSU27180	30.882	68	44	2	142	207	20	86	4.2	25.4
HP1164	BSU28680	30.000	50	28	1	55	104	2	44	4.4	25.8
HP1164	BSU14510	26.263	99	63	4	55	145	33	129	4.5	25.4
HP1164	BSU03300	23.077	143	95	3	160	295	143	277	4.5	25.8
HP1164	BSU31920	38.462	39	24	0	171	209	369	407	5.6	25.4
HP1164	BSU41010	34.483	29	19	0	7	35	9	37	5.9	25.4
HP1164	BSU18340	24.242	99	59	3	54	143	1005	1096	6.4	25.4
HP1164	BSU07300	24.176	91	48	4	53	127	128	213	6.7	25.0
HP1164	BSU40250	31.707	41	28	0	8	48	204	244	7.0	25.0
HP1164	BSU19320	40.741	27	16	0	238	264	578	604	8.0	25.0
HP1164	BSU18320	24.242	99	59	3	54	143	1011	1102	8.0	25.0
HP1164	BSU24300	68.750	16	5	0	3	18	194	209	9.7	24.6
HP1165	BSU39930	25.065	387	260	11	20	385	11	388	1.59e-11	62.0
HP1165	BSU10980	28.571	168	108	6	21	178	23	188	8.25e-04	38.1
HP1165	BSU27760	23.288	73	55	1	15	86	29	101	0.20	30.4
HP1165	BSU40810	33.333	84	50	3	265	346	183	262	0.22	30.0
HP1165	BSU18540	21.333	75	58	1	15	88	20	94	0.28	30.0
HP1165	BSU02960	27.344	128	67	5	69	195	288	390	0.32	29.6
HP1165	BSU07910	27.500	40	29	0	35	74	233	272	0.50	29.3
HP1165	BSU23730	25.946	185	104	8	34	206	40	203	0.62	28.9
HP1165	BSU39310	38.710	31	19	0	191	221	3	33	0.83	26.6
HP1165	BSU38640	37.778	45	26	1	56	98	69	113	2.4	26.9
HP1165	BSU39240	28.409	88	58	2	11	95	159	244	4.1	26.2
HP1165	BSU18390	27.273	44	30	1	220	261	2	45	4.7	25.4
HP1165	BSU05140	36.957	46	26	1	144	189	36	78	7.9	23.9
HP1165	BSU36480	55.000	20	9	0	54	73	59	78	7.9	25.4
HP1165	BSU34820	33.333	39	22	1	290	324	59	97	8.2	25.4
HP1166	BSU31350	26.146	371	236	14	148	507	79	422	8.41e-15	73.6
HP1166	BSU38530	33.333	24	16	0	216	239	125	148	1.9	27.7
HP1166	BSU29090	30.769	52	34	2	478	527	511	562	3.7	26.9
HP1166	BSU15170	38.889	36	21	1	284	318	133	168	5.0	26.6
HP1166	BSU38740	43.333	30	15	1	443	472	462	489	5.7	26.6
HP1166	BSU18440	45.455	33	10	1	148	172	296	328	6.4	26.2
HP1167	BSU26670	31.250	48	25	3	42	81	202	249	5.7	25.8
HP1167	BSU36900	35.000	60	31	2	34	85	177	236	6.6	25.8
HP1167	BSU18180	31.915	47	24	1	30	68	70	116	6.9	25.8
HP1167	BSU20800	32.759	58	39	0	42	99	376	433	7.7	25.8
HP1167	BSU16500	23.636	110	72	2	301	410	116	213	7.9	25.4
HP1167	BSU17520	45.000	20	11	0	266	285	85	104	8.7	25.0
HP1168	BSU28710	45.128	585	289	10	42	618	1	561	3.51e-158	467
HP1168	BSU39560	38.462	39	24	0	177	215	85	123	0.40	29.6
HP1168	BSU14510	28.205	78	43	2	578	655	10	74	0.72	29.3
HP1168	BSU31130	32.203	59	40	0	103	161	56	114	2.6	27.7
HP1168	BSU01640	21.605	162	107	4	357	508	254	405	4.1	27.3
HP1168	BSU36100	31.250	48	26	1	413	453	126	173	4.8	26.9
HP1168	BSU00580	27.273	77	37	2	384	447	290	360	8.8	26.2
HP1168	BSU21600	29.474	95	61	3	4	93	260	353	8.9	26.2
HP1168	BSU12310	34.000	100	51	6	223	315	93	184	9.4	26.2
HP1169	BSU39490	26.818	220	152	2	3	217	4	219	9.83e-24	91.7
HP1169	BSU23970	30.180	222	144	4	1	215	1	218	5.01e-23	89.7
HP1169	BSU27460	34.783	161	103	1	16	174	16	176	4.67e-22	87.0
HP1169	BSU27450	26.147	218	153	3	3	215	1	215	7.04e-19	78.6
HP1169	BSU03600	25.561	223	156	4	2	217	14	233	4.67e-17	73.9
HP1169	BSU03370	28.177	181	122	2	2	174	4	184	6.34e-17	73.6
HP1169	BSU29360	26.872	227	149	4	2	215	4	226	2.59e-14	66.6
HP1169	BSU29350	25.778	225	152	2	1	210	1	225	1.07e-13	64.7
HP1169	BSU32740	27.083	48	35	0	118	165	126	173	0.35	28.1
HP1169	BSU32590	24.096	166	89	6	8	143	56	214	0.53	27.7
HP1169	BSU27200	28.000	50	26	1	79	118	7	56	2.2	25.8
HP1169	BSU36640	35.185	54	30	2	99	147	483	536	4.7	25.0
HP1169	BSU08840	47.619	21	11	0	73	93	149	169	4.7	25.0
HP1169	BSU38500	37.143	35	20	1	184	216	255	289	6.7	24.6
HP1169	BSU21830	32.143	56	34	1	135	186	78	133	7.5	23.9
HP1170	BSU03370	29.545	220	141	5	5	220	15	224	1.08e-22	89.0
HP1170	BSU03600	31.122	196	126	3	29	220	40	230	7.29e-22	87.0
HP1170	BSU27450	26.818	220	155	2	1	220	1	214	2.28e-19	80.1
HP1170	BSU23970	30.488	164	114	0	13	176	15	178	3.46e-19	79.7
HP1170	BSU27460	28.638	213	143	4	8	217	10	216	4.38e-18	76.6
HP1170	BSU39490	29.008	131	91	1	54	182	57	187	4.81e-15	68.6
HP1170	BSU29360	24.658	219	154	2	8	220	12	225	7.05e-14	65.5
HP1170	BSU29350	22.650	234	148	7	10	223	12	232	1.97e-07	47.0
HP1170	BSU11400	26.119	134	91	2	8	140	90	216	2.49e-04	38.1
HP1170	BSU32740	29.310	58	41	0	110	167	117	174	0.026	31.6
HP1170	BSU02990	22.424	165	110	5	20	174	93	249	1.5	26.6
HP1170	BSU12930	26.812	138	85	7	8	132	84	218	4.7	25.0
HP1170	BSU34140	36.111	36	23	0	105	140	162	197	5.9	24.6
HP1170	BSU09430	26.087	46	27	1	173	218	244	282	6.3	24.6
HP1170	BSU33390	21.831	142	92	3	23	149	26	163	7.9	24.3
HP1170	BSU35190	37.838	37	16	1	114	143	415	451	9.8	24.3
HP1171	BSU23960	54.852	237	107	0	4	240	1	237	6.64e-92	268
HP1171	BSU27430	53.017	232	109	0	8	239	5	236	4.37e-88	258
HP1171	BSU03590	48.333	240	120	1	4	239	1	240	1.72e-82	244
HP1171	BSU29340	46.058	241	123	2	4	239	1	239	1.69e-75	226
HP1171	BSU39480	42.500	240	135	1	4	240	1	240	3.68e-71	215
HP1171	BSU32750	37.727	220	134	3	23	240	24	242	7.05e-52	169
HP1171	BSU24950	34.694	245	149	5	4	239	13	255	1.81e-43	145
HP1171	BSU35260	33.333	228	149	3	4	229	1	227	3.83e-43	143
HP1171	BSU24960	33.468	248	148	6	4	239	22	264	8.37e-41	138
HP1171	BSU02980	34.821	224	142	3	24	244	53	275	3.62e-40	140
HP1171	BSU32550	33.778	225	137	4	10	230	9	225	8.19e-40	138
HP1171	BSU30420	39.303	201	116	6	11	207	15	213	1.28e-39	134
HP1171	BSU38810	36.486	222	129	4	15	232	15	228	6.19e-39	135
HP1171	BSU33270	37.313	201	122	4	19	217	20	218	2.40e-38	130
HP1171	BSU33730	34.979	243	146	7	4	242	1	235	6.37e-38	133
HP1171	BSU33830	36.283	226	133	6	20	242	18	235	1.71e-37	132
HP1171	BSU14360	33.040	227	144	5	4	224	1	225	6.47e-35	122
HP1171	BSU01460	35.586	222	135	6	12	227	2	221	1.24e-34	122
HP1171	BSU30380	32.751	229	141	6	3	222	2	226	2.77e-34	120
HP1171	BSU01450	36.667	210	127	6	20	227	25	230	3.78e-33	118
HP1171	BSU39640	30.088	226	150	6	1	220	1	224	1.15e-31	114
HP1171	BSU12950	31.330	233	143	6	22	239	26	256	1.74e-31	115
HP1171	BSU11370	32.340	235	141	8	19	241	35	263	2.23e-31	115
HP1171	BSU08310	30.374	214	145	2	4	217	1	210	2.31e-31	114
HP1171	BSU08830	32.127	221	134	7	1	217	3	211	2.98e-31	113
HP1171	BSU11460	31.679	262	162	7	4	248	7	268	9.61e-31	114
HP1171	BSU11470	30.833	240	151	8	4	230	5	242	1.97e-30	112
HP1171	BSU30610	36.458	192	111	4	23	212	26	208	1.22e-29	108
HP1171	BSU03730	35.326	184	113	5	23	203	24	204	1.71e-29	107
HP1171	BSU34700	29.457	258	155	8	4	246	3	248	4.68e-29	107
HP1171	BSU12250	30.544	239	148	6	8	240	20	246	8.22e-29	106
HP1171	BSU13220	33.333	219	136	6	19	229	24	240	3.30e-28	108
HP1171	BSU13220	28.194	227	155	3	4	229	294	513	9.04e-27	105
HP1171	BSU31550	30.631	222	143	4	1	216	1	217	1.00e-27	107
HP1171	BSU31550	23.288	219	145	6	23	225	276	487	1.59e-09	54.3
HP1171	BSU11360	29.960	247	156	7	1	230	1	247	1.17e-27	105
HP1171	BSU34090	30.698	215	135	5	10	222	11	213	3.01e-27	103
HP1171	BSU09080	26.667	255	170	5	1	245	1	248	1.26e-26	102
HP1171	BSU01950	27.755	245	162	6	4	246	3	234	1.43e-26	100
HP1171	BSU04490	28.899	218	147	4	4	220	5	215	1.73e-25	99.0
HP1171	BSU13000	28.821	229	152	7	9	230	19	243	2.57e-25	99.0
HP1171	BSU02570	30.942	223	142	5	1	220	1	214	7.24e-24	94.4
HP1171	BSU35940	28.571	231	147	5	5	225	3	225	1.05e-23	95.9
HP1171	BSU35940	22.222	216	149	6	23	225	270	479	2.25e-15	72.0
HP1171	BSU40620	30.366	191	121	4	7	197	8	186	8.94e-23	89.7
HP1171	BSU32940	28.807	243	144	7	1	228	3	231	1.99e-22	90.1
HP1171	BSU38660	29.302	215	142	4	4	218	1	205	3.82e-22	89.7
HP1171	BSU30760	28.230	209	142	3	13	218	12	215	9.98e-22	87.8
HP1171	BSU09890	24.299	214	155	2	12	225	9	215	1.07e-21	88.6
HP1171	BSU03820	27.074	229	157	5	4	227	1	224	6.77e-21	85.5
HP1171	BSU33290	25.541	231	160	5	5	228	4	229	1.59e-20	84.7
HP1171	BSU37230	29.302	215	143	6	15	225	344	553	3.99e-20	85.9
HP1171	BSU07490	26.180	233	160	6	5	230	4	231	5.00e-20	83.6
HP1171	BSU09720	28.440	218	133	7	19	225	445	650	6.34e-20	85.5
HP1171	BSU38730	30.472	233	145	8	3	227	335	558	1.34e-19	84.3
HP1171	BSU08690	26.577	222	140	6	19	229	357	566	3.11e-19	83.2
HP1171	BSU09710	30.180	222	144	6	20	236	354	569	6.71e-19	82.4
HP1171	BSU10040	25.333	225	160	3	4	226	3	221	1.63e-18	79.0
HP1171	BSU07370	27.519	258	150	6	4	234	3	250	1.92e-18	80.9
HP1171	BSU07370	24.537	216	143	5	4	217	318	515	2.00e-10	57.4
HP1171	BSU02860	28.384	229	139	7	14	227	13	231	3.46e-18	77.8
HP1171	BSU34820	27.354	223	138	9	16	226	353	563	8.96e-18	79.0
HP1171	BSU02750	25.000	212	154	3	23	233	24	231	2.50e-17	75.5
HP1171	BSU14320	27.103	214	133	6	23	225	355	556	1.29e-16	75.5
HP1171	BSU08210	27.511	229	147	8	20	241	347	563	3.09e-16	74.3
HP1171	BSU30450	25.114	219	147	6	4	218	1	206	3.44e-16	73.2
HP1171	BSU33160	27.064	218	148	5	5	215	1	214	1.87e-15	72.0
HP1171	BSU21470	27.136	199	130	6	19	211	498	687	1.98e-15	72.0
HP1171	BSU08220	26.512	215	141	7	20	226	382	587	3.56e-15	71.2
HP1171	BSU09070	25.822	213	142	6	10	219	8	207	1.69e-14	67.4
HP1171	BSU30010	20.889	225	162	3	19	243	20	228	2.73e-14	67.0
HP1171	BSU14330	25.581	215	135	8	20	222	379	580	5.28e-14	67.8
HP1171	BSU05950	25.322	233	150	7	4	234	326	536	1.05e-13	67.0
HP1171	BSU05950	24.473	237	140	7	3	209	2	229	9.62e-11	58.2
HP1171	BSU15340	26.068	234	144	8	19	230	17	243	1.40e-11	59.7
HP1171	BSU38740	28.125	192	115	8	39	219	362	541	5.65e-11	58.9
HP1171	BSU32710	22.936	218	151	6	5	210	6	218	9.22e-11	57.4
HP1171	BSU07420	22.944	231	141	5	4	205	3	225	2.11e-09	53.9
HP1171	BSU07420	25.118	211	121	8	3	206	324	504	1.40e-05	42.4
HP1171	BSU14430	21.186	236	138	5	14	217	11	230	7.98e-09	52.4
HP1171	BSU14430	22.458	236	156	7	4	234	319	532	2.44e-07	47.8
HP1171	BSU05610	22.066	213	140	6	5	215	292	480	4.13e-08	50.1
HP1171	BSU05610	21.827	197	111	4	15	209	15	170	6.51e-04	37.4
HP1171	BSU37390	20.388	206	154	4	4	204	3	203	1.54e-07	47.8
HP1171	BSU35700	21.182	203	128	4	23	217	42	220	1.17e-05	42.7
HP1171	BSU40150	25.000	160	98	6	19	178	15	152	3.02e-04	37.7
HP1171	BSU35160	27.586	87	59	2	117	199	804	890	0.003	35.4
HP1171	BSU35160	22.353	85	63	2	117	198	463	547	0.68	28.1
HP1171	BSU00150	30.159	63	39	2	27	86	1	61	0.97	26.9
HP1171	BSU16940	27.907	86	46	3	18	98	139	213	2.1	26.2
HP1171	BSU13670	25.301	83	50	4	53	133	69	141	2.2	25.4
HP1171	BSU03900	27.500	80	50	2	172	243	66	145	2.4	26.2
HP1171	BSU16350	23.611	72	55	0	63	134	51	122	3.1	25.4
HP1171	BSU30560	58.824	17	7	0	29	45	225	241	6.9	24.6
HP1171	BSU31690	25.000	48	36	0	175	222	416	463	8.0	24.6
HP1172	BSU27440	30.682	264	170	6	8	259	3	265	5.83e-30	110
HP1172	BSU29380	30.000	160	99	5	12	167	9	159	2.94e-09	53.5
HP1172	BSU29370	29.560	159	101	5	1	156	1	151	1.37e-07	48.5
HP1172	BSU23980	30.128	156	96	6	7	159	1	146	1.10e-06	45.4
HP1172	BSU39500	26.471	170	117	5	43	208	34	199	2.70e-06	44.3
HP1172	BSU03610	28.235	170	96	7	12	169	8	163	6.89e-06	43.1
HP1172	BSU03380	26.974	152	92	6	13	152	14	158	3.53e-04	38.1
HP1172	BSU26740	26.531	98	59	4	146	242	312	397	0.64	28.1
HP1172	BSU03190	35.135	37	21	1	230	263	86	122	0.81	27.7
HP1172	BSU24820	40.000	25	13	1	12	34	7	31	9.6	24.3
HP1172	BSU13980	35.294	34	22	0	209	242	566	599	9.9	24.6
HP1173	BSU37180	23.944	71	42	2	24	91	392	453	2.5	25.4
HP1173	BSU08980	47.619	21	11	0	146	166	150	170	3.4	25.0
HP1173	BSU00520	42.222	45	24	2	110	153	35	78	7.3	23.9
HP1173	BSU00540	31.429	35	24	0	118	152	25	59	7.6	22.7
HP1173	BSU15530	30.909	55	37	1	120	173	123	177	9.0	23.5
HP1173	BSU12700	22.936	109	58	4	6	88	157	265	9.7	23.5
HP1174	BSU03330	22.222	144	94	4	185	321	169	301	0.096	31.6
HP1174	BSU01890	24.490	147	81	4	99	238	93	216	0.11	31.2
HP1174	BSU00500	36.066	61	31	3	236	292	338	394	0.39	29.6
HP1174	BSU10980	43.750	32	18	0	126	157	131	162	0.52	29.3
HP1174	BSU10520	24.880	209	135	6	170	361	145	348	0.52	29.3
HP1174	BSU10840	31.481	54	36	1	275	328	228	280	1.8	27.3
HP1174	BSU30350	29.762	84	55	2	76	158	273	353	2.2	26.9
HP1174	BSU30350	23.741	139	103	2	270	407	50	186	8.6	25.4
HP1174	BSU36470	31.429	35	24	0	19	53	430	464	4.1	26.2
HP1174	BSU25180	33.962	53	33	1	348	398	66	118	4.6	25.8
HP1174	BSU36480	42.424	33	17	1	375	405	260	292	4.7	26.2
HP1174	BSU12860	28.037	107	58	6	119	210	252	354	7.3	25.4
HP1174	BSU39390	32.143	56	29	3	101	148	253	307	8.9	25.4
HP1174	BSU17540	41.667	24	14	0	244	267	10	33	9.6	24.3
HP1175	BSU29990	35.748	428	266	4	4	427	2	424	2.60e-82	257
HP1175	BSU06370	35.828	441	268	4	3	434	4	438	1.62e-81	255
HP1175	BSU01580	29.921	127	79	5	248	370	223	343	0.12	31.2
HP1175	BSU06350	32.877	73	43	4	318	390	36	102	3.7	26.6
HP1175	BSU15210	28.846	104	57	5	6	100	130	225	4.1	26.2
HP1175	BSU22140	37.500	32	20	0	290	321	29	60	4.6	26.2
HP1175	BSU12360	35.849	53	33	1	358	410	54	105	4.9	26.2
HP1175	BSU23250	27.907	43	29	1	282	322	64	106	9.4	24.6
HP1177	BSU14570	31.183	93	52	4	306	386	44	136	0.19	30.8
HP1177	BSU01280	27.273	66	47	1	558	622	36	101	1.5	27.7
HP1177	BSU39760	33.333	36	24	0	48	83	77	112	2.1	28.1
HP1177	BSU37690	21.053	76	53	1	497	572	235	303	6.3	26.6
HP1177	BSU25350	28.889	90	38	3	521	609	70	134	6.6	26.2
HP1177	BSU20800	33.333	33	22	0	348	380	342	374	8.2	26.2
HP1177	BSU36170	26.087	69	49	1	150	216	160	228	8.6	25.8
HP1177	BSU16580	25.882	85	59	2	351	433	70	152	9.9	26.2
HP1178	BSU19630	43.777	233	130	1	1	233	1	232	1.72e-66	202
HP1178	BSU27270	21.233	146	86	5	49	176	35	169	0.010	33.1
HP1178	BSU15270	29.231	65	42	2	153	217	57	117	0.19	28.5
HP1178	BSU10530	30.556	36	25	0	17	52	87	122	1.6	26.6
HP1178	BSU01080	30.000	50	32	1	43	89	329	378	1.7	26.6
HP1178	BSU00210	26.667	75	49	3	16	88	69	139	2.9	25.4
HP1178	BSU04170	28.571	49	31	1	168	216	115	159	4.8	25.0
HP1178	BSU29480	44.000	25	14	0	23	47	104	128	5.0	25.0
HP1178	BSU17120	33.333	27	17	1	75	100	523	549	5.6	25.0
HP1178	BSU34930	28.070	57	34	1	15	71	90	139	6.1	24.6
HP1178	BSU39510	56.250	16	7	0	131	146	17	32	6.2	24.3
HP1179	BSU23500	44.010	409	202	10	4	409	8	392	4.85e-98	295
HP1179	BSU08720	33.871	62	35	2	342	399	12	71	0.030	32.0
HP1179	BSU30010	32.558	43	23	1	239	275	18	60	2.0	26.9
HP1179	BSU39920	23.770	122	73	5	230	342	139	249	2.2	27.3
HP1179	BSU18690	27.692	65	39	2	105	163	66	128	6.6	25.4
HP1179	BSU33860	29.412	68	44	2	310	373	107	174	6.9	25.4
HP1180	BSU32180	47.330	412	202	5	6	413	4	404	7.34e-121	354
HP1180	BSU39410	32.274	409	253	7	6	411	4	391	3.30e-55	184
HP1180	BSU39020	26.634	413	278	7	6	413	4	396	4.85e-36	133
HP1180	BSU18320	40.000	30	18	0	219	248	1498	1527	1.6	27.7
HP1180	BSU05650	26.596	94	50	3	168	260	339	414	1.9	27.7
HP1180	BSU38050	24.706	85	61	1	226	307	75	159	3.8	26.6
HP1181	BSU35090	25.523	239	151	7	24	245	31	259	2.76e-09	55.5
HP1181	BSU16825	23.653	427	272	18	3	404	2	399	1.23e-08	53.5
HP1181	BSU05680	28.481	158	97	3	26	175	28	177	3.24e-08	52.0
HP1181	BSU32880	33.051	118	71	4	48	160	56	170	3.84e-08	52.0
HP1181	BSU10980	26.452	310	201	12	55	346	60	360	1.33e-07	50.1
HP1181	BSU24010	23.936	376	253	12	16	373	19	379	1.96e-07	49.7
HP1181	BSU37750	26.966	178	108	8	3	166	12	181	3.76e-07	48.9
HP1181	BSU02950	37.179	78	45	2	60	134	67	143	2.55e-06	46.2
HP1181	BSU40770	29.839	124	83	3	60	179	70	193	2.58e-06	46.2
HP1181	BSU40770	23.837	172	104	5	196	357	12	166	5.4	26.2
HP1181	BSU40770	26.415	106	74	3	50	151	304	409	7.1	25.8
HP1181	BSU09010	31.111	90	52	3	62	147	72	155	4.61e-06	45.4
HP1181	BSU26590	22.539	386	252	12	16	373	23	389	5.01e-06	45.1
HP1181	BSU08400	28.000	150	100	3	59	206	68	211	1.52e-05	43.9
HP1181	BSU07910	53.846	39	15	1	52	90	250	285	2.98e-04	39.7
HP1181	BSU03070	31.159	138	85	4	45	176	52	185	3.54e-04	39.7
HP1181	BSU31130	26.761	142	89	5	33	169	43	174	5.75e-04	38.9
HP1181	BSU39810	35.616	73	45	2	60	132	65	135	7.24e-04	38.5
HP1181	BSU37570	30.000	70	46	1	60	126	73	142	7.47e-04	38.5
HP1181	BSU38640	27.966	118	81	3	20	134	34	150	0.001	37.7
HP1181	BSU12360	26.230	244	154	11	60	283	64	301	0.002	37.0
HP1181	BSU17630	25.325	154	95	6	60	203	71	214	0.003	36.6
HP1181	BSU31480	23.784	370	233	14	21	362	14	362	0.003	36.6
HP1181	BSU01890	29.412	85	58	1	62	146	63	145	0.006	35.4
HP1181	BSU40660	30.303	132	78	5	245	371	262	384	0.006	35.4
HP1181	BSU35830	23.810	147	101	3	42	182	46	187	0.014	34.3
HP1181	BSU36450	23.129	294	192	12	50	329	57	330	0.018	33.9
HP1181	BSU08260	21.883	393	232	14	36	372	66	439	0.018	33.9
HP1181	BSU40840	24.603	126	91	3	60	182	87	211	0.020	33.9
HP1181	BSU06230	26.596	94	56	3	36	126	56	139	0.059	32.3
HP1181	BSU33960	28.125	64	46	0	29	92	50	113	0.064	32.3
HP1181	BSU10580	20.065	309	210	10	60	352	71	358	0.065	32.3
HP1181	BSU36480	27.273	143	88	6	49	182	54	189	0.16	30.8
HP1181	BSU03330	28.947	76	50	1	7	78	12	87	0.21	30.4
HP1181	BSU38420	26.582	79	58	0	360	438	17	95	0.29	30.0
HP1181	BSU23730	22.581	186	119	9	23	194	29	203	0.30	30.0
HP1181	BSU39930	25.000	112	68	4	12	109	8	117	0.51	29.3
HP1181	BSU35210	31.944	72	48	1	54	124	58	129	0.59	29.3
HP1181	BSU39710	27.143	70	47	2	60	126	70	138	0.69	28.9
HP1181	BSU30350	24.779	113	78	2	248	359	252	358	1.3	28.1
HP1181	BSU24210	28.261	46	33	0	56	101	276	321	2.4	26.9
HP1181	BSU28490	41.667	36	19	1	17	52	470	503	4.2	26.6
HP1181	BSU37700	28.333	60	34	2	12	68	15	68	4.2	26.2
HP1181	BSU35570	27.500	120	74	5	200	306	48	167	5.1	26.2
HP1181	BSU07860	50.000	26	10	1	60	82	63	88	5.4	26.2
HP1181	BSU17570	37.736	53	27	3	92	141	368	417	5.5	26.2
HP1181	BSU31390	35.484	31	20	0	381	411	88	118	6.0	25.0
HP1181	BSU20350	37.931	29	18	0	236	264	343	371	6.5	25.8
HP1181	BSU38340	32.787	61	40	1	16	75	21	81	6.7	25.8
HP1181	BSU18810	50.000	18	9	0	65	82	3	20	7.5	24.6
HP1181	BSU08380	29.474	95	61	2	283	375	302	392	7.9	25.4
HP1182	BSU00670	24.681	235	148	8	7	229	2	219	7.10e-08	49.7
HP1182	BSU23770	38.182	55	23	5	62	110	185	234	0.18	29.6
HP1182	BSU02770	37.500	24	15	0	66	89	59	82	2.3	26.2
HP1182	BSU19180	28.378	74	44	3	118	190	57	122	3.4	25.8
HP1182	BSU17190	30.000	40	28	0	146	185	1205	1244	4.3	25.4
HP1182	BSU28080	29.730	74	45	2	115	181	264	337	4.3	25.4
HP1182	BSU16280	36.364	33	21	0	203	235	45	77	5.8	24.3
HP1182	BSU13220	35.556	45	24	2	4	47	124	164	8.9	24.3
HP1183	BSU11640	27.105	380	238	10	27	382	30	394	9.02e-20	87.8
HP1183	BSU34390	33.333	63	39	2	258	317	303	365	0.16	30.8
HP1183	BSU09850	32.203	59	40	0	45	103	54	112	1.2	27.7
HP1183	BSU11900	32.812	64	41	2	252	314	270	332	2.4	26.9
HP1183	BSU03730	35.000	40	25	1	106	145	90	128	3.1	26.2
HP1183	BSU02180	26.531	49	32	2	209	257	28	72	5.7	24.6
HP1183	BSU16845	39.286	28	17	0	178	205	267	294	6.2	25.8
HP1183	BSU03550	38.889	36	19	1	40	72	114	149	6.8	25.4
HP1184	BSU18370	24.719	445	312	9	10	440	15	450	3.31e-21	92.8
HP1184	BSU21710	22.314	242	160	9	128	356	126	352	0.003	36.6
HP1184	BSU10820	25.952	289	172	14	48	312	51	321	0.052	32.7
HP1184	BSU37750	26.496	117	66	5	295	411	209	305	1.2	28.1
HP1184	BSU15530	32.143	56	29	2	120	175	69	115	2.9	26.6
HP1184	BSU36020	27.586	58	33	2	100	148	8	65	4.4	26.2
HP1184	BSU09000	31.034	29	20	0	84	112	8	36	8.8	25.0
HP1184	BSU06230	22.951	122	77	2	63	182	53	159	9.3	25.4
HP1185	BSU29040	28.836	378	248	8	7	371	3	372	1.51e-39	142
HP1185	BSU08540	30.081	369	236	7	16	373	12	369	8.65e-39	140
HP1185	BSU05800	24.929	353	256	3	15	362	4	352	3.68e-30	116
HP1185	BSU01890	23.626	364	274	4	15	376	6	367	4.23e-29	113
HP1185	BSU37750	30.120	166	116	0	6	171	10	175	2.06e-15	73.9
HP1185	BSU08400	30.000	170	111	4	3	171	5	167	1.51e-09	56.2
HP1185	BSU02960	24.713	348	230	11	15	342	3	338	5.97e-08	50.8
HP1185	BSU05680	27.572	243	159	6	39	268	37	275	8.61e-06	44.3
HP1185	BSU36450	22.308	260	191	4	75	329	72	325	3.40e-05	42.4
HP1185	BSU40770	25.000	140	104	1	29	167	29	168	9.11e-05	41.2
HP1185	BSU03840	29.000	100	71	0	75	174	75	174	2.48e-04	39.7
HP1185	BSU02670	23.077	169	129	1	4	171	6	174	0.007	35.0
HP1185	BSU12360	22.170	212	141	5	97	287	91	299	0.007	35.0
HP1185	BSU12360	25.556	90	62	2	117	205	335	420	1.7	27.3
HP1185	BSU40570	20.370	162	118	3	40	196	48	203	0.033	32.7
HP1185	BSU05310	22.581	155	101	5	131	273	131	278	0.090	31.6
HP1185	BSU35830	23.377	154	117	1	40	193	34	186	0.17	30.8
HP1185	BSU07320	27.397	73	48	1	225	297	246	313	0.32	29.6
HP1185	BSU40840	22.603	146	99	4	72	209	89	228	0.58	28.9
HP1185	BSU38640	22.051	390	258	13	13	379	23	389	0.66	28.9
HP1185	BSU40660	25.424	59	42	1	138	196	137	193	0.78	28.5
HP1185	BSU17630	21.649	97	76	0	42	138	43	139	0.91	28.5
HP1185	BSU30070	31.250	64	42	1	120	183	143	204	1.1	28.1
HP1185	BSU06230	28.378	74	51	1	42	113	43	116	2.6	26.9
HP1185	BSU16780	46.154	26	14	0	344	369	428	453	3.1	26.6
HP1185	BSU35090	20.741	270	202	5	12	272	8	274	4.1	26.2
HP1185	BSU02480	18.041	194	126	4	24	196	26	207	4.6	26.2
HP1185	BSU19570	30.435	46	31	1	12	57	102	146	4.9	25.8
HP1185	BSU11480	28.070	57	41	0	102	158	101	157	7.0	25.4
HP1186	BSU39680	38.710	31	19	0	83	113	150	180	1.3	26.6
HP1186	BSU37740	26.744	86	45	2	2	69	12	97	2.3	25.8
HP1186	BSU09190	32.000	50	32	1	42	91	44	91	2.4	26.2
HP1186	BSU31960	37.500	32	20	0	205	236	1231	1262	4.3	25.4
HP1186	BSU20570	25.641	39	29	0	127	165	26	64	5.8	23.5
HP1186	BSU37820	29.032	62	34	2	192	246	5	63	6.9	24.6
HP1186	BSU31120	25.333	75	48	1	98	172	101	167	7.4	24.6
HP1186	BSU00050	46.429	28	15	0	154	181	25	52	7.5	23.1
HP1186	BSU34950	25.490	51	37	1	134	184	45	94	8.7	24.3
HP1187	BSU17180	28.571	70	49	1	249	318	1017	1085	0.12	31.2
HP1187	BSU09950	34.444	90	39	5	110	184	11	95	1.9	26.9
HP1187	BSU14330	26.316	76	49	4	152	226	525	594	3.3	26.6
HP1187	BSU21610	37.736	53	28	4	104	155	8	56	5.2	25.8
HP1187	BSU32840	25.000	96	61	4	293	381	304	395	5.3	25.8
HP1188	BSU32840	30.556	36	21	1	306	341	364	395	6.2	25.4
HP1188	BSU03760	39.394	33	19	1	209	240	262	294	9.5	25.0
HP1189	BSU16750	44.868	341	179	6	2	339	3	337	2.59e-94	281
HP1189	BSU11190	25.654	191	105	7	6	166	3	186	0.042	32.3
HP1189	BSU29020	29.268	82	54	4	103	183	125	203	0.39	29.3
HP1189	BSU23620	34.043	47	29	1	283	327	81	127	0.39	29.3
HP1189	BSU01460	29.592	98	54	4	6	92	23	116	1.1	27.7
HP1189	BSU27280	35.821	67	27	4	143	200	136	195	2.1	26.6
HP1189	BSU36620	32.857	70	37	2	6	75	3	62	2.3	26.6
HP1189	BSU13210	25.490	51	35	1	185	235	125	172	4.1	25.8
HP1189	BSU07750	22.642	53	36	1	219	271	138	185	5.0	25.8
HP1189	BSU11240	32.075	53	34	1	53	103	614	666	5.0	25.8
HP1189	BSU29470	46.154	26	14	0	267	292	129	154	6.9	25.4
HP1189	BSU27770	25.000	44	31	1	236	277	99	142	7.0	25.0
HP1189	BSU23960	29.091	55	37	1	106	158	30	84	8.3	24.6
HP1190	BSU27560	26.698	427	280	13	6	423	5	407	7.73e-33	125
HP1190	BSU34930	26.074	326	227	9	9	333	9	321	4.07e-24	100
HP1190	BSU28630	24.691	81	59	1	72	152	717	795	0.20	30.8
HP1190	BSU24890	35.714	56	33	1	241	296	18	70	0.39	29.3
HP1190	BSU08600	37.931	29	18	0	287	315	48	76	1.3	28.1
HP1190	BSU33610	32.143	56	38	0	237	292	385	440	1.8	27.7
HP1190	BSU05920	27.586	87	43	4	232	305	26	105	2.1	26.9
HP1190	BSU29230	26.562	64	44	1	361	424	459	519	2.4	27.3
HP1190	BSU30510	30.864	81	47	4	165	245	110	181	2.5	26.9
HP1190	BSU34440	31.765	85	46	3	163	237	101	183	3.7	26.6
HP1190	BSU07590	34.091	44	26	1	194	234	142	185	4.5	26.2
HP1190	BSU06400	31.579	57	39	0	244	300	41	97	4.6	25.8
HP1190	BSU40820	41.667	24	14	0	291	314	233	256	4.8	26.2
HP1190	BSU20130	33.333	33	22	0	50	82	68	100	4.9	25.4
HP1190	BSU35570	37.838	37	21	2	2	37	330	365	6.1	25.8
HP1190	BSU02680	32.203	59	36	1	326	384	100	154	6.5	25.4
HP1190	BSU23090	25.000	60	44	1	372	431	231	289	6.8	25.8
HP1190	BSU24240	37.097	62	31	3	237	296	257	312	7.1	25.8
HP1190	BSU31410	50.000	30	14	1	161	190	17	45	7.3	25.0
HP1190	BSU12160	29.508	61	38	2	251	308	713	771	7.4	25.8
HP1191	BSU00970	27.027	111	77	3	178	288	8	114	0.48	28.5
HP1191	BSU14190	37.209	43	25	1	217	259	265	305	0.82	28.1
HP1191	BSU15350	38.710	31	19	0	235	265	386	416	1.9	26.9
HP1191	BSU07040	25.532	47	32	1	54	100	57	100	2.2	26.6
HP1191	BSU27100	29.487	78	40	4	67	136	46	116	3.6	25.8
HP1191	BSU24620	36.364	44	28	0	209	252	137	180	3.8	25.8
HP1191	BSU13840	47.826	23	12	0	296	318	50	72	8.3	24.6
HP1192	BSU28180	31.818	44	28	1	9	52	37	78	0.15	26.9
HP1192	BSU08660	26.389	72	37	2	36	91	13	84	0.58	24.6
HP1192	BSU04640	41.379	29	17	0	1	29	26	54	5.2	22.7
HP1192	BSU06320	40.000	30	18	0	37	66	130	159	9.0	21.9
HP1192	BSU06320	40.000	30	18	0	56	85	130	159	9.0	21.9
HP1192	BSU33020	40.625	32	12	2	11	37	96	125	9.7	21.9
HP1193	BSU02770	33.117	308	191	6	2	302	3	302	3.40e-45	153
HP1193	BSU39780	29.801	302	201	5	8	307	15	307	2.31e-40	140
HP1193	BSU09530	32.567	261	167	4	30	286	32	287	9.01e-38	134
HP1193	BSU26850	30.745	322	195	7	1	306	1	310	2.61e-31	117
HP1193	BSU23620	30.100	299	181	8	1	292	1	278	3.76e-30	113
HP1193	BSU04150	24.199	281	184	8	29	301	27	286	3.21e-11	60.1
HP1193	BSU29050	23.656	279	171	7	24	302	23	259	5.90e-05	40.8
HP1193	BSU33400	22.561	164	94	4	140	303	126	256	0.001	36.6
HP1193	BSU26840	25.253	99	69	3	229	325	18	113	0.099	30.4
HP1193	BSU32160	44.000	25	14	0	9	33	29	53	0.55	27.7
HP1193	BSU39070	35.294	34	22	0	86	119	167	200	5.4	25.4
HP1193	BSU35680	35.417	48	23	2	126	165	178	225	5.7	25.4
HP1193	BSU33170	38.462	26	16	0	55	80	238	263	6.2	25.4
HP1193	BSU15430	28.431	102	53	5	39	132	313	402	6.9	25.4
HP1193	BSU13140	36.667	30	18	1	148	176	101	130	6.9	24.6
HP1193	BSU35630	27.778	54	32	2	253	299	421	474	7.5	25.0
HP1193	BSU15800	44.444	27	15	0	255	281	77	103	7.8	24.6
HP1193	BSU29070	30.435	46	26	1	33	78	2	41	8.1	24.6
HP1193	BSU32130	29.310	58	39	1	235	292	107	162	8.3	25.0
HP1195	BSU01120	64.306	692	246	1	1	692	1	691	0.0	947
HP1195	BSU14770	43.182	132	73	1	8	139	5	134	9.30e-25	106
HP1195	BSU14770	25.751	233	141	7	264	484	181	393	1.44e-12	67.4
HP1195	BSU14770	34.615	78	50	1	599	675	397	474	1.12e-06	48.5
HP1195	BSU25510	35.333	150	89	2	8	152	12	158	8.93e-18	84.0
HP1195	BSU25510	23.789	227	140	7	267	482	178	382	5.23e-09	55.8
HP1195	BSU25510	27.059	85	58	3	602	684	411	493	0.20	31.6
HP1195	BSU01130	34.615	130	79	3	12	138	14	140	7.69e-12	64.3
HP1195	BSU16630	31.298	131	72	1	13	143	222	334	3.96e-08	53.1
HP1195	BSU12160	31.746	63	42	1	503	564	615	677	0.12	32.3
HP1195	BSU06740	27.778	72	50	1	167	238	135	204	0.93	28.9
HP1195	BSU22840	28.431	102	61	6	56	146	32	132	2.1	28.1
HP1195	BSU12130	42.308	26	14	1	106	131	131	155	3.2	27.3
HP1195	BSU40660	21.951	41	32	0	115	155	267	307	3.9	27.3
HP1195	BSU10390	27.778	54	37	1	28	81	289	340	6.2	26.6
HP1195	BSU10120	34.146	41	21	2	30	64	242	282	6.7	26.6
HP1195	BSU38950	39.394	33	11	1	522	545	133	165	8.1	26.2
HP1195	BSU11110	20.161	124	86	3	95	218	142	252	8.6	25.8
HP1196	BSU01110	57.792	154	63	1	4	155	3	156	5.08e-66	195
HP1196	BSU27340	33.333	66	31	2	42	99	80	140	3.3	24.6
HP1196	BSU26210	23.881	67	40	1	21	87	9	64	7.8	23.1
HP1196	BSU28470	66.667	12	4	0	84	95	222	233	9.1	23.5
HP1197	BSU01100	69.343	137	29	1	1	124	1	137	5.04e-62	183
HP1197	BSU12950	52.941	17	8	0	22	38	287	303	3.9	24.3
HP1197	BSU17210	35.294	34	18	1	84	113	4342	4375	4.3	24.3
HP1197	BSU24660	66.667	15	5	0	9	23	25	39	8.7	21.9
HP1198	BSU01080	52.251	955	398	7	1395	2306	6	945	0.0	1023
HP1198	BSU01080	43.388	242	135	1	2638	2879	944	1183	5.68e-54	205
HP1198	BSU01070	40.393	968	468	18	8	947	10	896	0.0	682
HP1198	BSU01070	48.758	322	107	2	1057	1378	888	1151	5.87e-81	290
HP1198	BSU14600	24.812	133	90	5	129	258	209	334	0.075	35.0
HP1198	BSU12300	32.143	56	35	1	85	140	364	416	0.72	32.0
HP1198	BSU28920	30.159	63	36	2	1905	1961	127	187	0.75	31.2
HP1198	BSU12790	21.739	69	54	0	2010	2078	4	72	2.2	28.1
HP1198	BSU31490	31.944	72	45	2	2687	2758	323	390	2.4	30.0
HP1198	BSU32600	29.114	79	49	1	842	920	38	109	2.8	29.6
HP1198	BSU14450	31.148	122	67	7	2624	2731	214	332	4.4	29.3
HP1198	BSU33290	25.641	117	81	2	1308	1423	122	233	6.5	28.5
HP1199	BSU01050	56.000	125	53	1	1	125	1	123	5.18e-32	107
HP1199	BSU22590	32.000	75	48	2	54	125	337	411	0.41	26.9
HP1199	BSU31540	34.545	110	45	7	12	107	167	263	0.55	26.6
HP1199	BSU27370	35.294	34	22	0	36	69	303	336	0.99	25.8
HP1199	BSU12480	35.484	31	20	0	94	124	103	133	1.0	25.4
HP1199	BSU32200	28.070	57	38	2	14	67	119	175	1.5	25.0
HP1199	BSU03860	30.769	39	27	0	69	107	147	185	1.5	25.0
HP1199	BSU29230	18.750	96	73	1	21	116	393	483	1.8	25.0
HP1199	BSU06020	50.000	26	13	0	52	77	15	40	2.2	23.9
HP1199	BSU21450	34.211	38	21	1	8	45	29	62	2.5	24.6
HP1199	BSU17190	47.826	23	12	0	103	125	3791	3813	2.6	24.6
HP1199	BSU37310	34.375	32	21	0	88	119	27	58	5.9	23.1
HP1199	BSU14060	36.111	36	23	0	81	116	13	48	6.6	23.1
HP1199	BSU10980	33.333	63	40	2	23	84	90	151	8.0	23.1
HP1199	BSU16930	25.882	85	60	1	5	89	322	403	8.3	23.1
HP1199	BSU03040	36.170	47	23	2	26	66	1	46	8.3	23.1
HP1199	BSU11480	25.806	62	46	0	27	88	166	227	9.3	22.7
HP1200	BSU01040	32.704	159	93	3	13	163	11	163	1.16e-21	83.2
HP1200	BSU10810	25.862	58	32	1	35	81	140	197	0.76	26.6
HP1200	BSU12350	29.508	61	39	2	96	154	206	264	1.4	25.8
HP1200	BSU29150	27.586	58	41	1	27	84	31	87	2.1	25.0
HP1200	BSU33029	40.909	22	13	0	37	58	1	22	2.9	23.1
HP1200	BSU04510	32.353	34	23	0	89	122	14	47	4.4	23.9
HP1201	BSU01030	55.603	232	98	2	1	230	1	229	2.94e-80	237
HP1201	BSU32240	27.200	125	70	5	83	193	129	246	1.00	26.9
HP1201	BSU09450	43.478	23	13	0	170	192	225	247	1.3	26.6
HP1201	BSU38040	35.484	31	20	0	107	137	210	240	1.9	26.6
HP1201	BSU23070	42.857	35	15	1	104	133	438	472	2.4	26.2
HP1201	BSU18240	34.375	32	21	0	142	173	254	285	3.8	25.4
HP1201	BSU04170	29.851	67	38	4	64	122	297	362	7.1	24.6
HP1202	BSU01020	61.702	141	54	0	1	141	1	141	2.94e-56	169
HP1202	BSU33500	32.000	50	23	1	59	97	495	544	0.85	26.2
HP1202	BSU17200	54.545	22	9	1	3	24	2195	2215	2.3	25.0
HP1202	BSU23620	22.222	54	42	0	63	116	247	300	2.5	24.6
HP1202	BSU04800	27.778	72	47	3	44	114	53	120	4.0	24.3
HP1202	BSU34390	26.984	63	45	1	54	116	300	361	4.1	24.3
HP1202	BSU33810	31.818	66	41	2	30	93	109	172	5.3	23.9
HP1202	BSU08280	22.917	48	37	0	88	135	238	285	6.8	23.5
HP1202	BSU30230	27.143	70	48	1	68	137	171	237	6.8	23.5
HP1202	BSU02720	33.333	24	16	0	33	56	61	84	8.8	23.1
HP1203	BSU01010	36.364	176	107	3	2	174	4	177	2.43e-35	119
HP1203	BSU34630	32.203	59	34	3	71	128	259	312	0.48	27.3
HP1203	BSU33940	43.243	37	21	0	125	161	28	64	0.65	26.9
HP1203	BSU24530	30.357	56	37	1	66	121	20	73	0.76	26.9
HP1203	BSU11390	25.581	43	27	1	19	56	167	209	1.6	25.8
HP1203a	BSU27500	56.250	16	7	0	9	24	158	173	1.7	22.7
HP1203a	BSU18450	40.741	27	16	0	13	39	989	1015	4.4	21.9
HP1203a	BSU27300	50.000	16	8	0	29	44	26	41	4.4	21.6
HP1203a	BSU30620	42.857	21	12	0	39	59	79	99	4.8	21.6
HP1203a	BSU17270	42.308	26	14	1	26	51	1	25	7.7	21.2
HP1204	BSU24900	46.939	49	26	0	1	49	1	49	2.23e-13	54.3
HP1204	BSU23836	56.098	41	18	0	9	49	1	41	1.10e-11	50.1
HP1204	BSU00990	44.898	49	27	0	1	49	1	49	4.10e-10	46.2
HP1204	BSU01510	30.612	49	26	1	1	49	179	219	2.6	21.9
HP1204	BSU12390	29.268	41	27	1	5	43	63	103	4.2	21.6
HP1204	BSU04430	46.667	30	14	1	8	37	236	263	9.8	20.4
HP1205	BSU01130	75.312	401	92	3	1	399	1	396	0.0	587
HP1205	BSU14770	28.571	301	182	11	14	299	9	291	1.69e-19	87.4
HP1205	BSU25510	27.715	267	166	8	3	264	5	249	8.67e-16	75.9
HP1205	BSU16630	31.330	233	126	6	18	248	225	425	1.47e-14	72.0
HP1205	BSU01120	32.867	143	91	5	1	141	1	140	5.75e-12	63.9
HP1205	BSU00180	32.308	65	40	2	60	124	34	94	1.0	27.3
HP1205	BSU02490	34.615	52	26	2	323	374	40	83	1.8	27.3
HP1206	BSU37230	28.632	468	275	14	139	575	114	553	9.86e-49	175
HP1206	BSU08690	44.340	212	111	4	365	571	341	550	2.62e-47	171
HP1206	BSU34820	33.681	288	177	5	286	561	255	540	5.48e-42	156
HP1206	BSU09720	31.142	289	189	5	290	568	347	635	7.04e-41	154
HP1206	BSU14330	32.168	286	181	5	295	568	284	568	1.43e-37	144
HP1206	BSU09710	37.885	227	136	4	349	570	319	545	2.17e-37	143
HP1206	BSU08210	35.747	221	133	5	353	568	318	534	3.91e-37	142
HP1206	BSU08220	34.951	206	132	2	365	568	366	571	4.12e-37	142
HP1206	BSU14320	35.749	207	130	3	365	568	335	541	8.54e-36	138
HP1206	BSU38740	34.375	256	160	4	307	558	271	522	8.40e-32	126
HP1206	BSU38730	31.944	216	142	4	365	577	337	550	3.87e-31	124
HP1206	BSU21470	31.863	204	136	2	354	556	472	673	1.37e-30	123
HP1206	BSU32750	37.273	220	125	6	365	574	2	218	3.02e-29	115
HP1206	BSU30420	35.135	185	110	4	379	556	23	204	1.10e-27	108
HP1206	BSU01450	31.739	230	132	7	359	574	1	219	3.35e-27	108
HP1206	BSU33730	32.673	202	123	4	365	559	2	197	1.94e-26	108
HP1206	BSU33830	33.173	208	114	5	365	559	2	197	1.89e-25	105
HP1206	BSU23960	35.961	203	115	7	365	559	2	197	2.32e-25	102
HP1206	BSU33270	36.946	203	112	8	365	556	2	199	9.35e-25	99.8
HP1206	BSU29340	34.762	210	119	8	365	563	2	204	1.04e-23	97.8
HP1206	BSU30760	34.135	208	116	7	365	562	4	200	1.64e-23	96.7
HP1206	BSU27430	32.843	204	120	6	365	559	2	197	1.81e-23	96.7
HP1206	BSU02860	31.081	222	108	9	365	563	4	203	2.65e-23	95.9
HP1206	BSU01460	33.163	196	105	6	380	559	9	194	4.96e-23	96.3
HP1206	BSU24950	32.836	201	122	6	374	563	22	220	3.99e-22	93.2
HP1206	BSU39480	36.139	202	119	5	365	559	2	200	4.29e-22	92.8
HP1206	BSU34700	28.302	212	137	5	369	568	8	216	2.11e-21	90.9
HP1206	BSU03590	32.828	198	120	6	369	558	8	200	3.65e-21	90.1
HP1206	BSU30610	31.937	191	119	5	372	559	14	196	4.63e-21	90.1
HP1206	BSU34090	30.049	203	119	6	363	558	4	190	2.60e-20	88.6
HP1206	BSU11470	33.333	192	117	5	380	561	24	214	3.42e-20	88.2
HP1206	BSU35260	30.102	196	128	4	365	555	2	193	3.68e-20	86.7
HP1206	BSU13000	34.595	185	107	5	388	561	34	215	3.71e-20	88.6
HP1206	BSU12250	31.707	205	127	4	365	563	13	210	3.97e-20	87.0
HP1206	BSU38660	28.436	211	133	8	365	570	2	199	1.68e-19	86.3
HP1206	BSU02980	35.556	180	98	7	391	559	59	231	3.09e-19	87.0
HP1206	BSU13220	29.876	241	126	12	361	574	4	228	3.35e-19	87.8
HP1206	BSU13220	28.502	207	123	8	365	561	295	486	3.83e-18	84.3
HP1206	BSU08830	35.714	196	111	5	365	556	5	189	5.61e-19	83.6
HP1206	BSU39640	28.169	213	141	6	365	568	5	214	7.01e-19	83.6
HP1206	BSU30380	29.469	207	122	6	376	568	18	214	1.85e-18	82.0
HP1206	BSU14360	31.280	211	128	6	365	564	2	206	3.45e-18	80.9
HP1206	BSU08310	29.126	206	121	7	368	562	5	196	7.74e-18	81.6
HP1206	BSU11370	29.787	188	118	5	385	561	40	224	3.59e-17	79.7
HP1206	BSU07490	28.000	200	139	4	364	559	3	201	5.78e-17	78.2
HP1206	BSU32550	28.718	195	130	5	365	556	4	192	7.20e-17	79.3
HP1206	BSU38810	28.571	203	123	6	364	556	3	193	9.14e-17	79.0
HP1206	BSU24960	31.455	213	122	7	362	558	20	224	3.82e-16	75.9
HP1206	BSU40620	29.703	202	129	4	377	574	13	205	4.78e-16	74.3
HP1206	BSU32940	26.415	212	125	6	365	559	6	203	1.45e-15	73.9
HP1206	BSU02750	30.631	222	121	11	365	568	2	208	2.64e-15	72.8
HP1206	BSU03730	27.919	197	135	4	365	556	4	198	3.57e-15	72.0
HP1206	BSU35940	31.553	206	128	7	364	561	2	202	3.76e-15	74.7
HP1206	BSU35940	25.410	244	150	8	348	561	215	456	6.43e-12	64.7
HP1206	BSU31550	31.606	193	120	6	383	567	22	210	7.30e-15	73.9
HP1206	BSU31550	25.352	213	133	6	336	531	230	433	6.89e-09	55.1
HP1206	BSU33290	27.041	196	123	4	380	563	18	205	8.24e-15	71.6
HP1206	BSU01950	30.286	175	100	5	365	531	4	164	1.18e-14	70.9
HP1206	BSU09080	26.500	200	138	5	365	562	5	197	1.42e-13	68.6
HP1206	BSU03820	29.902	204	126	8	365	559	2	197	4.68e-13	66.2
HP1206	BSU12950	29.333	225	125	11	365	563	5	221	9.98e-13	66.2
HP1206	BSU30450	26.190	210	134	9	365	567	2	197	1.50e-12	65.5
HP1206	BSU11460	29.245	212	126	9	370	561	15	222	3.35e-12	65.1
HP1206	BSU10040	26.636	214	135	9	365	568	4	205	3.84e-12	63.5
HP1206	BSU33160	26.768	198	139	4	368	560	4	200	1.16e-11	63.5
HP1206	BSU11360	26.168	214	125	5	372	561	15	219	1.59e-11	62.4
HP1206	BSU09070	27.619	210	134	8	364	568	2	198	1.89e-11	61.2
HP1206	BSU04490	27.411	197	124	6	380	568	20	205	2.13e-11	62.0
HP1206	BSU15340	28.910	211	129	7	365	561	3	206	2.57e-11	61.2
HP1206	BSU02570	27.273	209	111	7	373	563	13	198	8.14e-11	60.1
HP1206	BSU05950	24.645	211	122	6	355	556	317	499	7.19e-10	58.5
HP1206	BSU05950	26.943	193	90	8	380	534	18	197	1.05e-06	48.1
HP1206	BSU35700	23.077	195	123	5	380	567	38	212	1.33e-09	57.4
HP1206	BSU05610	25.258	194	107	7	363	556	3	158	1.88e-09	57.0
HP1206	BSU05610	25.907	193	119	7	365	556	292	461	2.10e-09	56.6
HP1206	BSU07370	28.492	179	85	3	388	534	26	193	4.16e-08	52.8
HP1206	BSU07370	29.208	202	108	7	365	556	319	495	1.24e-06	48.1
HP1206	BSU30010	24.873	197	128	6	373	565	13	193	5.88e-08	50.8
HP1206	BSU07420	24.171	211	100	7	365	533	4	196	8.69e-08	51.6
HP1206	BSU07420	26.163	172	105	6	368	538	329	479	1.20e-06	47.8
HP1206	BSU14430	21.484	256	127	8	365	574	2	229	4.41e-07	49.3
HP1206	BSU14430	45.714	35	19	0	500	534	440	474	0.025	34.3
HP1206	BSU09890	25.253	198	112	8	384	565	20	197	2.19e-06	46.6
HP1206	BSU32710	30.939	181	104	9	365	531	6	179	4.06e-06	45.4
HP1206	BSU40150	25.778	225	100	8	365	565	1	182	4.28e-05	41.6
HP1206	BSU35160	28.049	82	55	2	493	570	821	902	0.003	37.4
HP1206	BSU37390	19.048	210	154	6	365	565	4	206	0.011	34.7
HP1206	BSU16240	25.676	148	100	3	264	411	41	178	0.073	32.3
HP1206	BSU18970	55.556	18	8	0	86	103	142	159	0.64	29.6
HP1206	BSU25650	30.769	91	53	4	428	515	1	84	1.0	27.3
HP1206	BSU00150	34.043	47	28	2	394	437	7	53	2.9	26.9
HP1206	BSU15940	31.944	72	45	2	500	567	1089	1160	3.4	27.3
HP1206	BSU26260	36.364	44	27	1	370	412	142	185	5.2	26.6
HP1206	BSU28280	40.541	37	19	1	343	376	358	394	8.0	25.8
HP1207	BSU13600	31.579	57	30	2	135	186	133	185	0.042	31.2
HP1207	BSU09240	31.250	32	22	0	3	34	2	33	0.44	27.7
HP1207	BSU32000	27.778	54	39	0	158	211	9	62	0.55	27.7
HP1207	BSU10540	24.299	107	62	3	125	212	171	277	0.59	27.7
HP1207	BSU37280	27.586	58	38	2	65	119	839	895	1.7	26.6
HP1207	BSU24270	34.848	66	33	3	48	103	464	529	1.8	26.6
HP1207	BSU08690	25.000	60	44	1	148	206	381	440	2.4	25.8
HP1207	BSU09190	27.397	73	50	1	108	180	14	83	2.5	25.8
HP1207	BSU24770	21.250	80	52	1	100	179	58	126	3.0	25.0
HP1207	BSU04040	31.034	29	20	0	147	175	176	204	5.2	24.6
HP1207	BSU10810	28.000	50	34	1	7	54	83	132	6.5	24.3
HP1207	BSU38090	32.558	43	27	1	173	215	726	766	9.2	24.3
HP1208	BSU34290	28.571	91	53	3	16	102	266	348	0.015	33.5
HP1208	BSU23570	40.541	37	22	0	175	211	98	134	0.096	31.2
HP1208	BSU15010	33.929	56	23	2	14	55	28	83	2.7	26.2
HP1208	BSU18000	34.000	50	33	0	276	325	598	647	5.0	25.8
HP1208	BSU01060	29.825	57	35	1	43	94	137	193	5.3	25.0
HP1208	BSU03110	30.000	30	21	0	74	103	185	214	5.4	25.4
HP1208	BSU27550	48.148	27	14	0	25	51	31	57	7.1	25.4
HP1208	BSU27510	27.907	43	31	0	42	84	126	168	7.3	25.0
HP1208	BSU05620	30.556	36	24	1	38	72	59	94	7.8	25.0
HP1208	BSU00500	35.849	53	33	1	103	154	138	190	8.4	25.0
HP1208	BSU05720	23.636	55	42	0	219	273	48	102	9.8	24.6
HP1209	BSU16750	32.353	68	35	3	69	131	207	268	1.6	26.6
HP1209	BSU17100	26.190	84	51	2	1	73	197	280	2.5	25.8
HP1209	BSU16700	42.308	26	12	1	42	67	165	187	9.0	24.3
HP1210	BSU00930	58.683	167	69	0	4	170	6	172	5.16e-70	208
HP1210	BSU14180	32.110	109	72	1	59	167	110	216	2.78e-04	37.0
HP1210	BSU14180	34.615	104	44	4	67	156	94	187	0.002	34.7
HP1210	BSU34240	28.440	109	68	2	61	169	111	209	0.007	32.7
HP1210	BSU40850	26.923	52	38	0	118	169	132	183	0.012	32.0
HP1210	BSU40850	31.818	44	30	0	127	170	123	166	1.1	26.2
HP1210	BSU40850	34.286	70	39	2	68	132	114	181	3.6	24.6
HP1210	BSU34960	38.462	39	24	0	132	170	104	142	0.018	31.2
HP1210	BSU34960	28.571	49	35	0	119	167	109	157	0.018	31.2
HP1210	BSU30520	30.488	82	46	2	88	167	68	140	0.11	28.9
HP1210	BSU00500	25.000	80	56	3	92	170	371	447	0.46	27.7
HP1210	BSU00500	33.333	84	49	3	67	144	263	345	0.70	26.9
HP1210	BSU00500	26.549	113	70	3	54	157	232	340	3.8	24.6
HP1210	BSU00060	27.692	65	45	1	79	143	74	136	1.6	25.8
HP1210	BSU14220	29.730	37	26	0	10	46	26	62	1.9	25.4
HP1210	BSU40720	26.744	86	45	3	58	137	3	76	2.5	24.6
HP1210	BSU13880	32.558	43	21	2	4	43	219	256	5.1	24.3
HP1212	BSU36860	38.636	44	27	0	56	99	26	69	5.93e-05	35.4
HP1212	BSU23770	28.571	56	39	1	49	104	328	382	0.078	28.5
HP1212	BSU28070	36.923	65	34	3	8	66	154	217	1.1	25.0
HP1212	BSU35340	25.000	52	39	0	40	91	162	213	2.1	24.3
HP1212	BSU24430	38.235	34	21	0	11	44	92	125	5.1	23.1
HP1212	BSU39360	26.087	46	28	1	24	63	459	504	5.3	23.1
HP1212	BSU18130	33.333	39	26	0	27	65	1	39	8.6	22.3
HP1213	BSU16690	37.196	699	402	11	5	685	9	688	5.03e-147	441
HP1213	BSU28370	23.902	205	117	7	313	493	1	190	1.10e-05	44.3
HP1213	BSU22880	31.343	67	41	1	627	688	274	340	5.18e-04	39.7
HP1213	BSU22880	30.303	66	40	2	620	680	182	246	0.004	36.6
HP1213	BSU00630	35.385	65	36	2	629	687	9	73	0.003	35.4
HP1213	BSU33610	22.353	85	47	2	622	687	621	705	0.64	30.0
HP1213	BSU12410	43.902	41	22	1	261	301	7	46	2.2	27.3
HP1213	BSU04780	28.788	66	40	2	629	687	652	717	2.3	28.1
HP1213	BSU36540	31.667	60	32	2	37	87	13	72	3.0	26.6
HP1213	BSU12680	57.143	21	9	0	241	261	262	282	4.5	27.3
HP1213	BSU38730	45.000	40	14	2	32	71	272	303	6.6	26.6
HP1213	BSU31390	24.658	73	48	2	622	687	4	76	6.7	25.4
HP1213	BSU30150	27.358	106	59	5	189	292	600	689	7.2	26.6
HP1213	BSU24840	30.000	70	47	1	123	190	8	77	7.7	26.2
HP1214	BSU14280	32.653	49	33	0	117	165	365	413	0.14	29.6
HP1214	BSU25390	40.426	47	17	2	151	188	6	50	1.1	26.9
HP1214	BSU38770	31.667	60	32	2	147	203	168	221	1.5	26.6
HP1214	BSU18610	28.814	59	40	1	22	78	152	210	2.6	25.8
HP1214	BSU17220	30.000	40	25	1	156	192	2024	2063	4.0	25.4
HP1214	BSU22090	64.706	17	6	0	142	158	95	111	6.0	24.6
HP1214	BSU35800	35.135	37	24	0	129	165	118	154	9.0	24.3
HP1214	BSU06130	34.091	44	26	2	5	47	40	81	9.6	23.5
HP1214	BSU20950	36.842	19	12	0	203	221	24	42	10.0	22.7
HP1215	BSU35580	63.158	19	7	0	700	718	315	333	2.4	28.1
HP1215	BSU20980	34.000	50	33	0	54	103	223	272	2.4	28.1
HP1215	BSU03710	44.000	25	14	0	538	562	150	174	9.6	26.2
HP1215	BSU22700	33.333	33	22	0	403	435	255	287	9.9	26.2
HP1217	BSU38560	50.000	18	9	0	125	142	134	151	3.0	25.0
HP1217	BSU23210	34.783	46	23	1	95	133	124	169	6.0	23.9
HP1217	BSU31600	30.769	52	28	1	18	61	102	153	6.1	23.9
HP1217	BSU03020	28.205	39	28	0	118	156	201	239	8.2	23.5
HP1217	BSU30300	46.154	13	7	0	130	142	137	149	9.4	23.5
HP1218	BSU06530	31.517	422	272	5	8	418	2	417	6.89e-59	195
HP1218	BSU15520	20.896	201	146	4	48	243	611	803	2.28e-07	50.1
HP1218	BSU11240	23.394	218	151	5	56	269	620	825	4.08e-07	48.9
HP1218	BSU02230	25.625	160	101	6	50	193	42	199	0.040	32.7
HP1218	BSU37710	22.901	131	84	2	70	185	103	231	0.13	31.2
HP1218	BSU24340	25.000	164	104	7	36	186	49	206	0.33	30.0
HP1218	BSU39860	20.000	80	57	1	84	156	306	385	1.4	27.7
HP1218	BSU14680	50.000	22	10	1	338	358	56	77	3.5	25.8
HP1218	BSU13530	29.032	62	35	2	124	176	621	682	4.6	26.2
HP1218	BSU22460	27.778	54	39	0	371	424	11	64	5.3	25.8
HP1218	BSU05720	26.190	84	58	2	154	236	234	314	5.9	25.8
HP1218	BSU36050	27.869	61	44	0	320	380	59	119	7.0	25.4
HP1218	BSU27440	30.769	26	18	0	285	310	91	116	9.4	25.0
HP1220	BSU09070	32.143	224	147	3	1	220	1	223	6.45e-39	131
HP1220	BSU30450	25.333	225	165	2	2	223	1	225	3.67e-29	107
HP1220	BSU09890	28.636	220	152	3	2	216	1	220	2.44e-27	103
HP1220	BSU10040	30.000	230	151	5	2	222	3	231	3.48e-25	96.3
HP1220	BSU01950	29.108	213	137	4	2	204	3	211	6.49e-24	92.8
HP1220	BSU38660	28.700	223	119	5	2	203	1	204	6.95e-24	94.0
HP1220	BSU30760	30.180	222	130	6	3	207	4	217	1.03e-22	89.7
HP1220	BSU08310	26.168	214	150	3	2	207	1	214	2.09e-22	90.1
HP1220	BSU02570	28.704	216	134	8	2	204	4	212	3.62e-22	89.4
HP1220	BSU04490	28.972	214	138	5	2	205	5	214	7.95e-22	88.6
HP1220	BSU02750	27.397	219	148	5	15	223	18	235	1.39e-21	86.7
HP1220	BSU37390	29.268	205	134	3	18	211	20	224	1.53e-21	86.3
HP1220	BSU34090	27.149	221	143	4	3	213	6	218	2.05e-21	87.0
HP1220	BSU31550	27.103	214	143	4	2	202	4	217	2.51e-21	88.6
HP1220	BSU31550	22.105	190	126	5	14	181	269	458	0.007	33.9
HP1220	BSU30010	27.273	220	140	6	16	224	19	229	8.49e-20	81.6
HP1220	BSU33730	27.982	218	145	6	2	207	1	218	4.43e-19	81.6
HP1220	BSU09080	25.581	215	152	4	2	209	4	217	1.14e-17	77.0
HP1220	BSU23960	23.423	222	158	3	2	211	1	222	1.38e-17	75.9
HP1220	BSU33830	26.906	223	151	6	2	212	1	223	2.33e-17	76.6
HP1220	BSU40620	27.751	209	141	4	2	203	1	206	2.70e-17	74.7
HP1220	BSU30610	32.121	165	102	5	2	157	3	166	7.54e-17	73.9
HP1220	BSU02860	24.074	216	146	5	2	202	3	215	1.06e-16	73.2
HP1220	BSU29340	25.112	223	148	5	2	207	1	221	1.77e-15	70.5
HP1220	BSU33270	24.091	220	149	6	2	204	1	219	3.64e-15	68.9
HP1220	BSU15340	26.609	233	147	7	1	212	1	230	3.73e-15	69.3
HP1220	BSU27430	24.651	215	150	5	2	204	1	215	4.03e-15	68.9
HP1220	BSU35940	23.111	225	159	3	1	211	1	225	6.36e-15	70.1
HP1220	BSU35940	19.903	206	146	5	17	203	266	471	5.54e-07	46.6
HP1220	BSU03590	24.324	222	152	3	2	207	1	222	7.60e-15	68.6
HP1220	BSU13220	26.267	217	145	5	2	208	294	505	1.74e-14	68.9
HP1220	BSU13220	24.670	227	152	7	2	209	7	233	1.70e-07	48.1
HP1220	BSU08830	27.895	190	128	3	18	202	22	207	2.39e-14	67.0
HP1220	BSU39480	24.783	230	150	7	2	212	1	226	2.60e-14	67.0
HP1220	BSU03820	25.106	235	161	5	2	223	1	233	2.61e-14	67.0
HP1220	BSU35260	24.103	195	135	6	2	183	1	195	5.96e-14	65.5
HP1220	BSU24950	24.569	232	148	8	4	212	15	242	2.94e-13	63.9
HP1220	BSU38810	24.651	215	147	5	5	207	6	217	4.21e-13	64.3
HP1220	BSU33290	25.346	217	146	5	6	207	7	222	6.58e-13	63.2
HP1220	BSU11360	26.531	245	141	9	2	212	4	243	8.13e-13	63.5
HP1220	BSU32550	24.519	208	145	4	6	203	7	212	2.71e-12	62.0
HP1220	BSU34700	24.775	222	144	8	2	202	3	222	3.24e-12	61.2
HP1220	BSU32940	26.009	223	143	6	3	207	6	224	3.50e-12	61.2
HP1220	BSU24960	23.913	230	146	8	2	207	22	246	4.02e-12	60.8
HP1220	BSU01450	22.959	196	137	6	2	183	6	201	7.82e-12	60.1
HP1220	BSU12250	23.786	206	125	4	18	204	32	224	9.83e-12	59.7
HP1220	BSU07370	46.552	58	31	0	2	59	3	60	2.06e-11	59.7
HP1220	BSU07370	25.301	166	103	6	2	157	318	472	0.012	33.1
HP1220	BSU07490	26.267	217	144	6	6	207	7	222	3.67e-11	58.2
HP1220	BSU01460	26.415	212	130	7	17	207	9	215	5.28e-11	57.8
HP1220	BSU05610	22.816	206	130	6	2	198	291	476	1.96e-10	56.6
HP1220	BSU05610	27.564	156	89	4	2	157	4	135	4.57e-09	52.8
HP1220	BSU32750	23.144	229	151	7	2	209	1	225	7.52e-10	54.7
HP1220	BSU39640	22.650	234	133	7	2	203	4	221	1.91e-09	53.1
HP1220	BSU05950	33.929	112	57	5	1	110	2	98	2.08e-09	53.9
HP1220	BSU05950	25.444	169	105	6	2	162	326	481	0.003	35.0
HP1220	BSU03730	23.729	177	121	6	20	183	23	198	2.44e-08	49.7
HP1220	BSU14320	21.795	234	158	7	3	216	335	563	8.41e-08	48.9
HP1220	BSU11370	25.221	226	141	8	10	212	28	248	1.31e-07	48.1
HP1220	BSU14360	17.949	234	146	6	2	204	1	219	1.82e-07	47.0
HP1220	BSU38730	27.111	225	137	9	7	212	341	557	2.79e-07	47.4
HP1220	BSU30380	19.615	260	157	9	1	228	2	241	3.91e-07	46.2
HP1220	BSU11460	23.967	242	151	14	2	212	7	246	5.96e-07	46.2
HP1220	BSU08220	22.831	219	150	6	16	218	380	595	8.58e-07	45.8
HP1220	BSU07420	23.810	273	150	13	2	226	3	265	8.99e-07	45.8
HP1220	BSU07420	24.540	163	113	3	21	183	343	495	5.11e-06	43.5
HP1220	BSU30420	24.590	183	124	6	15	183	22	204	1.02e-06	45.1
HP1220	BSU13000	23.295	176	114	6	14	170	23	196	1.53e-06	44.7
HP1220	BSU33160	25.359	209	141	5	6	199	4	212	4.50e-06	43.5
HP1220	BSU14430	34.694	49	32	0	2	50	1	49	6.04e-06	43.1
HP1220	BSU14430	22.981	161	111	5	2	157	319	471	1.23e-04	39.3
HP1220	BSU12950	22.034	236	153	9	2	207	4	238	6.27e-06	43.1
HP1220	BSU11470	22.886	201	128	7	2	178	5	202	3.18e-05	40.8
HP1220	BSU34820	18.447	206	136	4	33	216	372	567	4.87e-05	40.4
HP1220	BSU35700	20.379	211	148	5	17	219	38	236	3.44e-04	38.1
HP1220	BSU37230	23.243	185	120	6	16	183	347	526	3.71e-04	37.7
HP1220	BSU02980	21.226	212	153	5	10	207	41	252	4.56e-04	37.4
HP1220	BSU14330	23.171	164	95	4	16	157	377	531	0.003	35.0
HP1220	BSU21470	20.430	186	117	5	18	183	499	673	0.004	34.7
HP1220	BSU08210	19.231	234	152	6	3	212	330	550	0.005	34.3
HP1220	BSU38740	25.000	220	130	6	16	212	341	548	0.010	33.5
HP1220	BSU32710	22.280	193	115	8	18	183	21	205	0.014	32.7
HP1220	BSU08690	18.930	243	166	8	3	225	341	572	0.039	31.6
HP1220	BSU12420	53.846	26	12	0	25	50	217	242	0.062	30.8
HP1220	BSU40150	24.503	151	88	4	33	175	31	163	0.10	29.6
HP1220	BSU09710	20.968	186	133	3	18	190	354	538	0.16	29.6
HP1220	BSU25340	36.667	60	34	2	34	90	136	194	0.26	28.9
HP1220	BSU00150	60.000	20	8	0	30	49	6	25	0.32	28.5
HP1220	BSU35160	23.164	177	111	7	71	223	416	591	0.45	28.5
HP1220	BSU35160	37.037	27	17	0	18	44	16	42	0.68	27.7
HP1220	BSU35160	32.000	50	29	2	117	161	819	868	1.8	26.6
HP1220	BSU35160	39.286	28	17	0	18	45	622	649	2.6	26.2
HP1220	BSU00280	33.846	65	38	4	30	90	5	68	0.49	27.7
HP1220	BSU28220	34.694	49	29	1	1	49	85	130	0.50	28.1
HP1220	BSU07260	26.562	64	30	2	49	95	514	577	0.51	28.1
HP1220	BSU16400	28.788	66	33	1	29	94	176	227	0.58	27.7
HP1220	BSU24430	41.463	41	22	1	33	73	141	179	0.67	27.7
HP1220	BSU00140	46.154	26	14	0	24	49	5	30	0.80	26.9
HP1220	BSU09720	21.076	223	157	6	16	225	444	660	0.89	27.3
HP1220	BSU22890	44.000	25	14	0	25	49	1	25	1.4	26.6
HP1220	BSU11740	59.091	22	8	1	195	215	49	70	1.7	25.8
HP1220	BSU16240	34.286	35	22	1	15	49	146	179	2.4	25.8
HP1220	BSU00860	53.846	26	11	1	24	49	535	559	2.7	25.8
HP1220	BSU27730	33.333	51	27	2	6	49	24	74	2.9	25.8
HP1220	BSU10700	21.649	97	56	3	132	227	99	176	3.4	25.0
HP1220	BSU26260	52.174	23	11	0	23	45	159	181	3.8	25.4
HP1220	BSU00690	61.111	18	7	0	33	50	199	216	3.9	25.4
HP1220	BSU18970	29.825	57	30	2	31	87	61	107	4.5	25.4
HP1220	BSU15950	35.556	45	28	1	6	49	97	141	4.7	25.0
HP1220	BSU08080	27.103	107	53	5	56	137	16	122	5.0	25.0
HP1220	BSU28580	41.176	34	18	1	188	219	724	757	5.2	25.0
HP1220	BSU28580	37.500	48	29	1	137	183	402	449	5.4	25.0
HP1220	BSU10650	41.176	17	10	0	32	48	32	48	5.7	25.0
HP1220	BSU34220	26.667	45	33	0	71	115	217	261	7.2	24.3
HP1220	BSU19350	27.451	51	37	0	69	119	124	174	7.7	24.3
HP1220	BSU15200	35.088	57	33	3	25	81	110	162	7.8	24.3
HP1220	BSU07110	29.032	31	22	0	58	88	153	183	9.2	23.9
HP1220	BSU13700	62.500	16	6	0	34	49	445	460	9.6	24.3
HP1221	BSU16530	42.478	226	129	1	6	230	33	258	2.64e-57	180
HP1221	BSU39040	57.143	14	6	0	43	56	24	37	1.7	25.4
HP1221	BSU26650	22.034	59	46	0	10	68	205	263	2.2	26.2
HP1221	BSU33290	32.143	56	37	1	80	134	162	217	3.5	25.4
HP1221	BSU05950	26.702	191	90	10	8	172	32	198	4.3	25.4
HP1221	BSU05580	31.169	77	36	4	155	231	12	71	4.3	25.0
HP1221	BSU21620	53.571	28	8	1	204	231	18	40	4.4	24.6
HP1221	BSU13150	31.915	47	28	1	114	156	1	47	4.5	24.6
HP1221	BSU33020	28.571	105	65	3	98	199	274	371	4.8	25.0
HP1221	BSU16120	25.714	175	84	11	89	228	397	560	6.3	24.6
HP1221	BSU06260	25.758	66	39	2	6	65	276	337	6.7	24.6
HP1221	BSU10500	44.444	27	15	0	165	191	393	419	7.2	24.6
HP1221	BSU38840	35.000	40	18	2	175	206	117	156	7.3	24.3
HP1222	BSU28680	23.735	514	299	14	27	525	26	461	6.25e-31	124
HP1222	BSU28690	23.673	245	130	13	546	765	26	238	2.78e-04	41.2
HP1222	BSU28690	40.426	47	25	2	539	582	71	117	0.12	32.7
HP1222	BSU11170	24.103	195	136	8	38	227	39	226	0.003	37.7
HP1222	BSU12160	24.370	119	64	5	501	619	110	202	0.97	30.0
HP1222	BSU03020	29.032	93	49	4	133	216	302	386	2.1	28.5
HP1222	BSU08330	36.364	33	20	1	791	822	45	77	2.6	28.1
HP1222	BSU37180	33.333	39	26	0	543	581	274	312	2.8	28.5
HP1222	BSU02880	29.825	57	36	2	468	523	170	223	2.9	28.1
HP1222	BSU27220	25.000	76	38	3	544	619	151	207	3.0	28.1
HP1222	BSU17210	22.901	131	86	5	666	796	400	515	4.3	27.7
HP1222	BSU13600	33.333	45	30	0	412	456	72	116	8.8	26.2
HP1222	BSU33221	21.918	146	93	4	276	418	28	155	8.8	26.2
HP1222	BSU11390	28.333	60	32	3	388	447	196	244	8.9	26.6
HP1222	BSU20830	45.455	33	18	0	188	220	21	53	9.1	25.4
HP1222	BSU34040	25.806	62	39	1	609	663	364	425	10.0	26.6
HP1223	BSU26530	34.921	63	39	1	19	81	107	167	7.77e-09	47.8
HP1223	BSU30310	31.579	76	50	1	19	94	23	96	1.55e-07	43.1
HP1223	BSU24540	29.851	67	45	1	19	85	45	109	0.001	33.5
HP1223	BSU02330	32.143	56	34	1	18	69	130	185	0.004	32.0
HP1223	BSU00140	27.778	72	41	3	29	100	2	62	0.42	26.2
HP1223	BSU24120	50.000	26	10	1	76	101	215	237	0.46	26.2
HP1223	BSU26600	30.159	63	42	1	48	110	14	74	1.4	24.6
HP1223	BSU15710	22.989	87	62	2	15	100	453	535	1.4	25.0
HP1223	BSU13810	37.500	32	19	1	9	40	20	50	1.7	23.5
HP1223	BSU15780	34.483	29	19	0	38	66	146	174	2.0	24.3
HP1223	BSU03981	42.308	26	15	0	18	43	437	462	2.3	24.3
HP1223	BSU15250	32.558	43	29	0	2	44	113	155	3.3	23.9
HP1223	BSU08690	34.783	23	15	0	33	55	549	571	6.8	23.1
HP1223	BSU35040	41.379	29	16	1	70	97	1160	1188	7.2	23.1
HP1223	BSU17210	34.286	35	18	1	66	95	5250	5284	8.4	22.7
HP1223	BSU00270	32.000	25	17	0	14	38	39	63	8.5	22.7
HP1223	BSU34520	52.941	17	8	0	55	71	53	69	9.4	22.3
HP1223	BSU26510	25.301	83	55	3	9	90	26	102	9.9	22.3
HP1224	BSU28140	24.038	208	125	8	38	225	65	259	0.023	32.0
HP1224	BSU00270	26.263	99	65	4	27	121	125	219	1.2	26.9
HP1224	BSU02400	47.619	21	11	0	33	53	338	358	1.3	26.9
HP1224	BSU26670	25.000	108	74	4	64	167	118	222	2.2	25.8
HP1224	BSU28740	30.000	60	39	1	142	201	220	276	3.0	25.4
HP1224	BSU16700	32.394	71	37	3	40	110	98	157	5.1	25.0
HP1224	BSU10320	28.000	100	65	4	127	220	116	214	7.9	24.3
HP1224	BSU23380	38.235	34	20	1	173	205	2	35	8.1	24.3
HP1224	BSU32610	30.508	59	33	1	126	176	150	208	8.3	24.3
HP1224	BSU08200	58.824	17	7	0	200	216	73	89	8.7	24.3
HP1225	BSU09600	31.579	95	61	2	10	104	8	98	7.29e-10	50.1
HP1225	BSU09610	29.752	121	79	2	10	130	9	123	2.01e-06	41.2
HP1225	BSU25920	28.571	42	30	0	19	60	122	163	0.46	26.6
HP1225	BSU35800	38.462	39	21	1	31	69	410	445	1.3	25.4
HP1225	BSU24320	47.619	21	11	0	61	81	106	126	1.4	25.0
HP1225	BSU37760	37.179	78	38	4	9	82	21	91	3.5	24.3
HP1225	BSU12780	29.630	27	19	0	19	45	122	148	5.6	23.5
HP1225	BSU04570	46.429	28	13	1	88	115	88	113	5.8	23.5
HP1225	BSU10010	28.947	76	35	2	6	81	11	67	6.2	23.1
HP1225	BSU11010	42.308	26	13	1	68	91	94	119	7.0	23.5
HP1225	BSU22320	60.000	15	6	0	69	83	43	57	9.4	23.1
HP1225	BSU02870	50.000	18	9	0	111	128	45	62	10.0	22.7
HP1226	BSU25500	34.385	317	191	7	4	303	5	321	2.14e-51	172
HP1226	BSU09840	26.147	218	149	6	3	210	173	388	2.37e-18	82.8
HP1226	BSU30480	25.556	90	65	2	113	201	154	242	0.031	32.7
HP1226	BSU15700	28.395	81	50	2	213	293	320	392	0.21	30.0
HP1226	BSU05920	22.556	133	83	6	114	238	12	132	0.43	28.9
HP1226	BSU15750	33.962	53	34	1	10	61	126	178	0.46	28.9
HP1226	BSU28940	26.042	96	58	2	23	116	31	115	1.1	27.7
HP1226	BSU18820	31.579	38	26	0	56	93	24	61	1.2	26.2
HP1226	BSU17010	21.774	124	87	3	110	224	321	443	2.0	26.9
HP1226	BSU13799	32.353	34	23	0	157	190	38	71	2.1	25.4
HP1226	BSU18970	41.176	34	20	0	192	225	222	255	3.0	26.6
HP1226	BSU14071	30.189	106	61	6	133	229	326	427	3.0	26.6
HP1226	BSU38030	28.947	76	38	3	5	80	3	62	4.2	24.6
HP1226	BSU05610	29.000	100	62	4	253	345	76	173	5.1	25.8
HP1226	BSU01530	31.707	41	23	1	260	295	143	183	5.1	25.4
HP1226	BSU18570	41.379	29	17	0	40	68	368	396	5.2	25.8
HP1226	BSU00900	22.535	71	44	2	259	329	56	115	6.9	25.0
HP1227	BSU14890	30.682	88	39	4	27	96	269	352	1.0	25.0
HP1227	BSU33670	42.857	28	15	1	66	92	98	125	1.5	24.3
HP1227	BSU25190	29.333	75	34	4	28	96	59	120	3.1	23.1
HP1227	BSU23620	45.000	20	11	0	72	91	276	295	3.7	23.1
HP1227	BSU35160	29.268	41	26	1	27	64	404	444	3.8	23.5
HP1227	BSU05880	50.000	20	10	0	63	82	137	156	5.1	22.7
HP1227	BSU04870	33.333	42	24	2	25	62	300	341	6.9	22.3
HP1227	BSU03510	28.986	69	39	2	9	68	1153	1220	7.7	22.3
HP1228	BSU04330	40.476	42	24	1	24	65	16	56	4.71e-04	35.4
HP1228	BSU23610	25.225	111	70	3	38	148	73	170	0.72	26.2
HP1228	BSU05240	33.333	33	22	0	1	33	184	216	0.94	26.2
HP1228	BSU30630	35.000	40	24	1	36	73	47	86	1.3	25.4
HP1228	BSU25680	40.909	22	13	0	134	155	147	168	2.0	25.0
HP1228	BSU34780	37.931	29	18	0	35	63	27	55	2.2	25.0
HP1228	BSU34130	35.897	39	20	1	101	134	40	78	4.1	24.6
HP1228	BSU12190	37.037	27	17	0	37	63	95	121	6.3	23.5
HP1228	BSU11650	42.424	33	19	0	53	85	84	116	7.3	23.5
HP1228	BSU38480	56.250	16	7	0	75	90	158	173	8.0	23.5
HP1229	BSU28470	47.573	412	197	5	2	405	3	403	8.66e-102	305
HP1229	BSU16760	34.856	416	245	8	2	405	3	404	3.46e-59	195
HP1229	BSU03790	27.528	356	229	12	59	402	107	445	9.68e-29	114
HP1229	BSU28475	40.000	160	81	4	254	405	6	158	9.92e-23	90.9
HP1229	BSU11210	28.358	134	82	4	62	185	63	192	5.46e-08	50.4
HP1229	BSU18470	24.865	185	120	4	14	195	27	195	5.48e-07	47.8
HP1229	BSU16510	27.885	104	58	2	107	201	97	192	0.014	33.9
HP1229	BSU27910	30.769	78	48	1	272	349	75	146	0.019	32.3
HP1229	BSU13120	25.806	93	62	2	120	209	120	208	0.063	32.0
HP1229	BSU15750	26.923	78	51	2	249	322	14	89	0.30	29.6
HP1229	BSU06590	24.691	81	50	2	151	220	422	502	0.58	28.9
HP1229	BSU33880	27.119	59	41	1	252	310	105	161	1.0	28.5
HP1229	BSU12220	31.081	74	33	2	65	127	8	74	5.0	25.8
HP1229	BSU02010	33.333	39	24	1	60	98	90	126	5.7	25.8
HP1229	BSU34050	22.078	77	50	2	170	236	82	158	5.8	25.4
HP1229	BSU35340	23.529	119	80	2	127	237	227	342	7.1	25.4
HP1229	BSU16520	26.667	45	33	0	1	45	64	108	8.6	25.0
HP1230	BSU09100	37.500	32	20	0	103	134	18	49	0.45	25.8
HP1230	BSU11150	27.848	79	41	3	5	80	129	194	1.9	25.8
HP1230	BSU31725	32.353	34	23	0	74	107	2	35	1.9	23.5
HP1230	BSU15010	27.500	80	47	3	84	152	73	152	3.5	24.6
HP1231	BSU00190	28.302	106	62	2	80	184	133	225	0.004	34.3
HP1231	BSU00310	29.412	85	54	1	47	131	91	169	0.028	32.0
HP1231	BSU24810	26.562	64	33	2	128	178	42	104	1.0	25.8
HP1231	BSU38920	31.373	51	35	0	156	206	319	369	1.3	26.6
HP1231	BSU30790	28.571	77	42	3	107	179	168	235	8.0	24.3
HP1231	BSU37510	28.846	52	37	0	35	86	139	190	8.1	24.3
HP1231	BSU30690	27.536	69	43	2	72	134	67	134	9.2	23.9
HP1231	BSU13360	30.189	53	36	1	164	216	54	105	9.5	23.5
HP1231	BSU15710	36.667	30	19	0	1	30	469	498	9.6	24.3
HP1232	BSU00770	31.154	260	165	6	121	376	27	276	9.88e-34	124
HP1232	BSU26760	32.727	55	35	2	132	185	21	74	0.67	28.1
HP1232	BSU09690	29.412	68	43	1	161	223	64	131	1.3	26.9
HP1232	BSU09530	35.185	54	33	1	139	190	32	85	3.2	26.6
HP1232	BSU18320	42.857	21	12	0	254	274	16	36	3.9	26.6
HP1232	BSU34390	31.429	35	24	0	70	104	113	147	4.1	26.2
HP1232	BSU17180	35.417	48	24	1	118	158	4573	4620	4.1	26.6
HP1232	BSU16220	22.059	68	52	1	219	286	240	306	6.3	25.4
HP1232	BSU40350	38.462	26	16	0	271	296	411	436	6.6	25.4
HP1233	BSU18160	34.615	26	17	0	100	125	391	416	3.1	24.6
HP1233	BSU15170	43.478	23	13	0	34	56	39	61	3.5	24.6
HP1233	BSU27030	32.653	49	31	1	79	127	414	460	3.9	24.6
HP1233	BSU41010	38.462	26	16	0	63	88	455	480	8.5	23.5
HP1233	BSU28630	35.484	31	20	0	72	102	364	394	9.5	23.5
HP1234	BSU02210	31.356	118	65	7	30	140	32	140	0.007	34.3
HP1234	BSU40810	22.963	135	94	3	27	155	25	155	0.039	32.0
HP1234	BSU05160	25.000	152	104	5	18	159	19	170	0.055	31.6
HP1234	BSU19480	28.378	74	53	0	65	138	72	145	0.078	31.2
HP1234	BSU18770	20.588	136	103	3	3	133	145	280	0.079	30.8
HP1234	BSU05360	30.000	60	36	1	87	140	80	139	0.095	30.8
HP1234	BSU39240	31.481	54	37	0	87	140	93	146	0.57	28.5
HP1234	BSU01960	36.066	61	34	2	96	156	64	119	0.64	28.5
HP1234	BSU07210	26.415	53	39	0	88	140	110	162	1.1	27.3
HP1234	BSU37630	24.766	214	148	8	86	294	82	287	1.1	27.3
HP1234	BSU09730	34.694	49	23	1	217	256	1	49	2.0	26.6
HP1234	BSU08540	27.957	93	59	2	169	261	197	281	2.5	26.6
HP1234	BSU12340	34.211	38	20	1	1	38	91	123	3.2	26.2
HP1234	BSU02540	33.333	45	29	1	89	133	251	294	4.3	25.4
HP1234	BSU20660	42.857	21	12	0	1	21	1	21	6.2	23.1
HP1234	BSU27000	29.730	74	35	2	183	251	6	67	6.6	24.6
HP1234	BSU04860	37.037	27	17	0	125	151	246	272	7.6	25.0
HP1234	BSU24750	33.333	48	30	1	103	150	307	352	9.7	24.6
HP1235	BSU00270	29.412	51	36	0	76	126	343	393	0.95	28.5
HP1235	BSU20560	34.146	41	27	0	5	45	28	68	1.0	27.3
HP1235	BSU28940	42.308	26	15	0	203	228	175	200	3.1	26.6
HP1235	BSU35570	55.000	20	9	0	163	182	71	90	5.1	26.2
HP1235	BSU23280	33.333	60	32	3	150	202	137	195	7.4	25.4
HP1235	BSU32030	32.759	58	26	2	48	105	92	136	8.1	25.0
HP1236	BSU06580	34.884	43	25	1	137	176	56	98	0.48	26.6
HP1236	BSU28220	25.000	124	86	6	8	128	183	302	0.68	27.3
HP1236	BSU21300	23.780	164	87	6	34	176	17	163	1.3	26.2
HP1236	BSU35340	24.719	89	61	3	99	183	246	332	3.0	25.4
HP1236	BSU07080	47.826	23	11	1	116	137	246	268	4.7	24.6
HP1236	BSU01845	21.495	107	65	3	6	96	106	209	5.8	24.3
HP1236	BSU26340	33.333	27	16	1	80	104	44	70	6.5	23.1
HP1236	BSU26610	27.941	68	46	2	7	71	289	356	7.0	24.3
HP1237	BSU15510	38.005	371	205	6	4	373	5	351	4.82e-82	252
HP1237	BSU11230	37.466	371	194	10	4	370	5	341	3.01e-69	218
HP1237	BSU06360	33.673	98	52	4	183	275	3	92	9.61e-07	47.4
HP1237	BSU00750	28.082	146	94	5	218	354	28	171	1.23e-06	45.4
HP1237	BSU37150	34.921	63	40	1	233	295	347	408	0.031	33.1
HP1237	BSU17000	31.481	54	33	1	73	122	210	263	6.4	25.4
HP1237	BSU15520	50.000	20	10	0	92	111	96	115	7.8	25.4
HP1237	BSU09790	22.170	212	135	8	53	235	145	355	8.0	25.0
HP1237	BSU34890	26.667	90	58	3	188	274	1	85	8.6	24.6
HP1238	BSU13570	27.434	226	142	8	53	269	35	247	1.31e-08	52.0
HP1238	BSU09250	22.488	209	145	8	16	216	231	430	0.010	34.3
HP1238	BSU35160	27.273	110	57	5	63	153	220	325	0.60	28.9
HP1238	BSU34790	31.579	57	34	1	50	101	53	109	4.0	25.8
HP1238	BSU04390	31.250	48	31	1	95	140	177	224	7.3	25.0
HP1238	BSU38300	25.676	74	40	2	48	108	143	214	7.8	25.0
HP1238	BSU14860	25.926	81	45	1	14	79	281	361	9.9	25.0
HP1240	BSU28050	22.222	180	139	1	3	182	5	183	0.003	33.9
HP1240	BSU28950	25.641	78	55	2	101	175	400	477	0.54	27.7
HP1240	BSU15870	50.000	20	10	0	56	75	521	540	1.3	26.6
HP1240	BSU07420	40.000	50	24	3	129	177	112	156	3.4	25.0
HP1240	BSU10450	64.286	14	5	0	117	130	303	316	5.9	24.3
HP1240	BSU37330	30.000	60	36	2	4	59	222	279	6.5	24.3
HP1241	BSU27410	39.633	873	474	20	2	834	8	867	0.0	570
HP1241	BSU28950	25.946	185	120	8	538	708	61	242	8.25e-06	46.2
HP1241	BSU37560	23.026	152	96	5	539	677	62	205	0.046	33.9
HP1241	BSU03880	28.846	52	33	2	649	700	37	84	2.4	26.9
HP1241	BSU38770	40.385	52	18	2	348	392	259	304	2.6	28.1
HP1241	BSU02360	23.656	93	60	2	574	666	52	133	2.7	27.7
HP1241	BSU14260	27.119	118	77	4	445	554	19	135	2.9	27.3
HP1241	BSU35950	41.667	36	17	1	463	494	169	204	3.5	27.7
HP1241	BSU37430	31.818	44	28	1	399	440	80	123	3.9	27.3
HP1241	BSU35780	29.762	84	54	3	674	756	218	297	4.9	27.3
HP1241	BSU28200	37.500	32	20	0	673	704	535	566	6.5	26.9
HP1241	BSU00860	30.769	39	27	0	406	444	439	477	7.5	26.9
HP1242	BSU31230	26.000	50	33	1	3	48	555	604	1.1	24.3
HP1242	BSU02350	50.000	28	12	2	9	35	444	470	1.2	24.3
HP1242	BSU11900	26.316	38	28	0	21	58	180	217	1.8	23.5
HP1242	BSU00900	50.000	20	10	0	23	42	109	128	3.2	22.7
HP1242	BSU17040	35.849	53	28	2	13	60	632	683	3.2	22.7
HP1242	BSU05920	25.000	56	33	2	26	74	168	221	4.6	22.3
HP1242	BSU18350	52.941	17	8	0	32	48	296	312	9.5	21.6
HP1242	BSU26130	36.111	36	17	1	16	51	38	67	9.6	21.2
HP1242	BSU21280	44.444	18	10	0	50	67	20	37	9.7	21.2
HP1243	BSU24240	21.951	164	104	6	427	585	182	326	0.051	33.5
HP1243	BSU05940	41.463	41	24	0	371	411	220	260	0.68	29.6
HP1243	BSU29370	28.283	99	56	4	170	260	140	231	1.2	28.9
HP1243	BSU10070	40.625	32	19	0	498	529	223	254	1.7	28.5
HP1243	BSU06460	33.333	30	20	0	503	532	8	37	6.9	25.0
HP1243	BSU29650	32.353	34	23	0	147	180	435	468	7.0	26.6
HP1243	BSU05550	45.455	22	12	0	594	615	34	55	7.8	25.4
HP1243	BSU32720	35.000	40	23	1	341	380	28	64	9.8	25.0
HP1244	BSU40890	55.738	61	27	0	11	71	16	76	4.69e-22	78.6
HP1244	BSU11382	30.909	55	33	1	2	51	330	384	1.4	24.3
HP1244	BSU09840	34.211	38	17	1	29	66	345	374	1.6	23.9
HP1244	BSU17220	31.034	29	20	0	25	53	1246	1274	4.9	22.7
HP1244	BSU37590	53.333	15	7	0	14	28	85	99	6.2	22.3
HP1244	BSU29320	20.896	67	41	3	6	60	10	76	6.5	21.9
HP1245	BSU40900	38.532	109	65	1	1	109	1	107	4.39e-21	82.0
HP1245	BSU36310	37.037	108	66	1	1	108	1	106	1.69e-19	76.6
HP1245	BSU03820	26.250	80	44	2	21	85	35	114	0.35	27.7
HP1245	BSU08100	38.961	77	26	4	31	99	8	71	0.49	27.7
HP1245	BSU24140	40.000	35	20	1	73	106	53	87	0.71	26.9
HP1245	BSU26830	41.935	31	18	0	40	70	106	136	1.8	25.8
HP1245	BSU03320	21.429	84	66	0	50	133	150	233	6.5	24.3
HP1246	BSU40910	37.234	94	59	0	1	94	1	94	6.10e-20	75.9
HP1246	BSU21770	25.253	99	58	3	29	115	313	407	0.12	28.9
HP1246	BSU33450	28.333	60	38	2	63	121	591	646	2.5	25.0
HP1246	BSU27410	31.667	60	35	1	3	56	321	380	7.1	23.5
HP1246	BSU04140	33.333	24	16	0	9	32	551	574	8.9	23.1
HP1247	BSU00530	23.810	84	55	2	168	242	64	147	0.072	30.8
HP1247	BSU25240	36.111	36	23	0	144	179	63	98	0.67	28.1
HP1247	BSU09920	41.667	24	14	0	295	318	545	568	4.4	26.2
HP1247	BSU08710	29.167	72	27	2	182	229	174	245	7.6	25.0
HP1247	BSU25200	28.070	57	39	1	264	320	104	158	9.5	24.6
HP1247	BSU06870	47.826	23	12	0	34	56	86	108	9.7	24.3
HP1248	BSU33610	28.247	616	390	18	13	590	40	641	3.61e-54	195
HP1248	BSU18800	32.308	65	42	2	464	527	96	159	1.7	28.1
HP1248	BSU13780	33.333	42	27	1	149	189	63	104	5.8	26.6
HP1248	BSU08970	25.620	121	65	5	322	422	499	614	6.0	26.6
HP1248	BSU20820	28.571	63	44	1	356	418	1	62	7.1	24.3
HP1248	BSU04980	22.222	81	63	0	239	319	58	138	9.7	25.4
HP1249	BSU25660	32.632	285	151	12	4	263	3	271	1.65e-27	104
HP1249	BSU12350	37.143	35	21	1	119	152	11	45	0.33	28.9
HP1249	BSU26640	41.935	31	18	0	110	140	152	182	0.41	28.5
HP1249	BSU28170	29.412	85	51	4	122	200	186	267	0.62	28.1
HP1249	BSU18440	22.500	160	76	5	114	235	148	297	0.78	27.7
HP1249	BSU27010	25.000	172	107	7	110	261	167	336	0.92	27.3
HP1249	BSU01620	35.897	39	25	0	128	166	248	286	1.1	27.3
HP1249	BSU30810	35.556	45	29	0	182	226	82	126	1.2	26.9
HP1249	BSU17890	35.714	56	30	2	108	159	540	593	1.7	26.9
HP1249	BSU23860	35.897	39	25	0	119	157	4	42	2.6	26.2
HP1249	BSU16130	30.769	52	30	1	117	162	2	53	3.3	25.8
HP1249	BSU08240	23.000	200	107	8	14	178	67	254	3.5	25.4
HP1249	BSU24810	30.435	46	25	2	192	230	26	71	4.5	24.3
HP1249	BSU17150	26.829	41	30	0	121	161	255	295	4.7	25.4
HP1249	BSU22950	33.333	33	22	0	119	151	158	190	5.3	25.0
HP1249	BSU05610	29.787	47	33	0	49	95	385	431	6.9	25.0
HP1249	BSU25170	31.250	64	44	0	114	177	3	66	7.7	24.6
HP1250	BSU08570	36.667	60	36	2	132	190	45	103	6.17e-04	35.8
HP1250	BSU27580	38.182	55	33	1	134	188	186	239	0.012	32.7
HP1250	BSU27580	28.070	57	41	0	134	190	34	90	0.093	30.0
HP1250	BSU27580	26.000	50	37	0	134	183	263	312	3.2	25.4
HP1250	BSU27580	22.222	45	34	1	139	183	112	155	4.8	24.6
HP1250	BSU35970	29.825	57	38	2	129	183	46	102	0.050	30.4
HP1250	BSU33210	17.969	128	96	3	6	126	252	377	0.075	30.4
HP1250	BSU07580	28.169	71	50	1	1	70	162	232	0.22	28.9
HP1250	BSU16910	25.275	91	54	2	16	104	95	173	0.52	27.3
HP1250	BSU33740	45.455	22	10	1	140	159	23	44	1.5	25.8
HP1250	BSU35780	28.378	74	32	3	139	191	640	713	3.8	25.0
HP1250	BSU04300	32.258	31	21	0	27	57	340	370	3.9	25.0
HP1250	BSU33840	40.909	22	11	1	140	159	23	44	6.9	23.9
HP1251	BSU11390	32.659	346	202	6	1	345	1	316	2.30e-51	170
HP1251	BSU11440	31.232	349	195	6	1	347	1	306	1.38e-38	136
HP1251	BSU12930	26.934	349	212	5	1	348	1	307	4.05e-37	132
HP1251	BSU11400	32.692	52	35	0	216	267	166	217	7.89e-04	37.4
HP1251	BSU11450	23.077	143	86	6	216	343	170	303	0.037	32.3
HP1251	BSU30180	30.556	72	46	2	263	334	89	156	0.18	30.0
HP1251	BSU08740	35.714	42	27	0	266	307	15	56	1.0	26.9
HP1251	BSU23390	26.250	80	52	2	65	144	314	386	2.5	26.6
HP1251	BSU03982	52.632	19	9	0	143	161	100	118	3.1	25.8
HP1251	BSU00010	25.397	63	47	0	102	164	246	308	5.2	25.8
HP1251	BSU28630	43.478	23	13	0	58	80	458	480	5.3	25.8
HP1251	BSU00390	30.000	40	27	1	78	117	37	75	6.6	25.0
HP1252	BSU12960	22.062	485	298	16	94	558	95	519	1.97e-13	69.7
HP1252	BSU11382	24.419	430	232	17	178	588	31	386	5.78e-13	67.4
HP1252	BSU11430	20.645	310	188	8	47	337	64	334	2.06e-05	43.9
HP1252	BSU10590	25.664	113	79	3	57	167	142	251	0.27	30.8
HP1252	BSU27270	28.283	99	55	4	246	334	19	111	0.46	29.6
HP1252	BSU12680	24.324	111	78	4	367	473	60	168	0.49	30.0
HP1252	BSU23980	24.272	103	63	4	428	520	43	140	1.5	28.1
HP1252	BSU35010	27.419	62	44	1	58	118	225	286	1.7	28.1
HP1252	BSU21040	26.471	68	49	1	454	521	99	165	3.1	27.3
HP1252	BSU10260	36.667	30	19	0	405	434	135	164	6.2	26.2
HP1252	BSU23880	33.333	51	32	1	432	482	18	66	6.6	25.0
HP1253	BSU11420	52.615	325	151	3	3	325	2	325	4.13e-118	341
HP1253	BSU38460	22.360	161	94	6	95	243	153	294	0.076	31.2
HP1253	BSU12430	24.731	93	67	1	89	181	223	312	0.29	29.6
HP1253	BSU22640	46.667	30	15	1	267	295	11	40	1.0	27.7
HP1253	BSU34360	37.500	32	20	0	245	276	122	153	1.1	27.3
HP1253	BSU28490	45.714	35	18	1	261	294	189	223	1.3	27.7
HP1253	BSU19550	22.807	57	41	1	105	161	26	79	2.8	26.2
HP1253	BSU20240	36.585	41	25	1	255	294	12	52	3.8	24.3
HP1253	BSU05780	50.000	20	10	0	302	321	297	316	7.0	25.0
HP1253	BSU11440	50.000	16	8	0	188	203	296	311	7.9	25.0
HP1253	BSU27260	40.000	20	12	0	23	42	124	143	9.7	24.6
HP1254	BSU36460	20.000	105	78	2	17	115	52	156	0.17	29.6
HP1254	BSU35170	26.471	68	46	2	141	204	403	470	0.30	28.9
HP1254	BSU08920	34.483	29	19	0	182	210	163	191	2.0	26.2
HP1254	BSU29180	39.286	28	17	0	75	102	16	43	2.6	26.2
HP1254	BSU22750	25.203	123	88	2	34	152	40	162	3.6	25.4
HP1254	BSU18690	33.333	36	18	1	195	224	99	134	4.1	25.0
HP1254	BSU03160	23.377	77	51	3	8	81	3	74	5.1	25.0
HP1254	BSU22200	28.571	28	20	0	81	108	32	59	5.2	23.5
HP1254	BSU11010	31.481	54	35	2	116	168	139	191	9.3	24.3
HP1255	BSU33630	41.892	74	39	2	1	70	1	74	5.33e-10	50.8
HP1255	BSU33550	28.283	99	69	2	1	99	102	198	0.25	28.9
HP1255	BSU11820	26.230	61	39	2	129	183	52	112	1.7	26.2
HP1255	BSU18540	63.636	22	7	1	48	68	70	91	3.6	25.0
HP1255	BSU22320	25.424	59	42	1	139	195	784	842	4.3	25.0
HP1255	BSU06110	23.894	113	64	5	33	134	89	190	5.3	24.6
HP1255	BSU06720	28.571	49	28	2	88	134	56	99	7.7	23.9
HP1255	BSU17910	28.571	35	21	1	53	83	1	35	8.7	22.7
HP1255	BSU27140	22.581	62	47	1	137	197	423	484	8.9	23.9
HP1256	BSU16520	41.622	185	108	0	1	185	1	185	2.20e-51	160
HP1256	BSU39630	23.308	133	70	5	56	170	309	427	2.3	25.8
HP1256	BSU02450	25.000	80	54	3	47	120	205	284	3.2	25.0
HP1256	BSU09210	32.143	56	28	2	85	139	99	145	4.7	24.6
HP1256	BSU28620	27.907	43	31	0	31	73	7	49	5.3	24.3
HP1256	BSU09050	33.333	60	38	2	12	70	98	156	5.6	24.3
HP1256	BSU34120	36.842	38	21	2	11	47	40	75	6.1	24.3
HP1257	BSU15560	23.125	160	113	2	18	175	29	180	6.43e-07	45.1
HP1257	BSU27610	26.271	118	64	4	40	139	34	146	0.020	31.6
HP1257	BSU19200	32.653	49	33	0	103	151	43	91	0.25	28.5
HP1257	BSU01020	24.528	53	40	0	146	198	37	89	0.44	27.3
HP1257	BSU06680	40.000	25	15	0	11	35	357	381	1.9	26.2
HP1257	BSU15760	25.862	58	36	2	77	134	165	215	2.1	25.8
HP1257	BSU40340	35.714	56	27	3	30	80	300	351	3.7	25.0
HP1257	BSU29440	42.857	28	16	0	42	69	70	97	4.2	25.0
HP1257	BSU40080	41.667	24	14	0	168	191	52	75	5.1	24.6
HP1257	BSU24240	70.588	17	5	0	7	23	57	73	5.6	24.6
HP1257	BSU36890	33.333	30	20	0	110	139	128	157	5.7	24.3
HP1257	BSU35450	25.385	130	77	6	22	139	114	235	8.2	23.9
HP1257	BSU22440	28.283	99	65	3	74	169	48	143	9.4	23.9
HP1258	BSU23150	27.273	55	32	1	67	113	16	70	0.17	28.1
HP1258	BSU00380	37.143	35	22	0	10	44	448	482	1.5	25.8
HP1258	BSU39960	29.412	85	51	5	67	147	69	148	2.5	24.6
HP1258	BSU35350	42.857	21	12	0	134	154	58	78	4.0	23.9
HP1258	BSU05680	27.273	44	31	1	53	96	66	108	4.8	24.3
HP1258	BSU11480	34.483	58	32	3	22	78	43	95	7.3	23.5
HP1258	BSU25860	48.000	25	13	0	2	26	332	356	7.5	23.5
HP1258	BSU32430	33.333	39	22	1	22	56	61	99	10.0	23.1
HP1259	BSU09650	55.556	27	12	0	2	28	12	38	3.95e-04	37.4
HP1260	BSU08320	29.412	51	29	2	36	84	177	222	4.2	23.9
HP1260	BSU03140	53.333	15	7	0	60	74	96	110	9.5	22.7
HP1261	BSU29530	29.487	78	39	3	73	148	118	181	0.12	28.9
HP1261	BSU01270	32.353	34	23	0	43	76	13	46	2.3	24.3
HP1261	BSU13140	40.741	27	15	1	110	136	20	45	3.9	23.9
HP1261	BSU07910	31.395	86	50	4	71	150	188	270	6.6	23.9
HP1261	BSU28150	31.915	47	32	0	79	125	10	56	7.0	23.9
HP1261	BSU15069	37.838	37	20	2	113	146	4	40	7.6	22.3
HP1261	BSU12970	24.074	54	38	1	102	152	3	56	7.6	23.5
HP1261	BSU06500	30.769	39	27	0	67	105	8	46	8.9	23.5
HP1262	BSU40250	51.724	29	14	0	44	72	78	106	0.37	28.9
HP1262	BSU39680	24.667	150	85	6	95	244	76	197	1.1	26.9
HP1262	BSU17180	40.000	30	16	1	151	180	737	764	1.8	26.9
HP1262	BSU09240	33.333	33	19	1	106	135	162	194	2.0	26.2
HP1262	BSU23590	24.390	82	45	2	129	193	2	83	3.9	24.6
HP1262	BSU18080	25.000	52	29	2	50	98	87	131	4.4	24.6
HP1262	BSU23490	32.558	43	26	2	64	104	43	84	4.9	25.0
HP1262	BSU24740	32.692	52	25	2	186	234	28	72	7.6	24.6
HP1262	BSU10290	25.641	39	29	0	151	189	104	142	8.6	24.6
HP1263	BSU26110	24.444	45	32	1	288	330	31	75	3.9	25.4
HP1263	BSU00900	35.484	31	20	0	37	67	19	49	6.3	25.4
HP1263	BSU17210	31.250	48	30	1	347	391	1224	1271	7.7	25.8
HP1264	BSU32480	22.807	57	39	2	4	58	462	515	0.81	24.6
HP1264	BSU18970	38.710	31	16	1	12	39	268	298	2.9	23.1
HP1264	BSU31160	31.034	29	20	0	42	70	118	146	3.1	22.7
HP1264	BSU06070	26.923	52	33	1	10	61	85	131	3.1	22.7
HP1264	BSU40220	58.824	17	7	0	16	32	316	332	4.6	22.3
HP1264	BSU09270	36.957	46	27	1	5	50	77	120	4.8	22.3
HP1264	BSU21880	57.143	14	6	0	30	43	317	330	7.0	21.9
HP1264	BSU04600	33.333	42	24	1	29	66	250	291	7.8	21.9
HP1264	BSU24070	30.435	46	25	1	6	44	84	129	8.2	21.6
HP1264	BSU29440	31.250	32	16	1	39	64	363	394	9.8	21.6
HP1265	BSU32440	31.944	72	44	3	250	317	220	290	0.22	30.0
HP1265	BSU34200	35.000	60	35	2	239	296	32	89	0.55	28.9
HP1265	BSU03300	48.000	25	13	0	194	218	115	139	0.74	28.5
HP1265	BSU30710	40.741	27	16	0	104	130	213	239	3.7	26.2
HP1265	BSU40670	32.759	58	33	3	4	59	168	221	4.2	25.8
HP1265	BSU22060	30.000	50	30	2	272	317	240	288	4.8	25.8
HP1265	BSU19370	24.771	109	62	5	142	249	111	200	8.9	25.0
HP1265	BSU32430	64.286	14	5	0	304	317	280	293	9.8	24.6
HP1266	BSU27220	25.194	516	272	21	2	434	7	491	9.81e-30	123
HP1266	BSU12160	23.152	514	280	15	3	434	6	486	3.78e-26	112
HP1266	BSU03310	48.485	33	15	1	623	653	446	478	0.27	31.6
HP1266	BSU34850	45.833	24	13	0	474	497	18	41	1.9	28.1
HP1266	BSU39570	29.268	41	29	0	465	505	104	144	2.0	27.7
HP1266	BSU02220	37.500	40	15	1	650	679	4	43	6.7	26.6
HP1266	BSU08910	42.857	28	12	1	195	218	176	203	7.8	26.6
HP1266	BSU15900	47.826	23	12	0	204	226	90	112	7.9	26.6
HP1266	BSU15680	31.148	61	40	1	137	195	123	183	8.3	26.2
HP1266	BSU34040	28.571	70	31	3	197	248	307	375	9.7	26.2
HP1267	BSU32480	20.000	70	52	1	46	111	321	390	2.3	26.9
HP1267	BSU09130	28.736	87	54	4	213	297	234	314	2.7	26.6
HP1267	BSU15010	36.842	38	24	0	190	227	118	155	4.8	25.4
HP1268	BSU27220	30.357	56	35	2	81	132	152	207	0.006	33.9
HP1268	BSU27220	43.478	23	13	0	114	136	146	168	2.0	26.2
HP1268	BSU12160	31.579	57	35	2	80	132	146	202	0.008	33.9
HP1268	BSU12160	34.783	23	15	0	114	136	141	163	7.1	24.6
HP1268	BSU08590	27.273	99	67	4	106	203	68	162	0.046	31.2
HP1268	BSU28430	38.095	21	13	0	114	134	148	168	0.47	27.7
HP1268	BSU33360	34.091	44	28	1	164	207	473	515	1.2	26.9
HP1268	BSU00820	22.892	83	53	3	14	96	275	346	1.6	26.6
HP1268	BSU34820	27.273	44	32	0	123	166	202	245	2.1	26.2
HP1268	BSU36100	27.273	44	27	1	57	100	9	47	3.5	25.4
HP1268	BSU29470	30.000	40	28	0	73	112	17	56	4.8	25.0
HP1268	BSU37180	40.000	30	15	1	103	132	262	288	6.6	24.6
HP1268	BSU02730	40.541	37	19	2	47	80	194	230	6.8	24.3
HP1268	BSU11140	47.368	19	10	0	68	86	28	46	8.5	23.9
HP1269	BSU27810	35.714	56	35	1	2	57	355	409	0.38	28.1
HP1269	BSU30610	35.714	56	24	3	98	149	45	92	0.84	26.6
HP1269	BSU15270	33.929	56	28	4	36	86	54	105	1.1	25.8
HP1269	BSU37020	40.000	25	15	0	148	172	71	95	4.2	24.3
HP1269	BSU33550	33.846	65	28	3	122	171	331	395	8.3	23.9
HP1270	BSU37680	28.571	56	39	1	26	81	166	220	0.37	26.2
HP1270	BSU12110	32.000	25	17	0	37	61	82	106	6.4	22.3
HP1270	BSU06310	24.074	54	33	1	39	84	66	119	8.8	22.3
HP1271	BSU31600	30.847	496	309	10	5	471	2	492	9.10e-57	202
HP1271	BSU01830	27.077	325	210	10	82	393	70	380	9.23e-22	95.9
HP1271	BSU31630	21.283	343	258	7	71	404	61	400	3.13e-11	62.8
HP1271	BSU15620	29.412	51	36	0	173	223	148	198	1.8	27.7
HP1271	BSU18540	43.243	37	16	1	268	304	169	200	4.6	26.9
HP1271	BSU19410	26.667	75	48	2	302	371	334	406	6.5	26.2
HP1271	BSU09610	28.846	52	28	2	228	279	27	69	8.3	25.0
HP1271	BSU22060	25.000	56	42	0	369	424	231	286	8.4	25.8
HP1271	BSU09590	33.333	48	30	1	307	354	58	103	8.5	25.8
HP1271	BSU11220	43.333	30	17	0	544	573	188	217	9.0	25.8
HP1272	BSU31600	27.553	421	263	14	1	395	1	405	5.01e-29	118
HP1272	BSU31630	27.139	409	265	9	13	404	9	401	2.80e-22	96.7
HP1272	BSU33570	31.707	82	48	4	288	364	39	117	3.5	25.8
HP1272	BSU23810	36.364	55	25	3	205	253	486	536	3.6	26.9
HP1272	BSU35250	31.250	80	37	4	63	127	156	232	3.9	26.6
HP1272	BSU37750	40.000	25	15	0	265	289	39	63	4.2	26.6
HP1272	BSU04540	25.688	109	60	4	152	255	3	95	5.5	26.2
HP1272	BSU29980	33.333	27	18	0	363	389	113	139	5.8	26.2
HP1273	BSU31630	23.851	348	233	5	79	416	79	404	7.54e-15	73.6
HP1273	BSU31600	25.000	332	218	9	100	416	102	417	3.27e-09	56.2
HP1273	BSU12860	28.000	75	48	1	317	391	337	405	0.98	28.5
HP1273	BSU11800	30.233	43	29	1	328	370	4	45	5.9	24.3
HP1273	BSU06760	46.429	28	15	0	30	57	193	220	7.5	25.8
HP1273	BSU40330	45.000	20	11	0	457	476	331	350	7.5	25.8
HP1274	BSU36270	30.000	120	63	7	195	303	391	500	0.48	30.4
HP1274	BSU12430	22.540	315	155	12	288	571	120	376	2.9	27.7
HP1274	BSU03220	25.490	102	67	3	160	261	281	373	3.6	27.7
HP1274	BSU40410	25.532	94	60	3	618	703	56	147	7.0	26.2
HP1274	BSU06390	27.083	48	35	0	625	672	4	51	8.5	23.9
HP1274	BSU05890	24.658	73	43	2	137	206	116	179	9.3	25.8
HP1275	BSU01770	25.895	475	280	19	11	456	10	441	3.50e-24	101
HP1275	BSU09310	25.414	362	200	17	40	349	86	429	2.72e-08	52.8
HP1275	BSU06078	31.081	74	31	3	98	171	12	65	0.002	33.9
HP1275	BSU17220	32.394	71	34	4	179	238	763	830	0.17	31.2
HP1275	BSU40380	37.209	43	19	1	105	147	58	92	0.20	30.4
HP1275	BSU27010	24.675	77	48	3	106	178	276	346	0.28	30.0
HP1275	BSU32530	39.286	28	17	0	86	113	66	93	0.51	29.3
HP1275	BSU28240	27.368	95	47	3	354	437	137	220	2.4	27.3
HP1275	BSU38840	60.000	20	7	1	31	49	247	266	4.0	26.2
HP1275	BSU01280	28.205	39	28	0	1	39	104	142	5.5	25.8
HP1275	BSU00840	37.931	29	18	0	289	317	91	119	7.3	25.4
HP1275	BSU37200	28.846	52	34	2	351	400	172	222	8.7	25.4
HP1276	BSU03480	32.432	37	25	0	54	90	1552	1588	0.14	27.3
HP1276	BSU31750	35.135	37	24	0	40	76	313	349	0.84	25.0
HP1276	BSU07390	35.484	31	20	0	56	86	82	112	1.2	24.3
HP1276	BSU18320	36.667	30	14	1	14	43	237	261	5.2	23.1
HP1276	BSU13040	32.000	25	17	0	66	90	69	93	5.3	22.7
HP1276	BSU19480	47.826	23	12	0	21	43	99	121	5.5	22.7
HP1276	BSU12390	31.915	47	29	1	41	87	29	72	9.3	21.9
HP1276	BSU22810	28.571	35	25	0	4	38	35	69	9.9	21.9
HP1277	BSU22630	36.910	233	143	4	10	241	6	235	4.84e-47	154
HP1277	BSU10850	33.333	42	26	1	113	154	60	99	2.4	26.2
HP1277	BSU00160	47.619	21	11	0	33	53	388	408	5.8	25.0
HP1278	BSU22640	57.069	389	165	2	2	389	6	393	1.47e-162	459
HP1278	BSU21770	24.153	236	131	9	55	271	30	236	0.004	35.8
HP1278	BSU32250	21.257	334	225	8	55	386	29	326	0.081	31.6
HP1278	BSU16800	34.043	94	50	5	91	175	450	540	0.21	30.4
HP1278	BSU15900	45.714	35	18	1	3	36	189	223	0.23	30.0
HP1278	BSU41020	38.776	49	26	1	50	94	55	103	0.49	29.3
HP1278	BSU37270	29.310	58	40	1	226	282	24	81	5.2	25.8
HP1278	BSU32610	29.787	47	33	0	206	252	8	54	6.7	25.4
HP1278	BSU25470	28.866	97	54	5	168	262	290	373	6.8	25.4
HP1278	BSU11640	52.381	21	10	0	93	113	484	504	8.2	25.4
HP1279	BSU22660	39.113	248	141	6	4	246	1	243	2.38e-42	147
HP1279	BSU22650	30.806	211	120	8	255	451	7	205	1.30e-18	81.3
HP1279	BSU14520	24.684	158	87	7	192	338	283	419	1.1	28.5
HP1279	BSU11660	28.261	46	33	0	385	430	134	179	1.3	27.7
HP1279	BSU02860	31.148	61	34	3	119	171	145	205	3.9	26.2
HP1279	BSU33690	34.545	55	34	2	229	283	143	195	4.6	26.2
HP1279	BSU36280	26.389	72	44	1	162	224	495	566	4.9	26.6
HP1279	BSU00870	37.143	35	20	2	161	194	125	158	5.4	26.2
HP1280	BSU22670	38.066	331	201	3	1	329	1	329	1.08e-71	223
HP1280	BSU14650	24.242	132	93	3	92	219	44	172	0.31	29.3
HP1280	BSU33320	28.571	49	32	1	98	146	47	92	4.7	25.8
HP1280	BSU34100	28.767	73	50	1	206	278	13	83	6.1	25.4
HP1280	BSU11350	48.000	25	12	1	304	328	49	72	6.4	25.0
HP1281	BSU00750	41.304	184	101	4	3	183	2	181	2.01e-38	128
HP1281	BSU06360	29.091	110	77	1	79	187	80	189	2.46e-08	49.7
HP1281	BSU15510	27.778	126	80	4	52	173	214	332	4.30e-05	40.0
HP1281	BSU11230	36.735	49	31	0	52	100	205	253	1.11e-04	38.9
HP1281	BSU19460	25.517	145	83	7	35	170	92	220	0.043	30.8
HP1281	BSU37150	26.415	53	39	0	47	99	344	396	0.12	29.6
HP1281	BSU18340	35.000	40	23	1	34	70	538	577	1.4	26.6
HP1281	BSU18320	35.000	40	23	1	34	70	544	583	1.4	26.6
HP1281	BSU21990	22.059	68	53	0	1	68	54	121	1.8	25.4
HP1281	BSU39360	40.000	30	14	1	11	36	7	36	1.9	26.2
HP1281	BSU34890	22.751	189	117	5	25	185	13	200	2.0	25.8
HP1281	BSU27350	21.277	94	64	3	48	139	2	87	3.5	25.0
HP1281	BSU39730	24.862	181	100	7	13	164	458	631	4.3	25.0
HP1282	BSU22680	39.119	386	209	8	128	495	115	492	5.45e-72	234
HP1282	BSU00740	32.850	414	246	10	97	495	64	460	6.56e-62	206
HP1282	BSU30830	28.571	224	142	5	277	495	256	466	8.75e-21	91.7
HP1282	BSU31990	25.843	267	173	6	243	495	138	393	1.22e-12	66.2
HP1282	BSU14850	35.714	70	32	3	392	459	318	376	1.2	28.1
HP1282	BSU28760	32.653	49	33	0	87	135	298	346	6.4	25.8
HP1282	BSU12580	27.273	99	58	3	135	219	233	331	9.5	25.4
HP_RS07965	BSU40550	36.000	25	16	0	5	29	93	117	0.67	22.7
HP_RS07965	BSU18320	53.333	15	7	0	16	30	141	155	1.5	21.9
HP_RS07965	BSU18300	53.333	15	7	0	16	30	150	164	2.8	21.2
HP_RS07965	BSU18330	40.000	20	12	0	11	30	138	157	4.0	20.8
HP_RS07965	BSU06060	37.037	27	16	1	4	30	228	253	4.2	20.8
HP_RS07965	BSU27660	41.176	17	10	0	5	21	68	84	9.4	19.6
HP_RS07965	BSU02030	58.333	12	5	0	19	30	22	33	9.4	19.6
HP1283	BSU17010	24.409	127	87	3	230	351	38	160	0.099	32.0
HP1283	BSU08080	51.613	31	14	1	287	316	323	353	0.18	30.8
HP1283	BSU35160	32.692	52	34	1	337	388	449	499	1.2	28.5
HP1283	BSU18550	25.373	67	48	2	141	207	285	349	1.8	27.7
HP1283	BSU12270	46.154	26	14	0	326	351	19	44	1.8	26.9
HP1283	BSU39530	60.000	15	6	0	80	94	54	68	4.5	24.6
HP1283	BSU18410	24.324	74	52	1	227	300	221	290	7.5	25.8
HP1283	BSU09510	28.155	103	59	3	195	295	164	253	8.4	25.4
HP1283	BSU33840	38.462	26	16	0	247	272	80	105	9.4	25.0
HP1284	BSU29740	30.769	39	27	0	81	119	108	146	0.60	28.5
HP1284	BSU07080	32.258	62	37	2	181	242	602	658	1.1	27.7
HP1284	BSU02770	35.417	48	28	1	141	188	116	160	3.3	26.2
HP1284	BSU02560	33.333	39	26	0	141	179	97	135	5.4	25.4
HP1284	BSU01970	29.412	51	32	1	126	176	123	169	7.2	24.6
HP1284	BSU20030	47.368	19	10	0	289	307	62	80	7.6	23.9
HP1285	BSU07880	36.170	47	29	1	164	209	52	98	0.19	28.9
HP1285	BSU40900	33.333	42	26	1	91	130	50	91	0.54	27.7
HP1285	BSU13370	23.256	129	79	6	15	133	129	247	2.4	25.8
HP1285	BSU38740	41.026	39	21	1	116	152	205	243	2.6	26.2
HP1285	BSU36310	28.571	42	28	1	91	130	50	91	3.8	24.6
HP1285	BSU02620	35.185	54	34	1	29	82	221	273	4.1	25.4
HP1285	BSU23150	32.000	50	30	2	34	83	91	136	4.4	25.0
HP1285	BSU28310	38.889	36	17	1	166	196	432	467	5.3	25.0
HP1286	BSU17200	38.235	34	20	1	118	151	3382	3414	3.0	25.4
HP1286	BSU31470	27.848	79	44	3	45	121	79	146	3.4	24.6
HP1286	BSU13260	24.528	53	37	1	112	164	171	220	4.4	24.6
HP1286	BSU00320	27.083	48	33	2	35	80	106	153	6.8	23.9
HP1286	BSU16960	40.741	27	16	0	134	160	81	107	7.2	23.9
HP1286	BSU11000	22.727	66	45	2	68	127	2	67	8.4	23.5
HP1286	BSU38280	24.390	41	31	0	46	86	70	110	8.9	23.9
HP1287	BSU11650	33.333	216	142	1	1	216	1	214	9.82e-40	133
HP1287	BSU35030	22.500	160	97	6	50	194	39	186	0.23	28.9
HP1287	BSU05630	28.125	64	40	2	149	210	42	101	1.0	26.6
HP1287	BSU37830	32.558	43	25	1	174	216	26	64	1.8	26.2
HP1287	BSU09800	30.435	46	28	2	63	108	34	75	3.2	24.6
HP1287	BSU02420	42.308	26	15	0	128	153	213	238	3.2	25.4
HP1287	BSU02070	25.000	56	38	2	61	112	23	78	3.3	24.3
HP1287	BSU17190	26.000	50	37	0	46	95	1650	1699	3.8	25.4
HP1287	BSU00120	32.000	25	17	0	120	144	8	32	9.1	23.9
HP1288	BSU08160	42.857	42	24	0	43	84	281	322	5.21e-04	35.0
HP1288	BSU08160	33.929	56	33	1	15	70	277	328	1.3	25.0
HP1288	BSU04960	26.866	67	48	1	37	102	474	540	0.069	28.9
HP1288	BSU26030	42.857	35	19	1	57	90	781	815	0.072	28.9
HP1288	BSU07250	33.333	48	32	0	60	107	860	907	0.40	26.9
HP1288	BSU36130	35.484	31	20	0	45	75	49	79	1.6	24.6
HP1288	BSU40420	37.037	54	30	1	47	100	246	295	1.6	25.0
HP1288	BSU04340	42.308	26	15	0	61	86	92	117	1.7	25.0
HP1288	BSU07240	40.909	22	13	0	95	116	56	77	2.3	24.3
HP1288	BSU19950	36.111	36	23	0	23	58	20	55	3.0	23.1
HP1288	BSU27420	50.000	18	9	0	79	96	201	218	3.7	23.9
HP1288	BSU28200	41.463	41	20	2	60	96	669	709	4.5	23.5
HP1288	BSU34729	40.000	20	12	0	85	104	27	46	4.6	22.7
HP1289	BSU05870	34.375	32	14	1	79	110	1	25	2.2	25.4
HP1289	BSU38580	57.895	19	8	0	142	160	82	100	3.3	24.6
HP1289	BSU05830	28.358	67	43	2	83	149	20	81	3.8	24.6
HP1289	BSU06370	31.034	29	20	0	60	88	361	389	6.3	23.9
HP1289	BSU06230	40.000	35	21	0	93	127	60	94	7.4	23.9
HP1289	BSU29160	29.851	67	37	2	103	159	21	87	8.5	23.5
HP1290	BSU31410	21.875	96	68	4	95	188	55	145	0.81	26.9
HP1290	BSU00740	26.923	52	34	2	138	188	88	136	0.82	27.3
HP1290	BSU24390	38.095	63	30	3	101	163	298	351	2.4	25.8
HP1290	BSU29845	63.636	11	4	0	64	74	13	23	4.9	22.7
HP1290	BSU01680	36.585	41	20	1	97	137	48	82	9.3	23.9
HP1291	BSU18980	28.070	57	37	1	59	115	119	171	1.7	26.2
HP1291	BSU21570	28.205	39	28	0	61	99	67	105	1.9	25.4
HP1291	BSU03080	29.213	89	41	3	2	68	30	118	6.1	23.9
HP1291	BSU35100	37.500	24	15	0	15	38	3	26	9.6	23.1
HP1291	BSU10480	31.250	64	38	2	100	158	105	167	9.9	23.5
HP1292	BSU01440	46.610	118	55	1	7	116	3	120	3.06e-32	107
HP1292	BSU37440	41.176	34	20	0	67	100	331	364	0.51	26.2
HP1292	BSU11980	22.222	90	61	2	11	96	166	250	0.57	26.2
HP1292	BSU24570	30.000	50	27	2	4	45	297	346	8.8	22.7
HP1292	BSU16400	23.810	63	46	1	43	105	84	144	9.6	22.7
HP1293	BSU01430	34.007	297	179	6	25	315	22	307	1.01e-53	176
HP1293	BSU14010	63.158	19	7	0	199	217	143	161	0.046	32.0
HP1293	BSU39680	32.653	49	31	1	277	325	96	142	0.96	27.7
HP1293	BSU34330	25.556	90	56	4	178	258	12	99	1.6	26.9
HP1293	BSU24930	47.619	21	11	0	248	268	20	40	2.7	25.4
HP1293	BSU17460	33.333	39	26	0	306	344	88	126	3.6	26.2
HP1293	BSU15400	60.000	20	6	1	148	167	18	35	7.9	23.9
HP1294	BSU29660	49.048	210	95	4	1	208	1	200	2.37e-65	197
HP1294	BSU06049	37.500	56	27	2	51	100	58	111	0.078	29.3
HP1294	BSU24260	35.417	48	25	1	99	146	7	48	0.57	27.7
HP1294	BSU17040	26.357	129	76	6	85	208	143	257	1.4	26.6
HP1294	BSU27160	30.769	52	31	1	26	77	381	427	1.9	26.2
HP1294	BSU16260	41.667	24	14	0	56	79	162	185	3.9	24.6
HP1294	BSU32290	23.171	82	60	2	56	135	79	159	6.1	24.3
HP1294	BSU30770	29.310	58	31	2	31	82	196	249	6.1	24.3
HP1294	BSU32970	32.558	43	29	0	129	171	7	49	6.1	23.5
HP1295	BSU01420	57.692	130	54	1	2	131	3	131	1.50e-47	146
HP1295	BSU15320	43.333	30	16	1	8	37	58	86	0.46	26.6
HP1295	BSU02850	28.889	45	28	1	75	115	219	263	2.0	25.0
HP1295	BSU16580	41.667	24	14	0	60	83	370	393	4.2	24.3
HP1295	BSU27280	23.529	51	39	0	59	109	146	196	5.5	23.5
HP1295	BSU18090	29.412	34	24	0	6	39	622	655	5.6	23.5
HP1295	BSU40650	28.947	38	27	0	19	56	212	249	6.2	23.5
HP1295	BSU05840	26.923	26	19	0	33	58	353	378	7.8	23.1
HP1295	BSU39050	28.358	67	34	2	48	114	609	661	8.1	23.1
HP1296	BSU01410	55.833	120	52	1	1	120	1	119	1.91e-45	140
HP1296	BSU28040	34.286	70	43	2	6	75	63	129	0.18	27.7
HP1296	BSU26750	57.143	14	6	0	51	64	10	23	7.3	21.6
HP1296	BSU39350	27.907	43	31	0	50	92	411	453	7.8	23.1
HP1296	BSU27250	22.222	45	32	1	2	43	334	378	8.2	22.7
HP1296	BSU34110	29.412	51	34	1	27	77	147	195	8.6	22.7
HP1296	BSU25480	45.833	24	10	1	32	52	133	156	8.7	22.7
HP1297	BSU01400	64.865	37	13	0	1	37	1	37	2.29e-13	53.5
HP1297	BSU25820	58.333	12	5	0	25	36	152	163	0.49	23.1
HP1297	BSU03100	50.000	12	6	0	25	36	153	164	1.6	21.9
HP1297	BSU23690	46.667	15	8	0	15	29	94	108	5.9	20.4
HP1297	BSU18950	42.857	21	12	0	7	27	75	95	8.7	19.6
HP1298	BSU01390	65.278	72	25	0	1	72	1	72	1.12e-33	107
HP1298	BSU15500	37.500	40	23	1	25	62	221	260	0.57	24.6
HP1298	BSU31770	30.952	42	25	1	11	48	43	84	1.2	23.9
HP1298	BSU08860	47.826	23	10	1	37	59	266	286	1.2	23.9
HP1298	BSU15780	32.609	46	29	1	10	53	3	48	1.5	23.5
HP1298	BSU29120	30.303	33	23	0	1	33	91	123	3.0	22.7
HP1298	BSU33290	50.000	22	11	0	47	68	11	32	4.7	22.3
HP1298	BSU30840	43.750	32	13	1	6	32	93	124	5.0	21.9
HP1298	BSU39750	20.513	39	31	0	2	40	26	64	6.1	21.9
HP1298	BSU20500	28.571	70	40	2	5	64	105	174	8.3	21.6
HP1299	BSU01380	42.972	249	138	1	3	251	2	246	4.06e-72	218
HP1299	BSU07690	28.800	250	172	3	5	252	3	248	1.09e-36	127
HP1299	BSU24460	26.961	204	135	3	5	207	127	317	7.20e-17	75.9
HP1299	BSU13860	26.887	212	125	5	5	207	137	327	7.03e-14	67.0
HP1299	BSU17210	29.915	117	56	7	13	114	4824	4929	0.24	29.6
HP1299	BSU16880	31.667	60	34	2	183	241	19	72	1.8	25.0
HP1299	BSU28290	28.814	59	37	1	193	246	261	319	3.9	25.4
HP1299	BSU35810	24.444	135	83	7	47	172	171	295	4.8	25.0
HP1299	BSU12380	26.984	63	39	2	42	101	178	236	5.9	25.0
HP1299	BSU20960	33.333	54	31	1	195	248	253	301	6.5	24.6
HP1299	BSU28960	30.000	40	26	1	120	157	118	157	7.0	24.6
HP1299	BSU18250	23.256	129	75	5	75	201	281	387	7.4	24.6
HP1299	BSU25630	27.778	54	36	1	33	86	113	163	8.2	24.3
HP1299	BSU13180	32.353	68	33	3	71	133	269	328	9.7	24.3
HP1300	BSU01360	39.007	423	234	10	5	413	14	426	8.41e-83	257
HP1300	BSU40570	22.152	158	88	3	165	315	142	271	0.041	32.7
HP1300	BSU12370	26.389	72	45	1	169	232	69	140	0.14	30.8
HP1300	BSU18090	25.000	64	48	0	233	296	296	359	7.9	25.4
HP1300	BSU39930	34.286	35	23	0	376	410	241	275	7.9	25.4
HP1300	BSU17970	28.571	42	30	0	343	384	54	95	8.4	24.6
HP1301	BSU01350	45.133	113	61	1	1	112	1	113	1.52e-20	78.6
HP1301	BSU16580	57.143	21	8	1	51	70	755	775	0.33	27.3
HP1301	BSU31980	27.119	59	39	1	50	108	189	243	0.62	26.6
HP1301	BSU09710	26.744	86	49	2	4	81	352	431	1.7	25.4
HP1301	BSU16210	34.884	43	25	1	4	46	292	331	2.8	24.6
HP1301	BSU29610	30.769	65	36	4	35	90	330	394	3.0	24.6
HP1301	BSU32140	47.368	19	9	1	56	74	35	52	7.6	23.1
HP1302	BSU01330	65.468	139	48	0	8	146	10	148	2.94e-61	183
HP1302	BSU36820	37.209	43	23	1	7	45	47	89	0.41	27.3
HP1302	BSU05160	32.075	53	33	2	30	80	186	237	0.82	26.2
HP1302	BSU36640	32.143	84	50	3	55	134	229	309	1.1	26.2
HP1302	BSU18000	26.506	83	42	3	47	119	38	111	1.5	25.8
HP1302	BSU30595	30.233	43	26	1	51	93	256	294	2.5	25.0
HP1302	BSU40380	32.609	46	27	1	79	120	39	84	2.9	24.6
HP1302	BSU17210	32.432	37	25	0	50	86	475	511	3.0	25.0
HP1302	BSU03010	39.286	28	17	0	22	49	312	339	3.6	24.3
HP1302	BSU10060	24.719	89	48	2	54	126	40	125	3.9	24.3
HP1302	BSU37830	45.000	20	11	0	123	142	142	161	8.2	23.5
HP1302	BSU39550	30.208	96	48	4	44	129	134	220	8.7	23.1
HP1303	BSU01320	42.857	112	60	2	9	116	7	118	5.40e-24	86.3
HP1303	BSU38920	44.000	25	14	0	75	99	35	59	0.13	28.1
HP1303	BSU15280	31.579	38	26	0	58	95	377	414	2.9	24.3
HP1303	BSU17180	25.424	59	43	1	52	110	4101	4158	4.2	23.9
HP1303	BSU35940	38.710	31	19	0	58	88	310	340	7.1	23.1
HP1303	BSU03820	39.286	28	17	0	51	78	53	80	7.1	23.1
HP1303	BSU07660	41.176	17	10	0	47	63	10	26	7.8	21.6
HP1303	BSU16810	29.032	62	41	1	39	97	7	68	8.6	22.7
HP1303	BSU22220	31.579	38	26	0	73	110	449	486	9.1	22.7
HP1303	BSU30780	31.111	45	29	1	50	94	69	111	9.2	22.7
HP1303	BSU02010	27.586	29	21	0	35	63	233	261	9.7	22.7
HP1304	BSU01310	41.341	179	103	2	1	177	1	179	6.41e-42	135
HP1304	BSU28510	27.660	47	34	0	122	168	271	317	1.4	26.2
HP1304	BSU22370	29.310	58	37	1	1	54	300	357	2.7	25.4
HP1304	BSU09310	35.556	45	25	2	129	171	460	502	3.1	25.0
HP1304	BSU15940	32.609	46	26	1	3	43	930	975	4.9	24.6
HP1304	BSU01150	43.750	16	9	0	26	41	58	73	6.2	23.5
HP1304	BSU06060	25.000	48	32	1	28	71	303	350	9.5	23.5
HP1305	BSU01300	42.748	131	75	0	1	131	2	132	2.21e-33	110
HP1305	BSU10370	31.481	54	31	2	12	65	106	153	0.074	28.9
HP1305	BSU18909	31.429	35	24	0	83	117	5	39	0.23	25.8
HP1305	BSU32420	25.316	79	47	2	19	91	422	494	1.0	25.8
HP1305	BSU05840	40.741	27	14	1	35	59	267	293	1.3	25.4
HP1305	BSU23130	37.931	29	18	0	33	61	190	218	1.7	25.0
HP1305	BSU26530	30.189	53	36	1	75	127	9	60	1.8	24.6
HP1305	BSU39700	31.818	44	28	2	88	130	199	241	3.3	24.3
HP1305	BSU15580	26.829	41	29	1	83	122	219	259	4.0	23.9
HP1305	BSU15900	35.294	34	17	1	22	50	55	88	5.7	23.5
HP1305	BSU14730	31.250	48	31	1	50	95	115	162	7.3	23.1
HP1305	BSU20360	27.273	44	29	1	86	129	235	275	9.7	22.7
HP1306	BSU01290	67.213	61	20	0	1	61	1	61	2.22e-27	90.5
HP1306	BSU08880	41.860	43	25	0	19	61	47	89	2.32e-10	48.1
HP1306	BSU10360	40.741	27	16	0	29	55	304	330	0.36	25.0
HP1306	BSU35450	50.000	20	7	1	24	43	55	71	0.38	24.6
HP1306	BSU06740	22.222	27	21	0	1	27	81	107	2.3	22.7
HP1306	BSU20060	66.667	9	3	0	30	38	302	310	4.1	21.9
HP1306	BSU18670	32.143	28	19	0	30	57	31	58	4.3	21.9
HP1306	BSU37420	36.667	30	15	1	25	54	36	61	6.1	21.6
HP1306	BSU27000	38.462	26	16	0	33	58	6	31	8.5	20.8
HP1307	BSU01280	51.705	176	85	0	4	179	4	179	7.86e-66	196
HP1307	BSU20330	46.667	30	12	2	5	32	52	79	0.36	27.7
HP1307	BSU26540	42.857	28	16	0	99	126	61	88	1.5	25.8
HP1307	BSU25680	38.710	31	18	1	147	177	58	87	1.6	25.4
HP1307	BSU39360	19.298	57	46	0	24	80	35	91	2.6	25.4
HP1307	BSU21020	42.857	28	13	1	107	134	16	40	7.4	23.1
HP1308	BSU01270	52.239	67	32	0	4	70	2	68	1.13e-18	70.1
HP1308	BSU28780	33.333	24	16	0	41	64	64	87	2.1	23.1
HP1308	BSU25450	35.294	34	20	1	3	34	227	260	7.5	21.6
HP1309	BSU01260	62.295	122	46	0	1	122	1	122	3.22e-51	155
HP1309	BSU34750	36.111	36	23	0	53	88	63	98	0.79	25.8
HP1309	BSU15650	34.091	44	27	1	65	108	653	694	1.2	25.4
HP1309	BSU34350	31.250	48	33	0	18	65	171	218	3.8	23.9
HP1309	BSU08320	38.095	42	25	1	8	49	312	352	7.1	23.1
HP1309	BSU08060	34.000	50	31	1	36	83	106	155	7.1	23.1
HP1309	BSU33640	33.333	27	18	0	20	46	144	170	8.4	22.7
HP1310	BSU01250	44.737	76	42	0	7	82	6	81	6.03e-17	65.9
HP1310	BSU03200	32.558	43	25	1	1	43	172	210	0.41	25.8
HP1310	BSU34430	28.846	52	37	0	14	65	109	160	1.1	24.3
HP1310	BSU16990	35.897	39	19	1	54	86	82	120	3.1	23.1
HP1310	BSU00830	42.308	26	15	0	9	34	105	130	3.7	22.7
HP1310	BSU22430	22.581	62	47	1	26	86	212	273	3.9	22.7
HP1310	BSU17160	37.838	37	21	1	48	82	103	139	6.7	22.3
HP1310	BSU18310	40.000	30	15	1	11	40	41	67	8.9	21.9
HP1310	BSU14040	42.105	19	11	0	45	63	118	136	9.1	21.6
HP1310	BSU35680	30.000	40	26	1	33	72	863	900	9.6	21.9
HP1311	BSU01240	40.351	57	34	0	1	57	1	57	2.19e-08	42.7
HP1311	BSU37150	34.483	58	31	3	2	59	298	348	0.36	25.0
HP1311	BSU31170	37.037	54	32	1	12	63	101	154	0.38	25.0
HP1311	BSU03981	55.556	18	8	0	41	58	412	429	0.76	24.3
HP1311	BSU36390	35.714	28	18	0	29	56	179	206	2.6	22.7
HP1311	BSU38090	35.556	45	23	1	5	49	61	99	3.9	22.3
HP1311	BSU33610	41.935	31	18	0	1	31	14	44	4.6	21.9
HP1311	BSU31200	31.111	45	29	1	8	52	310	352	7.1	21.6
HP1311	BSU17120	50.000	16	8	0	10	25	363	378	8.0	21.6
HP1312	BSU01230	56.296	135	59	0	1	135	1	135	1.23e-53	162
HP1312	BSU40990	25.000	108	66	3	33	125	92	199	0.38	27.3
HP1312	BSU10240	37.838	37	21	1	70	104	116	152	0.79	26.2
HP1312	BSU12520	28.571	42	30	0	53	94	37	78	0.90	26.2
HP1312	BSU28690	23.469	98	69	3	34	125	337	434	1.1	25.8
HP1312	BSU33910	37.500	40	24	1	69	107	40	79	1.8	25.4
HP1312	BSU13350	43.478	23	12	1	86	107	207	229	4.3	24.3
HP1312	BSU15510	26.531	49	32	1	11	55	261	309	6.6	23.5
HP1312	BSU21950	42.308	26	15	0	16	41	28	53	6.8	22.7
HP1312	BSU38110	22.727	66	43	2	66	130	14	72	7.2	23.5
HP1312	BSU02160	21.429	42	33	0	63	104	41	82	7.9	23.1
HP1312	BSU17559	33.333	30	20	0	8	37	11	40	8.1	21.9
HP1313	BSU01220	53.365	208	96	1	1	208	1	207	7.05e-79	233
HP1313	BSU11929	42.308	26	15	0	85	110	21	46	0.90	25.4
HP1313	BSU41030	31.250	32	22	0	50	81	76	107	1.1	26.6
HP1313	BSU37240	25.000	56	36	1	169	224	51	100	5.8	25.0
HP1313	BSU37140	29.630	54	24	2	23	62	63	116	7.0	24.3
HP1313	BSU15620	28.571	42	30	0	24	65	171	212	8.2	24.3
HP1313	BSU40360	33.333	21	14	0	212	232	2	22	8.4	24.3
HP1313	BSU04980	36.170	47	24	2	75	121	21	61	8.7	23.9
HP1313	BSU33050	44.000	25	14	0	83	107	50	74	9.7	24.3
HP1313	BSU11640	34.211	38	25	0	47	84	13	50	9.9	24.3
HP1314	BSU01210	42.727	110	59	1	2	107	3	112	2.66e-22	81.6
HP1314	BSU16670	29.825	57	33	2	8	64	102	151	0.082	28.9
HP1314	BSU06910	25.714	70	43	3	12	75	18	84	2.5	24.3
HP1314	BSU17900	40.000	30	16	1	76	105	80	107	6.7	22.7
HP1314	BSU07420	41.667	24	14	0	97	120	245	268	7.0	23.1
HP1314	BSU03480	44.444	18	10	0	97	114	157	174	7.1	23.1
HP1314	BSU31960	46.429	28	15	0	16	43	1000	1027	9.4	22.7
HP1315	BSU01200	57.303	89	38	0	1	89	1	89	5.25e-34	109
HP1315	BSU11660	42.308	26	15	0	51	76	60	85	4.2	23.1
HP1315	BSU32590	30.303	33	23	0	56	88	23	55	4.6	22.7
HP1315	BSU23190	22.857	35	25	1	29	61	316	350	6.5	22.3
HP1315	BSU14420	27.451	51	25	1	10	60	40	78	6.7	21.9
HP1316	BSU01190	56.115	278	119	3	1	276	1	277	2.77e-105	304
HP1316	BSU20010	30.508	59	40	1	154	211	29	87	1.8	26.2
HP1316	BSU24730	36.364	33	21	0	49	81	236	268	7.7	24.6
HP1316	BSU17500	23.529	51	32	2	94	142	26	71	7.9	24.3
HP1316	BSU34670	26.471	68	44	2	78	139	18	85	8.6	24.3
HP1317	BSU01180	27.692	65	46	1	1	64	1	65	0.089	27.3
HP1317	BSU11240	30.508	59	41	0	13	71	31	89	0.20	26.9
HP1317	BSU39360	32.075	53	33	1	12	61	302	354	0.43	25.8
HP1317	BSU31300	44.444	18	10	0	39	56	267	284	2.6	23.9
HP1317	BSU38640	56.250	16	7	0	41	56	234	249	3.8	23.1
HP1317	BSU22440	38.095	21	13	0	15	35	296	316	4.2	23.1
HP1317	BSU39270	30.769	39	22	2	45	78	302	340	6.3	22.7
HP1317	BSU10480	42.105	19	11	0	33	51	9	27	7.3	22.3
HP1317	BSU03090	34.783	46	27	2	44	88	81	124	9.2	21.9
HP1317	BSU17120	52.381	21	7	1	36	53	198	218	9.3	21.9
HP1317	BSU07780	30.769	26	18	0	18	43	335	360	9.9	21.9
HP1318	BSU01170	36.471	170	98	4	40	208	42	202	1.19e-27	101
HP1318	BSU30860	34.884	43	25	2	131	173	350	389	0.27	28.9
HP1318	BSU33690	36.364	33	19	1	140	170	289	321	1.3	26.6
HP1318	BSU22880	29.508	61	40	2	142	199	1	61	2.1	25.8
HP1318	BSU29680	37.500	32	20	0	80	111	171	202	3.5	25.4
HP1318	BSU18450	28.947	76	49	3	131	205	1268	1339	4.0	25.4
HP1318	BSU13060	25.641	39	29	0	118	156	161	199	5.9	24.3
HP1319	BSU01160	32.000	200	104	7	3	180	5	194	9.80e-22	85.1
HP1319	BSU32900	36.364	33	18	1	129	161	70	99	0.71	26.6
HP1319	BSU29250	25.641	39	29	0	88	126	255	293	2.9	25.4
HP1319	BSU17230	25.455	55	38	1	120	171	8	62	3.7	25.0
HP1319	BSU15940	25.610	82	58	1	21	99	921	1002	4.8	24.6
HP1319	BSU02190	29.167	48	34	0	62	109	167	214	7.2	23.9
HP1319	BSU05010	41.667	36	19	2	60	95	59	92	8.4	23.9
HP1319	BSU22670	27.778	54	39	0	52	105	94	147	8.7	23.9
HP1320	BSU01150	60.825	97	38	0	2	98	4	100	1.92e-41	129
HP1320	BSU37080	30.769	65	39	2	29	92	94	153	1.4	24.6
HP1320	BSU12040	33.333	39	26	0	1	39	4	42	4.0	23.1
HP1320	BSU08010	48.000	25	13	0	14	38	16	40	4.1	23.5
HP1320	BSU20860	50.000	26	12	1	13	37	122	147	4.5	23.1
HP1321	BSU21470	31.481	54	34	1	15	65	494	547	0.029	33.1
HP1321	BSU30760	21.552	116	82	5	16	122	15	130	0.21	30.0
HP1321	BSU19390	29.167	48	34	0	12	59	47	94	0.24	29.6
HP1321	BSU28220	43.750	32	18	0	29	60	108	139	0.61	28.9
HP1321	BSU03280	29.333	75	48	2	185	259	126	195	0.92	28.1
HP1321	BSU08220	24.038	104	56	3	28	116	390	485	0.94	28.1
HP1321	BSU08690	25.862	58	40	1	12	66	350	407	1.5	27.7
HP1321	BSU00150	42.308	26	15	0	33	58	7	32	1.7	26.9
HP1321	BSU33730	46.154	26	14	0	20	45	18	43	2.4	26.9
HP1321	BSU05950	33.333	30	20	0	17	46	16	45	2.4	26.9
HP1321	BSU16160	40.000	25	15	0	33	57	55	79	3.3	26.6
HP1321	BSU05910	29.787	47	24	2	27	64	25	71	4.1	25.4
HP1321	BSU30420	30.769	52	31	2	18	65	23	73	4.1	25.8
HP1321	BSU12530	32.000	50	34	0	11	60	98	147	4.3	25.8
HP1321	BSU27530	27.517	149	74	9	24	154	32	164	4.4	25.8
HP1321	BSU22700	34.000	50	32	1	34	83	312	360	5.1	25.8
HP1321	BSU29340	39.286	28	17	0	19	46	16	43	5.1	25.4
HP1321	BSU14320	40.000	40	23	1	19	58	351	389	5.3	25.8
HP1321	BSU28200	35.000	40	25	1	33	71	350	389	5.4	25.8
HP1321	BSU17330	34.286	35	22	1	33	67	9	42	5.4	25.4
HP1321	BSU38860	42.308	26	15	0	146	171	53	78	5.8	25.4
HP1321	BSU03560	35.484	31	20	0	207	237	31	61	6.1	25.4
HP1321	BSU25990	20.988	81	64	0	243	323	22	102	6.2	25.0
HP1321	BSU23960	35.484	31	20	0	16	46	13	43	7.1	25.0
HP1321	BSU13220	29.730	37	26	0	12	48	17	53	7.3	25.4
HP1321	BSU38018	52.632	19	9	0	211	229	40	58	7.3	24.3
HP1321	BSU05610	47.059	17	9	0	30	46	317	333	8.9	25.0
HP1321	BSU01935	33.333	27	18	0	125	151	106	132	9.7	25.0
HP1322	BSU13610	25.532	94	53	3	37	125	31	112	0.46	27.3
HP1322	BSU04600	27.273	55	36	1	108	162	287	337	1.3	26.6
HP1322	BSU07955	34.286	35	23	0	95	129	228	262	4.1	25.0
HP1322	BSU34220	29.268	41	28	1	86	125	250	290	4.7	24.6
HP1322	BSU14370	42.308	26	15	0	56	81	52	77	7.6	23.9
HP1323	BSU16060	35.519	183	107	5	4	185	76	248	2.12e-25	96.3
HP1323	BSU30035	44.444	18	10	0	160	177	9	26	0.75	26.9
HP1323	BSU09290	31.818	66	35	2	1	66	289	344	0.90	26.9
HP1323	BSU28620	42.857	42	22	2	3	43	97	137	0.97	26.9
HP1323	BSU20060	25.843	89	49	4	84	156	223	310	2.8	25.8
HP1323	BSU15520	34.043	47	30	1	51	96	152	198	6.0	24.6
HP1323	BSU03300	62.500	16	6	0	86	101	429	444	8.4	24.3
HP1323	BSU22490	27.273	55	40	0	104	158	18	72	9.8	23.9
HP1323	BSU24420	35.714	28	18	0	167	194	40	67	10.0	23.5
HP1324	BSU00010	29.412	51	36	0	26	76	147	197	0.56	25.4
HP1324	BSU19360	35.294	34	21	1	46	78	290	323	0.78	24.6
HP1324	BSU17210	27.397	73	40	3	5	67	2454	2523	1.4	24.3
HP1324	BSU18760	35.000	40	24	2	26	65	8	45	2.3	23.5
HP1324	BSU03710	36.842	19	12	0	59	77	330	348	5.1	22.3
HP1324	BSU35170	50.000	20	10	0	56	75	258	277	5.3	22.3
HP1324	BSU35319	31.579	38	26	0	46	83	61	98	5.4	22.3
HP1324	BSU37150	47.368	19	10	0	37	55	340	358	5.4	22.3
HP1324	BSU22320	38.235	34	14	1	30	63	661	687	6.3	22.3
HP1324	BSU02360	38.710	31	19	0	9	39	13	43	6.8	21.9
HP1324	BSU38310	31.818	44	28	2	22	65	2	43	8.2	21.9
HP1324	BSU14630	24.528	53	40	0	31	83	345	397	8.3	21.9
HP1324	BSU04400	37.500	32	20	0	10	41	30	61	9.0	21.6
HP1325	BSU33040	66.524	466	149	2	1	463	1	462	0.0	658
HP1325	BSU23570	42.826	460	262	1	2	461	7	465	1.14e-126	373
HP1325	BSU06440	27.854	219	142	7	123	341	84	286	3.57e-09	55.5
HP1325	BSU29440	24.645	211	147	6	133	342	103	302	1.13e-07	50.4
HP1325	BSU13980	35.000	60	34	1	143	197	473	532	1.6	28.1
HP1325	BSU30410	27.692	65	46	1	180	243	361	425	3.7	26.6
HP1325	BSU35170	37.500	32	20	0	209	240	476	507	7.3	25.8
HP1325	BSU28940	37.931	29	18	0	45	73	181	209	9.6	25.0
HP1326	BSU32690	26.087	69	47	1	21	89	128	192	0.39	26.9
HP1326	BSU16330	41.667	24	14	0	62	85	50	73	0.75	25.4
HP1326	BSU09210	27.660	47	25	1	10	47	209	255	2.1	24.6
HP1326	BSU02040	25.000	44	33	0	62	105	199	242	2.8	24.3
HP1326	BSU27840	42.105	19	11	0	70	88	170	188	4.1	23.9
HP1326	BSU22750	27.660	47	34	0	55	101	178	224	5.2	23.5
HP1326	BSU10700	25.581	43	32	0	35	77	4	46	7.9	22.7
HP1326	BSU35650	35.484	31	16	1	80	110	236	262	8.4	22.7
HP1327	BSU25110	31.579	38	21	1	270	302	44	81	4.9	25.8
HP1327	BSU31090	58.824	17	7	0	214	230	57	73	6.3	25.4
HP1327	BSU33880	34.000	50	26	1	248	290	136	185	7.2	25.8
HP1327	BSU28970	29.670	91	59	2	160	249	73	159	8.4	25.0
HP1327	BSU07060	28.571	49	32	1	77	125	150	195	9.8	25.0
HP1328	BSU08650	25.455	55	40	1	232	286	197	250	0.18	30.0
HP1328	BSU36000	21.053	57	41	1	72	124	64	120	0.60	28.5
HP1328	BSU09000	23.188	69	49	2	134	200	75	141	1.6	26.9
HP1328	BSU24730	27.586	58	41	1	166	223	96	152	2.9	26.2
HP1328	BSU30400	29.545	44	30	1	48	90	32	75	4.6	25.4
HP1328	BSU29580	34.884	43	26	1	1	43	198	238	4.7	25.8
HP1328	BSU00070	37.143	35	16	1	283	317	640	668	5.4	25.8
HP1328	BSU25470	35.897	39	25	0	104	142	270	308	5.8	25.4
HP1328	BSU18596	47.059	17	9	0	132	148	5	21	8.7	22.3
HP1329	BSU06710	23.858	1073	728	20	5	1025	4	1039	1.23e-66	240
HP1329	BSU27650	23.188	207	144	5	301	503	223	418	7.65e-04	40.0
HP1329	BSU05430	27.500	160	96	7	341	490	177	326	0.007	37.0
HP1329	BSU33970	33.333	57	33	2	492	544	15	70	0.66	30.4
HP1329	BSU15650	28.000	75	40	2	786	860	465	525	1.8	29.3
HP1329	BSU01130	31.111	45	31	0	396	440	61	105	3.7	27.7
HP1329	BSU33860	27.778	90	50	3	722	808	74	151	4.7	27.3
HP1329	BSU05650	24.845	161	86	6	340	466	174	333	5.9	27.3
HP1329	BSU04450	42.424	33	17	1	348	378	163	195	6.6	27.3
HP1330	BSU26700	43.564	101	57	0	4	104	7	107	2.14e-25	89.4
HP1330	BSU17210	32.353	34	22	1	21	54	1944	1976	0.50	26.6
HP1330	BSU03250	50.000	26	12	1	41	65	124	149	0.56	26.2
HP1330	BSU27480	46.667	30	12	1	55	80	573	602	0.58	26.2
HP1330	BSU30659	35.484	31	20	0	5	35	20	50	1.1	23.9
HP1330	BSU02740	29.032	31	22	0	36	66	113	143	3.2	23.9
HP1330	BSU35880	33.333	48	29	1	31	78	249	293	4.9	23.5
HP1331	BSU26710	37.104	221	139	0	7	227	28	248	5.90e-52	166
HP1331	BSU12400	39.394	33	18	1	143	173	216	248	0.16	29.3
HP1331	BSU19440	33.333	45	28	1	120	162	375	419	2.8	25.8
HP1331	BSU18970	26.389	72	46	1	92	156	582	653	3.1	25.8
HP1331	BSU02800	31.884	69	39	3	92	157	216	279	4.0	25.4
HP1331	BSU33780	48.387	31	14	1	191	221	163	191	5.1	24.6
HP1332	BSU25460	36.494	348	207	7	5	342	6	349	1.76e-60	196
HP1332	BSU02530	52.000	25	12	0	181	205	12	36	0.007	31.6
HP1332	BSU17640	35.556	45	29	0	194	238	267	311	0.053	32.0
HP1332	BSU32090	35.897	39	22	1	151	189	4	39	0.22	27.3
HP1332	BSU35160	31.343	67	34	2	149	203	703	769	0.45	29.3
HP1332	BSU00410	22.892	83	60	2	84	162	24	106	2.0	26.6
HP1332	BSU24200	45.833	24	12	1	275	298	42	64	2.3	25.4
HP1332	BSU03140	40.000	20	12	0	314	333	72	91	4.4	25.8
HP1332	BSU06510	36.000	25	16	0	9	33	155	179	8.3	24.6
HP1333	BSU17210	29.730	74	46	2	117	188	363	432	0.52	29.3
HP1333	BSU15460	22.308	260	151	10	87	329	78	303	0.81	28.1
HP1333	BSU28320	69.231	13	4	0	370	382	12	24	1.7	26.2
HP1333	BSU28090	33.333	48	31	1	46	92	546	593	2.1	27.3
HP1333	BSU30550	26.316	38	28	0	22	59	87	124	3.8	26.2
HP1333	BSU21350	29.577	71	44	1	224	294	1986	2050	3.8	26.6
HP1333	BSU29620	30.357	56	29	3	90	135	56	111	4.4	25.8
HP1333	BSU00710	28.571	42	22	1	100	133	195	236	5.4	25.8
HP1333	BSU04290	23.438	64	43	2	114	177	219	276	6.6	25.4
HP1333	BSU02690	25.676	74	51	1	7	76	277	350	6.8	25.4
HP1333	BSU04140	25.000	52	33	1	104	155	48	93	9.9	25.0
HP1334	BSU07230	31.481	54	35	1	139	192	106	157	0.24	28.9
HP1334	BSU06600	29.412	34	24	0	109	142	85	118	1.7	26.2
HP1334	BSU18440	28.302	53	31	1	124	176	201	246	2.1	26.2
HP1334	BSU14840	29.167	48	33	1	78	124	35	82	4.4	23.9
HP1334	BSU38920	27.407	135	74	5	78	195	248	375	4.7	25.0
HP1334	BSU25170	26.667	30	22	0	130	159	284	313	5.1	25.0
HP1334	BSU36270	42.500	40	13	2	115	144	287	326	8.4	24.3
HP1334	BSU14330	28.889	45	28	1	167	211	83	123	9.3	24.3
HP1335	BSU27500	36.827	353	207	7	2	341	9	358	1.12e-63	203
HP1335	BSU29450	28.866	97	63	3	2	96	6	98	0.031	32.7
HP1335	BSU00070	24.752	101	63	3	148	242	443	536	1.7	27.3
HP1335	BSU03200	47.368	38	16	3	164	199	166	201	2.1	26.6
HP1335	BSU15100	44.000	25	14	0	305	329	34	58	3.5	25.8
HP1335	BSU29590	23.529	119	74	4	73	178	13	127	8.4	25.0
HP1335	BSU11820	36.364	33	17	1	166	194	572	604	8.5	25.0
HP1336	BSU25460	37.037	54	30	1	193	246	4	53	4.70e-04	37.7
HP1336	BSU21710	26.374	91	57	3	122	205	130	217	0.35	28.9
HP1336	BSU02610	37.500	48	25	2	45	87	53	100	1.1	26.9
HP1336	BSU37800	26.000	50	34	1	149	195	41	90	1.7	26.2
HP1336	BSU22590	22.105	95	74	0	21	115	328	422	3.4	25.8
HP1336	BSU32290	26.562	64	38	3	91	146	89	151	3.6	25.4
HP1336	BSU03820	24.167	120	50	5	126	245	5	83	4.2	25.0
HP1336	BSU04450	36.000	50	26	3	199	248	32	75	6.3	25.0
HP1336	BSU00070	40.000	30	17	1	105	133	602	631	9.1	24.6
HP1337	BSU25640	26.829	164	110	4	8	166	2	160	8.99e-13	60.5
HP1337	BSU15020	36.957	46	26	1	10	55	4	46	0.028	30.8
HP1337	BSU34220	29.032	31	22	0	14	44	84	114	2.1	25.4
HP1337	BSU14600	50.000	16	8	0	133	148	73	88	2.5	25.4
HP1337	BSU04330	29.032	62	39	2	4	62	19	78	3.1	24.6
HP1337	BSU14610	21.429	98	71	2	58	155	360	451	4.4	24.6
HP1337	BSU21500	43.478	23	13	0	139	161	301	323	5.1	24.3
HP1337	BSU13360	29.907	107	68	4	18	118	57	162	5.4	23.9
HP1337	BSU34320	34.615	26	17	0	114	139	117	142	5.6	24.3
HP1337	BSU14000	34.615	52	30	2	34	85	158	205	6.6	23.9
HP1337	BSU16220	40.000	20	12	0	92	111	120	139	7.7	23.9
HP1337	BSU15640	24.211	95	58	4	41	124	63	154	8.4	23.9
HP1338	BSU30440	33.333	45	27	1	99	143	135	176	0.18	28.5
HP1338	BSU07690	34.694	49	29	2	20	66	183	230	1.3	25.8
HP1338	BSU27480	26.531	49	35	1	1	48	540	588	1.4	25.8
HP1338	BSU16140	22.124	113	62	5	25	117	68	174	1.9	25.4
HP1338	BSU17210	25.000	88	49	3	3	83	3885	3962	3.8	24.6
HP1338	BSU23230	32.353	34	19	1	49	78	25	58	4.1	23.9
HP1338	BSU07820	34.211	38	25	0	17	54	87	124	4.9	23.9
HP1338	BSU24560	36.364	33	17	1	41	73	351	379	5.4	23.9
HP1338	BSU12000	29.787	47	27	1	13	53	515	561	5.5	23.9
HP1338	BSU16220	66.667	15	5	0	119	133	38	52	6.9	23.5
HP1338	BSU04650	33.333	39	25	1	13	51	10	47	7.5	22.7
HP1338	BSU17180	38.095	21	13	0	78	98	4055	4075	9.3	23.5
HP1339	BSU33980	32.203	59	39	1	82	140	165	222	9.6	23.1
HP1340	BSU21980	40.000	30	17	1	29	57	198	227	0.45	26.6
HP1340	BSU35160	31.373	51	28	1	44	87	15	65	1.6	25.4
HP1340	BSU11170	28.000	50	36	0	76	125	23	72	1.7	25.0
HP1340	BSU20380	27.083	48	27	1	5	52	96	135	2.0	24.6
HP1340	BSU03350	25.490	51	38	0	10	60	143	193	3.2	24.3
HP1340	BSU03830	36.207	58	28	2	46	100	45	96	3.3	24.3
HP1340	BSU28490	32.500	80	45	4	30	104	26	101	5.4	23.5
HP1340	BSU13680	41.935	31	16	1	12	40	19	49	6.6	23.1
HP1340	BSU18570	35.714	28	18	0	66	93	245	272	7.1	23.5
HP1341	BSU19210	32.353	68	41	2	52	118	118	181	0.062	31.2
HP1341	BSU19210	44.828	29	16	0	124	152	140	168	0.67	28.1
HP1341	BSU04930	29.545	44	31	0	142	185	107	150	2.1	26.2
HP1341	BSU09190	38.235	34	21	0	75	108	1102	1135	7.9	25.0
HP1341	BSU37120	30.769	65	36	3	42	97	205	269	9.2	24.3
HP1341	BSU02140	27.660	47	23	1	122	168	212	247	9.8	24.6
HP1342	BSU03480	26.250	80	47	2	183	262	1399	1466	0.10	32.7
HP1342	BSU41020	31.707	41	26	1	403	441	41	81	0.32	30.8
HP1342	BSU02440	27.143	70	47	1	400	465	191	260	0.97	29.3
HP1342	BSU07860	24.675	77	58	0	372	448	118	194	1.8	28.1
HP1342	BSU00820	37.500	40	23	1	41	78	143	182	4.0	27.3
HP1342	BSU32940	31.250	32	22	0	448	479	68	99	5.2	26.6
HP1342	BSU31960	45.161	31	17	0	464	494	1441	1471	5.4	26.9
HP1342	BSU18330	29.091	55	38	1	46	99	912	966	6.7	26.6
HP1343	BSU13440	29.000	200	108	6	26	206	79	263	7.17e-11	58.2
HP1343	BSU02920	25.888	197	109	6	20	201	33	207	1.32e-09	53.9
HP1343	BSU11510	29.825	171	100	7	17	185	6	158	5.21e-09	51.6
HP1343	BSU19020	44.118	34	16	2	85	118	407	437	0.18	29.6
HP1343	BSU23330	33.333	48	28	1	162	209	20	63	1.6	25.4
HP1343	BSU00570	37.500	32	19	1	176	206	72	103	2.9	25.8
HP1343	BSU00350	31.250	48	30	1	78	125	44	88	4.9	23.9
HP1343	BSU09310	27.869	61	35	1	104	155	252	312	7.0	24.6
HP1343	BSU27760	27.907	43	31	0	59	101	258	300	8.3	24.3
HP1344	BSU24740	49.206	63	32	0	255	317	235	297	4.88e-17	77.0
HP1344	BSU08000	22.857	315	199	9	25	317	22	314	3.51e-15	71.6
HP1344	BSU29700	36.364	44	20	2	116	157	75	112	0.56	28.1
HP1344	BSU23410	39.130	23	14	0	252	274	294	316	7.2	25.0
HP1345	BSU33930	45.226	398	207	7	10	401	2	394	2.57e-111	328
HP1345	BSU06070	25.000	112	80	3	86	197	243	350	0.076	31.6
HP1345	BSU00190	38.776	49	29	1	215	263	230	277	0.13	31.2
HP1345	BSU40200	29.851	67	47	0	147	213	26	92	0.82	28.5
HP1345	BSU33690	21.053	95	56	3	41	127	281	364	1.3	28.1
HP1345	BSU20340	26.923	78	40	3	180	257	260	320	4.3	26.6
HP1345	BSU02060	29.688	64	43	1	64	127	373	434	4.4	26.2
HP1345	BSU40510	31.667	60	32	1	304	363	464	514	4.8	26.2
HP1345	BSU35890	33.333	39	21	1	159	197	67	100	5.1	25.4
HP1345	BSU31322	30.000	40	23	1	100	139	139	173	5.2	25.8
HP1345	BSU19590	32.432	74	48	2	241	314	142	213	9.8	25.0
HP1346	BSU29020	45.921	331	176	2	1	328	1	331	5.43e-106	310
HP1346	BSU33940	46.084	332	176	2	1	329	1	332	2.55e-100	296
HP1346	BSU16750	24.590	61	45	1	124	183	104	164	1.1	27.7
HP1346	BSU09730	27.027	111	53	7	3	110	1	86	1.9	26.6
HP1346	BSU05940	27.103	107	59	5	209	311	174	265	4.1	25.8
HP1346	BSU15780	24.638	69	52	0	160	228	102	170	6.8	25.0
HP1346	BSU39420	32.558	43	23	1	188	224	136	178	7.1	25.0
HP1346	BSU00310	31.304	115	64	5	143	254	115	217	7.2	25.0
HP1346	BSU22360	27.160	81	52	4	234	312	224	299	9.0	25.0
HP1347	BSU37970	43.318	217	111	4	9	223	5	211	1.19e-52	167
HP1347	BSU24310	31.707	41	26	1	55	95	30	68	0.25	28.9
HP1347	BSU05090	30.000	50	34	1	69	117	144	193	0.99	27.3
HP1347	BSU08610	29.333	75	50	1	70	144	677	748	2.1	26.2
HP1347	BSU05190	28.000	50	35	1	69	117	144	193	3.1	25.8
HP1347	BSU27900	31.429	35	24	0	76	110	66	100	3.3	25.4
HP1347	BSU01540	40.000	25	15	0	178	202	225	249	4.1	25.4
HP1348	BSU09540	30.000	110	71	3	69	177	34	138	1.34e-04	38.5
HP1348	BSU25130	34.091	44	29	0	124	167	122	165	3.2	25.4
HP1349	BSU27450	28.155	103	58	4	207	299	101	197	1.3	27.3
HP1349	BSU39430	42.857	21	12	0	72	92	89	109	1.8	27.3
HP1349	BSU31322	29.412	51	35	1	126	176	86	135	4.4	26.2
HP1349	BSU36170	41.667	24	14	0	117	140	144	167	5.5	25.4
HP1349	BSU02630	36.364	22	14	0	283	304	1	22	8.5	23.5
HP1349	BSU40529	37.037	27	17	0	280	306	7	33	9.3	22.7
HP1350	BSU35240	31.437	334	217	5	41	366	46	375	2.07e-51	177
HP1350	BSU19590	33.038	339	205	7	37	364	34	361	2.24e-48	169
HP1350	BSU09920	41.304	46	19	2	304	349	614	651	0.78	28.9
HP1350	BSU28710	24.845	161	101	8	108	257	254	405	1.0	28.5
HP1350	BSU16560	33.333	48	30	1	130	177	215	260	3.4	26.6
HP1350	BSU17180	31.250	48	33	0	311	358	277	324	3.5	26.9
HP1350	BSU33360	30.435	46	29	1	132	177	236	278	4.5	26.6
HP1350	BSU00580	27.103	107	62	6	122	214	132	236	4.9	26.2
HP1350	BSU26860	22.500	40	31	0	198	237	25	64	5.8	26.2
HP1350	BSU28520	22.917	96	47	3	1	69	107	202	6.8	25.8
HP1350	BSU19290	30.769	39	27	0	312	350	40	78	9.6	24.3
HP1350	BSU33000	61.111	18	7	0	128	145	391	408	9.7	25.4
HP1351	BSU14810	29.688	64	40	1	120	178	326	389	1.2	27.3
HP1351	BSU19330	45.000	20	11	0	119	138	19	38	5.3	25.0
HP1351	BSU39090	32.787	61	39	2	91	150	167	226	6.3	25.0
HP1351	BSU31250	26.250	80	54	1	194	268	580	659	7.8	25.0
HP1351	BSU23790	41.667	24	14	0	218	241	260	283	8.0	24.6
HP1351	BSU01460	21.569	102	59	3	16	103	30	124	8.0	24.6
HP1351	BSU26230	38.462	26	16	0	61	86	97	122	8.5	24.6
HP1352	BSU21850	41.379	29	17	0	14	42	161	189	0.026	32.7
HP1352	BSU19600	33.333	57	35	1	198	254	26	79	0.27	29.6
HP1352	BSU36280	22.857	105	73	4	143	241	542	644	0.37	29.6
HP1352	BSU39890	45.000	20	11	0	77	96	124	143	4.4	25.8
HP1352	BSU32690	30.303	33	23	0	77	109	181	213	5.0	25.8
HP1352	BSU29480	26.812	138	81	7	207	337	115	239	5.7	25.4
HP1352	BSU27170	22.472	89	58	3	234	320	102	181	6.8	25.0
HP1352	BSU22810	31.034	29	20	0	114	142	208	236	8.6	24.6
HP1353	BSU23730	40.541	37	22	0	326	362	100	136	2.6	28.5
HP1353	BSU28510	34.211	38	25	0	581	618	27	64	6.3	27.3
HP1355	BSU27860	35.971	278	165	4	1	272	4	274	1.09e-50	165
HP1355	BSU01960	29.730	74	46	4	42	115	115	182	0.30	29.3
HP1355	BSU31550	35.294	34	22	0	191	224	242	275	0.47	28.5
HP1355	BSU27900	48.000	25	13	0	217	241	166	190	1.6	26.6
HP1355	BSU03310	31.250	48	29	2	89	132	38	85	1.8	26.9
HP1355	BSU06870	41.176	34	18	1	211	242	109	142	2.0	25.8
HP1355	BSU27990	40.741	54	24	3	187	238	119	166	2.5	26.2
HP1355	BSU34440	35.714	28	18	0	92	119	99	126	3.1	25.8
HP1355	BSU25980	34.286	35	23	0	181	215	109	143	3.4	25.8
HP1355	BSU02620	29.787	47	33	0	220	266	56	102	3.9	25.8
HP1355	BSU26530	39.130	23	14	0	209	231	103	125	4.1	25.0
HP1355	BSU24280	39.535	43	18	2	232	266	41	83	4.7	25.4
HP1355	BSU04110	27.027	37	23	1	106	142	145	177	5.0	25.0
HP1355	BSU26190	25.000	52	36	1	123	171	167	218	8.7	24.6
HP1355	BSU29850	18.812	101	72	2	149	249	50	140	9.2	23.9
HP1356	BSU27850	36.280	328	198	5	20	336	41	368	5.97e-65	206
HP1356	BSU10930	30.851	94	53	5	3	84	9	102	0.66	28.1
HP1356	BSU34340	40.741	27	15	1	184	209	248	274	1.6	27.3
HP1356	BSU07430	28.070	57	38	1	248	301	116	172	5.8	25.4
HP1356	BSU40930	30.000	60	27	2	196	251	531	579	6.4	25.4
HP1356	BSU08080	52.174	23	11	0	151	173	252	274	7.0	25.0
HP1356	BSU13700	28.333	120	58	6	59	176	271	364	7.1	25.4
HP1356	BSU30970	25.758	66	41	2	114	173	282	345	7.9	25.0
HP1356	BSU28750	30.303	33	23	0	197	229	41	73	8.0	25.0
HP1356	BSU35600	27.660	47	34	0	5	51	85	131	9.1	25.0
HP1356	BSU12100	28.571	63	36	1	249	302	271	333	9.3	25.0
HP1357	BSU02290	26.000	250	155	9	22	262	32	260	2.48e-19	82.0
HP1357	BSU23110	41.026	39	21	2	193	229	265	303	1.9	26.6
HP1357	BSU16280	24.658	73	48	1	25	97	40	105	2.2	25.8
HP1357	BSU28000	42.857	21	12	0	83	103	194	214	3.9	25.4
HP1357	BSU23420	44.000	25	14	0	177	201	123	147	7.6	24.3
HP1357	BSU10600	32.500	40	26	1	52	90	48	87	9.6	23.5
HP1358	BSU16480	40.625	32	19	0	130	161	126	157	0.011	32.0
HP1358	BSU39650	21.875	96	74	1	3	98	33	127	0.077	29.6
HP1358	BSU25470	25.397	63	45	1	45	107	507	567	0.78	26.9
HP1358	BSU35410	29.787	47	26	1	55	101	99	138	1.2	26.2
HP1358	BSU24940	30.435	46	31	1	13	58	11	55	1.6	25.4
HP1358	BSU14180	23.077	65	47	2	47	110	11	73	1.6	25.8
HP1358	BSU32260	35.484	31	20	0	132	162	137	167	1.9	25.8
HP1358	BSU05760	41.667	36	20	1	105	139	130	165	4.6	24.3
HP1358	BSU33030	51.852	27	9	2	133	155	12	38	5.7	23.9
HP1358	BSU02620	32.258	31	21	0	40	70	11	41	6.8	23.9
HP1358	BSU14570	23.423	111	78	3	55	165	93	196	6.9	23.9
HP1358	BSU36770	58.824	17	7	0	26	42	59	75	7.4	23.5
HP1358	BSU22500	34.615	26	17	0	12	37	67	92	7.8	23.1
HP1359	BSU17150	34.286	35	23	0	60	94	19	53	0.58	26.9
HP1359	BSU12210	27.027	37	27	0	116	152	301	337	2.1	25.4
HP1359	BSU07300	31.081	74	32	2	14	68	109	182	2.4	25.4
HP1359	BSU12340	29.167	48	34	0	50	97	110	157	5.8	23.9
HP1359	BSU26510	41.176	34	18	1	44	77	36	67	7.1	23.9
HP1359	BSU13790	42.857	21	6	1	109	123	196	216	8.5	23.5
HP1359	BSU00530	36.364	44	25	1	79	119	29	72	9.3	23.1
HP1360	BSU12080	26.490	151	104	4	36	180	59	208	2.52e-06	45.1
HP1360	BSU14880	25.547	137	82	5	53	181	63	187	0.001	36.6
HP1360	BSU16260	40.741	27	16	0	166	192	20	46	0.29	28.9
HP1360	BSU11381	27.000	100	70	3	167	264	41	139	1.4	26.6
HP1360	BSU09110	35.714	56	33	1	45	100	136	188	3.2	25.8
HP1360	BSU07800	32.143	56	27	2	126	172	170	223	3.7	25.8
HP1360	BSU38490	23.333	60	46	0	165	224	181	240	6.8	25.0
HP1360	BSU00940	21.978	91	64	2	2	85	344	434	7.7	25.0
HP1360	BSU19580	28.169	71	48	2	160	228	187	256	8.7	24.6
HP1360	BSU05680	25.180	139	81	6	137	270	135	255	9.3	24.6
HP1360	BSU10840	28.395	81	47	3	88	159	117	195	9.9	24.3
HP1361	BSU25570	27.857	140	88	2	149	286	203	331	2.33e-05	43.5
HP1361	BSU07040	32.877	73	46	1	313	382	106	178	1.6	27.3
HP1361	BSU30180	29.630	54	35	1	274	324	56	109	5.7	25.8
HP1361	BSU18760	28.571	63	43	1	161	223	211	271	6.8	25.4
HP1361	BSU04980	45.455	22	12	0	66	87	25	46	8.0	25.0
HP1362	BSU40440	39.000	400	231	8	11	400	12	408	5.87e-83	261
HP1362	BSU00870	37.500	64	38	1	192	255	87	148	0.003	36.6
HP1362	BSU04780	28.866	97	46	4	79	171	234	311	4.2	26.6
HP1362	BSU34430	25.556	90	63	3	44	133	37	122	5.1	25.8
HP1362	BSU16320	26.389	72	32	3	180	232	84	153	7.1	25.8
HP1362	BSU30260	27.500	40	27	1	70	107	270	309	8.2	25.4
HP1362	BSU07020	34.483	29	19	0	331	359	134	162	8.8	25.4
HP1363	BSU38720	30.952	252	148	11	222	455	15	258	1.82e-17	79.3
HP1363	BSU17120	29.412	102	56	3	370	455	226	327	0.40	30.0
HP1363	BSU16580	17.059	170	123	4	235	401	362	516	1.2	28.5
HP1363	BSU17790	27.778	36	26	0	154	189	32	67	1.7	27.3
HP1363	BSU02200	34.286	35	23	0	302	336	155	189	2.3	27.3
HP1363	BSU17010	24.675	77	58	0	105	181	149	225	2.4	27.3
HP1363	BSU13420	34.545	55	31	2	24	73	427	481	2.5	27.3
HP1363	BSU14940	32.432	37	25	0	394	430	49	85	5.2	25.0
HP1363	BSU23720	40.000	25	15	0	216	240	29	53	5.5	24.3
HP1363	BSU19950	34.694	49	31	1	22	69	12	60	6.6	24.3
HP1364	BSU03760	23.581	229	149	9	181	385	234	460	5.33e-08	51.2
HP1364	BSU13260	24.444	225	144	9	193	397	234	452	1.19e-07	50.1
HP1364	BSU39650	24.896	241	146	9	170	381	78	312	1.90e-06	46.2
HP1364	BSU29100	25.806	217	120	8	194	379	354	560	3.01e-06	45.8
HP1364	BSU40400	24.510	204	124	8	193	370	379	578	3.69e-06	45.8
HP1364	BSU33210	23.611	216	136	7	192	382	358	569	3.17e-05	42.7
HP1364	BSU23110	23.113	212	134	8	192	378	366	573	3.57e-05	42.4
HP1364	BSU33020	20.755	212	142	8	185	379	237	439	2.11e-04	40.0
HP1364	BSU14490	22.857	105	74	3	288	388	318	419	7.65e-04	38.1
HP1364	BSU30390	25.381	197	121	9	200	379	124	311	0.002	36.6
HP1364	BSU02560	21.296	216	147	7	193	386	88	302	0.005	35.0
HP1364	BSU02010	20.673	208	123	9	194	384	132	314	0.012	34.3
HP1364	BSU31150	28.571	84	49	2	101	184	180	252	0.039	32.3
HP1364	BSU34710	20.874	206	132	6	194	374	130	329	0.11	31.2
HP1364	BSU28140	23.853	109	75	4	33	135	93	199	0.90	28.1
HP1364	BSU11650	25.714	35	26	0	172	206	160	194	1.5	27.3
HP1364	BSU03440	27.692	65	44	1	120	184	150	211	3.1	26.6
HP1364	BSU15710	44.828	29	14	1	91	117	131	159	6.7	25.8
HP1364	BSU27370	21.311	61	40	1	156	216	14	66	7.1	25.4
HP1364	BSU32150	29.333	75	47	1	68	142	103	171	7.3	25.0
HP1364	BSU01800	24.000	50	38	0	302	351	243	292	9.5	25.0
HP1365	BSU13250	31.222	221	133	7	5	208	6	224	4.07e-26	97.8
HP1365	BSU40410	28.384	229	141	4	1	208	1	227	1.50e-23	91.3
HP1365	BSU03750	28.319	226	142	5	4	211	2	225	2.42e-23	90.5
HP1365	BSU29110	28.085	235	142	6	1	210	1	233	4.75e-22	87.4
HP1365	BSU33221	29.258	229	137	8	5	212	6	230	1.32e-20	83.6
HP1365	BSU34720	27.753	227	142	4	4	210	3	227	5.28e-19	79.3
HP1365	BSU02550	25.991	227	144	7	6	211	1	224	5.98e-19	79.0
HP1365	BSU23120	26.293	232	146	5	2	210	6	235	1.58e-18	77.8
HP1365	BSU30400	26.697	221	144	5	4	208	3	221	2.53e-17	74.7
HP1365	BSU37130	33.058	121	76	2	1	119	2	119	2.76e-17	72.0
HP1365	BSU39660	25.551	227	149	5	4	212	3	227	1.25e-16	72.8
HP1365	BSU26430	25.862	232	148	7	1	211	1	229	4.41e-16	71.2
HP1365	BSU33010	25.778	225	149	6	1	210	1	222	2.77e-14	66.2
HP1365	BSU04460	29.060	117	80	2	4	118	7	122	8.24e-13	62.0
HP1365	BSU16330	27.273	121	86	2	1	120	1	120	2.24e-12	58.9
HP1365	BSU02000	23.246	228	145	7	4	213	5	220	1.00e-11	58.9
HP1365	BSU02740	37.778	90	53	2	29	118	30	116	7.15e-11	56.6
HP1365	BSU24220	29.839	124	79	4	1	118	1	122	3.60e-10	55.1
HP1365	BSU28920	25.806	155	108	4	4	154	3	154	9.45e-09	50.8
HP1365	BSU08300	26.543	162	92	5	4	161	3	141	1.31e-08	50.1
HP1365	BSU31530	28.814	118	77	4	5	118	4	118	2.78e-08	49.3
HP1365	BSU06960	30.159	126	73	5	4	117	3	125	7.42e-08	48.5
HP1365	BSU17940	25.714	105	76	2	4	107	3	106	7.48e-08	46.6
HP1365	BSU05420	32.692	104	64	5	4	104	3	103	5.24e-07	45.4
HP1365	BSU07590	28.704	108	74	3	5	110	4	110	9.94e-07	44.7
HP1365	BSU16420	25.472	106	73	4	4	105	3	106	1.19e-06	45.1
HP1365	BSU14010	27.193	114	72	3	3	105	175	288	1.97e-06	44.3
HP1365	BSU34060	24.390	205	132	7	4	202	3	190	2.64e-05	40.4
HP1365	BSU02450	21.739	138	101	4	4	138	2	135	4.32e-05	40.0
HP1365	BSU09330	23.741	139	91	5	4	133	2	134	8.47e-05	38.9
HP1365	BSU36350	37.255	51	31	1	67	116	2	52	0.003	34.7
HP1365	BSU21150	30.645	62	39	1	107	164	24	85	0.080	30.4
HP1365	BSU04910	41.071	56	30	2	1	53	286	341	0.22	28.9
HP1365	BSU38910	28.070	57	40	1	48	104	53	108	0.56	27.3
HP1365	BSU24710	28.205	39	28	0	128	166	27	65	3.4	24.3
HP1365	BSU01690	27.660	47	34	0	139	185	9	55	4.0	25.0
HP1365	BSU02310	26.042	96	56	4	18	103	89	179	4.4	25.0
HP1365	BSU26210	52.941	17	8	0	108	124	113	129	9.6	23.5
HP1366	BSU02140	23.529	68	51	1	188	255	34	100	1.1	28.1
HP1366	BSU37340	20.370	108	82	1	15	122	18	121	3.9	25.8
HP1366	BSU07460	28.125	32	23	0	337	368	218	249	4.6	26.2
HP1366	BSU23180	32.143	28	19	0	65	92	151	178	5.5	25.4
HP1366	BSU12630	24.000	75	53	2	162	232	38	112	5.7	25.4
HP1366	BSU01200	45.833	24	13	0	112	135	4	27	8.8	23.9
HP1367	BSU08860	25.000	72	52	1	162	231	48	119	0.92	27.3
HP1367	BSU28790	23.438	64	49	0	160	223	372	435	0.93	27.7
HP1367	BSU12000	27.397	73	45	2	166	235	366	433	1.2	27.3
HP1367	BSU08100	22.368	76	54	1	46	116	67	142	2.8	26.2
HP1367	BSU06620	34.884	43	21	2	6	46	259	296	3.1	25.8
HP1367	BSU25450	36.364	33	17	1	200	232	169	197	3.1	25.8
HP1367	BSU21850	28.571	42	28	1	1	40	153	194	3.1	25.8
HP1367	BSU31430	35.849	53	29	1	34	81	14	66	3.8	24.3
HP1367	BSU33810	50.000	26	12	1	135	160	215	239	4.6	25.0
HP1367	BSU40120	31.034	29	20	0	29	57	34	62	5.9	23.5
HP1367	BSU03150	36.842	38	21	1	209	243	10	47	6.2	24.6
HP1368	BSU02980	24.603	126	87	3	43	160	144	269	0.045	32.0
HP1368	BSU11190	30.488	82	40	4	83	164	226	290	0.089	30.8
HP1368	BSU39890	38.462	39	20	1	49	87	105	139	0.34	28.9
HP1368	BSU22170	28.205	78	40	2	218	279	170	247	0.49	28.5
HP1368	BSU25350	31.579	38	26	0	154	191	186	223	2.3	26.6
HP1368	BSU00460	27.586	87	52	5	74	156	179	258	2.8	26.2
HP1368	BSU01510	47.826	23	12	0	64	86	136	158	2.8	25.8
HP1368	BSU04180	29.508	61	38	3	74	132	113	170	3.6	25.4
HP1368	BSU13350	43.243	37	18	2	195	231	88	121	4.1	25.8
HP1368	BSU30490	23.333	60	43	2	228	284	10	69	4.8	25.0
HP1368	BSU20440	50.000	18	9	0	264	281	11	28	8.8	23.5
HP1368	BSU01070	36.585	41	24	1	148	188	46	84	9.3	24.6
HP_1369	BSU27290	27.941	68	44	2	38	104	2	65	0.43	27.3
HP_1369	BSU21040	27.642	123	79	4	253	375	563	675	0.50	29.6
HP_1369	BSU38900	29.825	57	40	0	134	190	308	364	0.96	28.5
HP_1369	BSU00350	36.585	41	25	1	411	450	4	44	3.9	25.4
HP_1369	BSU00690	27.273	33	24	0	32	64	446	478	9.6	25.4
HP_1370	BSU12960	30.000	100	63	4	218	314	350	445	0.30	29.6
HP_1370	BSU15940	34.000	50	33	0	249	298	675	724	1.3	27.7
HP_1370	BSU06730	25.301	83	60	2	122	203	260	341	1.5	27.3
HP_1370	BSU30660	36.000	25	16	0	41	65	80	104	2.7	25.8
HP_1370	BSU23600	23.596	89	60	2	221	301	64	152	3.9	25.8
HP_1370	BSU01180	21.429	84	41	2	264	325	15	95	4.1	24.6
HP_1370	BSU01070	26.582	79	47	3	225	292	1065	1143	7.9	25.0
HP_1370	BSU11370	23.684	76	41	3	35	105	120	183	8.8	24.6
HP1371	BSU40820	23.913	184	113	6	45	210	446	620	0.46	30.8
HP1371	BSU23380	36.667	30	19	0	785	814	4	33	3.6	27.7
HP1371	BSU16010	53.571	28	10	1	161	188	52	76	6.9	25.8
HP1372	BSU28020	44.118	34	18	1	188	220	220	253	0.026	32.0
HP1372	BSU38780	33.333	42	24	1	9	50	294	331	0.25	29.3
HP1372	BSU03770	32.432	37	25	0	164	200	49	85	2.0	26.2
HP1372	BSU16030	32.941	85	28	5	173	234	121	199	2.4	25.8
HP1372	BSU31140	34.483	29	19	0	117	145	63	91	2.7	25.4
HP1372	BSU34670	30.508	59	37	1	98	152	138	196	5.9	24.6
HP1372	BSU30360	23.958	96	61	3	2	85	34	129	6.0	24.6
HP1372	BSU32420	36.111	36	23	0	94	129	196	231	6.5	24.6
HP1372	BSU12410	37.037	27	14	1	218	244	28	51	6.7	24.3
HP1372	BSU17040	29.412	68	46	1	23	90	272	337	7.9	24.6
HP1372	BSU37910	37.037	27	17	0	6	32	193	219	8.7	24.3
HP1372	BSU25090	28.889	45	29	1	94	135	17	61	9.0	23.9
HP1373	BSU28030	52.226	337	154	3	6	340	1	332	3.64e-123	355
HP1373	BSU14470	49.401	334	162	2	11	342	4	332	1.59e-114	333
HP1373	BSU36410	46.746	338	175	1	9	346	1	333	4.47e-111	324
HP1373	BSU25470	29.864	221	117	9	14	207	5	214	1.35e-12	65.5
HP1373	BSU15280	25.134	187	120	5	144	326	186	356	7.25e-04	37.7
HP1373	BSU39650	35.000	60	35	1	228	283	108	167	0.95	28.1
HP1373	BSU18550	28.571	63	37	3	261	320	368	425	0.97	28.1
HP1373	BSU18550	36.667	30	19	0	156	185	1	30	1.5	27.3
HP1373	BSU23370	38.889	36	19	1	235	270	134	166	1.3	27.3
HP1373	BSU04150	31.250	48	33	0	9	56	61	108	3.0	26.2
HP1373	BSU31210	40.000	35	20	1	174	207	135	169	3.8	25.8
HP1373	BSU25700	50.000	22	9	1	95	116	122	141	4.5	25.8
HP1373	BSU32710	26.923	52	38	0	270	321	204	255	6.4	25.0
HP1373	BSU17260	35.000	40	23	1	266	305	119	155	7.5	25.0
HP1373	BSU01450	26.374	91	61	2	151	239	27	113	7.7	25.0
HP1374	BSU28220	58.824	357	131	3	79	434	61	402	1.75e-147	424
HP1374	BSU16160	34.052	232	98	6	203	428	267	449	3.99e-26	107
HP1374	BSU16160	38.983	118	56	1	82	199	8	109	1.92e-18	84.0
HP1374	BSU13700	24.784	347	173	11	83	413	401	675	3.36e-07	49.3
HP1374	BSU13700	29.070	86	47	3	141	216	111	192	1.4	28.1
HP1374	BSU00690	30.769	78	48	2	144	221	196	267	5.37e-05	42.4
HP1374	BSU12420	40.000	40	24	0	142	181	220	259	3.57e-04	39.3
HP1374	BSU08220	29.688	128	68	4	132	240	382	506	0.001	38.1
HP1374	BSU19390	35.443	79	46	4	144	217	67	145	0.001	37.4
HP1374	BSU27080	27.517	149	70	6	144	278	140	264	0.002	37.4
HP1374	BSU27730	29.487	78	41	3	144	221	55	118	0.007	35.0
HP1374	BSU08100	25.899	139	80	4	128	259	302	424	0.016	34.3
HP1374	BSU28200	28.571	126	66	5	113	220	308	427	0.13	31.6
HP1374	BSU00860	29.885	87	45	4	141	216	200	281	0.13	31.6
HP1374	BSU00860	31.111	90	41	4	143	218	539	621	0.22	30.8
HP1374	BSU14320	38.182	55	28	2	110	164	336	384	0.17	30.8
HP1374	BSU17330	36.364	44	24	1	145	188	9	48	0.26	30.0
HP1374	BSU21470	39.286	28	17	0	142	169	509	536	0.36	30.0
HP1374	BSU03150	44.828	29	16	0	138	166	7	35	0.45	28.9
HP1374	BSU14330	25.862	174	87	7	74	210	308	476	0.52	29.3
HP1374	BSU08830	35.849	53	27	2	114	163	5	53	0.79	28.5
HP1374	BSU40350	38.710	31	19	0	132	162	154	184	0.83	28.5
HP1374	BSU35170	26.667	60	43	1	113	172	4	62	1.6	27.7
HP1374	BSU04780	23.301	103	71	3	80	177	244	343	2.0	27.7
HP1374	BSU17420	28.409	88	47	4	144	224	94	172	3.1	26.6
HP1374	BSU18970	50.000	22	11	0	144	165	60	81	3.1	26.9
HP1374	BSU00150	40.909	22	13	0	149	170	11	32	3.2	26.6
HP1374	BSU39400	18.902	164	111	4	83	234	19	172	3.3	26.9
HP1374	BSU37230	25.641	117	61	4	111	208	335	444	3.4	26.9
HP1374	BSU11460	22.047	127	79	6	134	253	33	146	3.9	26.6
HP1374	BSU15600	24.138	116	74	5	126	232	9	119	4.1	26.2
HP1374	BSU14210	42.857	28	14	1	267	294	126	151	4.3	26.2
HP1374	BSU30380	30.137	73	40	4	113	180	10	76	5.1	25.8
HP1374	BSU07370	43.333	30	13	1	134	163	25	50	5.6	26.2
HP1374	BSU03590	48.000	25	12	1	145	169	30	53	5.6	25.8
HP1374	BSU00140	29.268	41	28	1	135	174	1	41	6.1	25.4
HP1374	BSU08970	31.915	47	25	1	138	184	91	130	6.3	25.8
HP1374	BSU24730	40.000	25	15	0	141	165	136	160	6.6	25.8
HP1374	BSU03290	35.294	34	20	1	343	376	75	106	6.7	24.6
HP1374	BSU38660	52.632	19	9	0	145	163	30	48	7.6	25.4
HP1374	BSU24950	27.358	106	68	3	147	252	44	140	7.9	25.4
HP1374	BSU25340	46.875	32	15	1	136	165	122	153	8.0	25.4
HP1374	BSU05610	36.364	33	14	1	126	158	308	333	8.5	25.4
HP1374	BSU12530	26.506	83	52	4	93	166	59	141	9.3	25.0
HP1374	BSU14350	34.091	44	27	1	288	329	184	227	9.6	25.4
HP1374	BSU36080	42.308	26	15	0	200	225	165	190	9.7	25.0
HP1375	BSU40850	35.644	101	39	3	116	190	80	180	1.79e-06	44.3
HP1375	BSU34240	25.191	131	74	5	79	190	81	206	0.001	36.2
HP1375	BSU34960	27.350	117	79	3	75	186	37	152	0.001	35.4
HP1375	BSU00930	27.559	127	79	3	117	234	87	209	0.006	33.9
HP1375	BSU00930	41.026	39	15	1	10	40	69	107	8.1	24.3
HP1375	BSU14180	28.696	115	67	2	82	188	106	213	0.007	33.9
HP1375	BSU14180	31.579	95	57	2	8	94	92	186	0.017	32.7
HP1375	BSU20420	33.333	66	36	2	203	260	33	98	0.038	30.4
HP1375	BSU00500	24.215	223	124	9	4	216	269	456	0.070	31.2
HP1375	BSU00500	33.333	39	26	0	117	155	261	299	0.78	27.7
HP1375	BSU16580	27.619	105	66	3	70	165	968	1071	0.85	27.7
HP1375	BSU30200	29.545	44	31	0	91	134	71	114	1.3	26.9
HP1375	BSU30520	20.611	131	91	3	42	172	20	137	1.4	26.6
HP1375	BSU26510	42.308	26	12	1	141	166	112	134	4.0	25.4
HP1375	BSU07800	22.000	100	75	2	54	152	213	310	5.9	25.0
HP1375	BSU00080	29.167	96	55	5	180	263	111	205	8.0	24.6
HP1376	BSU36370	43.357	143	75	1	15	157	5	141	3.71e-40	129
HP1376	BSU04030	28.244	131	82	2	21	151	6	124	7.07e-11	53.9
HP1376	BSU23440	38.462	39	20	1	125	159	13	51	0.13	28.5
HP1376	BSU39400	29.091	55	35	2	73	123	113	167	3.1	25.0
HP1376	BSU06400	46.667	30	15	1	18	46	135	164	3.4	24.3
HP1376	BSU18740	32.143	28	19	0	95	122	39	66	6.3	22.7
HP1376	BSU13780	27.273	77	43	2	71	138	259	331	6.9	23.9
HP1376	BSU32100	27.473	91	46	5	82	153	203	292	8.7	23.5
HP1377	BSU35380	36.082	97	58	3	24	118	42	136	1.41e-10	52.4
HP1377	BSU20020	27.397	73	45	3	17	82	2	73	0.008	31.6
HP1377	BSU17660	24.658	73	47	3	17	82	4	75	0.26	26.9
HP1377	BSU26850	29.032	31	22	0	16	46	245	275	0.58	26.6
HP1377	BSU35540	41.176	34	20	0	8	41	232	265	2.2	24.6
HP1377	BSU23280	37.500	56	33	2	26	80	241	295	6.3	23.5
HP1377	BSU17340	28.000	50	35	1	34	83	16	64	8.1	21.9
HP1377	BSU06620	22.105	95	67	2	22	109	279	373	8.2	23.1
HP1377	BSU16390	30.000	30	21	0	100	129	454	483	9.0	23.1
HP1378	BSU30850	23.729	177	123	4	34	210	32	196	2.4	25.8
HP1378	BSU39410	42.308	26	15	0	153	178	28	53	2.8	25.8
HP1378	BSU32150	34.091	44	25	2	178	219	26	67	5.0	24.6
HP1378	BSU25660	41.935	31	18	0	113	143	25	55	5.5	24.6
HP1378	BSU33970	37.931	29	14	1	191	219	249	273	5.7	24.6
HP1378	BSU19340	29.032	31	22	0	9	39	147	177	6.5	24.6
HP1378	BSU26830	29.167	48	33	1	166	213	171	217	8.1	24.3
HP1378	BSU25210	26.316	95	63	4	98	186	347	440	8.4	24.3
HP1378	BSU39320	27.536	69	42	2	143	207	57	121	8.5	23.5
HP1378	BSU17180	27.586	58	34	1	60	117	4104	4153	8.5	24.3
HP1378	BSU28220	38.462	26	16	0	56	81	268	293	9.7	23.9
HP1379	BSU28200	38.929	840	438	11	1	835	1	770	0.0	584
HP1379	BSU28210	26.641	518	259	21	363	835	93	534	1.60e-22	99.4
HP1379	BSU15050	30.000	100	63	2	739	831	232	331	2.20e-06	47.4
HP1379	BSU27730	26.486	185	96	7	363	536	56	211	1.01e-05	45.1
HP1379	BSU00860	31.579	133	66	8	363	484	541	659	1.50e-04	42.0
HP1379	BSU00860	47.619	21	11	0	364	384	205	225	5.4	27.3
HP1379	BSU28220	25.773	194	109	8	363	530	112	296	2.41e-04	41.2
HP1379	BSU33830	36.620	71	38	2	356	419	24	94	0.002	38.1
HP1379	BSU12420	28.421	95	48	4	363	456	223	298	0.004	37.0
HP1379	BSU13700	25.000	228	133	13	271	484	357	560	0.005	37.0
HP1379	BSU00690	34.524	84	43	4	359	441	195	267	0.005	37.0
HP1379	BSU00870	25.620	121	83	2	714	834	343	456	0.007	36.6
HP1379	BSU33730	35.294	68	37	2	359	419	27	94	0.010	35.8
HP1379	BSU30610	42.857	42	24	0	356	397	29	70	0.015	35.0
HP1379	BSU27530	63.158	19	7	0	363	381	41	59	0.027	34.3
HP1379	BSU16160	34.091	88	50	3	347	430	38	121	0.094	32.7
HP1379	BSU28980	27.966	118	73	4	359	473	160	268	0.21	31.6
HP1379	BSU15600	36.111	36	23	0	349	384	15	50	0.30	30.4
HP1379	BSU03820	35.897	39	25	0	359	397	26	64	0.74	29.6
HP1379	BSU30420	35.849	53	30	1	347	395	18	70	0.80	29.3
HP1379	BSU22840	36.000	50	31	1	349	398	164	212	1.7	28.5
HP1379	BSU08220	42.308	26	15	0	360	385	392	417	1.9	28.5
HP1379	BSU34700	43.333	30	16	1	358	387	33	61	2.0	28.1
HP1379	BSU10770	53.125	32	10	2	249	279	267	294	2.2	28.5
HP1379	BSU30760	30.986	71	40	3	350	416	15	80	2.8	27.7
HP1379	BSU00190	60.000	20	8	0	365	384	43	62	2.8	28.1
HP1379	BSU17330	32.353	34	23	0	356	389	2	35	3.0	27.7
HP1379	BSU38920	25.758	66	44	1	199	264	273	333	3.2	27.7
HP1379	BSU21470	41.176	34	19	1	367	400	516	548	3.4	27.7
HP1379	BSU35380	32.609	46	26	1	793	833	60	105	3.7	26.6
HP1379	BSU07710	45.161	31	17	0	280	310	212	242	3.8	27.7
HP1379	BSU39640	44.828	29	15	1	359	387	32	59	3.9	27.3
HP1379	BSU33270	42.857	28	15	1	360	387	31	57	4.3	26.9
HP1379	BSU19390	27.027	74	51	2	367	437	72	145	6.0	26.9
HP1379	BSU04490	27.660	47	34	0	356	402	27	73	7.2	26.6
HP1379	BSU00150	39.130	23	14	0	367	389	11	33	7.2	26.2
HP1379	BSU15780	46.667	30	12	1	352	381	160	185	7.3	26.6
HP1379	BSU16240	43.243	37	21	0	359	395	157	193	7.3	26.6
HP1379	BSU03590	41.379	29	16	1	359	387	26	53	7.5	26.2
HP1379	BSU17420	50.000	20	10	0	363	382	95	114	7.5	26.6
HP1379	BSU37390	33.333	39	26	0	359	397	29	67	8.0	26.2
HP1379	BSU38400	31.034	58	34	1	246	297	52	109	8.8	26.6
HP1379	BSU32940	45.833	24	13	0	359	382	30	53	9.1	26.2
HP1379	BSU07420	40.000	30	17	1	359	388	349	377	9.4	26.2
HP1379	BSU16050	27.000	100	56	3	283	382	60	142	10.0	26.2
HP1380	BSU22610	29.213	267	182	4	14	273	19	285	1.06e-38	136
HP1380	BSU01845	35.000	60	34	2	7	64	793	849	0.58	28.5
HP1380	BSU18570	32.727	55	33	2	164	218	238	288	0.62	28.1
HP1380	BSU25730	47.059	34	16	1	1	34	1	32	1.1	27.3
HP1380	BSU02470	25.676	74	49	1	129	202	364	431	1.1	27.3
HP1380	BSU40080	30.303	99	58	5	4	93	6	102	1.4	26.9
HP1380	BSU37000	25.000	84	50	4	178	248	188	271	1.9	26.6
HP1380	BSU23120	41.176	34	20	0	122	155	39	72	1.9	26.2
HP1380	BSU03320	35.714	42	27	0	2	43	147	188	2.6	26.2
HP1380	BSU39360	30.612	49	30	2	158	206	251	295	3.1	26.2
HP1380	BSU11450	31.818	44	30	0	196	239	2	45	3.2	25.8
HP1380	BSU10110	32.258	62	39	2	98	157	72	132	4.2	25.8
HP1380	BSU18280	26.000	50	37	0	205	254	208	257	5.4	25.4
HP1380	BSU14510	55.000	20	9	0	4	23	6	25	7.8	24.6
HP1380	BSU36150	40.000	25	13	1	54	76	64	88	9.8	23.9
HP1381	BSU00740	32.653	49	26	2	21	64	209	255	2.2	22.7
HP1381	BSU05980	57.143	14	6	0	27	40	5	18	2.3	21.9
HP1381	BSU04190	70.000	10	3	0	23	32	165	174	4.5	21.9
HP1381	BSU23610	29.032	31	20	2	6	35	22	51	4.9	21.9
HP1381	BSU14410	33.333	21	14	0	24	44	20	40	8.6	21.2
HP1381	BSU33140	31.250	32	22	0	14	45	70	101	9.6	21.2
HP1382	BSU34750	45.833	24	13	0	11	34	38	61	3.9	23.9
HP1382	BSU08600	16.981	53	44	0	64	116	76	128	4.8	23.9
HP1382	BSU10930	28.571	28	20	0	26	53	14	41	5.7	23.5
HP1382	BSU13800	38.095	42	17	2	46	81	47	85	6.3	22.7
HP1382	BSU23900	53.846	13	6	0	48	60	5	17	6.3	23.1
HP1383	BSU38860	48.000	25	13	0	131	155	291	315	2.4	25.0
HP1383	BSU26230	20.423	142	99	2	20	161	135	262	3.8	24.6
HP1383	BSU12320	30.000	30	21	0	83	112	274	303	8.1	23.5
HP1384	BSU28800	42.105	19	11	0	4	22	477	495	1.8	23.1
HP1384	BSU11870	42.105	19	11	0	48	66	28	46	1.8	23.1
HP1384	BSU03620	42.105	19	11	0	9	27	71	89	8.6	21.2
HP1385	BSU19760	22.286	175	109	9	98	261	157	315	0.36	28.9
HP1385	BSU35330	23.188	69	49	1	122	190	56	120	2.1	25.8
HP1385	BSU03310	43.478	23	13	0	86	108	207	229	5.8	25.4
HP1385	BSU30670	54.545	22	10	0	16	37	100	121	7.7	24.3
HP1385	BSU00160	29.508	61	33	2	215	265	139	199	7.9	24.6
HP1385	BSU32430	32.759	58	31	1	67	116	11	68	9.1	24.6
HP1386	BSU15790	46.296	216	113	2	1	213	2	217	2.61e-64	195
HP1386	BSU07460	37.500	32	20	0	52	83	92	123	2.3	25.8
HP1386	BSU37240	26.000	50	33	1	141	190	178	223	2.4	25.8
HP1386	BSU40630	25.000	56	37	1	76	131	62	112	2.7	25.4
HP1386	BSU00010	40.541	37	22	0	176	212	309	345	2.8	25.8
HP1386	BSU27430	32.500	40	23	2	92	129	89	126	3.3	25.0
HP1386	BSU40710	33.333	24	16	0	15	38	11	34	3.5	24.6
HP1386	BSU24790	40.625	32	19	0	94	125	34	65	3.5	25.0
HP1386	BSU18310	29.167	48	29	2	94	136	2591	2638	4.5	25.0
HP1386	BSU14690	27.848	79	49	3	66	137	198	275	5.4	24.6
HP1386	BSU00370	37.143	35	19	1	158	192	46	77	5.6	23.9
HP1386	BSU02280	27.397	73	39	3	110	168	37	109	5.7	24.3
HP1386	BSU15120	24.444	90	49	4	123	207	221	296	6.0	24.6
HP1386	BSU13380	23.944	142	87	5	67	199	403	532	6.4	24.6
HP1386	BSU18320	29.412	51	31	2	111	156	544	594	6.9	24.6
HP1386	BSU13660	30.556	72	46	2	45	115	240	308	9.3	23.9
HP1387	BSU16580	36.719	128	71	3	68	189	416	539	1.87e-18	82.8
HP1387	BSU22400	33.750	160	95	6	68	220	1	156	4.37e-15	72.8
HP1387	BSU00860	35.484	31	20	0	13	43	730	760	2.4	26.6
HP1387	BSU31470	45.455	22	12	0	209	230	155	176	2.6	26.2
HP1387	BSU39300	44.828	29	16	0	6	34	9	37	3.6	26.2
HP1387	BSU24090	37.097	62	26	3	103	156	105	161	4.3	25.8
HP1387	BSU25710	25.352	71	50	1	79	149	163	230	4.7	25.4
HP1387	BSU03950	48.000	25	13	0	265	289	491	515	8.2	25.0
HP1387	BSU31740	37.143	35	21	1	72	106	277	310	9.0	24.6
HP_RS06855	BSU15940	34.483	29	19	0	36	64	692	720	1.3	23.5
HP_RS06855	BSU14190	38.462	26	16	0	32	57	237	262	5.7	21.6
HP_RS06855	BSU38500	31.429	35	24	0	25	59	432	466	9.2	21.2
HP_RS06855	BSU27000	33.333	30	20	0	3	32	96	125	9.5	21.2
HP_RS06855	BSU28090	23.684	38	29	0	26	63	801	838	9.6	21.2
HP_RS06855	BSU03440	25.926	54	36	1	9	62	306	355	9.7	21.2
HP1388	BSU16960	35.185	54	24	2	49	96	46	94	1.0	26.2
HP1388	BSU33400	24.286	70	50	1	28	97	123	189	1.5	25.4
HP1388	BSU14020	27.619	105	69	3	30	133	13	111	2.2	24.6
HP1388	BSU03490	34.783	46	27	2	61	105	3521	3564	2.2	25.4
HP1388	BSU14820	20.619	97	66	3	56	146	55	146	2.7	24.6
HP1388	BSU18830	26.786	56	32	1	42	88	615	670	2.9	25.0
HP1388	BSU05630	25.490	102	67	2	3	95	12	113	7.4	23.1
HP1388	BSU03040	30.303	33	23	0	115	147	151	183	8.9	23.5
HP1388	BSU31010	34.375	32	21	0	48	79	205	236	9.0	23.5
HP1387a	BSU04290	30.435	46	32	0	51	96	328	373	0.016	30.4
HP1387a	BSU16380	44.737	38	20	1	2	39	185	221	0.032	29.6
HP1387a	BSU27620	34.091	44	24	2	47	85	298	341	0.30	26.9
HP1387a	BSU17910	48.148	27	14	0	11	37	1	27	0.31	25.8
HP1387a	BSU08250	45.833	24	13	0	66	89	236	259	1.3	25.0
HP1387a	BSU16950	31.034	29	20	0	34	62	217	245	2.8	23.9
HP1387a	BSU34600	34.211	38	25	0	49	86	7	44	2.9	23.9
HP1387a	BSU18710	32.353	34	21	2	21	53	5	37	3.3	23.5
HP1387a	BSU03840	31.818	44	28	1	9	50	228	271	3.9	23.5
HP1387a	BSU33610	34.146	41	20	1	55	88	17	57	4.3	23.5
HP1387a	BSU33210	46.154	26	14	0	45	70	45	70	4.5	23.5
HP1387a	BSU23140	32.353	34	22	1	4	37	459	491	4.5	23.5
HP1387a	BSU26449	26.923	26	19	0	21	46	52	77	7.7	21.9
HP1387a	BSU10590	28.571	42	30	0	51	92	342	383	8.5	22.7
HP1387a	BSU13460	34.783	23	15	0	24	46	74	96	8.9	22.3
HP1387a	BSU07790	23.404	94	58	3	7	96	294	377	9.2	22.3
HP1390	BSU29140	32.143	28	19	0	128	155	100	127	4.2	24.6
HP1390	BSU19660	33.333	27	18	0	51	77	9	35	7.2	22.3
HP1390	BSU15490	26.531	49	36	0	62	110	55	103	8.0	23.5
HP1390	BSU12680	34.091	44	24	1	12	55	186	224	9.2	23.5
HP1391	BSU00040	50.000	22	11	0	70	91	285	306	2.6	23.9
HP1391	BSU22870	27.778	36	26	0	2	37	235	270	5.5	22.7
HP1391	BSU13410	22.642	53	41	0	27	79	257	309	5.7	22.7
HP1391	BSU13180	32.258	62	29	3	7	64	558	610	5.7	22.7
HP1391	BSU00280	52.941	17	8	0	60	76	138	154	7.2	22.3
HP1392	BSU15640	25.200	250	155	9	202	427	310	551	1.39e-09	56.6
HP1392	BSU01010	28.169	71	48	2	351	419	66	135	0.19	30.0
HP1392	BSU03570	22.892	83	56	1	208	282	62	144	0.73	28.1
HP1392	BSU10950	32.075	53	36	0	2	54	83	135	0.90	28.1
HP1392	BSU24990	31.250	48	33	0	211	258	230	277	3.4	26.6
HP1392	BSU34070	32.692	52	17	2	178	223	189	228	4.3	26.2
HP1392	BSU15290	38.889	36	22	0	111	146	161	196	6.0	25.8
HP1392	BSU15120	30.357	56	36	1	199	254	72	124	6.7	25.8
HP1392	BSU38420	27.586	116	75	5	317	424	108	222	7.8	25.4
HP1393	BSU24240	24.573	586	349	22	9	521	2	567	7.41e-18	83.2
HP1393	BSU09720	29.358	109	56	3	358	466	538	625	0.010	35.0
HP1393	BSU37230	38.462	65	34	2	402	466	470	528	0.012	35.0
HP1393	BSU29805	43.243	37	20	1	34	70	637	672	0.45	30.0
HP1393	BSU06490	23.684	76	58	0	55	130	372	447	0.62	29.3
HP1393	BSU15780	37.143	35	22	0	27	61	162	196	0.73	28.9
HP1393	BSU07490	34.884	43	26	2	8	49	8	49	0.89	28.5
HP1393	BSU07420	57.895	19	8	0	33	51	354	372	1.1	28.5
HP1393	BSU00140	38.710	31	19	0	28	58	8	38	1.2	28.1
HP1393	BSU30760	37.838	37	22	1	16	51	15	51	1.3	28.1
HP1393	BSU38190	31.081	74	45	3	68	138	215	285	1.5	28.1
HP1393	BSU31875	37.500	40	22	1	15	54	992	1028	1.5	28.5
HP1393	BSU34820	30.769	65	39	1	402	466	479	537	2.0	27.7
HP1393	BSU03310	40.000	45	27	0	470	514	619	663	2.1	27.7
HP1393	BSU35690	33.766	77	47	2	306	378	352	428	2.4	27.3
HP1393	BSU02860	29.787	47	32	1	16	61	15	61	2.8	26.9
HP1393	BSU08690	29.231	65	40	2	402	466	479	537	3.2	26.9
HP1393	BSU03730	29.167	48	33	1	13	59	14	61	3.9	26.6
HP1393	BSU19360	26.667	75	48	3	240	311	5	75	4.6	26.6
HP1393	BSU00820	31.746	63	34	1	128	190	109	162	4.9	26.6
HP1393	BSU15940	27.928	111	70	4	357	465	1048	1150	8.1	25.8
HP1393	BSU30820	23.611	72	47	1	388	451	175	246	9.8	25.4
HP1394	BSU29540	27.803	223	132	9	23	236	17	219	5.12e-12	61.6
HP1394	BSU11610	27.461	193	113	7	65	240	40	222	4.66e-10	55.8
HP1394	BSU35010	28.319	113	57	7	11	106	152	257	0.38	28.9
HP1394	BSU29190	37.931	29	17	1	62	90	95	122	0.60	28.1
HP1394	BSU16520	27.869	61	43	1	149	208	37	97	4.4	25.0
HP1394	BSU06720	33.333	66	36	3	32	90	24	88	4.5	25.4
HP1394	BSU04220	29.508	61	32	2	145	194	7	67	8.3	24.3
HP1394	BSU27180	27.869	61	36	2	18	77	3	56	8.5	24.3
HP1394	BSU17190	26.923	78	47	3	10	84	1119	1189	9.3	24.6
HP1395	BSU03410	41.667	36	12	1	214	240	340	375	4.7	25.0
HP1395	BSU27440	27.966	118	49	7	1	111	1	89	7.2	24.3
HP_RS06900	BSU15900	38.889	36	20	1	18	53	21	54	3.3	26.9
HP_RS06900	BSU18600	33.333	54	26	2	111	158	3	52	3.6	25.4
HP_RS06900	BSU17100	32.500	80	44	4	163	239	136	208	4.2	26.6
HP_RS06900	BSU21390	41.860	43	23	1	173	215	286	326	8.4	25.8
HP1398	BSU31930	39.617	366	209	6	1	364	1	356	6.44e-83	254
HP1398	BSU19020	45.238	42	22	1	161	201	12	53	0.002	37.0
HP1398	BSU08090	46.667	30	16	0	172	201	171	200	0.008	35.0
HP1398	BSU35580	35.135	37	24	0	173	209	3	39	0.13	30.8
HP1398	BSU03300	39.394	33	20	0	170	202	144	176	0.24	30.4
HP1398	BSU18440	44.828	29	16	0	173	201	154	182	0.28	30.0
HP1398	BSU18440	38.462	39	17	2	279	310	169	207	7.2	25.4
HP1398	BSU22960	27.273	132	61	5	118	224	148	269	0.55	28.9
HP1398	BSU14960	36.538	52	31	1	316	365	269	320	1.0	28.1
HP1398	BSU32630	37.037	27	17	0	175	201	5	31	1.1	27.7
HP1398	BSU36230	37.143	35	22	0	174	208	3	37	1.4	27.7
HP1398	BSU15630	29.412	34	24	0	170	203	9	42	1.7	26.9
HP1398	BSU14610	41.379	29	17	0	173	201	178	206	2.1	26.9
HP1398	BSU16730	23.932	117	79	2	172	278	155	271	2.7	26.6
HP1398	BSU34790	26.923	78	56	1	173	249	147	224	3.5	26.2
HP1398	BSU12980	27.778	72	47	1	123	194	237	303	4.0	26.2
HP1398	BSU06070	30.233	43	28	1	267	307	3	45	8.4	25.0
HP1398	BSU03320	35.714	28	18	0	173	200	147	174	8.7	25.4
HP1398	BSU41010	33.333	30	20	0	174	203	10	39	9.2	25.0
HP1398	BSU22950	32.258	31	21	0	171	201	3	33	9.4	25.0
HP1399	BSU40320	28.617	311	191	11	3	307	7	292	1.71e-26	103
HP1399	BSU37490	23.784	185	98	6	77	259	98	241	8.97e-07	46.6
HP1399	BSU39380	20.952	210	128	7	84	289	120	295	1.11e-04	40.0
HP1399	BSU40060	21.429	98	74	3	201	295	133	230	3.4	26.2
HP1399	BSU29080	27.419	62	43	1	74	133	34	95	4.5	25.4
HP1399	BSU31945	25.806	93	58	2	120	212	15	96	4.6	25.4
HP1399	BSU35260	31.944	72	36	3	248	319	77	135	6.1	25.0
HP1399	BSU06760	52.381	21	10	0	284	304	798	818	7.1	25.4
HP1399	BSU03170	35.714	28	18	0	92	119	250	277	9.8	24.6
HP1400	BSU14230	26.667	90	48	5	39	122	55	132	3.2	26.9
HP1400	BSU13350	26.316	38	28	0	145	182	36	73	3.2	27.7
HP1400	BSU17210	30.137	73	44	3	86	152	887	958	3.6	28.1
HP1400	BSU01170	27.500	40	27	1	74	111	148	187	4.2	26.9
HP1400	BSU03220	37.778	45	21	1	313	350	79	123	4.5	27.3
HP1400	BSU37970	28.090	89	53	3	683	770	144	222	5.5	26.6
HP1400	BSU18330	41.379	29	17	0	124	152	1954	1982	5.9	27.3
HP1400	BSU05170	40.625	32	19	0	521	552	151	182	8.1	26.2
HP1400	BSU17180	47.619	21	11	0	132	152	1609	1629	8.7	26.6
HP1400	BSU18320	30.000	60	39	2	134	192	925	982	8.7	26.6
HP1400	BSU40250	45.455	22	12	0	138	159	155	176	9.2	26.2
HP1400	BSU18340	23.894	113	72	4	86	192	872	976	9.3	26.6
HP1401	BSU38780	24.324	37	28	0	167	203	361	397	3.0	25.8
HP1401	BSU25360	26.562	64	37	2	29	92	19	72	3.2	24.3
HP1401	BSU03760	22.330	103	60	3	1	100	388	473	3.9	25.4
HP1401	BSU33690	28.571	63	43	1	104	166	83	143	5.2	25.0
HP1401	BSU19630	40.000	25	14	1	149	173	73	96	5.6	24.6
HP1401	BSU14629	36.842	19	12	0	150	168	10	28	5.8	22.3
HP1401	BSU15260	23.636	55	32	1	135	179	53	107	6.6	24.3
HP1401	BSU25560	20.280	143	102	3	74	215	61	192	6.7	24.6
HP1401	BSU34770	42.308	26	15	0	201	226	225	250	8.0	24.3
HP1401	BSU21370	50.000	24	12	0	115	138	302	325	8.2	24.6
HP1401	BSU28200	22.772	101	67	3	64	159	196	290	8.3	24.3
HP1401	BSU37780	56.250	16	7	0	105	120	498	513	8.8	24.3
HP1402	BSU35470	32.530	83	47	3	253	329	134	213	0.31	31.2
HP1402	BSU10630	27.358	106	66	2	284	383	578	678	1.0	30.0
HP1402	BSU20080	32.500	40	25	1	817	854	67	106	1.5	27.7
HP1402	BSU08520	33.333	60	37	1	100	156	101	160	1.8	28.5
HP1402	BSU35860	25.000	92	63	3	284	373	227	314	4.3	27.7
HP1402	BSU30610	26.154	65	45	2	823	886	117	179	4.4	27.3
HP1402	BSU25880	27.632	76	44	2	776	846	51	120	7.3	25.8
HP1402	BSU33500	22.340	94	66	1	524	610	493	586	7.3	26.9
HP1402	BSU16930	21.918	73	57	0	42	114	66	138	9.6	26.6
HP1403	BSU29480	22.414	232	148	8	162	388	98	302	0.004	37.0
HP1403	BSU37280	24.390	82	49	3	212	293	185	253	0.84	30.0
HP1403	BSU22170	39.130	23	14	0	179	201	188	210	4.2	27.3
HP1403	BSU17860	33.333	57	37	1	35	91	22	77	4.2	26.2
HP1403	BSU18320	21.393	201	100	9	519	661	46	246	5.2	27.3
HP1403	BSU31860	42.308	52	26	3	644	694	556	604	8.3	26.6
HP1403	BSU06760	30.380	79	35	5	140	198	274	352	8.8	26.6
HP1403	BSU29330	30.851	94	45	6	101	175	8	100	9.2	26.2
HP1404	BSU06160	32.500	40	27	0	42	81	397	436	1.4	24.3
HP1404	BSU38080	42.857	21	12	0	39	59	16	36	4.5	22.3
HP1404	BSU38120	26.316	38	28	0	55	92	140	177	4.6	23.1
HP1404	BSU06710	42.105	19	11	0	11	29	806	824	5.7	22.7
HP1404	BSU37400	47.619	21	11	0	23	43	124	144	7.0	22.3
HP1404	BSU24840	40.909	22	13	0	2	23	94	115	9.0	21.9
HP_RS06940	BSU40860	26.829	82	52	4	19	97	10	86	1.9	24.6
HP_RS06940	BSU17190	32.432	37	25	0	40	76	509	545	4.9	23.9
HP_RS06940	BSU12340	28.889	45	31	1	10	54	101	144	5.7	23.5
HP1406	BSU30200	33.088	272	175	4	2	272	50	315	1.89e-46	155
HP1406	BSU32330	24.675	77	56	1	101	175	148	224	0.024	32.3
HP1406	BSU27350	26.957	115	61	4	84	193	212	308	0.86	27.7
HP1406	BSU22849	38.776	49	27	2	205	253	3	48	1.1	25.4
HP1406	BSU26640	25.000	76	46	2	165	240	208	272	1.2	27.3
HP1406	BSU36770	30.556	36	25	0	125	160	196	231	6.9	24.6
HP1406	BSU08510	27.660	47	28	1	153	193	183	229	7.9	24.6
HP1407	BSU07900	31.081	74	50	1	192	265	183	255	8.51e-04	37.0
HP1407	BSU07210	30.435	69	47	1	53	120	101	169	5.8	25.0
HP1407	BSU06269	43.750	16	9	0	179	194	36	51	9.5	22.7
HP_1408	BSU39970	27.941	68	41	2	10	69	171	238	0.43	25.8
HP_1408	BSU29200	25.641	39	29	0	25	63	283	321	0.48	25.8
HP_1408	BSU00570	25.000	56	38	1	36	87	71	126	0.61	25.4
HP_1408	BSU13700	32.558	43	29	0	2	44	39	81	2.1	23.9
HP_1408	BSU16070	22.727	44	34	0	13	56	418	461	5.0	22.7
HP_1408	BSU12080	35.484	31	20	0	55	85	241	271	8.0	22.3
HP_1408	BSU14090	40.909	22	13	0	42	63	248	269	8.2	22.3
HP_1408	BSU29960	22.500	40	31	0	17	56	96	135	8.4	21.9
HP_1408	BSU35100	35.714	28	18	0	59	86	40	67	8.7	21.9
HP_1408	BSU31110	47.059	17	9	0	61	77	15	31	9.1	21.6
HP1409	BSU17090	28.736	87	54	3	55	136	140	223	0.70	28.9
HP1409	BSU10540	40.909	44	21	2	449	487	85	128	1.3	28.1
HP1409	BSU22580	39.130	23	14	0	182	204	6	28	9.7	25.0
HP1409	BSU22520	41.667	36	15	1	536	571	149	178	9.9	25.4
HP1410	BSU27620	21.858	366	232	18	17	374	71	390	0.003	36.6
HP1410	BSU11150	23.301	103	72	3	15	115	14	111	0.56	28.9
HP1410	BSU26990	27.692	65	38	2	87	144	2	64	1.4	26.2
HP1410	BSU00060	34.211	38	25	0	14	51	482	519	1.5	27.7
HP1410	BSU23410	31.944	72	46	2	173	244	162	230	3.4	26.6
HP1410	BSU05650	31.429	35	24	0	209	243	442	476	4.5	26.2
HP1410	BSU09200	36.667	30	19	0	204	233	129	158	8.3	25.0
HP1411	BSU21610	24.138	58	44	0	58	115	234	291	0.94	28.9
HP1411	BSU11250	42.857	28	16	0	102	129	153	180	2.2	27.7
HP1411	BSU15170	36.957	46	27	1	197	240	478	523	5.8	26.6
HP1411	BSU37860	26.415	53	37	1	501	551	113	165	7.8	25.8
HP1412	BSU30940	24.731	93	64	1	126	212	697	789	2.6	26.6
HP1412	BSU16120	57.143	14	6	0	218	231	179	192	4.0	25.8
HP1412	BSU06120	37.838	37	21	1	224	258	17	53	5.1	24.6
HP1412	BSU11410	28.283	99	54	4	50	137	19	111	5.3	25.4
HP1412	BSU02650	22.857	70	42	3	212	280	96	154	6.8	24.6
HP1412	BSU38920	36.000	50	19	3	259	296	25	73	7.5	25.0
HP1412	BSU38410	36.364	33	21	0	171	203	23	55	9.5	24.6
HP1413	BSU13750	55.556	135	58	1	14	146	20	154	7.24e-54	164
HP1413	BSU39770	32.927	82	42	5	70	142	2	79	0.096	28.9
HP1413	BSU08030	37.500	40	21	1	77	112	283	322	0.27	27.7
HP1413	BSU22780	25.000	76	56	1	34	108	62	137	1.3	25.4
HP1413	BSU35170	32.558	43	21	1	15	57	398	432	3.2	24.6
HP1413	BSU09780	57.143	14	6	0	56	69	26	39	7.9	23.5
HP1413	BSU01980	23.214	56	42	1	4	58	57	112	8.8	22.7
HP1413	BSU17200	27.273	33	24	0	65	97	1180	1212	9.1	23.5
HP1414	BSU25620	24.752	101	73	2	1	98	1	101	0.31	26.2
HP1414	BSU36410	23.333	60	45	1	47	106	134	192	0.71	25.8
HP1414	BSU11420	40.625	32	19	0	49	80	273	304	1.5	25.0
HP1414	BSU37710	33.333	27	18	0	75	101	8	34	2.2	24.3
HP1414	BSU29880	66.667	15	5	0	87	101	33	47	3.1	23.9
HP1414	BSU14550	29.167	48	32	1	24	69	95	142	3.2	23.9
HP1414	BSU00400	52.941	17	8	0	4	20	238	254	4.4	23.5
HP1414	BSU24960	40.000	55	30	2	7	60	147	199	7.0	22.7
HP1415	BSU17330	31.408	277	180	5	3	271	11	285	7.09e-38	133
HP1415	BSU33270	41.026	39	19	2	1	36	34	71	0.38	28.5
HP1415	BSU03590	45.946	37	13	1	1	30	30	66	0.84	27.7
HP1415	BSU37230	34.694	49	29	2	1	47	362	409	0.90	27.7
HP1415	BSU12250	78.571	14	3	0	1	14	45	58	1.1	27.3
HP1415	BSU14360	34.694	49	26	3	1	44	34	81	1.3	26.9
HP1415	BSU27080	39.535	43	15	1	1	43	141	172	1.3	27.3
HP1415	BSU28220	38.235	34	21	0	1	34	112	145	1.4	27.3
HP1415	BSU39480	71.429	14	4	0	1	14	30	43	1.5	26.9
HP1415	BSU13220	68.750	16	5	0	3	18	40	55	1.8	26.9
HP1415	BSU35160	32.432	74	34	4	2	74	636	694	2.7	26.6
HP1415	BSU25240	28.571	70	35	2	146	200	159	228	2.8	26.2
HP1415	BSU05610	54.545	22	9	1	1	21	320	341	3.0	26.2
HP1415	BSU08830	48.000	25	12	1	1	25	35	58	3.5	25.8
HP1415	BSU23960	32.308	65	31	4	1	58	30	88	3.6	25.8
HP1415	BSU14320	60.000	15	6	0	1	15	365	379	3.9	25.8
HP1415	BSU14330	30.612	49	31	2	1	47	392	439	4.7	25.8
HP1415	BSU27430	64.286	14	5	0	1	14	30	43	5.3	25.0
HP1415	BSU39640	69.231	13	4	0	2	14	37	49	5.3	25.0
HP1415	BSU08210	32.727	55	32	1	1	55	360	409	5.4	25.4
HP1415	BSU38560	38.235	34	16	1	17	50	282	310	5.4	25.4
HP1415	BSU32710	64.286	14	5	0	2	15	35	48	5.5	25.0
HP1415	BSU13700	55.000	20	9	0	3	22	444	463	5.5	25.4
HP1415	BSU19390	26.042	96	45	3	3	77	70	160	6.5	25.0
HP1415	BSU04490	64.286	14	5	0	1	14	34	47	6.5	25.0
HP1415	BSU00690	40.741	27	16	0	3	29	199	225	6.8	25.0
HP1415	BSU40359	26.667	45	23	1	168	212	4	38	6.9	23.1
HP1415	BSU18970	64.286	14	5	0	1	14	61	74	7.1	25.0
HP1415	BSU00150	40.909	22	13	0	1	22	7	28	7.3	24.6
HP1415	BSU38730	91.667	12	1	0	1	12	366	377	7.3	25.0
HP1415	BSU05270	27.273	55	30	1	175	219	9	63	7.4	23.9
HP1415	BSU12420	25.000	100	59	4	3	96	225	314	7.6	25.0
HP1415	BSU34700	57.143	14	6	0	1	14	38	51	8.8	24.6
HP1415	BSU06490	31.579	57	37	1	93	147	130	186	9.3	24.6
HP1416	BSU38430	19.030	268	157	10	8	268	4	218	0.010	34.3
HP1416	BSU21660	24.444	90	47	3	201	275	2	85	0.34	29.6
HP1416	BSU37240	36.735	49	27	2	130	178	239	283	0.44	29.3
HP1416	BSU27580	25.806	31	23	0	118	148	7	37	3.2	26.6
HP1416	BSU35698	27.451	51	29	1	69	119	24	66	9.4	23.1
HP_RS07010	BSU16580	23.704	135	77	4	57	185	639	753	1.2	27.3
HP_RS07010	BSU16770	24.419	86	64	1	82	167	185	269	1.4	26.9
HP_RS07010	BSU18330	36.585	41	18	1	188	228	1849	1881	3.5	26.2
HP_RS07010	BSU06360	29.032	62	37	2	142	201	385	441	3.8	25.8
HP_RS07010	BSU08460	30.909	55	34	1	43	97	133	183	4.2	25.4
HP_RS07010	BSU25810	30.189	53	36	1	61	112	18	70	5.3	24.3
HP_RS07010	BSU28490	27.273	99	66	3	151	248	465	558	5.5	25.4
HP_RS07015	BSU24840	23.846	130	77	5	159	275	426	546	0.20	30.0
HP_RS07015	BSU14270	28.571	56	34	3	203	255	170	222	0.55	28.5
HP_RS07015	BSU33360	20.000	130	83	4	159	275	424	545	1.1	27.7
HP_RS07015	BSU09670	26.087	46	27	1	180	225	28	66	1.8	26.6
HP_RS07015	BSU16880	44.000	25	14	0	251	275	26	50	6.1	23.9
HP1418	BSU15230	30.216	278	167	7	8	258	22	299	1.82e-33	120
HP1418	BSU29370	28.205	117	60	6	19	127	125	225	1.2	26.9
HP1418	BSU39700	32.500	40	26	1	212	250	12	51	3.8	25.4
HP1418	BSU12340	37.037	27	17	0	84	110	8	34	5.0	25.0
HP1418	BSU19630	37.838	37	22	1	47	83	126	161	6.2	24.6
HP1418	BSU31690	32.075	53	35	1	196	247	636	688	6.8	25.0
HP1418	BSU00090	38.095	21	13	0	159	179	254	274	7.7	24.6
HP1419	BSU16360	47.191	89	46	1	1	88	1	89	1.78e-20	75.1
HP1419	BSU03370	40.541	37	15	1	7	36	14	50	0.30	26.2
HP1419	BSU33960	31.579	38	25	1	22	59	261	297	3.3	23.1
HP1419	BSU03220	32.258	62	35	2	25	79	410	471	3.8	23.1
HP1419	BSU08380	30.769	65	42	1	19	83	55	116	4.1	23.1
HP1419	BSU02140	40.000	15	9	0	56	70	104	118	5.2	22.7
HP1419	BSU37320	45.238	42	18	3	32	71	345	383	6.9	22.3
HP1419	BSU37790	38.235	34	20	1	38	70	332	365	7.1	22.3
HP1419	BSU09390	27.869	61	39	2	13	73	211	266	7.4	22.3
HP1419	BSU02270	33.333	27	18	0	4	30	105	131	8.7	21.9
HP1420	BSU16240	48.301	412	203	6	15	419	14	422	5.35e-118	348
HP1420	BSU36810	30.986	426	265	14	19	422	2	420	1.06e-42	153
HP1420	BSU36830	28.502	414	274	8	21	423	29	431	1.14e-34	131
HP1420	BSU37080	26.829	246	159	7	119	354	131	365	8.91e-11	60.1
HP1420	BSU33310	51.282	39	16	2	157	193	170	207	0.026	33.5
HP1420	BSU11370	45.455	44	20	3	131	172	20	61	0.088	31.6
HP1420	BSU33270	54.839	31	12	1	152	182	26	54	0.15	30.4
HP1420	BSU30420	34.211	76	39	3	137	204	7	79	0.23	30.0
HP1420	BSU35260	40.541	37	21	1	144	179	14	50	0.34	29.6
HP1420	BSU07420	48.276	29	14	1	156	184	28	55	0.34	30.0
HP1420	BSU07420	31.915	47	28	1	152	198	345	387	0.47	29.6
HP1420	BSU40700	36.842	38	24	0	235	272	23	60	0.43	29.3
HP1420	BSU14360	45.455	44	19	3	139	182	16	54	0.46	29.3
HP1420	BSU33830	32.653	49	32	1	132	179	2	50	0.54	29.3
HP1420	BSU02750	44.118	34	18	1	145	177	18	51	1.2	27.7
HP1420	BSU10170	32.258	62	42	0	141	202	116	177	1.6	27.7
HP1420	BSU13000	38.889	36	21	1	145	179	24	59	1.8	27.3
HP1420	BSU30450	33.333	45	23	1	146	183	9	53	2.3	26.9
HP1420	BSU40620	25.688	109	67	4	153	260	23	118	2.3	26.9
HP1420	BSU38730	39.394	33	19	1	152	184	358	389	2.4	27.3
HP1420	BSU33730	31.818	44	29	1	137	179	7	50	2.7	26.9
HP1420	BSU34700	42.308	26	15	0	152	177	30	55	2.7	26.6
HP1420	BSU11470	44.444	36	19	1	145	179	22	57	2.7	26.9
HP1420	BSU40510	30.612	49	31	2	297	343	171	218	2.8	26.9
HP1420	BSU05610	40.625	32	18	1	153	184	26	56	4.5	26.2
HP1420	BSU05610	38.462	26	16	0	152	177	312	337	8.7	25.4
HP1420	BSU03590	27.160	81	36	2	40	106	176	247	5.0	25.8
HP1420	BSU09710	39.286	28	17	0	152	179	359	386	8.9	25.4
HP1420	BSU09890	39.394	33	19	1	146	177	15	47	9.4	25.0
HP1420	BSU16950	29.825	57	35	2	329	380	334	390	9.5	25.0
HP1420	BSU08830	28.000	75	39	2	152	211	27	101	9.9	25.0
HP1421	BSU24730	28.659	164	106	6	97	255	94	251	1.83e-08	51.6
HP1421	BSU09710	27.083	96	57	4	121	203	344	439	0.003	35.8
HP1421	BSU06140	27.119	118	70	5	121	222	175	292	0.070	31.6
HP1421	BSU02750	25.974	77	53	2	121	193	11	87	0.25	29.3
HP1421	BSU29340	36.842	38	24	0	137	174	26	63	0.34	28.9
HP1421	BSU19390	29.126	103	51	4	138	223	65	162	0.90	27.7
HP1421	BSU09720	48.000	25	13	0	135	159	453	477	0.96	27.7
HP1421	BSU27430	37.500	32	16	1	137	168	26	53	2.1	26.6
HP1421	BSU40620	32.609	46	31	0	145	190	34	79	2.1	26.6
HP1421	BSU28820	23.529	51	39	0	250	300	310	360	2.2	26.6
HP1421	BSU06620	28.571	49	34	1	230	278	482	529	2.6	26.6
HP1421	BSU05950	26.744	86	45	5	92	170	311	385	2.6	26.6
HP1421	BSU34700	48.485	33	15	2	133	164	29	60	3.1	25.8
HP1421	BSU25770	23.288	73	47	1	88	151	235	307	3.5	26.2
HP1421	BSU30380	54.545	22	10	0	137	158	32	53	3.6	25.8
HP1421	BSU22810	32.353	34	23	0	2	35	200	233	4.2	25.4
HP1421	BSU05610	50.000	22	11	0	138	159	317	338	4.8	25.8
HP1421	BSU31875	28.358	67	46	2	100	166	1250	1314	5.9	25.4
HP1421	BSU30420	48.276	29	12	1	131	156	25	53	6.1	25.0
HP1421	BSU22030	57.895	19	8	0	141	159	46	64	6.9	25.4
HP1421	BSU29450	27.907	43	23	2	1	38	278	317	6.9	25.0
HP1422	BSU15430	40.934	899	470	20	3	877	2	863	0.0	634
HP1422	BSU28090	26.203	748	438	17	57	784	48	701	3.17e-57	209
HP1422	BSU30320	27.982	218	138	5	440	639	389	605	9.63e-13	68.9
HP1422	BSU30320	23.181	371	203	11	31	344	11	356	6.72e-10	59.7
HP1422	BSU00380	24.731	279	155	13	536	784	235	488	4.22e-05	43.9
HP1422	BSU00380	28.090	89	54	3	59	144	16	97	2.93e-04	41.2
HP1422	BSU00940	24.675	77	58	0	594	670	250	326	0.040	34.3
HP1422	BSU35160	32.143	84	44	5	834	906	206	287	1.3	29.3
HP1422	BSU21680	26.437	87	53	4	28	111	2	80	4.5	26.6
HP1422	BSU36010	29.787	47	32	1	585	630	78	124	5.6	27.3
HP1422	BSU35610	28.947	38	27	0	505	542	4	41	5.8	26.6
HP1422	BSU15030	38.710	31	17	1	493	521	20	50	8.6	26.6
HP1422	BSU00420	25.862	58	37	1	294	351	30	81	9.9	26.2
HP1423	BSU00590	36.986	73	43	1	1	73	1	70	2.54e-13	56.6
HP1423	BSU15460	35.417	48	31	0	2	49	16	63	0.002	32.3
HP1423	BSU29660	32.653	49	32	1	2	49	93	141	0.11	27.3
HP1423	BSU35699	36.170	47	28	1	40	84	39	85	0.15	26.6
HP1423	BSU35670	31.915	47	30	1	40	84	133	179	1.8	23.9
HP1423	BSU21930	30.000	30	21	0	22	51	1	30	2.4	22.7
HP1423	BSU25880	28.571	35	25	0	16	50	40	74	2.9	23.1
HP1423	BSU13040	27.451	51	37	0	25	75	169	219	3.1	23.1
HP1423	BSU11620	23.171	82	60	2	1	81	1	80	5.1	22.3
HP1423	BSU31875	30.769	39	26	1	26	63	150	188	5.4	22.7
HP1423	BSU29470	27.941	68	35	2	2	69	306	359	5.4	22.3
HP1423	BSU33070	30.000	40	28	0	37	76	56	95	5.8	22.3
HP1423	BSU26530	25.000	32	24	0	39	70	97	128	6.7	21.9
HP1423	BSU38720	32.258	31	21	0	25	55	237	267	8.0	21.9
HP1423	BSU15700	34.211	38	22	1	12	49	2	36	8.8	21.9
HP1424	BSU39230	37.681	69	33	3	87	149	2122	2186	0.009	33.5
HP1424	BSU33320	37.500	32	19	1	84	114	274	305	0.11	29.6
HP1424	BSU35270	44.444	27	15	0	159	185	82	108	0.56	26.6
HP1424	BSU05630	35.897	39	25	0	56	94	73	111	0.64	26.9
HP1424	BSU32440	52.941	17	8	0	73	89	51	67	1.2	26.6
HP1424	BSU35080	61.905	21	7	1	100	119	126	146	1.6	25.8
HP1424	BSU00960	27.083	48	30	1	106	148	60	107	3.2	25.0
HP1424	BSU18170	30.000	40	28	0	136	175	69	108	7.1	23.9
HP1424	BSU08210	43.478	23	13	0	108	130	83	105	7.4	24.3
HP1424	BSU03620	48.000	25	13	0	168	192	43	67	7.8	23.9
HP1425	BSU09840	47.619	21	11	0	15	35	115	135	5.3	25.4
HP1425	BSU16110	37.500	40	24	1	96	134	154	193	6.2	25.0
HP1425	BSU06980	22.472	89	63	2	77	165	157	239	8.4	24.6
HP_1427	BSU07260	29.730	37	26	0	24	60	277	313	0.69	23.9
HP_1427	BSU23190	23.256	43	28	1	1	43	138	175	5.3	21.6
HP1428	BSU15750	37.500	360	197	7	2	352	17	357	7.82e-75	233
HP1428	BSU20610	20.988	81	61	1	91	168	5	85	1.2	27.3
HP1428	BSU04390	34.375	64	37	2	239	297	1	64	2.4	26.6
HP1428	BSU24840	43.333	30	15	1	26	53	17	46	2.8	26.6
HP1428	BSU21190	23.853	109	64	5	60	164	43	136	7.7	25.0
HP1428	BSU32960	34.375	32	21	0	315	346	181	212	9.8	25.0
HP1428	BSU25240	42.424	33	19	0	93	125	215	247	9.9	24.6
HP1429	BSU01690	28.169	142	97	2	34	175	119	255	3.83e-07	47.4
HP1429	BSU01780	24.490	147	98	3	27	170	275	411	9.43e-06	43.9
HP1429	BSU00090	28.571	112	74	3	213	322	97	204	1.08e-04	40.4
HP1429	BSU01700	21.053	171	109	4	34	180	51	219	5.40e-04	38.1
HP1429	BSU03450	23.958	96	60	2	51	142	38	124	1.2	27.3
HP1429	BSU33830	22.400	125	83	4	205	325	250	364	1.2	27.3
HP1429	BSU05650	26.437	87	60	1	56	142	520	602	1.2	27.7
HP1429	BSU25250	29.508	122	75	4	147	260	14	132	1.3	26.9
HP1429	BSU08190	21.311	122	85	3	23	140	91	205	2.1	26.6
HP1429	BSU09570	52.632	19	9	0	216	234	47	65	3.7	26.2
HP1429	BSU27720	20.000	95	67	2	44	129	241	335	3.8	25.8
HP1429	BSU04940	33.333	54	36	0	199	252	714	767	5.7	25.4
HP1429	BSU32610	21.495	107	65	3	71	158	29	135	6.3	25.4
HP1429	BSU18320	46.429	28	12	1	119	143	2420	2447	6.4	25.4
HP1429	BSU13300	23.016	126	82	6	210	328	139	256	6.9	25.0
HP1429	BSU37780	44.000	25	14	0	280	304	125	149	9.3	24.6
HP1430	BSU14530	38.848	538	327	2	146	683	14	549	1.03e-139	417
HP1430	BSU16780	34.489	548	349	4	140	683	8	549	1.31e-114	352
HP1430	BSU40370	29.333	75	43	2	154	227	14	79	0.001	38.5
HP1430	BSU07620	36.364	66	36	2	162	227	42	101	0.026	33.9
HP1430	BSU39650	29.412	68	40	3	628	687	142	209	0.45	30.0
HP1430	BSU24790	46.154	26	14	0	202	227	50	75	0.60	29.3
HP1430	BSU25570	29.592	98	50	6	135	220	495	585	0.98	29.3
HP1430	BSU19080	25.000	60	36	1	155	214	22	72	1.9	27.7
HP1430	BSU40700	32.143	28	19	0	201	228	62	89	2.1	27.7
HP1430	BSU16440	31.250	64	37	1	415	478	96	152	3.1	26.9
HP1430	BSU10240	24.299	107	74	5	197	297	50	155	3.6	26.9
HP1431	BSU00420	29.487	234	131	10	5	222	23	238	2.23e-20	85.5
HP1431	BSU27280	41.935	31	18	0	20	50	35	65	0.33	28.5
HP1431	BSU21250	32.000	50	30	2	30	79	160	205	0.93	27.7
HP1431	BSU39270	33.333	54	34	1	156	207	441	494	1.9	26.6
HP1431	BSU02940	28.571	63	45	0	207	269	90	152	7.7	24.6
HP1431	BSU31960	37.037	54	23	2	159	201	71	124	8.6	24.6
HP_1432	BSU22930	35.294	34	22	0	38	71	133	166	8.6	21.6
HP_1432	BSU27035	28.000	25	18	0	5	29	23	47	9.8	20.4
HP1433	BSU34710	31.395	86	39	4	125	196	172	251	0.074	33.1
HP1433	BSU01320	34.483	58	21	3	423	480	19	59	3.6	26.6
HP1433	BSU35720	34.545	55	34	1	111	163	507	561	4.8	27.3
HP1433	BSU22800	40.625	32	18	1	301	331	411	442	4.8	27.3
HP1433	BSU11340	27.907	43	31	0	296	338	129	171	5.5	26.9
HP1433	BSU00270	31.579	38	26	0	333	370	326	363	6.8	26.9
HP1433	BSU06640	34.286	35	23	0	205	239	35	69	9.1	26.2
HP1433	BSU02410	33.333	45	27	1	240	281	78	122	9.2	26.2
HP1434	BSU13110	42.907	289	153	4	6	293	22	299	5.65e-75	228
HP1434	BSU06510	37.302	126	70	3	137	259	47	166	5.18e-21	85.5
HP1434	BSU06510	23.913	138	87	4	76	210	60	182	0.10	30.4
HP1434	BSU15730	31.776	107	65	2	161	263	71	173	2.76e-06	44.7
HP1434	BSU18720	33.333	45	30	0	175	219	50	94	0.20	29.6
HP1434	BSU10570	28.571	42	30	0	185	226	244	285	0.47	28.5
HP1434	BSU15110	27.586	58	42	0	32	89	195	252	0.55	28.5
HP1434	BSU19390	25.714	105	70	2	119	223	186	282	1.7	26.9
HP1434	BSU09280	25.974	77	53	2	211	284	159	234	2.4	26.2
HP1434	BSU03320	36.364	44	19	3	100	143	539	573	3.0	26.2
HP1434	BSU19720	40.000	30	17	1	134	162	154	183	4.0	25.4
HP1434	BSU01630	47.826	23	12	0	264	286	267	289	5.5	25.0
HP1434	BSU25340	22.667	75	50	2	210	276	202	276	7.4	24.6
HP1434	BSU16870	25.862	58	37	2	13	66	11	66	9.3	24.3
HP1435	BSU29530	30.220	182	125	1	60	239	84	265	5.16e-30	112
HP1435	BSU25390	24.000	75	55	1	81	155	65	137	7.71e-04	37.4
HP1435	BSU21370	28.409	88	61	1	193	280	281	366	0.16	30.4
HP1435	BSU16790	35.294	34	22	0	72	105	77	110	0.32	28.9
HP1435	BSU06710	52.000	25	6	1	56	74	644	668	4.3	25.8
HP1435	BSU20960	25.301	83	40	3	201	261	128	210	5.1	25.4
HP1435	BSU16560	34.375	32	21	0	26	57	182	213	5.4	25.4
HP1435	BSU24400	37.037	27	17	0	86	112	92	118	5.5	24.6
HP1436	BSU13390	38.776	49	27	2	10	55	136	184	0.16	26.6
HP1436	BSU07210	43.750	32	18	0	8	39	142	173	0.52	25.4
HP1436	BSU40400	36.111	36	21	1	27	60	229	264	0.59	25.0
HP1436	BSU30180	69.231	13	4	0	26	38	230	242	0.87	24.6
HP1436	BSU35880	43.478	23	13	0	17	39	191	213	2.4	23.5
HP1436	BSU36020	36.667	30	19	0	39	68	31	60	2.6	23.1
HP1436	BSU05430	30.769	39	24	1	14	49	23	61	3.0	23.1
HP1436	BSU03660	25.490	51	38	0	25	75	97	147	4.0	22.7
HP1436	BSU17200	33.333	27	18	0	35	61	2276	2302	4.4	22.7
HP1436	BSU03130	40.000	20	12	0	40	59	242	261	4.4	22.7
HP1436	BSU15160	37.037	27	17	0	54	80	52	78	5.6	22.3
HP1436	BSU37230	29.091	55	35	1	13	67	49	99	6.0	22.3
HP1436	BSU12600	34.615	26	17	0	48	73	216	241	7.4	21.9
HP1436	BSU14000	29.787	47	28	2	34	77	38	82	8.4	21.9
HP1436	BSU37050	45.455	22	12	0	53	74	343	364	9.7	21.6
HP1437	BSU38150	48.000	25	13	0	102	126	164	188	0.17	29.3
HP1437	BSU33410	25.000	40	28	1	168	205	107	146	5.8	24.3
HP1437	BSU11100	28.571	63	35	3	62	115	117	178	6.0	25.0
HP1437	BSU05000	24.138	87	55	2	88	168	101	182	6.6	24.6
HP1437	BSU16950	25.373	67	40	2	75	131	160	226	6.7	24.6
HP1437	BSU25360	27.778	54	31	1	183	228	10	63	7.5	23.5
HP1437	BSU40210	46.667	30	14	1	155	182	103	132	9.1	23.5
HP1438	BSU22400	34.146	41	27	0	176	216	162	202	0.32	29.6
HP1438	BSU01300	33.962	53	29	2	262	310	19	69	1.5	26.6
HP1438	BSU40820	26.042	96	64	2	201	289	475	570	2.7	26.6
HP1438	BSU30490	26.415	53	32	1	65	110	33	85	4.9	25.4
HP1438	BSU31960	25.862	58	41	1	117	174	1328	1383	5.1	25.8
HP1438	BSU09660	25.926	108	62	3	137	228	90	195	6.4	25.0
HP1438	BSU28580	50.000	22	11	0	190	211	127	148	6.7	25.4
HP1438	BSU14900	36.000	25	16	0	184	208	582	606	6.9	25.4
HP1438	BSU17020	52.174	23	11	0	86	108	63	85	7.6	24.6
HP1438	BSU39300	22.689	119	74	3	192	296	78	192	9.3	25.0
HP_RS07120	BSU34010	39.286	28	17	0	90	117	312	339	6.6	23.9
HP1440	BSU28950	36.508	63	38	2	159	219	51	113	0.28	29.3
HP1440	BSU37650	33.333	63	31	2	77	139	207	258	0.42	28.5
HP1440	BSU33110	35.484	31	20	0	229	259	85	115	4.4	25.4
HP1441	BSU23360	56.028	141	59	2	16	156	2	139	7.30e-44	139
HP1441	BSU33880	28.814	59	27	2	94	152	187	230	4.0	24.6
HP1441	BSU37330	31.429	70	39	4	53	120	93	155	4.5	24.3
HP1441	BSU05110	25.000	56	37	2	3	54	131	185	6.4	23.5
HP1441	BSU39970	30.645	62	34	3	54	114	220	273	7.0	23.9
HP1441	BSU02960	29.412	51	36	0	29	79	310	360	7.1	23.9
HP1442	BSU35370	44.068	59	33	0	1	59	1	59	5.44e-11	50.1
HP1442	BSU31390	30.909	55	32	2	6	54	46	100	0.93	24.3
HP1442	BSU09290	30.000	30	21	0	5	34	387	416	2.5	23.1
HP1442	BSU30830	41.379	29	17	0	31	59	55	83	3.3	22.7
HP1442	BSU09710	28.000	50	35	1	10	59	392	440	3.6	22.7
HP1442	BSU38780	50.000	20	10	0	2	21	376	395	4.6	22.3
HP1442	BSU04960	70.000	10	3	0	31	40	715	724	5.6	22.3
HP1442	BSU22380	39.474	38	22	1	36	73	85	121	6.5	21.9
HP1442	BSU12680	26.250	80	53	3	1	74	61	140	7.6	21.9
HP1442	BSU36590	48.000	25	12	1	12	35	404	428	7.6	21.9
HP1442	BSU18830	30.645	62	30	2	7	68	229	277	9.0	21.6
HP1442	BSU29320	32.432	37	20	1	19	50	55	91	9.4	21.2
HP1443	BSU00460	28.500	200	120	8	3	195	2	185	6.09e-12	61.2
HP1443	BSU15310	33.333	45	30	0	81	125	146	190	0.34	28.9
HP1443	BSU33120	36.000	25	16	0	222	246	17	41	1.8	26.6
HP1443	BSU31490	32.500	80	41	4	67	144	531	599	1.8	26.9
HP1443	BSU10330	34.286	35	23	0	40	74	253	287	3.1	25.8
HP1443	BSU21560	25.926	108	53	4	70	172	87	172	4.0	25.0
HP1443	BSU08010	25.758	66	31	1	86	133	26	91	7.6	24.6
HP1443	BSU36110	32.500	40	22	1	119	153	113	152	7.8	24.3
HP1443	BSU03460	32.203	59	39	1	56	114	137	194	7.9	24.3
HP1444	BSU33600	45.070	142	74	4	2	142	7	145	8.87e-29	100
HP1444	BSU07770	34.146	41	27	0	16	56	5	45	1.1	24.6
HP1444	BSU21770	28.846	52	34	1	99	150	293	341	3.5	24.6
HP1444	BSU10630	64.286	14	5	0	83	96	887	900	4.8	24.3
HP1444	BSU30850	29.231	65	44	1	5	67	198	262	6.6	23.5
HP1444	BSU35340	34.286	35	23	0	63	97	14	48	6.6	23.9
HP1444	BSU33880	42.424	33	18	1	109	141	512	543	7.1	23.9
HP1445	BSU29730	26.531	98	64	2	29	126	124	213	0.22	28.1
HP1445	BSU20740	28.302	53	32	2	16	62	3	55	0.86	25.8
HP1445	BSU15310	26.923	52	35	1	11	62	126	174	0.99	26.2
HP1445	BSU04930	25.424	59	32	1	9	55	69	127	1.6	25.0
HP1445	BSU15950	37.097	62	34	2	53	110	244	304	1.7	25.4
HP1445	BSU21950	42.308	26	13	1	39	62	13	38	3.9	23.5
HP1445	BSU13690	31.373	51	27	2	33	81	130	174	4.3	24.3
HP1445	BSU30410	47.059	17	9	0	63	79	348	364	4.7	24.3
HP1445	BSU10660	32.353	34	23	0	92	125	49	82	5.1	23.1
HP1445	BSU23280	37.500	24	15	0	20	43	231	254	8.8	23.1
HP1446	BSU13680	30.000	60	40	1	2	59	12	71	1.1	25.4
HP1446	BSU11080	42.105	19	11	0	11	29	170	188	2.3	24.6
HP1446	BSU14960	33.333	39	21	1	16	49	8	46	3.1	24.3
HP1446	BSU39690	24.444	45	34	0	36	80	148	192	3.5	24.3
HP1446	BSU17220	62.500	16	6	0	111	126	81	96	5.3	23.9
HP1446	BSU17220	37.037	27	17	0	61	87	1231	1257	8.2	23.1
HP1446	BSU26826	40.000	20	12	0	7	26	1	20	8.9	20.8
HP1446	BSU38780	37.500	24	15	0	98	121	240	263	9.6	23.1
HP1447	BSU41060	59.091	44	18	0	1	44	1	44	4.30e-12	50.8
HP1447	BSU14430	45.000	20	11	0	3	22	407	426	0.64	23.5
HP1447	BSU25680	27.586	29	21	0	10	38	138	166	6.5	20.4
HP1447	BSU14940	36.364	22	14	0	5	26	83	104	6.8	20.4
HP1447	BSU33221	38.889	18	11	0	1	18	119	136	7.0	20.4
HP1447	BSU15420	39.130	23	14	0	18	40	91	113	7.0	20.4
HP1447	BSU23070	37.500	32	17	1	8	36	199	230	7.3	20.4
HP1447	BSU33190	30.000	30	21	0	13	42	119	148	7.8	20.4
HP1448	BSU41050	28.205	117	64	2	14	130	2	98	3.94e-07	43.5
HP1448	BSU32700	29.508	61	39	1	62	118	105	165	0.081	29.6
HP1448	BSU08620	26.000	50	36	1	104	152	76	125	1.5	25.8
HP1448	BSU34265	26.400	125	64	4	33	148	201	306	3.0	25.0
HP1448	BSU36770	34.211	38	25	0	15	52	96	133	8.3	23.5
HP1448	BSU04460	43.478	23	13	0	134	156	138	160	8.3	23.5
HP1449	BSU30680	44.615	65	36	0	9	73	1	65	5.39e-16	64.3
HP1449	BSU17180	33.333	42	25	2	21	59	4508	4549	3.2	24.3
HP1449	BSU34310	30.909	55	35	2	9	63	213	264	5.7	23.1
HP1449	BSU03080	21.429	42	33	0	68	109	66	107	7.0	22.7
HP1449	BSU16030	36.000	25	16	0	78	102	216	240	8.1	22.7
HP1449	BSU20670	38.095	21	13	0	82	102	110	130	8.2	22.7
HP1450	BSU41040	32.967	182	112	5	373	546	82	261	3.04e-28	110
HP1450	BSU23890	31.944	216	120	9	348	541	59	269	3.36e-21	90.5
HP1450	BSU40510	26.316	95	54	4	250	333	50	139	1.9	28.1
HP1450	BSU37700	38.710	31	19	0	446	476	7	37	3.3	26.9
HP1450	BSU37120	27.536	69	41	2	361	427	148	209	3.3	26.9
HP1450	BSU02150	28.378	74	52	1	462	535	8	80	4.0	25.0
HP1450	BSU36930	21.930	114	79	2	28	138	40	146	6.2	25.4
HP1450	BSU31800	38.710	31	19	0	414	444	322	352	6.7	26.2
HP1450	BSU23010	27.907	43	31	0	505	547	132	174	9.5	25.0
HP1451	BSU24390	30.108	93	55	3	51	134	13	104	0.13	30.0
HP1451	BSU34790	40.541	37	17	1	224	260	233	264	1.2	26.9
HP1451	BSU29470	29.851	67	44	1	21	87	5	68	3.2	25.8
HP1451	BSU41030	52.174	23	11	0	151	173	94	116	3.2	25.4
HP1451	BSU16320	43.478	23	13	0	227	249	71	93	3.9	25.4
HP1451	BSU00650	39.394	33	20	0	8	40	148	180	5.1	25.0
HP1451	BSU37090	55.556	18	8	0	218	235	207	224	8.6	24.3
HP1451	BSU17040	28.049	82	56	3	183	264	136	214	8.8	24.6
HP1451	BSU05450	27.273	55	31	1	151	205	133	178	9.9	24.3
HP1451	BSU39630	36.111	36	17	1	105	140	321	350	10.0	24.3
HP1452	BSU41020	36.820	478	252	12	3	450	2	459	1.25e-85	266
HP1452	BSU22840	27.528	178	103	2	218	392	180	334	3.22e-18	83.2
HP1452	BSU22840	29.915	117	82	0	216	332	6	122	6.39e-11	60.8
HP1452	BSU25290	27.647	170	109	3	216	377	11	174	2.07e-13	67.4
HP1452	BSU27920	24.870	193	121	8	216	387	161	350	2.41e-04	40.0
HP1452	BSU28190	25.000	124	90	2	216	336	26	149	0.006	34.7
HP1452	BSU17430	26.400	125	80	3	216	332	203	323	0.010	35.0
HP1452	BSU16050	37.037	54	31	2	218	271	125	175	0.018	33.9
HP1452	BSU39480	34.884	43	28	0	196	238	10	52	0.12	31.2
HP1452	BSU28980	24.107	112	71	3	173	270	121	232	0.20	30.4
HP1452	BSU01120	24.561	114	71	2	219	332	40	138	0.44	29.6
HP1452	BSU02750	29.730	111	68	4	212	319	30	133	0.77	28.5
HP1452	BSU25670	30.556	72	42	2	205	271	151	219	1.1	28.1
HP1452	BSU05610	30.769	52	36	0	188	239	292	343	1.2	28.1
HP1452	BSU05610	38.235	34	21	0	198	231	15	48	4.5	26.6
HP1452	BSU32750	28.358	67	36	2	212	278	30	84	1.8	27.3
HP1452	BSU40920	64.706	17	6	0	217	233	6	22	2.0	27.3
HP1452	BSU22030	52.381	21	10	0	216	236	46	66	3.0	26.9
HP1452	BSU22030	33.333	69	39	3	180	248	585	646	4.0	26.6
HP1452	BSU21660	34.426	61	22	1	389	431	442	502	3.0	26.9
HP1452	BSU26260	30.303	33	21	1	202	234	155	185	3.8	26.6
HP1452	BSU09720	41.667	24	14	0	211	234	454	477	4.4	26.6
HP1452	BSU31550	31.915	47	29	1	188	234	8	51	4.6	26.2
HP1452	BSU02910	25.758	66	43	2	340	399	91	156	4.8	25.8
HP1452	BSU14770	22.857	140	85	5	208	332	2	133	5.1	26.2
HP1452	BSU34100	32.432	37	24	1	105	140	188	224	7.1	25.4
HP1452	BSU09080	34.694	49	21	2	244	287	105	147	7.4	25.4
HP1452	BSU01450	29.114	79	32	3	162	237	5	62	8.7	25.4
HP1452	BSU31230	35.294	51	33	0	135	185	38	88	9.1	25.4
HP1452	BSU30420	55.000	20	9	0	212	231	34	53	9.5	25.0
HP1452	BSU35970	39.394	33	17	1	413	442	41	73	9.8	24.6
HP1453	BSU11780	31.250	48	30	1	517	561	13	60	0.14	30.8
HP1454	BSU16550	32.692	52	34	1	155	206	32	82	0.97	27.7
HP1454	BSU13700	50.000	26	12	1	123	147	259	284	1.0	27.7
HP1454	BSU06770	30.435	46	30	1	129	172	372	417	4.1	25.8
HP1454	BSU03750	24.324	74	56	0	32	105	81	154	6.7	25.0
HP1454	BSU25430	37.838	37	23	0	259	295	337	373	8.3	24.6
HP1454	BSU18330	27.660	47	33	1	123	169	131	176	8.7	25.0
HP1455	BSU18250	21.739	69	53	1	9	77	51	118	0.68	25.8
HP1455	BSU12480	24.074	54	41	0	54	107	14	67	2.4	24.3
HP1455	BSU26370	47.826	23	12	0	84	106	23	45	2.6	23.9
HP1455	BSU04970	55.556	18	8	0	15	32	225	242	3.0	23.9
HP1455	BSU00940	47.059	17	9	0	16	32	198	214	5.4	23.1
HP1455	BSU19790	64.286	14	5	0	9	22	169	182	5.4	23.1
HP1455	BSU09810	36.667	30	19	0	16	45	159	188	5.5	23.1
HP1455	BSU06960	35.556	45	25	2	54	94	201	245	8.3	22.7
HP1455	BSU17190	39.024	41	23	2	42	82	3331	3369	8.7	22.7
HP1455	BSU37830	32.653	49	33	0	54	102	85	133	9.6	22.3
HP1455	BSU09950	48.387	31	13	2	61	91	248	275	9.7	22.3
HP1456	BSU07100	37.143	35	22	0	1	35	1	35	1.2	26.2
HP1456	BSU05300	35.000	60	24	3	31	90	18	62	1.3	25.8
HP1456	BSU37780	28.000	50	36	0	105	154	246	295	1.6	25.8
HP1456	BSU03300	38.776	49	26	2	124	172	575	619	1.8	25.8
HP1456	BSU02690	36.111	36	21	1	1	36	1	34	1.9	25.8
HP1456	BSU40190	41.379	29	17	0	122	150	595	623	4.6	24.6
HP1456	BSU28540	35.294	34	22	0	140	173	143	176	4.7	24.3
HP1456	BSU40950	30.909	55	35	1	118	172	15	66	5.1	24.3
HP1457	BSU19120	26.190	84	54	4	37	119	7	83	2.9	24.6
HP1457	BSU07260	29.412	51	33	1	30	77	199	249	4.8	25.0
HP1457	BSU18320	27.273	55	40	0	59	113	406	460	5.4	25.0
HP1457	BSU02400	27.451	51	37	0	119	169	308	358	8.3	24.3
HP1457	BSU36470	23.077	39	30	0	19	57	36	74	9.4	23.9
HP1457	BSU18440	40.000	30	18	0	49	78	270	299	9.5	23.9
HP1458	BSU28500	27.632	76	55	0	8	83	9	84	1.71e-10	50.4
HP1458	BSU04550	24.706	85	62	2	1	84	1	84	1.59e-08	45.4
HP1458	BSU29840	30.769	65	44	1	20	84	20	83	9.28e-07	40.8
HP1458	BSU18010	38.095	42	26	0	19	60	62	103	2.81e-05	37.7
HP1458	BSU21460	25.926	81	57	2	5	82	34	114	3.13e-04	34.7
HP1458	BSU23150	35.556	45	28	1	17	60	63	107	0.007	31.2
HP1458	BSU13840	27.273	33	24	0	1	33	38	70	0.25	26.6
HP1458	BSU22150	30.952	42	29	0	43	84	486	527	0.73	25.8
HP1458	BSU30760	56.250	16	7	0	38	53	225	240	1.4	24.6
HP1458	BSU11550	38.889	18	11	0	28	45	31	48	3.6	23.5
HP1458	BSU23830	26.829	41	27	1	2	39	210	250	4.6	23.1
HP1458	BSU09440	40.909	22	13	0	72	93	123	144	6.3	22.7
HP1458	BSU06070	21.951	41	32	0	50	90	255	295	7.1	22.7
HP1459	BSU23160	29.020	255	163	6	7	258	3	242	8.77e-29	106
HP1459	BSU30035	26.749	243	150	9	6	239	1	224	2.94e-13	64.3
HP1459	BSU15460	20.238	168	109	5	5	147	14	181	0.022	32.3
HP1459	BSU15410	34.783	46	29	1	5	49	180	225	0.11	30.0
HP1459	BSU09210	45.833	24	13	0	31	54	44	67	0.70	27.7
HP1459	BSU10110	28.571	84	58	1	111	192	195	278	0.71	28.1
HP1459	BSU39220	26.136	88	47	3	116	202	33	103	2.2	25.8
HP1459	BSU12160	26.429	140	88	7	54	183	729	863	4.0	25.8
HP1459	BSU19220	25.547	137	82	5	19	144	239	366	4.5	25.4
HP1459	BSU33990	26.000	100	62	3	125	218	54	147	5.8	25.0
HP1459	BSU19630	28.125	32	23	0	156	187	105	136	6.5	24.6
HP1459	BSU22180	29.091	55	37	1	121	173	19	73	8.1	23.5
HP1460	BSU29230	35.187	1205	652	27	6	1195	2	1092	0.0	653
HP1460	BSU20340	25.725	1034	638	36	11	940	5	1012	5.13e-59	219
HP1460	BSU16580	22.490	956	526	37	68	924	589	1428	8.92e-26	112
HP1460	BSU16580	38.806	67	41	0	10	76	337	403	3.03e-07	51.6
HP1460	BSU17040	29.870	77	40	2	1080	1142	295	371	1.2	30.0
HP1460	BSU28590	28.358	67	45	2	10	75	338	402	2.1	28.9
HP1460	BSU29680	26.230	61	35	2	631	691	461	511	4.1	28.1
HP1460	BSU28320	24.074	54	35	1	777	824	40	93	7.4	25.8
HP1461	BSU30860	37.838	37	18	1	298	334	283	314	0.69	28.5
HP1461	BSU04560	34.615	26	17	0	146	171	287	312	0.99	28.1
HP1461	BSU22540	25.316	79	53	2	176	249	130	207	1.1	27.7
HP1461	BSU19310	36.585	41	26	0	297	337	238	278	2.5	26.6
HP1461	BSU01690	24.638	69	42	2	73	132	115	182	5.2	25.4
HP1461	BSU15920	42.857	28	15	1	294	321	39	65	5.8	23.9
HP1461	BSU14890	45.455	22	12	0	217	238	254	275	6.3	25.4
HP1461	BSU30160	32.258	31	20	1	271	301	97	126	8.4	25.0
HP1461	BSU15220	33.333	72	37	3	146	217	105	165	8.6	25.0
HP1461	BSU09890	24.211	95	59	4	256	343	67	155	9.7	24.6
HP1462	BSU09410	23.750	80	46	2	2	74	14	85	2.7	25.4
HP1462	BSU17790	28.571	35	25	0	156	190	122	156	2.9	25.0
HP1462	BSU02210	39.024	41	16	3	6	46	158	189	7.6	23.9
HP1462	BSU08190	52.941	17	8	0	28	44	13	29	7.8	23.9
HP1462	BSU35940	29.787	47	33	0	75	121	219	265	8.1	23.9
HP1462	BSU11570	34.043	47	22	2	30	72	23	64	9.0	23.5
HP1462	BSU19680	37.931	29	18	0	94	122	7	35	9.1	22.7
HP1463	BSU03010	38.636	44	24	2	109	152	53	93	0.050	31.2
HP1463	BSU05530	29.885	87	39	4	1	84	137	204	2.6	25.4
HP1463	BSU31120	33.803	71	36	3	32	91	202	272	2.8	25.4
HP1463	BSU21740	50.000	20	10	0	6	25	3	22	4.9	24.6
HP1463	BSU06034	25.926	54	35	2	66	117	2	52	4.9	23.1
HP1463	BSU25010	28.571	63	42	1	118	180	116	175	10.0	23.9
HP1464	BSU38160	36.364	44	20	3	4	42	415	455	1.8	26.9
HP1464	BSU39810	32.000	75	44	3	22	93	247	317	5.2	25.4
HP1464	BSU33610	31.915	47	31	1	194	239	359	405	5.6	25.4
HP1464	BSU33490	21.698	106	57	2	152	256	264	344	6.7	25.0
HP1464	BSU31250	20.000	90	62	3	148	228	537	625	7.4	25.0
HP1464	BSU03610	32.609	46	29	1	187	232	87	130	7.5	24.6
HP1465	BSU23960	36.134	238	140	5	9	239	1	233	3.28e-44	146
HP1465	BSU03590	38.182	220	131	4	9	225	1	218	3.90e-42	141
HP1465	BSU39480	35.780	218	134	4	9	223	1	215	3.39e-41	139
HP1465	BSU29340	31.624	234	154	4	9	239	1	231	6.26e-40	136
HP1465	BSU27430	33.488	215	140	3	9	223	1	212	2.62e-39	134
HP1465	BSU11370	33.948	271	162	6	1	254	1	271	2.66e-39	136
HP1465	BSU14360	39.512	205	112	7	23	223	20	216	1.12e-38	132
HP1465	BSU35260	34.545	220	136	5	9	225	1	215	1.71e-37	129
HP1465	BSU32750	35.111	225	144	2	17	241	13	235	2.14e-37	131
HP1465	BSU02980	37.500	216	124	4	13	223	37	246	2.87e-36	130
HP1465	BSU30420	40.594	202	116	4	26	226	26	224	1.86e-35	124
HP1465	BSU11460	34.583	240	143	6	9	234	7	246	1.59e-34	124
HP1465	BSU33270	38.863	211	122	6	24	231	20	226	1.77e-33	118
HP1465	BSU12950	33.333	252	151	6	9	243	4	255	2.93e-32	117
HP1465	BSU01460	32.407	216	139	5	28	239	13	225	4.99e-32	115
HP1465	BSU13000	35.859	198	116	3	27	217	29	222	1.51e-31	115
HP1465	BSU33730	27.854	219	154	2	27	245	20	234	4.19e-31	115
HP1465	BSU11470	34.562	217	132	5	9	216	5	220	8.71e-31	113
HP1465	BSU24950	31.873	251	158	6	3	244	7	253	1.07e-30	112
HP1465	BSU39640	33.624	229	134	8	9	228	4	223	1.22e-30	112
HP1465	BSU33830	28.934	197	136	2	27	223	20	212	3.15e-30	113
HP1465	BSU30380	32.018	228	137	6	8	225	2	221	4.96e-30	110
HP1465	BSU02570	28.959	221	140	4	9	225	4	211	2.14e-29	109
HP1465	BSU13220	31.878	229	145	5	2	229	287	505	4.45e-29	112
HP1465	BSU13220	32.456	228	136	8	24	240	24	244	5.72e-22	91.7
HP1465	BSU04490	33.953	215	133	3	9	223	5	210	8.66e-29	108
HP1465	BSU12250	30.631	222	137	5	28	245	35	243	2.38e-28	105
HP1465	BSU34700	33.810	210	124	7	22	223	19	221	2.78e-28	105
HP1465	BSU01450	33.772	228	131	6	5	223	2	218	2.88e-28	106
HP1465	BSU02750	31.839	223	138	5	26	244	22	234	4.99e-28	104
HP1465	BSU08310	34.404	218	130	5	9	223	1	208	2.76e-27	104
HP1465	BSU35940	31.674	221	136	6	10	223	3	215	3.00e-27	106
HP1465	BSU35940	24.638	207	138	5	28	223	270	469	8.97e-13	64.3
HP1465	BSU34090	30.380	237	146	5	10	243	6	226	1.57e-26	102
HP1465	BSU09080	29.098	244	155	5	7	249	2	228	3.39e-26	101
HP1465	BSU38660	34.804	204	120	5	26	229	18	208	9.17e-26	99.8
HP1465	BSU11360	33.790	219	133	6	27	234	26	243	1.23e-25	100
HP1465	BSU24960	32.035	231	143	8	6	227	20	245	1.51e-24	95.9
HP1465	BSU08830	34.254	181	106	4	28	208	25	192	4.56e-24	94.4
HP1465	BSU30610	32.275	189	104	4	26	207	24	195	1.36e-23	93.2
HP1465	BSU02860	31.982	222	134	5	9	223	3	214	1.56e-23	92.4
HP1465	BSU01950	29.185	233	152	6	9	239	3	224	8.28e-23	90.5
HP1465	BSU38810	30.952	210	130	6	29	233	22	221	1.75e-21	89.0
HP1465	BSU30760	29.167	216	138	6	10	220	4	209	2.36e-21	87.0
HP1465	BSU32550	27.488	211	142	3	18	226	12	213	6.63e-21	87.4
HP1465	BSU10040	28.632	234	144	5	9	234	3	221	8.28e-21	85.5
HP1465	BSU07490	31.532	222	139	5	18	233	12	226	1.42e-20	85.1
HP1465	BSU30010	26.267	217	138	5	28	242	24	220	1.61e-20	84.3
HP1465	BSU03820	26.749	243	149	4	9	238	1	227	2.63e-20	84.3
HP1465	BSU03730	29.570	186	128	2	21	206	17	199	3.82e-20	83.2
HP1465	BSU31550	26.457	223	146	6	9	223	4	216	7.54e-20	85.5
HP1465	BSU31550	23.223	211	142	5	26	223	274	477	1.99e-08	51.2
HP1465	BSU32940	29.614	233	149	4	10	235	6	230	7.55e-20	83.2
HP1465	BSU33290	32.243	214	126	6	19	223	13	216	3.18e-19	81.6
HP1465	BSU38730	31.250	240	130	11	9	229	329	552	1.24e-18	82.0
HP1465	BSU30450	24.779	226	158	3	9	234	1	214	4.73e-18	78.6
HP1465	BSU40620	28.194	227	134	7	9	226	1	207	6.80e-18	77.0
HP1465	BSU33160	32.569	218	139	4	10	223	1	214	1.04e-17	79.0
HP1465	BSU08690	30.769	208	129	8	23	225	357	554	1.10e-17	79.0
HP1465	BSU09720	27.876	226	136	8	10	223	430	640	3.28e-17	77.8
HP1465	BSU08210	31.050	219	135	7	26	239	348	555	5.49e-17	77.0
HP1465	BSU37230	28.085	235	140	8	16	236	337	556	7.93e-17	76.6
HP1465	BSU09070	25.701	214	145	3	10	223	3	202	8.08e-17	74.3
HP1465	BSU34820	31.308	214	118	8	23	223	355	552	9.06e-17	76.3
HP1465	BSU08220	28.689	244	139	12	10	237	366	590	1.04e-16	76.3
HP1465	BSU09890	24.348	230	163	6	9	238	1	219	3.40e-16	73.6
HP1465	BSU09710	27.273	220	132	8	28	235	357	560	2.04e-15	72.4
HP1465	BSU05610	28.261	230	115	9	8	236	10	190	4.77e-14	68.2
HP1465	BSU05610	22.222	207	117	7	9	206	291	462	1.66e-06	45.4
HP1465	BSU07420	27.574	272	145	11	9	242	3	260	8.68e-14	67.4
HP1465	BSU07420	26.540	211	129	6	4	214	320	504	2.01e-10	57.4
HP1465	BSU15340	28.636	220	144	7	24	235	17	231	1.20e-13	65.9
HP1465	BSU14320	26.484	219	139	9	28	237	355	560	3.34e-13	65.9
HP1465	BSU14330	26.087	207	129	6	27	223	381	573	1.35e-12	63.9
HP1465	BSU32710	30.622	209	119	10	12	205	8	205	5.22e-12	61.2
HP1465	BSU07370	23.320	253	161	5	9	237	3	246	1.74e-11	60.8
HP1465	BSU07370	26.957	115	78	3	126	238	420	530	4.09e-09	53.5
HP1465	BSU35700	25.229	218	132	5	26	237	40	232	2.76e-10	57.0
HP1465	BSU05950	25.862	232	118	9	28	244	346	538	2.79e-10	57.0
HP1465	BSU05950	25.641	195	119	4	8	178	2	194	2.84e-10	57.0
HP1465	BSU14430	22.326	215	146	6	9	206	1	211	6.47e-07	46.6
HP1465	BSU14430	30.208	96	62	2	147	241	440	531	4.26e-06	44.3
HP1465	BSU37390	25.581	215	126	8	23	222	18	213	7.06e-07	45.8
HP1465	BSU21470	24.479	192	121	7	24	206	498	674	1.83e-06	45.4
HP1465	BSU38740	37.000	100	50	3	147	236	464	560	2.01e-06	45.4
HP1465	BSU35160	33.846	65	39	2	147	208	828	891	0.076	31.2
HP1465	BSU40150	27.419	62	44	1	147	207	114	175	0.13	29.6
HP1465	BSU17190	26.190	84	52	3	61	134	1341	1424	0.21	29.6
HP1465	BSU07680	32.692	52	33	2	201	252	8	57	0.76	26.6
HP1465	BSU16240	32.653	49	33	0	30	78	153	201	0.97	27.3
HP1465	BSU36669	42.857	35	17	1	15	49	6	37	1.6	24.6
HP1465	BSU16150	27.083	48	35	0	82	129	42	89	2.0	26.2
HP1465	BSU24610	43.478	23	13	0	156	178	33	55	2.1	25.4
HP1465	BSU10650	37.255	51	27	2	8	57	4	50	3.4	25.8
HP1465	BSU29479	44.000	25	14	0	217	241	29	53	4.3	23.9
HP1465	BSU12190	26.154	65	46	2	76	139	9	72	4.5	25.0
HP1465	BSU07990	32.000	50	33	1	80	129	162	210	4.6	25.0
HP1465	BSU22030	40.909	22	13	0	38	59	46	67	4.9	25.4
HP1465	BSU15600	52.632	19	9	0	33	51	24	42	6.1	24.6
HP1465	BSU32950	28.571	63	36	2	170	223	76	138	6.1	24.3
HP1465	BSU25290	30.000	40	26	1	183	222	102	139	9.1	24.3
HP1465	BSU24730	21.429	70	53	1	28	95	130	199	9.4	24.3
HP1465	BSU05910	18.519	108	68	4	35	122	28	135	9.4	23.9
HP1466	BSU33460	38.462	52	30	1	185	236	100	149	3.1	26.2
HP1466	BSU29730	25.000	56	42	0	321	376	158	213	3.4	26.2
HP1466	BSU28310	41.176	51	26	2	60	107	454	503	3.7	26.6
HP1466	BSU12370	26.923	52	38	0	13	64	172	223	6.8	25.4
HP1467	BSU30035	23.333	90	66	1	31	117	124	213	0.21	28.9
HP1467	BSU25050	26.277	137	70	5	47	168	20	140	1.5	25.8
HP1467	BSU38860	32.692	52	33	1	63	114	214	263	1.5	26.6
HP1467	BSU17200	30.882	68	41	3	34	95	1498	1565	1.7	26.6
HP1467	BSU31319	38.462	26	16	0	130	155	14	39	6.5	23.5
HP1468	BSU02390	38.372	344	201	5	5	339	15	356	1.95e-74	231
HP1468	BSU38550	36.628	344	202	9	8	340	19	357	2.46e-64	205
HP1468	BSU05540	26.347	167	99	8	173	338	33	176	0.053	31.6
HP1468	BSU21910	25.333	75	40	2	147	221	139	197	5.4	25.4
HP1468	BSU16430	34.615	26	17	0	311	336	61	86	8.4	25.0
HP1468	BSU02200	36.111	36	23	0	270	305	274	309	8.5	25.0
HP1468	BSU20230	32.911	79	39	3	216	287	3	74	8.6	24.3
HP1469	BSU01180	46.154	26	14	0	210	235	8	33	0.12	28.5
HP1469	BSU12230	35.484	31	20	0	129	159	64	94	6.1	24.6
HP1469	BSU06110	20.779	77	61	0	165	241	247	323	7.2	24.6
HP1469	BSU02930	26.230	61	31	3	168	228	259	305	8.2	24.6
HP1469	BSU30610	30.952	42	29	0	200	241	199	240	9.8	23.9
HP1470	BSU29090	32.283	920	537	25	11	890	7	880	4.68e-115	369
HP1470	BSU22010	33.929	224	130	7	11	221	6	224	5.80e-30	117
HP1470	BSU08630	26.923	104	65	4	179	272	108	210	0.79	29.6
HP1470	BSU22680	33.846	65	37	2	420	483	302	361	2.3	28.5
HP1470	BSU38410	45.833	24	13	0	41	64	122	145	2.4	28.5
HP1470	BSU18340	30.000	60	37	2	575	630	1166	1224	2.6	28.5
HP1470	BSU18320	30.000	60	37	2	575	630	1172	1230	2.8	28.5
HP1470	BSU09810	31.579	38	26	0	160	197	48	85	2.9	28.1
HP1470	BSU30320	28.571	91	55	3	725	809	252	338	4.2	27.7
HP1470	BSU08940	43.333	30	15	1	203	230	77	106	4.5	26.9
HP1470	BSU28950	30.189	53	28	1	339	382	275	327	4.9	27.3
HP1470	BSU28490	36.957	46	28	1	194	238	542	587	9.7	26.6
HP1470	BSU26030	28.205	117	58	5	1	104	431	534	9.9	26.6
HP1471	BSU33800	22.881	118	83	4	105	219	56	168	1.2	27.7
HP1471	BSU33700	22.152	158	103	6	77	219	16	168	1.7	27.3
HP1471	BSU09770	28.000	50	36	0	124	173	237	286	2.4	26.9
HP1471	BSU38510	23.529	85	56	2	256	333	240	322	2.4	26.9
HP1471	BSU23860	20.548	73	57	1	273	344	337	409	3.7	26.6
HP1471	BSU38040	34.483	29	19	0	71	99	42	70	4.7	26.2
HP1471	BSU23580	25.424	59	43	1	232	289	249	307	7.2	25.4
HP1471	BSU28940	36.000	50	23	2	48	88	93	142	8.6	25.0
HP1471	BSU35780	28.767	73	45	2	241	312	286	352	9.9	25.4
HP1472	BSU34800	35.000	60	35	2	166	222	131	189	0.038	33.9
HP1472	BSU05530	27.000	100	53	2	383	462	108	207	0.11	31.6
HP1472	BSU12510	32.203	59	35	2	256	314	59	112	1.9	26.9
HP1472	BSU32330	22.222	54	42	0	129	182	50	103	5.0	26.6
HP1472	BSU38910	33.333	33	20	1	545	577	181	211	5.2	26.6
HP1472	BSU29440	43.243	37	15	1	482	512	424	460	5.2	26.9
HP1472	BSU33550	37.143	35	22	0	313	347	67	101	6.9	26.6
HP1472	BSU18970	28.205	78	42	3	404	480	424	488	7.0	26.6
HP1472	BSU01360	29.730	37	26	0	493	529	230	266	7.2	26.2
HP1472	BSU33280	23.750	80	56	3	496	573	280	356	7.9	26.2
HP1473	BSU28490	29.688	64	35	2	42	96	425	487	1.3	26.6
HP1473	BSU38290	27.419	62	38	3	33	89	115	174	2.2	25.4
HP1473	BSU35450	32.468	77	42	4	106	173	148	223	2.3	25.4
HP1474	BSU00280	29.375	160	88	5	1	135	4	163	1.99e-16	71.2
HP1474	BSU20280	20.000	160	98	3	3	156	4	139	0.051	30.0
HP1474	BSU00140	22.430	214	123	8	3	187	12	211	0.051	30.4
HP1474	BSU00150	21.053	95	67	2	2	88	6	100	0.18	28.9
HP1474	BSU15340	34.783	46	25	1	4	44	32	77	0.84	26.9
HP1474	BSU24610	38.462	39	24	0	72	110	6	44	4.6	23.9
HP1474	BSU32750	41.176	34	20	0	7	40	38	71	5.3	24.6
HP1474	BSU18660	16.379	116	66	5	73	187	85	170	6.4	24.3
HP1474	BSU01120	25.397	63	43	1	124	186	127	185	9.3	23.9
HP1475	BSU15020	42.667	150	86	0	1	150	1	150	3.48e-44	140
HP1475	BSU25640	68.421	19	6	0	1	19	1	19	0.002	33.9
HP1475	BSU35740	40.541	37	21	1	1	37	1	36	0.009	31.6
HP1475	BSU23260	34.000	50	28	3	88	135	296	342	0.54	26.9
HP1475	BSU38200	28.750	80	56	1	8	86	110	189	0.73	26.6
HP1475	BSU34380	31.481	54	37	0	11	64	62	115	1.6	25.4
HP1475	BSU04110	30.769	65	34	2	27	85	109	168	6.3	23.5
HP1475	BSU17200	31.579	38	26	0	27	64	760	797	6.7	23.9
HP1475	BSU08470	24.419	86	52	3	62	137	1	83	6.8	23.9
HP1475	BSU22470	42.105	19	11	0	13	31	191	209	8.4	23.5
HP1476	BSU03630	35.484	186	114	3	1	184	13	194	1.04e-32	113
HP1476	BSU17040	30.631	111	62	5	6	114	686	783	0.13	29.6
HP1476	BSU37980	40.741	27	16	0	20	46	96	122	2.3	25.4
HP1476	BSU14860	40.000	35	18	1	19	50	203	237	3.2	25.4
HP1476	BSU24790	22.388	67	47	1	123	184	4	70	4.5	24.3
HP1476	BSU06049	40.909	22	13	0	68	89	26	47	7.1	23.5
HP1476	BSU29140	39.286	28	17	0	154	181	298	325	8.7	23.9
HP1477	BSU15960	41.935	31	18	0	2	32	3	33	0.55	27.3
HP1477	BSU36810	24.561	57	43	0	48	104	188	244	0.60	27.7
HP1477	BSU35750	28.070	114	65	6	32	141	25	125	2.7	25.4
HP1477	BSU30550	24.719	89	55	2	93	179	107	185	6.8	24.3
HP1477	BSU15120	34.694	49	29	1	6	54	284	329	7.0	24.6
HP1477	BSU30840	43.333	30	16	1	162	190	62	91	7.0	24.3
HP1477	BSU21460	29.730	74	46	2	8	79	50	119	8.8	23.5
HP1478	BSU06610	35.754	716	392	16	8	660	8	718	1.87e-109	345
HP1478	BSU11820	32.295	610	365	12	12	588	136	730	9.85e-81	269
HP1478	BSU10630	25.000	532	282	21	162	585	356	878	5.71e-16	79.0
HP1478	BSU10630	32.955	88	49	2	27	112	26	105	1.20e-05	45.4
HP1478	BSU33450	34.328	67	35	1	530	596	704	761	0.016	35.0
HP1478	BSU33450	47.826	23	12	0	27	49	229	251	2.4	28.1
HP1478	BSU27480	33.824	68	34	2	532	599	684	740	0.37	30.8
HP1478	BSU18260	34.000	50	29	1	557	602	229	278	1.9	28.1
HP1478	BSU12160	25.974	77	51	2	59	130	6	81	6.6	26.6
HP1478	BSU14050	36.111	36	22	1	205	240	103	137	7.8	26.2
HP1478	BSU25340	35.135	37	22	2	201	236	233	268	7.8	26.2
HP1478	BSU17180	29.474	95	48	3	344	438	2886	2961	8.0	26.6
HP1478	BSU05410	28.788	66	43	3	486	548	269	333	9.8	25.8
HP1479	BSU02450	24.691	81	43	2	760	832	205	275	0.31	30.8
HP1479	BSU27490	25.414	181	121	5	353	521	1	179	0.32	30.4
HP1479	BSU14950	26.316	95	59	2	136	229	64	148	0.59	29.3
HP1479	BSU12680	22.449	147	81	4	723	840	1079	1221	0.92	29.6
HP1479	BSU24870	31.579	76	51	1	729	804	403	477	1.8	28.9
HP1479	BSU24870	28.767	73	52	0	300	372	416	488	5.2	27.3
HP1479	BSU03770	27.083	48	33	1	175	222	223	268	2.1	28.5
HP1479	BSU06140	25.210	119	58	3	120	231	685	779	2.6	28.1
HP1479	BSU06860	36.000	50	31	1	225	274	31	79	6.2	26.6
HP1479	BSU24130	22.826	92	61	2	559	649	373	455	7.8	26.6
HP1479	BSU37230	29.032	62	42	1	305	364	420	481	9.1	26.6
HP1480	BSU00130	44.048	420	227	6	1	415	1	417	1.52e-122	359
HP1480	BSU28950	28.829	111	73	2	171	275	273	383	6.08e-05	42.0
HP1480	BSU03480	27.273	121	77	5	286	400	1943	2058	0.040	33.1
HP1480	BSU41010	24.691	162	96	6	80	218	162	320	0.98	28.5
HP1480	BSU16570	22.794	136	97	3	197	328	72	203	1.5	27.7
HP1480	BSU29700	30.000	70	39	2	81	149	141	201	2.4	26.6
HP1480	BSU39630	28.000	50	36	0	43	92	70	119	4.6	26.2
HP1481	BSU13570	24.664	223	142	8	28	246	37	237	2.01e-08	50.8
HP1481	BSU35040	21.622	74	52	2	157	228	543	612	1.5	26.9
HP1481	BSU17200	37.500	40	21	1	106	141	2354	2393	1.6	26.9
HP1481	BSU39490	27.869	61	34	2	188	240	125	183	2.1	26.2
HP1481	BSU31010	30.000	50	35	0	5	54	449	498	3.4	25.8
HP1481	BSU34110	34.146	41	25	2	135	173	58	98	3.9	25.4
HP1481	BSU29400	26.437	87	51	4	32	105	148	234	9.7	24.3
HP1482	BSU25950	38.889	36	22	0	15	50	56	91	0.020	29.3
HP1482	BSU07780	34.091	44	25	1	14	57	342	381	1.2	24.3
HP1482	BSU07800	37.037	27	17	0	17	43	86	112	1.3	24.3
HP1482	BSU04970	33.333	36	21	1	26	61	183	215	2.1	23.5
HP1482	BSU12520	30.769	26	18	0	59	84	223	248	2.1	23.5
HP1482	BSU22590	34.146	41	22	1	27	62	187	227	2.5	23.5
HP1482	BSU19130	34.043	47	23	2	16	58	83	125	4.9	22.7
HP1482	BSU12750	41.667	24	14	0	15	38	56	79	5.3	22.7
HP1482	BSU14450	31.579	38	26	0	49	86	257	294	7.2	22.3
HP1482	BSU21390	33.333	30	17	1	10	39	79	105	7.9	21.9
HP1483	BSU22750	28.099	242	151	6	8	242	5	230	3.11e-26	99.4
HP1483	BSU03160	26.829	123	79	4	51	171	34	147	2.96e-08	50.1
HP1483	BSU25610	25.628	199	112	8	15	209	2	168	4.26e-07	46.6
HP1483	BSU27280	29.474	95	54	4	11	103	4	87	7.23e-06	42.4
HP1483	BSU19600	27.586	116	72	4	58	171	39	144	0.046	31.2
HP1483	BSU29480	36.364	44	23	1	49	87	113	156	0.14	30.0
HP1483	BSU08610	27.612	134	68	6	46	174	82	191	0.25	29.3
HP1483	BSU21070	25.000	76	54	2	37	109	17	92	0.75	27.7
HP1483	BSU18450	25.532	94	58	4	24	114	778	862	1.6	26.9
HP1483	BSU39890	57.895	19	8	0	146	164	123	141	4.1	25.0
HP1483	BSU24990	38.462	39	22	1	184	222	201	237	4.7	25.0
HP1483	BSU39610	45.455	22	12	0	10	31	144	165	5.8	24.6
HP1483	BSU24230	32.353	34	23	0	85	118	141	174	7.5	24.6
HP1483	BSU26630	30.159	63	37	2	165	223	82	141	7.6	24.3
HP1483	BSU08790	25.000	40	30	0	61	100	434	473	9.6	24.3
HP1484	BSU13000	29.508	61	35	2	39	91	17	77	2.1	25.0
HP1484	BSU04070	32.353	34	21	1	80	111	18	51	4.3	24.3
HP1484	BSU36290	25.000	68	50	1	19	85	61	128	4.5	24.3
HP1484	BSU23210	27.083	48	33	1	17	64	3	48	4.8	23.9
HP1484	BSU05190	36.364	22	14	0	42	63	4	25	6.1	23.9
HP1484	BSU02570	34.146	41	25	1	43	81	17	57	6.2	23.9
HP1484	BSU25420	27.500	40	29	0	96	135	249	288	7.6	23.5
HP1484	BSU11650	36.667	30	19	0	34	63	78	107	8.2	23.1
HP1485	BSU35510	38.614	101	58	2	17	114	21	120	7.28e-19	77.8
HP1485	BSU30460	31.343	67	40	2	99	163	67	129	1.8	25.4
HP1485	BSU16710	26.168	107	64	3	92	183	60	166	2.8	25.4
HP1485	BSU10630	34.091	44	24	1	112	155	524	562	5.0	24.6
HP1485	BSU17520	28.846	52	31	1	69	114	52	103	5.1	24.3
HP1485	BSU26210	31.746	63	31	3	133	189	73	129	5.8	23.9
HP1485	BSU14270	26.866	67	41	2	128	189	56	119	6.2	24.3
HP1485	BSU13720	24.194	62	33	2	126	173	23	84	7.2	23.9
HP1485	BSU01890	34.884	43	21	2	87	129	352	387	7.3	23.9
HP1485	BSU36270	35.556	45	25	2	110	154	488	528	7.5	24.3
HP1485	BSU02670	33.333	39	26	0	56	94	216	254	8.3	23.9
HP1486	BSU08330	20.924	368	249	12	6	344	7	361	0.002	36.6
HP1486	BSU02760	22.086	163	101	7	71	224	69	214	0.21	30.4
HP1486	BSU34080	28.283	99	57	5	234	326	112	202	0.54	28.5
HP1486	BSU23050	32.692	52	34	1	292	343	11	61	1.9	26.9
HP1486	BSU10160	24.818	137	78	6	10	124	7	140	3.5	26.6
HP1486	BSU08320	50.000	22	11	0	86	107	92	113	6.7	25.4
HP1487	BSU10160	27.551	98	59	2	41	126	48	145	0.046	32.3
HP1487	BSU14400	17.910	67	55	0	54	120	8	74	1.4	27.7
HP1487	BSU34130	36.667	30	19	0	285	314	429	458	1.6	27.7
HP1487	BSU29100	42.857	28	15	1	15	41	11	38	5.2	25.8
HP1487	BSU38750	38.000	50	22	3	8	56	112	153	5.6	25.4
HP1487	BSU38930	26.190	42	31	0	316	357	8	49	9.5	23.5
HP1487	BSU10950	31.034	29	20	0	89	117	50	78	9.8	24.6
HP1487	BSU38240	34.375	64	29	2	247	310	7	57	10.0	25.0
HP1488	BSU33280	40.000	35	21	0	55	89	81	115	0.052	32.0
HP1488	BSU18239	34.783	46	30	0	47	92	1	46	0.069	29.3
HP1488	BSU14860	40.625	32	19	0	46	77	1114	1145	0.68	28.5
HP1488	BSU14350	23.684	114	61	3	16	104	9	121	1.4	27.3
HP1488	BSU34350	24.390	123	88	4	8	127	267	387	1.8	26.9
HP1488	BSU27310	38.776	49	24	2	261	307	536	580	3.0	26.6
HP1488	BSU15880	29.885	87	50	3	32	118	6	81	4.5	25.4
HP1488	BSU14470	35.417	48	22	2	1	40	273	319	4.6	25.8
HP1488	BSU36410	52.174	23	10	1	1	23	270	291	8.1	25.0
HP1489	BSU40420	50.000	24	12	0	178	201	132	155	2.7	27.3
HP1489	BSU08220	27.500	80	53	2	302	376	211	290	2.9	27.3
HP1489	BSU41010	29.851	67	29	2	142	207	379	428	3.6	26.9
HP1489	BSU31520	23.333	120	86	3	216	329	178	297	5.3	26.2
HP1490	BSU09590	39.773	440	245	9	18	447	7	436	7.73e-102	308
HP1490	BSU31300	39.583	432	252	7	15	443	3	428	1.32e-98	299
HP1490	BSU09550	39.817	437	253	7	15	446	3	434	2.22e-96	294
HP1490	BSU26610	38.673	437	258	7	14	444	2	434	3.34e-94	288
HP1490	BSU24750	39.614	414	238	8	28	434	25	433	2.20e-87	271
HP1490	BSU23830	34.921	63	34	3	266	324	113	172	0.16	30.8
HP1490	BSU40260	37.500	32	20	0	149	180	48	79	0.31	28.1
HP1490	BSU09110	51.852	27	9	1	179	201	196	222	0.88	28.5
HP1490	BSU27110	33.333	48	28	2	403	446	47	94	1.3	27.7
HP1490	BSU36160	25.000	124	78	3	274	389	43	159	2.5	26.9
HP1490	BSU27370	19.266	109	56	3	336	444	64	140	3.7	26.6
HP1490	BSU38580	23.741	139	81	5	50	171	296	426	4.0	26.6
HP1490	BSU31240	100.000	8	0	0	257	264	117	124	4.4	26.6
HP1490	BSU13660	43.750	32	17	1	16	47	250	280	4.4	26.6
HP1490	BSU37900	25.962	104	64	2	156	249	5	105	4.9	26.2
HP1490	BSU21599	80.000	10	2	0	418	427	2	11	5.6	23.5
HP1490	BSU29530	32.432	37	18	1	230	259	199	235	5.9	25.8
HP1490	BSU31290	35.135	37	21	1	303	339	480	513	7.7	25.8
HP1490	BSU16620	30.645	62	34	1	226	287	24	76	8.1	24.3
HP1490	BSU00410	37.500	32	17	1	39	70	137	165	8.5	25.0
HP1490	BSU19060	25.000	68	47	2	277	343	125	189	8.7	25.0
HP1491	BSU12840	31.056	161	96	3	252	412	146	291	2.86e-14	70.9
HP1491	BSU12840	31.206	141	93	2	65	205	23	159	0.004	36.2
HP1491	BSU12840	39.286	28	17	0	502	529	305	332	0.64	29.3
HP1491	BSU15580	38.776	98	54	3	59	155	11	103	1.02e-07	50.8
HP1491	BSU15580	25.166	151	97	3	268	416	141	277	1.86e-07	50.1
HP1491	BSU15580	25.478	157	109	2	55	211	171	319	1.51e-05	43.9
HP1491	BSU13660	37.143	70	32	4	254	321	252	311	0.82	28.9
HP1491	BSU02950	29.310	116	76	3	1	116	259	368	1.1	28.5
HP1491	BSU12420	36.957	46	26	1	176	221	57	99	1.1	28.5
HP1491	BSU02940	28.571	91	51	3	360	436	269	359	1.9	27.7
HP1491	BSU22080	44.186	43	17	2	470	508	78	117	2.7	27.3
HP1491	BSU03480	25.882	85	53	2	38	122	240	314	3.2	27.3
HP1491	BSU02350	30.000	60	39	1	232	288	330	389	5.5	26.6
HP1491	BSU15690	32.500	40	27	0	417	456	26	65	6.8	24.3
HP1491	BSU29280	36.000	25	16	0	270	294	117	141	9.0	25.4
HP1492	BSU32220	45.000	60	33	0	8	67	38	97	8.14e-13	56.2
HP1492	BSU07210	40.909	44	23	1	22	65	13	53	0.045	28.5
HP1492	BSU00120	37.500	32	20	0	22	53	137	168	0.26	26.2
HP1492	BSU27990	34.783	23	15	0	11	33	167	189	0.70	25.0
HP1492	BSU05480	30.769	52	34	1	40	89	60	111	1.1	24.6
HP1492	BSU29860	40.000	30	18	0	12	41	109	138	2.4	23.5
HP1492	BSU40080	44.000	25	9	1	11	30	77	101	5.3	22.7
HP1492	BSU04380	40.541	37	21	1	43	79	100	135	7.4	21.9
HP1492	BSU36060	33.333	24	16	0	4	27	304	327	8.1	21.9
HP1493	BSU11130	31.250	48	29	1	128	175	57	100	0.14	28.5
HP1493	BSU36590	33.962	53	29	2	123	170	66	117	0.31	28.5
HP1493	BSU28240	35.000	40	26	0	10	49	17	56	1.2	26.6
HP1493	BSU14450	38.095	42	25	1	98	139	370	410	1.8	26.2
HP1493	BSU02870	28.814	59	37	1	1	59	1	54	1.8	25.8
HP1493	BSU15710	23.288	73	54	1	74	144	188	260	3.1	25.4
HP1493	BSU17100	33.929	56	31	3	144	198	192	242	3.3	25.0
HP1493	BSU11210	37.255	51	26	2	144	189	9	58	3.7	25.0
HP1493	BSU19120	26.087	46	34	0	73	118	21	66	4.7	23.9
HP1493	BSU16770	40.000	25	15	0	135	159	162	186	6.1	24.3
HP1493	BSU40920	41.176	34	11	2	114	143	303	331	6.3	24.3
HP1493	BSU17210	32.558	43	19	1	69	111	5302	5334	6.8	24.6
HP1493	BSU33650	34.375	32	21	0	89	120	13	44	9.0	22.7
HP1493	BSU08750	29.730	37	26	0	134	170	81	117	9.0	23.9
HP1494	BSU15180	36.154	390	221	10	66	437	101	480	9.12e-67	218
HP1494	BSU15200	24.590	244	148	7	62	301	108	319	4.92e-12	64.3
HP1494	BSU28080	22.059	408	230	18	66	415	40	417	5.17e-06	45.1
HP1494	BSU04570	23.902	205	130	7	64	265	103	284	0.001	38.1
HP1494	BSU29790	21.864	279	170	11	66	334	100	340	0.024	33.5
HP1494	BSU07070	35.484	62	32	3	385	446	48	101	0.46	29.3
HP1494	BSU17380	26.389	72	52	1	274	344	67	138	3.9	26.6
HP1494	BSU08210	44.000	25	14	0	264	288	11	35	5.0	26.2
HP1494	BSU31322	28.000	50	32	1	356	401	179	228	5.2	26.2
HP1494	BSU38660	25.185	135	82	5	38	161	7	133	8.1	25.4
HP1494	BSU23390	47.059	17	9	0	235	251	186	202	8.5	25.4
HP1494	BSU39360	34.783	46	25	2	368	413	39	79	8.6	25.4
HP1495	BSU37110	27.848	158	72	7	27	184	20	135	3.14e-06	44.3
HP1495	BSU06812	29.114	79	44	4	7	83	67	135	2.5	26.6
HP1495	BSU28310	26.506	83	55	3	77	159	41	117	2.7	26.6
HP1495	BSU39910	40.000	35	19	1	83	115	105	139	2.7	25.8
HP1495	BSU03310	37.500	32	20	0	68	99	187	218	3.4	26.2
HP1495	BSU26600	31.818	44	28	1	76	119	60	101	3.5	25.4
HP1495	BSU30120	34.000	50	20	2	72	121	88	124	3.7	25.8
HP1495	BSU23020	27.869	61	37	2	109	162	188	248	5.7	25.4
HP1496	BSU00520	26.471	170	123	2	7	175	9	177	7.63e-17	71.6
HP1496	BSU07700	45.455	22	12	0	145	166	375	396	0.29	28.1
HP1496	BSU13789	27.273	33	24	0	72	104	20	52	7.8	22.7
HP1496	BSU12050	28.125	32	23	0	9	40	57	88	8.0	23.1
HP1496	BSU26170	20.548	73	52	2	76	148	229	295	9.6	23.5
HP1496	BSU30940	39.474	38	17	2	32	65	414	449	9.7	23.5
HP1496	BSU16470	40.000	25	15	0	126	150	111	135	10.0	23.5
HP1497	BSU00530	35.638	188	111	5	1	179	1	187	9.18e-34	115
HP1497	BSU39470	27.500	80	42	3	53	117	127	205	0.15	29.3
HP1498	BSU24910	44.737	38	21	0	261	298	188	225	0.89	28.1
HP1498	BSU21280	30.000	60	39	2	267	326	30	86	3.3	25.8
HP1498	BSU30910	25.862	58	38	1	150	207	23	75	4.0	26.2
HP1498	BSU17190	26.804	97	63	3	153	246	3298	3389	4.6	26.2
HP1498	BSU16810	28.814	59	39	2	24	79	78	136	5.2	25.4
HP1498	BSU05800	52.778	36	13	2	258	292	60	92	5.4	25.8
HP1498	BSU13970	33.333	48	30	2	155	202	144	189	7.0	25.0
HP1498	BSU05530	34.694	49	29	1	74	122	58	103	9.1	24.6
HP1498	BSU38440	31.579	95	59	2	24	117	109	198	9.6	24.6
HP1499	BSU03320	28.846	52	30	2	187	238	621	665	1.0	27.7
HP1499	BSU30260	32.500	40	25	1	59	98	158	195	1.7	26.9
HP1499	BSU16270	52.381	21	10	0	220	240	202	222	2.3	26.6
HP1499	BSU04850	36.842	38	16	2	76	106	9	45	2.7	25.4
HP1499	BSU37240	27.907	43	28	1	102	144	418	457	3.9	25.8
HP1499	BSU37240	25.000	64	36	1	144	207	339	390	9.9	24.6
HP1499	BSU17180	28.302	53	35	1	169	221	2735	2784	3.9	26.2
HP1499	BSU07090	23.636	55	33	1	138	192	263	308	6.7	25.4
HP1499	BSU23920	31.313	99	60	5	159	252	409	504	8.6	24.6
HP1499	BSU06710	50.000	18	9	0	83	100	692	709	8.9	25.0
HP1501	BSU27020	32.353	68	39	3	36	100	1	64	0.20	29.6
HP1501	BSU02560	25.362	138	77	4	9	128	70	199	1.4	27.7
HP1501	BSU35400	33.333	51	26	2	238	287	125	168	7.2	25.4
HP1501	BSU15770	50.000	20	10	0	104	123	531	550	8.2	25.4
HP1502	BSU22810	47.826	23	12	0	13	35	4	26	0.11	28.9
HP1502	BSU26690	39.583	48	20	3	97	137	123	168	0.53	26.9
HP1502	BSU25240	34.091	44	29	0	34	77	122	165	0.73	26.6
HP1502	BSU25680	29.032	31	22	0	51	81	100	130	4.7	23.9
HP1502	BSU30410	30.769	52	26	1	60	101	356	407	5.7	23.9
HP1502	BSU04060	46.429	28	14	1	116	142	363	390	6.0	23.9
HP1503	BSU33500	27.778	738	479	17	88	787	79	800	2.44e-70	243
HP1503	BSU33500	35.849	53	33	1	93	144	16	68	0.004	37.4
HP1503	BSU33490	28.484	488	317	13	326	787	217	698	1.58e-41	159
HP1503	BSU13850	24.704	591	393	14	231	785	61	635	1.05e-40	155
HP1503	BSU15650	21.951	164	96	4	606	737	523	686	2.96e-08	53.9
HP1503	BSU15650	23.684	266	176	9	272	516	77	336	2.9	28.1
HP1503	BSU23550	24.490	49	37	0	112	160	42	90	0.82	29.6
HP1503	BSU25680	27.273	66	43	1	626	686	53	118	1.00	28.5
HP1503	BSU11630	43.243	37	21	0	620	656	84	120	1.1	28.9
HP1503	BSU04300	40.000	40	23	1	272	310	378	417	2.1	28.5
HP1503	BSU19440	33.333	48	30	1	315	362	37	82	2.2	28.1
HP1503	BSU31710	41.304	46	26	1	262	306	18	63	2.2	28.1
HP1503	BSU38640	36.842	57	36	0	242	298	62	118	3.1	27.7
HP1503	BSU25460	36.667	30	15	1	3	28	162	191	4.4	27.3
HP1503	BSU26140	35.135	37	24	0	137	173	55	91	5.3	26.9
HP1504	BSU00340	23.684	228	162	6	6	224	18	242	6.93e-14	65.9
HP1504	BSU01060	25.333	150	88	5	22	149	48	195	1.27e-06	44.7
HP1504	BSU37000	29.487	78	46	3	38	109	119	193	7.80e-04	36.6
HP1504	BSU39890	35.185	54	32	2	28	80	30	81	0.48	28.1
HP1504	BSU25450	30.000	80	49	4	31	106	172	248	1.4	26.6
HP1504	BSU17370	55.000	20	9	0	178	197	55	74	2.9	25.0
HP1504	BSU22170	28.571	63	31	3	55	109	251	307	3.3	25.4
HP1504	BSU36200	27.273	66	42	3	164	228	1	61	4.6	23.9
HP1504	BSU32900	54.545	22	8	1	30	49	13	34	6.1	24.3
HP1504	BSU19170	34.375	32	21	0	52	83	154	185	6.7	24.6
HP1504	BSU25510	32.653	49	28	1	23	66	94	142	9.1	24.3
HP1505	BSU23280	27.208	283	152	14	1	268	1	244	3.78e-09	54.3
HP1505	BSU13170	22.156	167	91	4	4	168	3	132	0.010	33.1
HP1505	BSU06830	29.508	61	40	1	63	123	30	87	0.010	34.3
HP1505	BSU34520	60.000	25	9	1	317	340	154	178	1.6	27.3
HP1505	BSU12570	48.387	31	6	1	191	221	16	36	1.7	26.9
HP1505	BSU03950	30.909	55	30	2	245	299	25	71	3.2	26.6
HP1505	BSU03652	27.273	55	38	1	34	88	22	74	4.1	25.4
HP1505	BSU38550	32.653	49	25	1	99	147	159	199	4.3	25.8
HP1505	BSU39180	45.455	22	12	0	251	272	79	100	5.8	24.6
HP1505	BSU10040	39.216	51	20	2	134	175	178	226	7.5	25.0
HP1505	BSU39810	53.333	15	7	0	264	278	201	215	8.3	25.0
HP1506	BSU10880	24.409	127	81	4	106	223	49	169	0.17	30.8
HP1506	BSU29280	47.619	21	11	0	170	190	209	229	1.5	27.7
HP1506	BSU15270	28.049	82	58	1	223	304	27	107	3.6	25.4
HP1506	BSU30870	19.767	86	65	2	215	296	132	217	4.2	26.2
HP1506	BSU11900	30.263	76	49	2	72	147	287	358	6.3	25.8
HP1507	BSU17180	41.176	34	20	0	210	243	645	678	0.38	29.6
HP1507	BSU04730	31.818	44	28	1	113	154	43	86	0.85	28.1
HP1507	BSU38110	25.620	121	77	4	215	331	43	154	1.2	27.7
HP1507	BSU37680	32.000	50	30	2	2	50	4	50	2.0	26.9
HP1507	BSU38950	31.707	41	28	0	36	76	27	67	2.6	26.9
HP1507	BSU02840	23.967	121	67	5	145	249	372	483	3.0	26.6
HP1507	BSU23360	31.429	35	24	0	131	165	82	116	3.8	25.8
HP1507	BSU14520	21.557	167	109	5	113	277	427	573	3.9	26.6
HP1507	BSU10490	37.931	29	18	0	148	176	43	71	4.8	25.4
HP1507	BSU00570	52.381	21	10	0	369	389	502	522	5.2	25.8
HP1507	BSU38960	26.829	41	30	0	36	76	27	67	8.3	25.4
HP1508	BSU12160	27.632	76	40	3	197	272	154	214	0.018	34.3
HP1508	BSU27220	41.667	24	14	0	246	269	193	216	1.4	28.1
HP1508	BSU27220	23.438	64	28	2	240	283	144	206	1.5	28.1
HP1508	BSU28690	40.741	27	13	1	241	264	15	41	8.1	25.4
HP1509	BSU18070	32.353	204	116	5	59	261	8	190	2.88e-16	72.0
HP1509	BSU30090	25.641	78	52	1	18	89	128	205	0.52	28.1
HP1509	BSU32180	33.058	121	54	7	58	154	181	298	1.1	27.3
HP1509	BSU05960	28.358	67	39	1	84	150	43	100	1.7	26.2
HP1509	BSU32140	52.381	21	10	0	94	114	179	199	3.1	25.4
HP1509	BSU30530	32.203	59	39	1	197	254	232	290	3.2	25.8
HP1509	BSU39750	35.000	40	22	2	37	72	204	243	3.3	25.8
HP1509	BSU09530	34.043	47	30	1	37	82	180	226	6.4	24.6
HP1509	BSU34840	27.500	40	29	0	216	255	341	380	7.1	24.6
HP1509	BSU33310	32.000	50	34	0	156	205	230	279	9.8	24.3
HP1510	BSU06120	46.667	30	16	0	28	57	14	43	0.086	28.1
HP1510	BSU01440	38.095	42	24	1	70	111	77	116	0.68	25.4
HP1510	BSU09770	28.333	60	43	0	6	65	126	185	3.3	23.9
HP1510	BSU06610	29.114	79	45	3	16	91	143	213	3.9	23.9
HP1510	BSU10150	27.907	86	49	3	10	92	78	153	5.8	23.1
HP1510	BSU27480	41.463	41	21	2	31	71	166	203	5.9	23.5
HP1510	BSU27980	40.000	20	12	0	97	116	187	206	6.2	23.1
HP1510	BSU21360	43.478	23	13	0	21	43	85	107	8.8	22.7
HP1510	BSU15740	56.250	16	7	0	36	51	47	62	9.5	22.7
HP1511	BSU07710	36.111	36	23	0	21	56	393	428	0.91	25.4
HP1511	BSU18410	29.310	58	33	2	18	75	348	397	2.4	24.3
HP1511	BSU03240	30.303	33	23	0	64	96	147	179	4.3	23.5
HP1511	BSU00790	33.333	30	16	1	24	53	45	70	7.8	22.3
HP1512	BSU21320	25.325	154	87	6	11	153	7	143	0.31	30.8
HP1512	BSU05100	21.930	114	66	4	11	117	7	104	0.88	29.3
HP1512	BSU03890	27.381	84	44	3	427	507	237	306	3.6	27.7
HP1512	BSU03920	35.714	42	24	1	545	583	197	238	4.0	27.3
HP1512	BSU37270	43.478	23	13	0	353	375	176	198	4.4	27.3
HP1512	BSU00270	20.548	146	96	5	101	243	26	154	8.1	26.6
HP1513	BSU10490	42.857	42	20	2	113	151	110	150	1.9	26.6
HP1513	BSU22360	29.032	93	47	5	98	178	339	424	2.2	26.9
HP1513	BSU30690	28.571	77	40	3	182	247	88	160	4.3	25.8
HP1513	BSU05440	30.769	39	27	0	32	70	62	100	5.9	25.4
HP1513	BSU30530	40.625	32	19	0	105	136	313	344	6.6	25.4
HP1513	BSU23050	39.130	23	14	0	255	277	168	190	6.7	25.0
HP1513	BSU32510	30.303	66	37	3	156	219	132	190	7.1	25.4
HP1514	BSU16600	30.405	296	180	3	77	371	75	345	2.44e-37	135
HP1514	BSU20080	26.316	57	42	0	123	179	25	81	0.72	27.3
HP1514	BSU11630	24.194	62	46	1	262	322	57	118	4.1	26.2
HP1514	BSU09620	40.741	27	16	0	206	232	26	52	6.5	25.4
HP1514	BSU33260	28.070	57	34	1	81	137	91	140	8.5	25.0
HP1514	BSU30320	27.711	83	51	3	164	245	164	238	8.7	25.4
HP1516	BSU14900	39.474	38	22	1	3	39	407	444	0.81	26.9
HP1516	BSU40200	31.944	72	41	3	76	139	234	305	0.90	26.9
HP1516	BSU12649	34.043	47	22	1	115	161	5	42	2.0	24.3
HP1516	BSU36250	35.000	40	22	1	106	145	199	234	2.6	25.0
HP1516	BSU20928	38.095	21	13	0	83	103	3	23	2.9	23.5
HP1516	BSU23120	36.842	38	20	1	145	178	96	133	4.5	24.3
HP1516	BSU40830	48.276	29	14	1	64	92	272	299	6.7	23.9
HP1517	BSU06760	22.566	226	116	10	420	641	271	441	0.026	35.4
HP1517	BSU06760	27.826	115	77	4	1124	1236	707	817	6.3	27.7
HP1517	BSU18970	29.885	87	34	3	82	167	1039	1099	0.18	32.7
HP1517	BSU19220	32.468	77	37	5	408	469	71	147	0.54	31.2
HP1517	BSU37000	45.455	22	12	0	844	865	185	206	1.6	29.3
HP1517	BSU34820	34.667	75	46	2	861	932	45	119	1.7	29.6
HP1517	BSU27650	36.957	46	29	0	115	160	99	144	2.1	29.3
HP1517	BSU29480	47.619	21	11	0	500	520	120	140	3.4	28.1
HP1517	BSU37090	32.653	49	33	0	47	95	141	189	4.3	28.1
HP1517	BSU12649	57.895	19	8	0	573	591	30	48	4.4	25.8
HP1517	BSU28200	26.168	107	65	3	737	843	507	599	5.0	28.1
HP1517	BSU21820	25.287	87	48	3	867	940	2	84	6.3	27.3
HP1517	BSU35690	36.585	41	26	0	318	358	318	358	6.9	27.3
HP1517	BSU41000	29.545	44	30	1	270	313	31	73	8.9	26.6
HP1517	BSU03990	40.625	32	19	0	805	836	255	286	9.6	26.9
HP1518	BSU36000	73.333	15	4	0	23	37	107	121	1.7	24.3
HP1518	BSU38480	33.333	30	20	0	11	40	44	73	1.9	23.9
HP1518	BSU03640	30.556	36	25	0	20	55	83	118	2.0	24.3
HP1518	BSU30320	38.095	21	13	0	16	36	94	114	4.6	23.1
HP1518	BSU27140	27.778	36	26	0	14	49	439	474	5.5	22.7
HP1518	BSU05940	29.787	47	33	0	38	84	235	281	5.5	22.7
HP1518	BSU21830	42.857	21	12	0	14	34	36	56	5.7	22.7
HP1518	BSU40740	26.316	38	28	0	1	38	2	39	7.7	22.3
HP1518	BSU21200	27.778	36	19	1	17	45	33	68	7.9	22.3
HP1518	BSU02350	34.783	46	18	2	1	46	365	398	8.8	22.3
HP1519	BSU14430	22.137	131	77	5	18	129	18	142	1.4	28.9
HP1519	BSU24950	29.630	54	31	1	32	85	44	90	1.4	28.5
HP1519	BSU27610	30.435	46	32	0	78	123	3	48	3.2	26.9
HP1519	BSU15970	41.026	39	21	1	109	145	64	102	4.3	25.8
HP1519	BSU36930	22.093	86	58	2	273	358	71	147	5.9	25.8
HP1519	BSU09920	25.373	67	48	2	2	68	3	67	6.3	26.9
HP1519	BSU40620	35.714	42	21	1	16	51	10	51	6.7	26.2
HP1519	BSU01800	23.438	64	48	1	136	199	18	80	9.0	25.8
HP1519	BSU18970	33.962	53	33	2	73	125	512	562	9.6	26.2
HP1519	BSU12650	29.167	48	30	2	126	171	415	460	9.6	26.2
HP1521	BSU17020	37.500	48	28	1	906	951	19	66	0.57	29.3
HP1521	BSU20610	32.857	70	27	3	47	112	9	62	1.4	28.5
HP1521	BSU25340	43.750	32	16	2	83	113	139	169	1.4	28.9
HP1521	BSU30320	30.000	60	35	2	667	719	714	773	2.5	28.5
HP1521	BSU37510	27.273	88	60	3	793	879	252	336	2.6	28.5
HP1521	BSU00960	34.000	50	32	1	907	955	14	63	3.5	27.7
HP1521	BSU06060	20.000	100	75	2	737	834	275	371	4.6	27.3
HP1522	BSU11820	22.500	120	84	3	237	348	390	508	0.15	32.0
HP1522	BSU13000	32.222	90	51	5	35	119	13	97	0.25	30.8
HP1522	BSU11470	26.582	79	54	3	83	159	58	134	2.6	27.7
HP1522	BSU14370	27.451	102	62	4	245	346	83	172	4.4	26.9
HP1522	BSU31730	37.838	37	19	1	348	384	57	89	4.5	25.8
HP1522	BSU29610	25.000	104	68	3	13	116	201	294	4.8	26.9
HP1522	BSU16940	26.316	76	43	4	111	184	241	305	5.2	26.6
HP1522	BSU39230	30.263	76	52	1	333	408	193	267	5.7	26.9
HP1522	BSU04450	25.862	58	34	2	286	338	326	379	7.9	26.2
HP1523	BSU15870	33.577	411	250	11	217	609	242	647	7.03e-59	206
HP1523	BSU00550	30.227	397	243	14	213	588	605	988	2.24e-37	145
HP1523	BSU25140	30.000	110	66	4	242	340	29	138	2.97e-04	40.4
HP1523	BSU15710	26.531	245	151	11	222	442	258	497	3.36e-04	40.4
HP1523	BSU15710	23.596	89	48	3	475	547	588	672	5.3	26.9
HP1523	BSU35470	27.473	91	57	4	453	537	336	423	8.83e-04	38.9
HP1523	BSU35300	25.170	147	93	6	423	561	415	552	0.020	34.7
HP1523	BSU35170	30.435	69	46	2	235	303	16	82	0.17	31.6
HP1523	BSU24580	22.293	157	96	5	242	387	66	207	0.34	30.4
HP1523	BSU13390	42.500	40	21	1	348	387	201	238	2.4	27.7
HP1523	BSU09510	24.138	87	60	1	492	578	105	185	5.4	26.6
HP1523	BSU40690	31.579	38	20	2	267	304	122	153	5.8	25.8
HP1523	BSU07430	21.386	332	220	16	262	569	51	365	7.4	26.2
HP1523	BSU23790	33.333	60	28	3	412	469	59	108	7.5	26.2
HP1523	BSU12130	30.645	62	37	3	40	100	136	192	7.8	25.8
HP1523	BSU06812	20.909	110	82	3	232	337	271	379	8.3	26.2
HP1524	BSU16690	26.027	73	48	3	27	96	256	325	0.066	28.9
HP1524	BSU26030	20.536	112	75	3	14	111	435	546	0.54	26.2
HP1524	BSU20620	41.026	39	21	1	27	63	3	41	3.3	22.7
HP1524	BSU05220	25.926	81	54	2	2	76	4	84	4.4	23.5
HP1524	BSU26650	47.619	21	11	0	44	64	259	279	5.0	23.5
HP1524	BSU27430	38.636	44	23	2	64	103	199	242	5.6	23.1
HP1524	BSU24320	35.484	31	20	0	43	73	93	123	6.6	22.7
HP1524	BSU16110	52.632	19	9	0	86	104	28	46	9.4	22.7
HP1524	BSU22930	30.435	46	24	1	24	61	158	203	9.9	22.3
HP1525	BSU05380	27.000	100	68	2	103	198	57	155	0.015	32.3
HP1525	BSU20670	23.596	89	55	3	25	101	6	93	0.025	31.6
HP1525	BSU36600	28.788	66	38	3	85	150	110	166	0.24	28.5
HP1525	BSU26320	45.455	22	12	0	24	45	12	33	2.0	25.8
HP1525	BSU11820	28.814	59	36	2	1	53	573	631	2.5	25.8
HP1525	BSU16560	31.250	32	22	0	74	105	12	43	3.3	25.4
HP1525	BSU11980	22.449	49	33	1	1	44	168	216	5.8	24.3
HP1525	BSU17180	31.818	44	29	1	22	64	3726	3769	6.3	24.6
HP1525	BSU32520	33.333	54	27	4	147	196	362	410	6.6	24.3
HP1526	BSU40880	58.871	248	101	1	1	247	1	248	5.93e-114	324
HP1526	BSU17330	34.286	35	23	0	147	181	61	95	2.4	26.2
HP1526	BSU04580	28.736	87	55	3	130	214	115	196	3.3	25.8
HP1526	BSU26390	21.698	106	70	3	85	190	33	125	4.4	24.6
HP1526	BSU08520	45.161	31	17	0	111	141	65	95	4.6	25.0
HP1526	BSU18800	35.484	31	20	0	10	40	16	46	5.7	25.0
HP1526	BSU05340	47.059	17	9	0	228	244	360	376	6.8	24.6
HP1526	BSU34970	42.857	21	12	0	175	195	21	41	7.1	24.3
HP1526	BSU20060	28.814	59	39	1	62	117	758	816	7.7	24.6
HP1526	BSU31200	30.952	42	23	1	207	248	40	75	8.6	24.3
HP1526	BSU28590	30.000	60	36	2	49	102	347	406	8.8	24.3
HP1527	BSU28520	28.302	53	36	1	240	290	208	260	1.6	27.7
HP1527	BSU08870	31.481	54	29	1	132	185	121	166	1.6	27.3
HP1527	BSU09660	24.615	65	39	1	8	62	86	150	5.2	26.2
HP1527	BSU18790	24.444	90	63	2	219	308	117	201	5.3	25.8
HP1527	BSU34200	20.896	67	51	1	365	431	220	284	9.9	25.4
HP1529	BSU00010	34.228	447	264	10	13	440	11	446	4.44e-86	268
HP1529	BSU16400	26.087	92	66	2	93	182	124	215	0.003	36.2
HP1529	BSU28980	28.358	67	48	0	146	212	164	230	0.008	35.0
HP1529	BSU12530	25.000	124	85	5	144	261	118	239	0.018	33.5
HP1529	BSU15980	23.529	170	97	7	104	245	59	223	0.089	32.0
HP1529	BSU15950	25.000	104	57	2	144	226	121	224	0.16	30.8
HP1529	BSU26260	23.387	124	87	4	144	261	165	286	0.35	29.6
HP1529	BSU34910	27.941	68	44	2	1	66	312	376	0.35	30.0
HP1529	BSU08270	32.468	77	35	4	21	88	164	232	0.60	28.9
HP1529	BSU18210	29.091	55	36	2	393	444	410	464	0.90	28.5
HP1529	BSU11820	42.308	26	15	0	144	169	149	174	1.5	28.1
HP1529	BSU25780	54.545	22	10	0	425	446	113	134	1.6	26.9
HP1529	BSU31420	28.302	53	31	2	264	310	222	273	3.9	26.6
HP1529	BSU29860	25.610	82	49	2	130	199	273	354	3.9	26.6
HP1529	BSU21780	40.625	32	19	0	132	163	23	54	4.6	26.2
HP1529	BSU29100	48.387	31	11	1	150	180	535	560	6.1	26.2
HP1529	BSU21560	36.585	41	19	1	211	251	84	117	6.7	25.4
HP1529	BSU08220	26.829	82	47	3	137	218	386	454	7.7	25.8
HP1529	BSU17640	28.889	45	32	0	12	56	242	286	7.9	25.4
HP1529	BSU07420	23.214	112	63	4	64	163	270	370	8.4	25.4
HP1529	BSU13700	34.783	46	23	2	120	159	411	455	8.6	25.4
HP1529	BSU11720	31.707	41	28	0	274	314	204	244	9.1	25.0
HP1529	BSU27730	50.000	20	10	0	146	165	56	75	9.4	25.4
HP1530	BSU34350	23.469	98	67	4	28	121	463	556	1.6	26.2
HP1530	BSU32830	32.787	61	38	1	86	146	128	185	2.1	25.8
HP1530	BSU04490	38.235	34	20	1	100	133	62	94	4.7	24.6
HP1530	BSU00580	34.211	38	24	1	24	61	169	205	7.6	23.9
HP1530	BSU31140	37.931	29	15	1	33	61	127	152	9.2	23.1
HP1530	BSU31740	19.149	94	58	3	38	118	68	156	9.4	23.5
HP1530	BSU16660	32.558	43	28	1	109	151	246	287	9.9	23.5
HP1531	BSU39690	40.000	20	12	0	32	51	150	169	1.7	23.9
HP1531	BSU20810	34.884	43	23	2	29	66	195	237	2.3	23.5
HP1531	BSU31240	29.577	71	41	3	3	69	516	581	3.1	23.1
HP1531	BSU18450	41.667	24	14	0	46	69	92	115	3.6	22.7
HP1531	BSU39300	42.308	26	13	1	47	72	139	162	3.8	22.7
HP1531	BSU10950	23.529	51	39	0	15	65	86	136	5.0	22.3
HP1531	BSU12680	42.857	21	12	0	35	55	1020	1040	5.2	22.3
HP1531	BSU39780	36.000	25	16	0	51	75	122	146	5.3	22.3
HP1531	BSU11980	30.159	63	34	1	18	70	128	190	5.4	22.3
HP1531	BSU34820	37.037	27	17	0	43	69	295	321	6.7	21.9
HP1531	BSU35660	50.000	16	8	0	1	16	219	234	6.8	21.9
HP1531	BSU16930	42.857	21	12	0	46	66	37	57	6.9	21.9
HP1531	BSU04860	29.825	57	37	2	4	60	119	172	7.2	21.9
HP1531	BSU35340	30.435	23	16	0	49	71	272	294	8.5	21.9
HP1531	BSU21130	24.242	66	43	1	16	74	284	349	9.5	21.6
HP1532	BSU01780	36.893	618	351	14	1	597	1	600	2.37e-117	358
HP1532	BSU06490	31.188	202	119	5	2	192	12	204	5.34e-21	93.2
HP1532	BSU32610	23.385	325	214	12	282	592	22	325	1.13e-09	57.0
HP1532	BSU01700	31.818	88	58	1	332	417	136	223	2.23e-05	43.5
HP1532	BSU30540	31.481	108	52	4	92	192	70	162	1.08e-04	42.0
HP1532	BSU08190	34.694	49	32	0	332	380	162	210	7.76e-04	38.5
HP1532	BSU10790	20.833	192	111	4	1	182	1	161	0.002	37.7
HP1532	BSU39920	30.435	92	61	2	99	189	77	166	0.005	36.6
HP1532	BSU01690	30.952	84	56	2	329	411	175	257	0.005	36.2
HP1532	BSU18450	27.660	94	60	3	57	147	213	301	0.30	30.8
HP1532	BSU24460	34.043	47	31	0	31	77	35	81	1.7	28.1
HP1532	BSU03480	26.667	45	33	0	252	296	517	561	4.1	27.3
HP1532	BSU39330	27.778	36	26	0	155	190	250	285	5.1	26.6
HP1532	BSU01900	25.000	76	53	2	522	597	33	104	5.1	25.4
HP1532	BSU33900	23.810	63	48	0	332	394	334	396	5.5	26.6
HP1532	BSU39550	33.333	42	28	0	344	385	21	62	6.5	26.2
HP1532	BSU36240	40.909	22	13	0	341	362	16	37	9.6	25.4
HP1533	BSU40980	24.194	62	44	2	92	151	21	81	0.27	28.1
HP1533	BSU32840	28.788	66	38	2	64	120	61	126	3.5	25.4
HP1533	BSU37660	33.333	36	22	1	172	205	132	167	5.1	24.6
HP1533	BSU26230	23.529	34	26	0	36	69	128	161	6.9	24.3
HP1533	BSU38490	29.032	31	22	0	115	145	176	206	7.5	24.3
HP1533	BSU02880	40.000	20	12	0	181	200	133	152	9.2	23.9
HP_RS07905	BSU13840	40.000	20	12	0	4	23	55	74	0.32	24.6
HP_RS07905	BSU37910	28.571	42	26	2	11	50	149	188	1.1	23.1
HP_RS07905	BSU09350	33.333	21	14	0	1	21	32	52	7.5	20.4
HP_RS07905	BSU08710	50.000	20	9	1	20	38	272	291	7.6	20.8
HP1534	BSU15710	37.500	32	14	1	321	352	537	562	0.50	29.3
HP1534	BSU17200	25.806	124	77	2	290	413	3571	3679	2.1	27.7
HP1534	BSU27110	47.619	21	11	0	244	264	169	189	5.3	25.8
HP1534	BSU11610	30.952	42	22	1	46	80	92	133	6.8	25.4
HP1535	BSU03700	33.333	48	31	1	36	82	30	77	2.1	25.0
HP1535	BSU15740	72.727	11	3	0	122	132	433	443	3.7	24.3
HP1535	BSU13200	33.333	54	34	1	13	66	179	230	5.3	23.9
HP1535	BSU39470	33.333	36	24	0	45	80	47	82	5.4	23.9
HP1535	BSU09290	33.333	24	16	0	48	71	374	397	6.4	23.9
HP1535	BSU04670	34.286	35	23	0	13	47	164	198	7.8	23.5
HP_RS07595	BSU17200	28.000	50	33	1	11	60	100	146	0.21	25.8
HP_RS07595	BSU18720	40.000	40	20	2	13	48	101	140	0.70	24.3
HP_RS07595	BSU39640	43.478	23	13	0	28	50	72	94	1.6	23.1
HP_RS07595	BSU28700	31.034	29	20	0	19	47	4	32	3.7	21.6
HP_RS07595	BSU18300	44.444	18	10	0	13	30	1003	1020	4.3	21.9
HP_RS07595	BSU39230	42.424	33	16	2	9	39	1373	1404	4.4	21.9
HP_RS07595	BSU00820	42.308	26	15	0	33	58	292	317	4.4	21.9
HP_RS07595	BSU28580	45.833	24	13	0	16	39	580	603	5.2	21.6
HP1537	BSU22750	28.169	71	43	3	38	107	73	136	0.21	28.9
HP1537	BSU02610	28.788	66	32	2	99	164	126	176	2.5	25.8
HP1537	BSU01070	43.902	41	17	2	167	207	298	332	4.8	25.0
HP1537	BSU05470	36.667	30	15	1	22	51	266	291	5.0	25.0
HP1537	BSU07710	41.935	31	17	1	142	172	528	557	6.0	24.6
HP1537	BSU12160	26.415	106	59	4	22	125	817	905	6.6	24.6
HP1537	BSU31250	19.626	107	74	3	15	109	76	182	7.2	24.6
HP1537	BSU13870	28.261	46	33	0	136	181	254	299	7.7	24.3
HP1537	BSU11900	35.185	54	22	3	74	114	244	297	7.7	24.3
HP1537	BSU34010	34.000	50	27	3	77	121	179	227	8.4	24.3
HP1537	BSU15260	40.000	35	21	0	15	49	110	144	8.5	23.9
HP1537	BSU26810	36.842	38	23	1	149	185	224	261	9.1	23.9
HP1538	BSU35270	21.111	90	56	1	24	113	12	86	0.53	27.3
HP1538	BSU34940	32.258	31	21	0	1	31	1	31	3.0	25.8
HP1538	BSU38410	29.825	57	37	1	172	228	310	363	4.5	25.4
HP1538	BSU25190	35.714	28	17	1	52	78	47	74	5.1	24.6
HP1538	BSU25190	31.579	38	21	1	157	189	49	86	7.9	23.9
HP1538	BSU24070	32.468	77	46	4	179	251	96	170	6.2	25.0
HP1538	BSU33900	33.333	39	21	1	210	248	197	230	6.5	25.0
HP1538	BSU27520	33.962	53	30	2	201	248	1	53	8.2	24.3
HP1539	BSU22550	34.906	212	128	4	12	215	7	216	2.41e-35	127
HP1539	BSU22540	28.682	129	74	4	244	368	32	146	2.13e-05	42.4
HP1539	BSU10630	28.846	52	34	1	10	58	302	353	1.6	27.7
HP1539	BSU16920	32.258	62	38	2	148	208	29	87	1.8	26.9
HP1539	BSU06370	27.586	87	47	3	44	114	178	264	6.0	25.8
HP1539	BSU09470	20.536	112	75	2	33	135	248	354	6.8	25.8
HP1540	BSU22560	28.931	159	105	5	3	156	6	161	8.97e-13	59.7
HP1540	BSU10390	45.238	42	22	1	98	139	463	503	7.04e-07	44.7
HP1540	BSU04330	26.984	63	46	0	88	150	52	114	0.025	30.8
HP1540	BSU34170	39.474	38	18	1	103	140	115	147	0.34	27.7
HP1540	BSU20250	50.000	20	9	1	98	117	97	115	7.4	23.9
HP1541	BSU00550	37.500	632	383	4	348	967	480	1111	6.72e-140	446
HP1541	BSU00550	31.579	152	82	4	43	191	93	225	1.34e-12	68.9
HP1541	BSU15870	36.386	404	235	9	457	845	229	625	4.36e-66	232
HP1541	BSU15710	30.189	159	102	4	475	629	258	411	2.94e-11	64.3
HP1541	BSU15710	23.000	100	64	3	704	790	567	666	0.095	33.1
HP1541	BSU35470	22.601	323	209	15	486	787	122	424	1.66e-04	42.0
HP1541	BSU35170	26.437	174	109	7	622	785	379	543	1.84e-04	42.0
HP1541	BSU35170	31.132	106	64	4	77	176	129	231	0.004	37.7
HP1541	BSU07430	28.571	98	59	4	716	810	266	355	0.002	38.5
HP1541	BSU25140	25.217	115	72	3	697	810	259	360	0.37	31.2
HP1541	BSU00880	42.105	38	22	0	289	326	150	187	0.95	29.6
HP1541	BSU05480	25.439	114	72	4	174	274	22	135	1.6	28.5
HP1541	BSU00090	23.288	73	49	2	696	763	254	324	2.3	28.5
HP1541	BSU14810	40.816	49	26	2	740	788	341	386	6.7	26.9
HP1541	BSU24120	29.204	113	63	6	35	132	180	290	7.3	26.9
HP1541	BSU06620	29.787	47	33	0	193	239	480	526	7.9	26.9
HP1542	BSU08950	24.675	77	41	2	27	102	31	91	0.075	29.3
HP1542	BSU30650	22.892	83	62	2	21	103	13	93	0.27	26.9
HP1542	BSU19810	34.286	35	23	0	41	75	7	41	1.6	25.0
HP1542	BSU35620	37.143	35	21	1	51	85	200	233	2.9	24.6
HP1542	BSU01740	30.159	63	41	2	20	80	97	158	6.9	23.1
HP1542	BSU09200	30.357	56	39	0	7	62	60	115	9.4	22.7
HP1543	BSU21350	36.000	100	61	2	169	267	1580	1677	1.37e-11	62.4
HP1543	BSU36550	34.821	112	62	4	165	267	110	219	3.65e-10	56.6
HP1543	BSU32340	36.000	100	41	6	169	253	204	295	2.30e-07	48.1
HP1543	BSU18610	30.909	55	35	2	256	309	116	168	1.4	27.3
HP1543	BSU34020	30.909	55	29	1	184	238	25	70	3.9	25.8
HP1543	BSU06720	30.137	73	47	3	43	115	232	300	4.2	25.8
HP1543	BSU06340	36.538	52	22	2	56	107	223	263	4.9	25.4
HP1543	BSU22170	47.368	19	10	0	273	291	68	86	5.9	25.4
HP1543	BSU00620	45.833	24	13	0	27	50	30	53	6.2	24.6
HP1543	BSU00400	31.746	63	30	1	167	216	362	424	8.2	25.0
HP1544	BSU36550	33.708	89	55	2	178	264	134	220	1.32e-07	48.9
HP1544	BSU21350	32.353	102	60	3	167	264	1582	1678	1.83e-07	49.3
HP1544	BSU34920	25.405	185	106	8	71	233	22	196	0.014	33.1
HP1544	BSU27980	29.032	93	48	3	160	234	140	232	0.42	28.9
HP1544	BSU31690	36.364	44	24	1	186	229	233	272	0.64	28.5
HP1544	BSU34590	33.333	21	14	0	265	285	52	72	1.9	26.6
HP1544	BSU03110	20.721	111	79	1	32	142	45	146	2.6	26.6
HP1544	BSU26430	40.625	32	18	1	74	105	117	147	2.8	26.2
HP1544	BSU23380	28.000	50	31	1	220	269	328	372	3.0	26.2
HP1544	BSU07390	41.667	24	14	0	102	125	28	51	5.4	24.6
HP1544	BSU31670	25.000	32	24	0	216	247	29	60	6.1	24.6
HP1544	BSU04270	42.105	19	11	0	27	45	2	20	6.1	25.0
HP1544	BSU33690	38.095	42	19	2	49	83	69	110	6.9	25.0
HP1544	BSU28870	29.268	41	29	0	244	284	114	154	8.1	24.3
HP1544	BSU09710	47.826	23	11	1	220	241	353	375	8.1	25.0
HP1544	BSU29180	72.727	11	3	0	163	173	181	191	9.9	24.6
HP1545	BSU28080	26.837	313	190	8	44	318	38	349	3.86e-24	100
HP1545	BSU15180	23.577	123	74	6	273	384	335	448	0.010	34.7
HP1545	BSU37120	32.609	46	27	2	148	190	237	281	0.59	28.9
HP1545	BSU26150	27.419	62	45	0	212	273	84	145	2.9	26.6
HP1545	BSU06812	28.986	69	49	0	301	369	112	180	3.0	26.6
HP1545	BSU37390	25.556	90	50	2	46	135	29	101	3.7	26.2
HP1545	BSU30850	29.688	64	37	2	100	163	183	238	4.3	26.2
HP1545	BSU32530	27.368	95	57	5	206	290	295	387	4.9	25.8
HP1545	BSU40140	45.455	22	12	0	266	287	137	158	6.8	25.4
HP1545	BSU27560	26.667	75	48	3	311	384	206	274	7.5	25.4
HP1545	BSU15160	23.077	156	106	5	59	207	138	286	8.0	25.4
HP1545	BSU15300	22.892	83	56	2	197	271	104	186	9.6	25.4
HP1545	BSU16660	34.375	32	21	0	107	138	160	191	9.7	25.0
HP1546	BSU35340	38.235	34	21	0	129	162	458	491	0.056	30.4
HP1546	BSU08210	29.412	34	24	0	95	128	72	105	0.69	26.9
HP1546	BSU32800	39.535	43	17	2	12	51	15	51	1.6	25.0
HP1546	BSU09310	27.692	65	45	1	13	77	249	311	1.9	25.8
HP1546	BSU18210	31.746	63	29	2	21	76	423	478	4.0	24.6
HP1546	BSU31720	26.471	34	25	0	98	131	12	45	4.1	22.7
HP1546	BSU19790	25.882	85	51	2	70	154	96	168	4.8	24.3
HP1546	BSU03490	42.857	21	12	0	134	154	2098	2118	5.7	24.3
HP1546	BSU18310	29.231	65	41	2	61	120	3489	3553	6.0	24.3
HP1546	BSU13790	33.333	48	27	2	53	100	79	121	6.1	23.9
HP1546	BSU16280	24.731	93	59	4	27	118	22	104	8.9	23.1
HP1547	BSU30320	40.920	826	430	20	6	804	8	802	0.0	577
HP1547	BSU15430	21.516	818	466	22	5	723	26	766	7.91e-32	130
HP1547	BSU28090	23.641	368	175	6	6	356	17	295	1.90e-21	96.7
HP1547	BSU28090	23.162	272	167	7	412	681	403	634	3.59e-17	82.8
HP1547	BSU00380	27.322	183	114	5	32	200	9	186	1.51e-11	64.7
HP1547	BSU00380	32.540	126	68	5	511	634	258	368	3.35e-09	57.0
HP1547	BSU37330	37.838	37	15	1	40	76	134	162	0.028	34.7
HP1547	BSU37330	42.424	33	17	1	568	598	376	408	1.9	28.5
HP1547	BSU15200	38.095	63	37	2	285	347	371	431	0.48	30.4
HP1547	BSU06550	29.851	67	39	1	661	719	105	171	1.1	29.3
HP1547	BSU37850	27.451	51	36	1	582	631	84	134	1.5	28.9
HP1547	BSU16470	23.364	107	70	4	9	110	14	113	2.1	28.1
HP1547	BSU00940	37.838	37	23	0	564	600	258	294	2.8	28.1
HP1547	BSU12880	30.769	39	27	0	366	404	548	586	3.2	27.7
HP1547	BSU01750	34.211	38	25	0	729	766	125	162	3.3	27.3
HP1547	BSU31600	32.353	34	23	0	33	66	313	346	3.6	27.7
HP1547	BSU30160	26.744	86	60	2	541	624	251	335	3.6	27.7
HP1547	BSU10140	29.825	57	34	1	79	129	292	348	6.3	26.9
HP1547	BSU10900	26.582	79	45	2	539	606	50	126	8.7	26.2
HP1548	BSU10180	30.435	69	47	1	27	95	4	71	1.4	25.0
HP1548	BSU16320	26.531	49	31	1	24	67	283	331	3.8	23.9
HP1549	BSU27650	32.967	273	170	5	19	288	462	724	6.72e-33	125
HP1549	BSU27650	22.024	168	112	5	124	283	245	401	1.45e-04	40.0
HP1549	BSU34010	35.938	64	34	2	190	253	201	257	0.42	28.9
HP1549	BSU29090	22.047	127	83	2	171	288	237	356	0.82	28.1
HP1549	BSU17630	25.000	84	55	3	238	320	387	463	1.3	27.7
HP1549	BSU11640	42.500	40	20	2	100	138	476	513	5.5	25.4
HP1549	BSU18596	35.714	28	18	0	57	84	7	34	5.6	23.1
HP1549	BSU24100	32.653	49	31	2	201	247	134	182	6.1	25.4
HP1549	BSU27690	34.211	38	25	0	209	246	13	50	6.7	24.6
HP1549	BSU06710	27.500	80	51	3	186	261	933	1009	7.6	25.0
HP1549	BSU11839	33.333	27	18	0	293	319	43	69	7.7	23.5
HP1549	BSU30060	34.091	88	41	5	18	92	4	87	7.9	25.0
HP1549	BSU12360	52.941	17	8	0	249	265	294	310	8.0	25.0
HP1549	BSU08260	25.758	66	45	3	254	316	405	469	8.6	25.0
HP1549	BSU29980	29.167	72	39	4	29	97	329	391	8.9	25.0
HP1550	BSU27650	29.263	434	250	14	106	524	35	426	6.57e-45	165
HP1550	BSU27650	36.709	79	34	5	7	77	5	75	0.040	33.5
HP1550	BSU04650	26.415	53	38	1	167	219	16	67	1.2	26.6
HP1550	BSU26230	40.000	45	26	1	138	181	82	126	1.5	28.1
HP1550	BSU13460	32.075	53	36	0	50	102	200	252	5.2	26.2
HP1550	BSU07050	29.762	84	45	3	250	322	419	499	6.2	26.2
HP1550	BSU24090	31.667	60	34	2	57	116	14	66	8.3	25.4
HP1551	BSU27700	42.647	68	39	0	8	75	5	72	8.56e-15	62.0
HP1551	BSU29845	40.741	27	16	0	72	98	7	33	0.27	25.4
HP1551	BSU17570	30.233	43	28	1	7	49	413	453	1.3	25.4
HP1551	BSU35390	20.779	77	53	3	33	101	76	152	2.2	24.6
HP1551	BSU35110	28.571	28	18	1	7	34	40	65	2.2	23.5
HP1551	BSU39060	34.375	32	18	1	7	35	241	272	3.3	24.3
HP1551	BSU38680	31.818	22	11	1	12	33	47	64	4.5	22.7
HP1551	BSU10400	33.824	68	37	3	22	84	22	86	4.7	23.5
HP1552	BSU10740	50.000	26	13	0	274	299	282	307	3.1	26.6
HP1552	BSU08425	35.294	34	22	0	212	245	208	241	3.6	26.6
HP1552	BSU22860	25.000	60	41	1	322	381	114	169	8.1	25.0
HP1553	BSU10630	24.272	515	263	20	6	437	24	494	3.26e-13	70.9
HP1553	BSU10630	25.828	151	76	4	622	753	773	906	0.011	36.2
HP1553	BSU11820	27.700	213	127	7	343	552	339	527	1.09e-08	55.8
HP1553	BSU11820	50.000	46	22	1	12	56	155	200	5.25e-05	43.9
HP1553	BSU11820	27.273	110	48	4	636	743	665	744	0.15	32.3
HP1553	BSU06610	27.273	176	101	7	272	443	156	308	1.93e-06	48.5
HP1553	BSU06610	50.000	50	24	1	8	56	27	76	4.70e-05	43.9
HP1553	BSU06610	30.556	36	25	0	621	656	544	579	2.1	28.9
HP1553	BSU33450	29.565	115	46	6	299	396	484	580	0.035	34.7
HP1553	BSU29805	37.500	48	28	2	1	47	627	673	0.64	30.4
HP1553	BSU39110	29.630	54	38	0	5	58	39	92	0.91	29.6
HP1553	BSU15750	21.290	155	76	5	792	929	214	339	4.2	27.7
HP1553	BSU07810	28.814	59	38	2	642	700	355	409	6.6	26.9
HP1553	BSU30500	27.381	84	44	4	493	571	97	168	7.2	26.9
HP1554	BSU16490	54.018	224	103	0	1	224	3	226	1.12e-91	268
HP1554	BSU07360	46.667	30	15	1	101	130	204	232	2.2	26.2
HP1554	BSU02300	31.034	29	20	0	193	221	9	37	3.2	24.6
HP1554	BSU26030	25.000	68	42	1	197	264	464	522	3.6	25.8
HP1554	BSU03480	56.250	16	7	0	40	55	318	333	9.2	24.6
HP1555	BSU16500	37.677	353	156	6	4	355	3	292	2.72e-55	180
HP1555	BSU14210	27.451	51	37	0	149	199	163	213	0.51	28.9
HP1555	BSU32160	31.034	29	20	0	285	313	74	102	4.5	25.0
HP1555	BSU30820	30.000	50	28	1	301	350	302	344	6.1	25.4
HP1555	BSU02310	29.508	61	39	2	69	129	195	251	7.1	25.4
HP1556	BSU15160	29.581	453	291	12	164	600	148	588	6.97e-42	158
HP1556	BSU15170	28.066	424	273	9	177	587	151	555	4.56e-39	149
HP1556	BSU04140	24.010	404	256	13	176	551	252	632	1.01e-17	83.6
HP1556	BSU31490	22.654	309	187	11	236	531	305	574	4.02e-10	59.3
HP1556	BSU22320	25.839	298	178	11	248	536	319	582	2.23e-09	57.0
HP1556	BSU13980	23.516	438	261	15	167	551	243	659	1.35e-08	54.7
HP1556	BSU25000	24.731	465	257	23	167	565	222	659	2.02e-06	47.4
HP1556	BSU37510	20.455	308	203	6	249	548	296	569	1.35e-05	44.7
HP1556	BSU10110	23.684	228	148	7	305	530	337	540	1.44e-04	41.6
HP1556	BSU27310	19.385	423	296	18	196	592	178	581	0.073	32.7
HP1556	BSU17200	52.174	23	11	0	337	359	302	324	0.47	30.4
HP1556	BSU06750	30.189	53	28	2	209	252	42	94	1.4	26.9
HP1556	BSU25290	25.000	56	42	0	218	273	238	293	1.5	28.1
HP1556	BSU14670	21.296	108	60	3	273	380	74	156	2.1	27.7
HP1556	BSU17220	45.833	24	13	0	169	192	529	552	4.3	27.3
HP1556	BSU40580	26.852	108	63	4	439	544	41	134	4.4	26.2
HP1556	BSU11670	27.273	44	32	0	516	559	30	73	5.8	26.6
HP1556	BSU23590	24.444	45	34	0	275	319	43	87	6.2	25.4
HP1556	BSU40670	40.741	27	16	0	230	256	119	145	7.0	26.2
HP1556	BSU35780	33.333	48	29	2	213	257	830	877	8.0	26.2
HP1556	BSU01650	45.000	40	20	1	259	298	36	73	9.6	25.8
HP_RS07700	BSU31600	23.077	26	20	0	16	41	397	422	6.7	20.4
HP_RS07700	BSU35730	43.750	16	9	0	6	21	419	434	7.4	20.4
HP_RS07700	BSU05280	43.750	16	8	1	18	32	235	250	8.3	20.0
HP1557	BSU16200	36.275	102	62	1	11	109	5	106	1.50e-13	58.5
HP1557	BSU23200	28.125	64	40	2	35	92	29	92	0.62	25.8
HP1557	BSU25380	29.167	48	34	0	57	104	236	283	1.3	25.0
HP1557	BSU16410	45.833	24	13	0	49	72	133	156	3.8	23.5
HP1557	BSU07580	36.000	50	29	2	12	60	124	171	6.4	23.1
HP1557	BSU19150	30.303	66	37	1	17	82	26	82	9.3	22.3
HP1558	BSU16190	39.241	158	73	4	5	156	6	146	1.04e-29	103
HP1558	BSU36400	37.838	37	17	1	15	51	14	44	0.50	26.9
HP1558	BSU36400	28.571	49	32	1	114	159	222	270	1.6	25.4
HP1558	BSU36390	39.286	28	17	0	114	141	224	251	0.58	26.9
HP1558	BSU35410	36.585	41	20	1	13	53	15	49	2.5	25.0
HP1558	BSU16290	23.077	39	30	0	115	153	219	257	7.0	23.5
HP1559	BSU32270	62.500	16	6	0	49	64	133	148	6.1	23.9
HP1559	BSU30090	41.176	17	10	0	54	70	63	79	8.9	23.1
HP1560	BSU14850	30.711	394	240	10	2	387	8	376	2.26e-36	134
HP1560	BSU15210	31.233	365	204	10	34	387	37	365	5.96e-31	118
HP1560	BSU38120	28.710	310	176	10	90	379	92	376	8.17e-20	87.0
HP1560	BSU32440	33.898	59	30	2	47	99	95	150	2.1	26.9
HP1560	BSU17190	30.000	60	42	0	134	193	1353	1412	2.8	26.9
HP1560	BSU39100	31.250	48	32	1	172	218	64	111	5.0	25.8
HP1560	BSU34550	34.146	41	25	1	257	295	176	216	5.6	25.4
HP1561	BSU07520	24.201	219	145	7	72	277	75	285	3.16e-04	38.9
HP1561	BSU33180	22.559	297	192	10	24	306	41	313	0.004	35.4
HP1561	BSU01630	32.000	50	28	1	234	277	238	287	0.85	28.1
HP1561	BSU15730	25.862	58	39	1	230	287	67	120	1.9	26.9
HP1561	BSU08440	26.471	102	67	3	91	192	93	186	2.9	26.2
HP1561	BSU38310	29.545	44	27	1	162	201	10	53	3.9	25.8
HP1561	BSU39610	27.143	70	41	3	64	123	68	137	4.2	25.8
HP1561	BSU33320	50.000	16	8	0	234	249	107	122	6.9	25.0
HP1561	BSU30050	61.111	18	7	0	196	213	270	287	7.9	25.0
HP1561	BSU19540	36.111	36	18	1	164	194	29	64	8.5	23.9
HP1561	BSU41040	22.901	131	70	5	149	254	87	211	9.9	24.6
HP1562	BSU33180	24.585	301	175	13	26	304	43	313	6.80e-05	40.8
HP1562	BSU07520	27.374	179	117	7	106	275	111	285	1.56e-04	39.7
HP1562	BSU01630	32.000	50	28	1	232	275	238	287	1.1	27.7
HP1562	BSU22450	21.667	60	47	0	22	81	185	244	1.3	27.3
HP1562	BSU30940	50.000	16	8	0	106	121	662	677	1.8	27.3
HP1562	BSU15730	25.862	58	39	1	228	285	67	120	2.7	26.6
HP1562	BSU18990	25.287	87	51	3	2	76	39	123	4.0	25.4
HP1562	BSU04800	27.778	72	46	3	24	90	40	110	5.1	25.4
HP1562	BSU17210	29.412	51	24	1	76	114	547	597	6.7	25.4
HP1562	BSU33320	50.000	16	8	0	232	247	107	122	8.0	25.0
HP1562	BSU24630	33.333	30	20	0	135	164	154	183	8.9	24.6
HP1562	BSU07890	35.714	28	17	1	161	187	60	87	9.3	23.9
HP1563	BSU14220	40.331	181	101	4	2	180	5	180	2.92e-43	140
HP1563	BSU40090	34.810	158	98	4	28	183	26	180	3.07e-28	101
HP1563	BSU08720	29.545	132	78	4	11	135	8	131	6.06e-07	44.3
HP1563	BSU23150	26.515	132	84	5	12	143	42	160	0.041	30.4
HP1563	BSU05360	30.000	100	55	4	1	99	99	184	0.13	29.3
HP1563	BSU20380	30.357	56	36	2	45	99	53	106	0.14	28.9
HP1563	BSU28240	20.588	68	47	2	27	87	247	314	1.5	26.2
HP1563	BSU04800	30.000	40	28	0	52	91	252	291	1.9	25.8
HP1563	BSU18310	36.735	49	26	2	85	128	1245	1293	2.4	25.8
HP1563	BSU01980	30.769	39	23	1	37	75	33	67	3.1	24.6
HP1563	BSU16860	47.826	23	10	1	143	165	52	72	3.3	25.4
HP1563	BSU21540	38.710	31	15	1	1	27	93	123	7.5	23.9
HP1563	BSU23570	35.714	42	27	0	30	71	371	412	8.3	23.9
HP1564	BSU32730	39.095	243	136	5	37	269	31	271	1.05e-43	146
HP1564	BSU09110	29.258	229	147	3	51	271	40	261	2.17e-29	109
HP1564	BSU39050	40.000	35	21	0	36	70	541	575	2.3	26.6
HP1564	BSU34180	37.778	45	23	1	150	194	33	72	2.9	25.8
HP1564	BSU26770	50.000	18	9	0	135	152	51	68	3.1	25.0
HP1564	BSU31050	27.419	62	45	0	24	85	30	91	3.7	25.8
HP1564	BSU14770	19.697	132	83	5	122	240	413	534	4.2	25.4
HP1564	BSU10590	68.750	16	3	1	86	99	296	311	7.7	24.6
HP1564	BSU24630	40.541	37	19	2	124	158	61	96	7.7	24.3
HP1564	BSU17460	34.211	38	25	0	187	224	227	264	9.4	24.3
HP1564	BSU34200	24.348	115	75	3	119	229	291	397	10.0	24.3
HP1565	BSU04140	26.326	509	316	16	35	519	141	614	1.40e-32	129
HP1565	BSU15170	24.838	616	373	23	3	586	7	564	4.78e-30	122
HP1565	BSU15160	23.979	563	322	23	3	520	19	520	7.88e-22	96.7
HP1565	BSU25000	23.679	473	258	16	150	562	230	659	3.86e-12	65.9
HP1565	BSU27310	21.968	569	333	23	41	561	49	554	3.21e-09	56.2
HP1565	BSU13980	21.859	398	225	16	231	583	338	694	3.87e-04	40.0
HP1565	BSU13980	25.714	105	72	3	8	107	23	126	0.093	32.3
HP1565	BSU17610	29.787	47	32	1	280	325	402	448	1.3	28.5
HP1565	BSU17200	27.368	95	58	3	393	484	2740	2826	2.5	27.7
HP1565	BSU01540	28.421	95	50	3	507	586	44	135	4.0	26.9
HP1565	BSU12800	35.897	39	23	2	293	329	33	71	4.1	25.4
HP1565	BSU01830	26.786	56	41	0	377	432	185	240	5.1	26.6
HP1565	BSU14760	34.615	26	17	0	1	26	1	26	5.6	24.3
HP1565	BSU18100	39.394	33	19	1	417	448	90	122	6.3	26.6
HP1565	BSU22320	22.456	285	153	13	192	461	286	517	6.8	26.2
HP1565	BSU21500	30.435	46	22	2	408	445	179	222	7.6	26.2
HP1565	BSU32920	29.487	78	43	3	222	299	119	184	8.0	25.8
HP1566	BSU05500	38.636	44	26	1	35	77	12	55	0.32	26.9
HP1566	BSU03920	32.927	82	41	4	51	119	96	176	0.42	27.3
HP1566	BSU30670	31.579	38	25	1	27	63	51	88	2.3	24.6
HP1566	BSU16390	37.500	32	20	0	2	33	625	656	3.7	24.6
HP1566	BSU18970	32.075	53	28	1	84	128	571	623	7.9	23.5
HP1566	BSU18320	40.000	20	12	0	48	67	2364	2383	8.5	23.5
HP1567	BSU28190	32.919	161	95	3	4	163	3	151	4.67e-23	89.0
HP1567	BSU22840	35.484	62	34	1	27	88	6	61	9.85e-06	42.4
HP1567	BSU22840	34.921	63	35	1	26	88	177	233	2.11e-04	38.1
HP1567	BSU25290	46.875	32	17	0	29	60	13	44	3.40e-04	37.4
HP1567	BSU16050	31.429	70	39	1	28	97	124	184	5.02e-04	37.0
HP1567	BSU41020	48.485	33	17	0	28	60	225	257	0.001	36.2
HP1567	BSU40670	63.158	19	7	0	134	152	77	95	0.20	28.9
HP1567	BSU25670	30.159	63	40	1	26	88	161	219	0.20	28.9
HP1567	BSU22030	25.556	90	47	2	27	102	615	698	0.20	29.3
HP1567	BSU24210	26.667	75	44	4	17	90	110	174	1.3	26.6
HP1567	BSU38930	25.862	58	39	1	83	140	4	57	2.6	24.3
HP1567	BSU28730	40.741	27	15	1	86	112	198	223	3.7	25.0
HP1567	BSU14800	31.429	35	24	0	46	80	25	59	5.1	24.6
HP1567	BSU05610	29.630	27	19	0	27	53	320	346	6.2	24.6
HP1567	BSU06290	42.857	28	16	0	4	31	81	108	6.2	24.3
HP1567	BSU18750	31.429	35	24	0	68	102	89	123	6.5	24.3
HP1567	BSU37390	50.000	20	10	0	29	48	35	54	6.6	24.3
HP1567	BSU22150	23.810	63	47	1	128	189	471	533	7.0	24.3
HP1567	BSU07010	38.462	26	15	1	163	188	122	146	7.1	24.3
HP1567	BSU07560	43.333	30	16	1	65	93	327	356	7.4	24.3
HP1568	BSU07560	32.558	43	28	1	18	60	129	170	1.7	25.8
HP1568	BSU01730	41.176	34	19	1	57	90	11	43	2.2	25.4
HP1568	BSU07580	47.619	21	11	0	133	153	136	156	7.9	23.9
HP1568	BSU24200	29.730	37	26	0	85	121	20	56	9.8	22.7
HP1569	BSU37810	29.670	91	45	4	64	136	4	93	0.089	29.3
HP1569	BSU09710	39.394	33	20	0	125	157	509	541	1.4	26.6
HP1569	BSU23230	22.917	48	31	1	127	168	50	97	3.1	25.0
HP1569	BSU29020	21.154	104	75	2	51	147	18	121	3.9	25.0
HP1569	BSU38440	44.000	25	14	0	163	187	25	49	5.6	24.3
HP1570	BSU14550	31.343	67	36	2	3	69	4	60	8.83e-04	35.4
HP1570	BSU36290	35.849	53	34	0	77	129	213	265	0.008	32.7
HP1570	BSU36290	25.000	68	41	2	2	69	1	58	1.0	26.2
HP1570	BSU39550	26.027	73	51	2	77	146	195	267	0.046	30.4
HP1570	BSU39550	30.882	68	37	3	1	68	1	58	0.43	27.3
HP1570	BSU04040	26.415	53	39	0	77	129	176	228	0.050	30.0
HP1570	BSU04040	36.364	66	30	2	2	66	10	64	0.062	30.0
HP1570	BSU04040	34.211	38	25	0	78	115	145	182	1.1	26.2
HP1570	BSU25680	20.952	105	64	2	2	101	28	118	0.075	29.3
HP1570	BSU14060	31.325	83	48	3	46	121	3	83	0.075	29.6
HP1570	BSU35850	34.426	61	39	1	91	151	223	282	0.11	29.3
HP1570	BSU11370	28.346	127	75	6	4	122	10	128	1.2	26.2
HP1570	BSU15770	31.667	60	34	2	32	84	412	471	1.3	26.2
HP1570	BSU25950	22.308	130	89	3	11	138	179	298	1.7	25.8
HP1570	BSU11820	24.561	57	40	1	63	116	334	390	2.2	25.4
HP1570	BSU22640	56.250	16	7	0	96	111	231	246	2.5	25.0
HP1570	BSU34550	22.892	83	50	2	2	84	1	69	3.3	24.6
HP1570	BSU10750	22.535	71	52	1	84	154	82	149	4.3	24.3
HP1570	BSU10540	18.000	100	79	2	16	113	146	244	4.7	24.3
HP1570	BSU00500	46.429	28	15	0	125	152	17	44	5.4	24.3
HP1570	BSU34290	31.250	48	23	1	22	59	233	280	5.5	24.3
HP1570	BSU13850	29.870	77	48	2	43	117	479	551	5.7	24.3
HP1570	BSU37900	42.857	21	11	1	111	131	149	168	6.2	23.9
HP1571	BSU17410	30.208	96	61	3	215	310	156	245	3.38e-04	38.1
HP1571	BSU28060	37.255	51	30	1	248	298	181	229	0.003	35.4
HP1571	BSU20450	38.095	42	23	1	199	237	531	572	0.46	28.9
HP1571	BSU09190	37.931	29	18	0	8	36	741	769	0.92	28.1
HP1571	BSU36739	56.250	16	7	0	61	76	17	32	2.2	24.3
HP1571	BSU24510	29.825	57	36	3	256	312	201	253	3.8	25.8
HP1571	BSU03900	46.154	26	10	1	106	131	89	110	5.7	25.4
HP1571	BSU00330	40.000	20	12	0	109	128	76	95	7.0	24.3
HP1571	BSU28710	37.037	27	17	0	33	59	36	62	7.8	25.0
HP1572	BSU11570	35.897	78	43	2	103	179	85	156	8.28e-07	45.8
HP1572	BSU21350	32.759	116	52	6	103	215	1447	1539	5.39e-06	45.4
HP1572	BSU05710	41.860	43	25	0	319	361	4	46	4.07e-05	42.0
HP1572	BSU13780	38.182	55	32	1	313	367	339	391	0.005	35.4
HP1572	BSU12810	36.364	44	27	1	318	360	160	203	0.013	33.9
HP1572	BSU29050	32.258	62	36	1	304	365	184	239	0.049	32.0
HP1572	BSU04970	32.727	55	36	1	143	196	111	165	0.078	31.6
HP1572	BSU33400	27.273	55	40	0	300	354	176	230	0.49	28.9
HP1572	BSU19320	29.412	68	43	3	124	187	439	505	0.68	28.9
HP1572	BSU16960	22.917	144	91	5	133	270	114	243	1.5	27.7
HP1572	BSU09420	33.333	36	24	0	325	360	34	69	1.8	27.3
HP1572	BSU36020	19.835	121	86	3	149	258	42	162	2.0	26.9
HP1572	BSU25430	32.203	59	35	2	130	186	9	64	3.1	26.6
HP1572	BSU02950	30.233	43	30	0	14	56	78	120	3.9	26.2
HP1572	BSU19210	23.810	42	32	0	319	360	80	121	4.7	25.8
HP1572	BSU12460	36.842	38	23	1	325	361	185	222	4.7	25.8
HP1572	BSU17120	28.358	67	35	2	27	89	170	227	5.2	25.8
HP1572	BSU00720	32.787	61	37	1	265	325	111	167	5.3	25.8
HP1572	BSU09510	43.590	39	19	2	39	76	273	309	5.4	25.8
HP1572	BSU14040	28.261	46	33	0	316	361	1	46	8.8	24.6
HP1572	BSU13420	24.359	78	46	2	79	156	649	713	9.8	25.0
HP1573	BSU00390	40.310	258	141	4	1	251	1	252	5.74e-65	200
HP1573	BSU31060	18.182	66	54	0	152	217	391	456	0.42	28.5
HP1573	BSU40930	35.714	42	25	1	138	177	86	127	0.66	28.1
HP1573	BSU33610	34.211	38	24	1	33	70	257	293	1.1	27.3
HP1573	BSU12649	40.000	30	18	0	123	152	6	35	1.7	25.0
HP1573	BSU21250	25.424	118	69	5	68	185	85	183	5.8	25.0
HP1573	BSU05480	34.375	32	21	0	27	58	148	179	7.7	24.3
HP1573	BSU19590	31.429	35	24	0	1	35	254	288	8.2	24.6
HP1573	BSU37410	40.000	30	18	0	175	204	308	337	8.9	24.3
HP1573	BSU10110	33.333	36	24	0	36	71	314	349	9.2	24.3
HP1573	BSU02140	29.630	54	27	2	89	136	214	262	9.9	24.3
HP1574	BSU23270	32.821	195	122	3	1	186	1	195	1.73e-29	105
HP1574	BSU10240	37.778	45	24	1	76	120	48	88	2.1	25.8
HP1574	BSU06330	29.412	34	24	0	106	139	108	141	3.0	25.4
HP1574	BSU31830	35.294	34	20	1	3	36	22	53	3.3	25.0
HP1574	BSU19310	26.250	80	48	3	88	161	15	89	3.7	25.0
HP1574	BSU04940	23.853	109	74	5	35	137	177	282	3.7	25.4
HP1574	BSU09400	40.000	25	15	0	6	30	142	166	6.3	24.6
HP1574	BSU36690	25.806	62	46	0	95	156	279	340	8.7	23.9
HP1575	BSU16080	37.647	85	53	0	6	90	9	93	4.20e-16	64.3
HP1575	BSU16380	32.558	86	57	1	2	86	274	359	1.24e-09	50.1
HP1575	BSU13470	33.333	33	22	0	7	39	24	56	0.19	25.8
HP1575	BSU09750	29.412	34	24	0	7	40	27	60	1.2	23.9
HP1575	BSU29570	29.412	34	24	0	7	40	29	62	1.4	23.5
HP1575	BSU28220	41.176	34	20	0	12	45	74	107	1.5	24.3
HP1575	BSU15890	64.286	14	5	0	14	27	8	21	1.7	23.9
HP1575	BSU15980	36.000	50	22	3	29	69	171	219	2.0	23.9
HP1575	BSU01120	50.000	20	8	1	48	67	596	613	3.9	23.1
HP1575	BSU32100	47.059	17	9	0	27	43	174	190	4.5	22.7
HP1575	BSU22580	29.730	37	26	0	40	76	111	147	5.4	22.3
HP1575	BSU35770	33.333	42	24	1	49	90	298	335	6.8	22.3
HP1575	BSU18310	25.926	54	33	1	40	86	643	696	6.8	22.3
HP1575	BSU36810	34.483	29	19	0	1	29	162	190	7.6	22.3
HP1575	BSU35420	46.154	26	13	1	66	90	92	117	8.3	21.9
HP1575	BSU35580	38.462	26	14	1	26	49	126	151	9.8	21.9
HP1576	BSU32750	44.377	329	169	2	2	316	1	329	3.16e-96	285
HP1576	BSU35260	42.396	217	124	1	2	218	1	216	2.00e-56	180
HP1576	BSU27430	41.126	231	132	4	2	231	1	228	8.94e-56	178
HP1576	BSU39480	38.153	249	149	4	2	247	1	247	4.90e-55	177
HP1576	BSU29340	38.519	270	152	6	2	268	1	259	1.58e-54	176
HP1576	BSU23960	39.189	222	132	3	19	239	17	236	2.09e-52	170
HP1576	BSU33830	35.000	240	152	2	2	240	1	237	6.13e-52	172
HP1576	BSU33730	35.178	253	159	3	5	256	4	252	3.92e-51	171
HP1576	BSU03590	38.222	225	134	3	19	239	17	240	7.33e-51	166
HP1576	BSU33270	40.351	228	128	5	2	223	1	226	1.48e-50	164
HP1576	BSU14360	38.667	225	132	4	2	222	1	223	2.22e-49	162
HP1576	BSU11460	40.408	245	130	6	10	240	18	260	5.41e-49	164
HP1576	BSU02980	36.709	237	135	3	21	253	48	273	6.50e-46	158
HP1576	BSU30420	39.474	190	114	1	13	201	19	208	9.88e-43	144
HP1576	BSU39640	32.759	232	149	4	2	227	4	234	1.39e-42	145
HP1576	BSU11470	38.596	228	134	4	18	239	24	251	4.54e-42	145
HP1576	BSU30380	30.435	253	167	4	1	245	2	253	5.46e-41	140
HP1576	BSU34700	29.787	235	155	4	2	227	3	236	9.48e-40	137
HP1576	BSU12950	35.802	243	140	5	12	240	17	257	1.30e-39	139
HP1576	BSU32550	31.780	236	155	2	5	240	6	235	2.07e-39	139
HP1576	BSU11370	32.014	278	168	7	2	261	9	283	1.03e-38	137
HP1576	BSU24950	36.681	229	131	6	17	235	27	251	2.62e-38	134
HP1576	BSU38810	28.992	238	164	1	3	240	4	236	8.22e-38	135
HP1576	BSU13000	36.842	228	137	4	18	239	26	252	6.84e-37	132
HP1576	BSU02750	31.651	218	137	5	18	231	20	229	2.38e-36	128
HP1576	BSU01450	36.321	212	128	4	18	227	24	230	9.55e-36	127
HP1576	BSU24960	35.341	249	144	9	2	239	22	264	1.03e-35	127
HP1576	BSU01460	33.803	213	138	3	18	227	9	221	1.34e-33	122
HP1576	BSU30610	35.047	214	127	2	18	231	22	223	1.23e-32	119
HP1576	BSU08310	32.127	221	144	3	2	222	1	215	1.16e-31	117
HP1576	BSU12250	28.926	242	160	6	2	239	12	245	3.86e-31	114
HP1576	BSU11360	33.191	235	143	5	18	239	23	256	7.95e-31	115
HP1576	BSU08830	31.878	229	137	4	19	243	22	235	1.51e-30	113
HP1576	BSU03730	31.250	208	131	6	2	203	3	204	6.01e-28	105
HP1576	BSU09080	28.571	224	152	3	2	225	4	219	1.41e-26	103
HP1576	BSU38660	28.922	204	134	2	18	221	16	208	1.97e-25	100
HP1576	BSU08690	30.870	230	146	7	3	226	341	563	2.59e-25	103
HP1576	BSU31550	32.579	221	136	6	2	216	4	217	5.90e-25	101
HP1576	BSU31550	23.305	236	158	7	15	238	269	493	7.77e-14	68.9
HP1576	BSU04490	30.151	199	132	2	19	217	21	212	7.88e-25	99.0
HP1576	BSU09720	29.339	242	137	8	3	228	430	653	4.80e-24	99.8
HP1576	BSU35940	26.638	229	160	4	1	225	1	225	6.44e-24	98.6
HP1576	BSU35940	25.641	234	154	8	9	225	253	483	3.25e-13	67.0
HP1576	BSU34090	28.634	227	146	8	2	226	5	217	9.73e-24	95.9
HP1576	BSU03820	30.667	225	154	2	2	226	1	223	3.72e-23	93.2
HP1576	BSU02860	29.911	224	137	5	2	216	3	215	1.03e-22	91.7
HP1576	BSU37230	29.870	231	146	7	3	226	333	554	1.12e-22	95.5
HP1576	BSU02570	26.667	225	157	3	2	226	4	220	2.09e-22	92.4
HP1576	BSU01950	27.982	218	149	3	2	219	3	212	2.53e-22	90.9
HP1576	BSU32940	31.754	211	135	3	22	227	24	230	7.50e-22	90.1
HP1576	BSU09710	29.148	223	132	7	19	229	354	562	7.55e-22	92.8
HP1576	BSU14320	30.435	230	147	8	3	226	335	557	2.38e-21	91.7
HP1576	BSU07490	28.311	219	144	3	19	230	19	231	3.14e-21	88.2
HP1576	BSU34820	28.194	227	130	7	19	229	357	566	3.51e-21	90.9
HP1576	BSU08210	28.511	235	153	6	3	231	330	555	3.87e-21	90.9
HP1576	BSU13220	28.311	219	148	5	19	236	310	520	6.49e-21	90.1
HP1576	BSU13220	28.936	235	146	8	19	241	25	250	2.98e-17	79.3
HP1576	BSU30450	25.862	232	147	5	2	226	1	214	1.15e-20	87.4
HP1576	BSU33290	27.907	215	140	3	22	228	22	229	1.32e-19	84.0
HP1576	BSU30760	27.155	232	152	5	3	228	4	224	1.67e-19	83.2
HP1576	BSU08220	26.201	229	157	6	3	226	366	587	2.61e-19	85.5
HP1576	BSU10040	27.404	208	146	2	19	226	19	221	3.84e-19	82.0
HP1576	BSU33160	28.959	221	142	3	22	237	19	229	5.32e-19	84.0
HP1576	BSU15340	28.692	237	157	7	1	229	1	233	1.06e-18	81.3
HP1576	BSU09070	29.289	239	130	10	1	226	1	213	1.30e-17	77.4
HP1576	BSU40620	28.646	192	122	5	19	207	17	196	2.28e-17	76.6
HP1576	BSU30010	25.000	208	140	4	19	226	21	212	2.62e-17	76.6
HP1576	BSU09890	25.581	215	144	4	16	226	14	216	3.99e-17	77.4
HP1576	BSU14330	24.066	241	151	8	3	228	363	586	6.87e-17	78.2
HP1576	BSU35700	25.854	205	135	3	13	217	33	220	1.40e-15	73.9
HP1576	BSU38730	26.050	238	153	9	1	228	335	559	2.39e-15	73.6
HP1576	BSU38740	31.795	195	119	6	38	226	362	548	9.76e-15	71.6
HP1576	BSU05610	26.866	201	107	6	19	219	20	180	1.84e-14	70.9
HP1576	BSU05610	23.529	221	132	9	3	217	292	481	2.07e-06	45.8
HP1576	BSU07370	26.180	233	134	7	22	227	22	243	8.35e-13	65.9
HP1576	BSU07370	24.419	86	61	1	135	220	437	518	4.07e-05	42.0
HP1576	BSU05950	25.424	236	120	6	19	216	19	236	3.14e-11	60.8
HP1576	BSU05950	22.072	222	143	6	2	219	326	521	1.01e-06	47.0
HP1576	BSU21470	28.191	188	117	6	17	197	497	673	5.07e-11	60.5
HP1576	BSU37390	23.423	222	156	5	2	217	3	216	1.83e-10	57.0
HP1576	BSU32710	25.203	246	161	9	15	244	17	255	4.17e-10	56.2
HP1576	BSU14430	22.973	222	140	7	19	217	17	230	7.60e-10	56.6
HP1576	BSU14430	28.261	92	61	3	139	229	440	527	1.57e-04	40.0
HP1576	BSU07420	23.013	239	120	6	22	218	22	238	5.66e-08	50.8
HP1576	BSU07420	22.222	189	124	4	20	208	341	506	0.010	34.3
HP1576	BSU40150	25.701	214	126	7	19	226	16	202	9.68e-08	48.5
HP1576	BSU18310	26.230	122	73	4	122	227	2778	2898	0.12	31.2
HP1576	BSU35160	29.412	68	44	2	139	203	828	894	0.40	29.3
HP1576	BSU35160	50.000	28	14	0	19	46	622	649	0.54	28.9
HP1576	BSU35160	20.183	109	79	3	139	240	487	594	0.63	28.5
HP1576	BSU35160	37.931	29	18	0	17	45	14	42	2.4	26.9
HP1576	BSU06710	29.851	67	47	0	160	226	750	816	0.56	28.9
HP1576	BSU11190	25.714	70	37	2	32	86	3	72	0.96	27.7
HP1576	BSU01270	35.088	57	33	1	24	80	1	53	1.3	26.2
HP1576	BSU05670	26.786	56	41	0	237	292	40	95	3.6	25.4
HP1576	BSU03490	29.032	31	22	0	279	309	3429	3459	4.2	26.2
HP1576	BSU16240	46.154	26	14	0	24	49	153	178	4.3	25.8
HP1576	BSU40100	28.571	42	30	0	137	178	112	153	4.5	25.8
HP1576	BSU01070	32.203	59	27	3	249	294	1099	1157	5.0	25.8
HP1576	BSU01490	37.209	43	24	2	121	161	61	102	5.5	25.0
HP1576	BSU06620	35.714	42	25	1	224	265	190	229	6.0	25.4
HP1576	BSU27920	39.286	28	17	0	24	51	153	180	6.0	25.4
HP1576	BSU03890	60.000	20	8	0	47	66	377	396	6.8	25.4
HP1576	BSU00410	34.286	35	23	0	72	106	81	115	7.3	24.6
HP1576	BSU08460	25.000	64	41	2	183	246	51	107	8.3	25.0
HP1577	BSU32740	44.498	209	115	1	6	213	14	222	1.34e-43	142
HP1577	BSU33820	26.108	203	128	7	6	206	15	197	6.51e-09	50.8
HP1577	BSU33720	25.123	203	130	7	6	206	15	197	1.71e-07	47.0
HP1577	BSU33800	23.077	208	135	8	11	212	19	207	9.24e-07	45.1
HP1577	BSU33700	23.214	168	111	7	23	188	35	186	4.71e-05	39.7
HP1577	BSU39490	27.976	168	100	6	6	164	16	171	2.08e-04	37.7
HP1577	BSU27460	25.281	178	123	4	11	186	20	189	4.60e-04	37.0
HP1577	BSU03370	28.409	88	43	3	79	161	100	172	0.035	31.2
HP1577	BSU02990	21.250	160	111	4	11	169	91	236	0.13	29.6
HP1577	BSU12930	26.066	211	126	11	23	214	107	306	0.22	28.9
HP1577	BSU32200	30.769	78	46	4	124	197	10	83	0.26	28.9
HP1577	BSU17570	34.118	85	40	5	6	78	26	106	1.1	26.9
HP1577	BSU39020	48.000	25	13	0	64	88	31	55	2.2	25.8
HP1577	BSU34800	32.000	50	34	0	88	137	11	60	2.5	25.8
HP1577	BSU02510	31.579	38	26	0	176	213	120	157	2.5	25.8
HP1577	BSU40600	35.000	40	26	0	175	214	44	83	4.5	24.6
HP1578	BSU29390	23.171	82	56	2	155	229	86	167	3.2	26.2
HP1578	BSU39490	27.869	61	34	1	94	154	71	121	4.2	25.8
HP1578	BSU31322	25.316	79	48	3	141	208	139	217	5.0	25.8
HP1578	BSU00770	29.412	51	36	0	248	298	4	54	5.5	25.4
HP1578	BSU03490	22.165	194	120	7	156	333	3129	3307	6.0	25.8
HP1579	BSU12680	25.333	75	54	1	67	141	130	202	0.35	27.7
HP1579	BSU22630	29.545	44	31	0	10	53	12	55	3.9	24.3
HP1579	BSU05450	42.857	21	12	0	121	141	68	88	7.2	23.5
HP1579	BSU17220	36.667	30	19	0	13	42	1740	1769	9.8	23.1
HP1579	BSU01070	32.353	34	22	1	10	43	759	791	9.9	23.1
HP1580	BSU31970	25.843	89	55	3	29	117	235	312	0.49	27.7
HP1580	BSU13130	32.653	49	33	0	117	165	160	208	0.72	27.3
HP1580	BSU04280	30.000	60	37	1	137	196	112	166	2.6	25.4
HP1580	BSU32060	28.571	63	39	2	95	153	38	98	2.9	25.0
HP1580	BSU33970	50.000	16	8	0	61	76	47	62	7.3	24.3
HP1580	BSU09460	46.154	26	12	2	97	121	211	235	8.0	23.9
HP1580	BSU26650	32.258	31	21	0	105	135	160	190	8.3	23.9
HP1581	BSU35530	31.907	257	151	9	28	267	37	286	4.48e-26	103
HP1581	BSU15190	25.379	264	160	10	38	271	45	301	6.99e-09	53.1
HP1581	BSU05410	36.364	44	24	1	141	180	254	297	0.27	29.6
HP1581	BSU07920	31.667	60	31	2	87	143	273	325	0.79	28.1
HP1581	BSU29170	45.455	33	18	0	56	88	61	93	2.0	26.2
HP1581	BSU39810	58.824	17	7	0	49	65	145	161	2.2	26.9
HP1581	BSU20150	25.610	82	38	2	196	258	13	90	3.7	25.0
HP1581	BSU30850	33.333	63	40	2	2	63	61	122	6.9	25.0
HP1582	BSU34880	35.088	57	36	1	84	139	120	176	0.22	29.3
HP1582	BSU12210	42.857	42	21	1	171	209	157	198	0.51	28.5
HP1582	BSU04620	34.211	38	25	0	185	222	40	77	2.7	25.4
HP1582	BSU25130	22.222	108	73	3	32	130	39	144	2.7	25.8
HP1582	BSU02790	29.070	86	44	6	101	175	121	200	2.8	26.2
HP1582	BSU31340	27.451	51	35	1	125	173	53	103	3.7	25.0
HP1582	BSU35580	30.882	68	32	3	97	162	323	377	5.0	25.4
HP1582	BSU38840	27.586	29	21	0	73	101	178	206	5.3	25.0
HP1582	BSU24340	26.667	45	33	0	199	243	43	87	5.6	25.0
HP1582	BSU12970	44.000	25	14	0	229	253	275	299	6.5	24.6
HP1582	BSU12010	28.889	45	32	0	198	242	367	411	6.6	25.0
HP1582	BSU34100	35.000	40	21	1	172	206	158	197	7.0	24.6
HP1582	BSU05940	35.211	71	31	4	104	159	208	278	10.0	24.3
HP1583	BSU11980	48.485	33	15	1	226	258	152	182	0.13	30.4
HP1583	BSU38240	23.656	93	64	2	128	220	105	190	1.00	27.7
HP1583	BSU35050	40.000	30	14	1	109	134	18	47	2.2	26.2
HP1583	BSU28810	35.897	39	25	0	200	238	60	98	3.0	26.2
HP1583	BSU17180	40.000	25	12	1	88	112	2184	2205	8.4	25.0
HP1583	BSU00110	30.909	55	29	1	230	284	109	154	8.8	24.6
HP1583	BSU40100	30.952	42	29	0	50	91	82	123	9.8	24.6
HP1584	BSU05940	35.110	319	201	4	2	319	9	322	2.17e-60	194
HP1584	BSU05920	28.571	105	58	5	2	106	3	90	1.4	26.9
HP1584	BSU13930	27.907	129	66	5	171	290	222	332	1.5	27.3
HP1584	BSU26030	43.333	30	16	1	146	174	473	502	2.1	26.9
HP1584	BSU35450	24.286	70	48	1	4	73	63	127	2.6	26.2
HP1584	BSU26730	36.364	22	14	0	141	162	4	25	4.2	24.6
HP1584	BSU06690	36.667	30	18	1	162	190	29	58	5.0	25.8
HP1584	BSU40360	31.579	38	26	0	227	264	258	295	5.5	25.4
HP1584	BSU17200	35.185	54	25	1	230	273	1558	1611	7.4	25.4
HP1584	BSU33239	32.143	28	19	0	231	258	17	44	7.8	24.3
HP1585	BSU16290	43.657	268	141	6	1	262	1	264	1.94e-62	194
HP1585	BSU36390	33.571	280	156	11	1	261	1	269	2.94e-36	127
HP1585	BSU36400	30.741	270	155	8	1	251	1	257	3.70e-22	89.7
HP1585	BSU16190	32.000	50	29	1	205	254	98	142	0.001	35.8
HP1585	BSU16190	30.588	85	49	4	2	79	4	85	0.15	29.3
HP1585	BSU35410	44.118	34	19	0	5	38	8	41	0.007	34.3
HP1585	BSU35410	39.474	38	23	0	220	257	461	498	0.088	30.8
HP1585	BSU16060	26.087	115	77	4	52	162	86	196	0.69	27.7
HP1585	BSU01740	22.689	119	71	4	95	200	97	207	0.75	27.3
HP1585	BSU33820	31.915	94	48	5	102	192	89	169	2.2	26.2
HP1585	BSU16870	28.767	73	43	3	61	132	168	232	2.3	26.2
HP1585	BSU16180	40.000	25	15	0	23	47	26	50	3.8	25.0
HP1585	BSU09080	33.333	27	18	0	177	203	161	187	4.2	25.4
HP1585	BSU34340	36.364	33	21	0	215	247	349	381	4.4	25.4
HP1585	BSU00410	36.364	33	21	0	144	176	13	45	5.0	25.0
HP1585	BSU14450	41.667	36	16	1	140	175	252	282	5.4	25.0
HP1585	BSU14520	24.675	77	40	2	124	200	55	113	5.8	25.0
HP1585	BSU39750	43.478	23	13	0	92	114	223	245	5.8	25.0
HP_1587	BSU25470	32.353	34	23	0	6	39	208	241	3.5	24.6
HP_1587	BSU12680	29.268	41	29	0	23	63	248	288	4.9	24.3
HP_1587	BSU17200	27.451	51	37	0	50	100	1172	1222	5.8	24.3
HP_1587	BSU16410	41.667	24	14	0	48	71	69	92	7.0	23.5
HP_RS07855	BSU34380	43.333	30	14	1	4	30	39	68	0.036	28.9
HP_RS07855	BSU38495	31.818	22	15	0	61	82	22	43	1.7	22.7
HP_RS07855	BSU24950	25.773	97	57	2	12	93	75	171	5.0	22.7
HP_RS07855	BSU21770	32.653	49	25	3	44	85	20	67	5.3	22.7
HP_RS07855	BSU02640	50.000	18	9	0	9	26	127	144	5.9	22.7
HP1588	BSU31250	40.000	40	23	1	194	232	249	288	0.30	29.3
HP1588	BSU31960	32.609	46	27	1	72	117	459	500	0.45	28.5
HP1588	BSU13200	22.826	92	62	2	4	93	52	136	1.4	26.9
HP1588	BSU18130	31.250	32	20	1	42	73	449	478	2.8	25.8
HP1588	BSU20710	28.571	35	25	0	180	214	28	62	6.6	23.1
HP1588	BSU12160	28.333	60	42	1	136	194	379	438	7.0	24.6
HP1588	BSU03320	34.783	23	15	0	23	45	29	51	7.1	24.6
HP1588	BSU35360	30.435	46	30	1	21	66	10	53	7.2	24.6
HP1588	BSU06420	57.143	14	6	0	89	102	22	35	9.2	23.9
HP1589	BSU31960	32.609	46	27	1	72	117	459	500	0.58	28.1
HP1589	BSU21130	24.390	82	47	3	94	161	290	370	1.3	26.9
HP1589	BSU11870	35.897	39	25	0	163	201	163	201	1.7	26.6
HP1589	BSU31250	44.828	29	16	0	204	232	260	288	2.0	26.6
HP1589	BSU28590	28.889	45	28	1	69	109	97	141	3.3	25.8
HP1589	BSU20350	22.727	110	77	4	96	203	287	390	8.8	24.3
HP1589	BSU19310	31.915	47	29	1	130	173	234	280	10.0	24.3
HP1427	BSU07260	29.730	37	26	0	24	60	277	313	0.72	23.9
HP1427	BSU23190	23.256	43	28	1	1	43	138	175	5.5	21.6
HP1369	BSU27290	27.941	68	44	2	38	104	2	65	0.43	27.3
HP1369	BSU21040	27.642	123	79	4	253	375	563	675	0.50	29.6
HP1369	BSU38900	29.825	57	40	0	134	190	308	364	0.96	28.5
HP1369	BSU00350	36.585	41	25	1	411	450	4	44	3.9	25.4
HP1369	BSU00690	27.273	33	24	0	32	64	446	478	9.7	25.4
HP0756	BSU36460	34.483	29	19	0	18	46	300	328	5.1	21.2
HP0756	BSU38050	30.303	33	22	1	1	33	34	65	9.1	20.4
HP0990	BSU28380	28.689	122	70	7	68	180	204	317	0.009	33.5
HP0990	BSU20890	35.556	45	28	1	41	85	86	129	2.4	25.8
HP0990	BSU12210	29.730	37	26	0	11	47	159	195	3.2	25.8
HP0990	BSU15620	35.000	40	21	1	113	152	197	231	4.0	25.0
HP0990	BSU37080	37.037	27	17	0	182	208	327	353	6.0	24.6
HP0990	BSU39760	30.769	52	36	0	140	191	380	431	6.0	24.6
HP0990	BSU09790	44.828	29	13	1	142	167	272	300	8.1	24.3
HP0627	BSU02250	23.656	93	59	4	3	87	16	104	0.47	25.8
HP0627	BSU36970	34.286	35	17	1	2	30	1	35	1.1	25.0
HP0627	BSU12430	34.615	52	27	3	59	109	193	238	2.2	24.3
HP0627	BSU36950	40.909	44	25	1	27	69	49	92	2.3	24.3
HP0627	BSU22040	36.000	25	16	0	61	85	90	114	2.4	23.9
HP0627	BSU01110	25.455	55	39	1	42	96	16	68	3.3	23.5
HP0627	BSU37420	34.483	29	19	0	61	89	205	233	5.4	23.1
HP0627	BSU27160	33.333	24	16	0	80	103	862	885	5.8	23.1
HP0627	BSU27860	30.986	71	47	2	15	85	182	250	9.1	22.3
HP0611	BSU33720	21.600	125	80	4	44	166	19	127	0.21	28.1
HP0611	BSU07350	25.301	83	55	3	64	144	185	262	0.77	26.9
HP0611	BSU02400	31.250	48	30	1	38	85	399	443	2.6	25.0
HP0611	BSU03700	31.746	63	29	2	1	56	410	465	4.5	24.6
HP0611	BSU13660	22.857	35	27	0	3	37	239	273	5.2	24.3
HP0611	BSU18300	36.667	30	19	0	106	135	707	736	7.8	23.9
HP0611	BSU13390	44.737	38	20	1	117	154	217	253	8.7	23.5
HP0611	BSU33820	24.419	86	56	3	52	133	27	107	9.8	23.1
HP0789	BSU17350	66.667	15	5	0	28	42	2	16	4.1	21.2
HP0789	BSU04160	47.222	36	15	2	4	38	242	274	4.9	21.2
HP0789	BSU12110	41.667	24	14	0	13	36	76	99	5.1	21.2
HP0789	BSU10110	30.000	40	28	0	6	45	51	90	5.2	21.2
HP1408	BSU39970	27.941	68	41	2	10	69	171	238	0.42	25.8
HP1408	BSU29200	25.641	39	29	0	25	63	283	321	0.47	25.8
HP1408	BSU00570	25.000	56	38	1	36	87	71	126	0.63	25.4
HP1408	BSU13700	32.558	43	29	0	2	44	39	81	2.1	23.9
HP1408	BSU16070	22.727	44	34	0	13	56	418	461	4.9	22.7
HP1408	BSU12080	35.484	31	20	0	55	85	241	271	7.8	22.3
HP1408	BSU29960	22.500	40	31	0	17	56	96	135	7.9	21.9
HP1408	BSU14090	40.909	22	13	0	42	63	248	269	8.3	22.3
HP1408	BSU35100	35.714	28	18	0	59	86	40	67	8.8	21.9
HP1408	BSU31110	47.059	17	9	0	61	77	15	31	9.3	21.6
HP0991	BSU05900	30.882	68	35	2	147	202	234	301	0.068	30.4
HP0991	BSU19000	28.358	67	33	3	110	176	421	472	0.73	27.3
HP0991	BSU00360	36.585	41	25	1	74	113	165	205	1.7	26.2
HP0991	BSU02770	27.848	79	52	1	7	85	99	172	1.8	26.2
HP0991	BSU15160	25.000	76	49	2	11	80	223	296	6.6	24.6
HP0991	BSU18530	34.211	38	22	1	164	198	94	131	7.9	23.9
HP0991	BSU11840	24.138	58	44	0	5	62	74	131	8.2	23.5
HP0991	BSU15590	24.194	62	47	0	54	115	133	194	8.2	24.3
HP0427	BSU39970	27.941	68	41	2	10	69	171	238	0.42	25.8
HP0427	BSU29200	25.641	39	29	0	25	63	283	321	0.47	25.8
HP0427	BSU00570	25.000	56	38	1	36	87	71	126	0.63	25.4
HP0427	BSU13700	32.558	43	29	0	2	44	39	81	2.1	23.9
HP0427	BSU16070	22.727	44	34	0	13	56	418	461	4.9	22.7
HP0427	BSU12080	35.484	31	20	0	55	85	241	271	7.8	22.3
HP0427	BSU29960	22.500	40	31	0	17	56	96	135	7.9	21.9
HP0427	BSU14090	40.909	22	13	0	42	63	248	269	8.3	22.3
HP0427	BSU35100	35.714	28	18	0	59	86	40	67	8.8	21.9
HP0427	BSU31110	47.059	17	9	0	61	77	15	31	9.3	21.6
HP0345	BSU37180	25.000	100	65	2	6	99	404	499	0.14	28.1
HP0345	BSU22320	22.449	49	38	0	14	62	790	838	0.24	27.3
HP0345	BSU22320	20.690	58	44	1	7	62	793	850	1.0	25.4
HP0345	BSU19210	36.585	41	23	1	3	43	129	166	0.94	25.4
HP0345	BSU14410	35.135	37	22	1	46	82	3	37	1.2	25.0
HP0345	BSU12940	26.230	61	44	1	17	77	11	70	1.6	24.6
HP0345	BSU15770	27.907	86	58	2	1	83	263	347	2.2	24.3
HP0345	BSU16430	33.333	45	30	0	18	62	248	292	5.3	23.5
HP0345	BSU04960	25.424	59	44	0	3	61	585	643	6.0	23.1
HP0345	BSU06710	34.211	38	25	0	20	57	762	799	8.5	22.7
HP1070	BSU31890	66.667	12	4	0	7	18	115	126	0.75	25.0
HP0452	BSU13700	25.194	258	138	9	77	319	334	551	0.56	29.6
HP0452	BSU37770	42.857	42	22	1	35	74	370	411	0.77	29.3
HP0452	BSU21130	36.066	61	33	2	69	126	327	384	1.5	28.1
HP0452	BSU08000	27.907	43	31	0	190	232	255	297	2.5	27.3
HP0452	BSU22620	32.653	49	31	1	269	317	34	80	2.5	27.3
HP0452	BSU12680	35.135	37	24	0	112	148	3	39	3.1	27.3
HP0452	BSU20710	37.931	29	18	0	1	29	7	35	4.7	24.6
HP0452	BSU31875	37.143	35	15	1	201	235	675	702	5.3	26.6
HP0452	BSU00130	23.077	182	126	4	53	220	33	214	5.9	26.2
HP0452	BSU15510	31.707	41	28	0	454	494	94	134	8.4	25.8
HP0452	BSU30830	55.556	18	8	0	387	404	159	176	9.6	25.4
HP0326B	BSU37850	22.526	293	190	9	1	258	1	291	1.30e-05	42.7
HP0326B	BSU27510	29.787	47	33	0	129	175	49	95	1.9	26.6
HP0326B	BSU04800	36.667	30	19	0	117	146	11	40	2.3	26.6
HP0326B	BSU19420	21.359	103	62	5	173	272	284	370	2.4	26.6
HP0326B	BSU17190	46.154	26	14	0	194	219	1647	1672	2.7	26.6
HP0326B	BSU30940	23.750	80	49	2	4	75	668	743	3.8	25.8
HP0326B	BSU25570	25.862	58	40	1	131	185	591	648	4.8	25.4
HP0326B	BSU31180	27.711	83	48	3	40	119	219	292	5.3	25.4
HP0326B	BSU34790	32.353	34	23	0	237	270	226	259	6.7	25.0
HP0326B	BSU08280	33.333	54	34	2	6	59	102	153	9.0	24.6
HP0594	BSU22550	50.000	16	8	0	16	31	117	132	2.6	22.3
HP0594	BSU20270	56.250	16	7	0	34	49	102	117	3.7	21.6
HP0594	BSU26670	40.909	22	10	1	33	54	103	121	9.8	20.4
HP0433	BSU02030	35.088	57	35	1	73	129	120	174	0.013	31.6
HP0433	BSU15010	27.143	70	48	2	36	105	36	102	0.58	26.6
HP0433	BSU22230	28.378	74	45	3	63	134	31	98	0.89	25.8
HP0433	BSU07250	38.462	26	16	0	115	140	427	452	3.8	24.3
HP0433	BSU21910	38.636	44	24	2	69	112	2	42	3.8	24.3
HP0433	BSU04160	23.656	93	51	3	26	104	86	172	4.3	24.3
HP0433	BSU08640	34.211	38	21	1	82	119	13	46	4.7	23.1
HP0433	BSU06410	41.176	17	10	0	2	18	38	54	6.1	22.3
HP0433	BSU30760	41.176	17	10	0	88	104	181	197	9.5	23.1
HP0326A	BSU36830	30.769	65	41	2	92	154	184	246	0.27	28.9
HP0326A	BSU13780	23.077	91	69	1	114	203	88	178	1.9	26.2
HP0326A	BSU38260	40.000	35	21	0	144	178	328	362	3.0	25.8
HP0326A	BSU01080	23.684	38	29	0	190	227	110	147	6.9	24.6
HP0326A	BSU23130	37.500	32	20	0	100	131	263	294	8.9	24.3
HP0326A	BSU32370	50.000	20	10	0	136	155	116	135	9.6	24.3
G2DNV-43	BSU22550	66.667	12	4	0	3	14	132	143	6.5	20.4
G2DNV-43	BSU23850	41.176	17	10	0	2	18	113	129	7.0	20.0
HP1216	BSU35580	63.158	19	7	0	700	718	315	333	2.4	28.1
HP1216	BSU20980	34.000	50	33	0	54	103	223	272	2.4	28.1
HP1216	BSU03710	44.000	25	14	0	538	562	150	174	9.6	26.2
HP1216	BSU22700	33.333	33	22	0	403	435	255	287	9.9	26.2
HP0460	BSU10650	33.333	66	35	3	65	129	649	706	1.1	26.6
HP0460	BSU21350	27.200	125	76	6	4	125	1998	2110	1.3	26.2
HP0460	BSU34030	20.930	43	34	0	55	97	1	43	1.4	25.8
HP0460	BSU26270	25.000	92	56	3	68	146	99	190	5.0	23.9
HP0460	BSU02850	39.130	46	26	2	39	83	151	195	5.5	23.9
HP0460	BSU10060	25.275	91	60	4	76	159	21	110	5.9	23.9
HP0460	BSU40170	30.435	46	32	0	59	104	30	75	6.2	23.9
HP0460	BSU15840	36.364	33	21	0	87	119	204	236	6.9	23.9
HP0460	BSU00310	22.727	132	84	5	23	140	102	229	8.0	23.5
HP0460	BSU40510	24.138	58	26	1	102	159	324	363	8.3	23.5
HP0460	BSU32530	24.324	74	47	1	1	74	104	168	8.5	23.5
HP0905	BSU39730	33.333	30	20	0	125	154	7	36	4.6	25.8
HP0938	BSU10840	25.275	91	55	2	2	92	27	104	0.14	28.1
HP0938	BSU02100	27.397	73	51	2	31	102	267	338	0.19	27.7
HP0938	BSU10770	34.615	52	23	3	32	83	259	299	2.5	24.6
HP0938	BSU17200	22.222	81	63	0	48	128	2889	2969	6.5	23.5
HP0938	BSU10250	35.000	20	13	0	9	28	305	324	8.0	23.1
HP0938	BSU22720	32.143	28	19	0	2	29	142	169	8.8	22.7
HP0992	BSU28475	36.111	36	23	0	38	73	123	158	5.8	23.1
HP0992	BSU26450	53.333	15	7	0	30	44	166	180	6.3	23.1
HP0992	BSU18480	52.174	23	11	0	6	28	209	231	8.1	22.7
HP0992	BSU40190	41.667	36	21	0	17	52	590	625	8.6	22.7
HP0992	BSU28470	27.397	73	51	1	3	73	331	403	9.4	22.7
HP0733	BSU23960	44.000	25	14	0	61	85	26	50	0.15	31.2
HP0733	BSU24950	39.394	33	20	0	60	92	37	69	0.24	30.8
HP0733	BSU37230	29.703	101	33	4	64	129	361	458	0.32	30.8
HP0733	BSU01950	47.826	23	12	0	65	87	32	54	0.54	29.6
HP0733	BSU39480	40.909	22	13	0	64	85	29	50	0.62	29.3
HP0733	BSU14430	33.333	48	32	0	66	113	31	78	0.70	29.6
HP0733	BSU08220	50.000	24	12	0	64	87	394	417	0.86	29.3
HP0733	BSU08210	32.692	52	29	2	40	90	339	385	1.0	28.9
HP0733	BSU24240	39.130	46	20	2	48	86	2	46	1.0	28.9
HP0733	BSU22030	50.000	24	12	0	61	84	42	65	1.3	28.9
HP0733	BSU22030	39.474	38	16	1	45	82	602	632	6.2	26.6
HP0733	BSU29340	36.364	22	14	0	64	85	29	50	1.4	28.1
HP0733	BSU03590	47.368	19	10	0	64	82	29	47	1.6	28.1
HP0733	BSU09720	42.308	26	15	0	64	89	458	483	2.1	28.1
HP0733	BSU25650	37.500	40	22	1	296	332	40	79	3.1	25.8
HP0733	BSU32250	21.538	130	88	3	314	434	115	239	4.4	26.9
HP0733	BSU08690	37.037	27	17	0	64	90	370	396	4.6	26.9
HP0733	BSU22520	34.884	43	28	0	328	370	44	86	4.7	26.6
HP0733	BSU38660	28.846	52	34	1	61	109	26	77	4.8	26.6
HP0733	BSU13220	29.825	57	34	1	61	117	319	369	5.1	26.6
HP0733	BSU35260	44.000	25	11	1	65	89	31	52	5.5	26.2
HP0733	BSU31730	25.806	62	37	1	162	223	37	89	5.7	25.4
HP0733	BSU29100	28.571	42	30	0	110	151	227	268	6.9	26.2
HP0733	BSU27530	30.159	63	41	2	366	427	311	371	8.5	25.8
HP0733	BSU07420	34.146	41	25	1	65	105	353	391	8.7	25.8
HP0733	BSU01460	40.741	27	16	0	61	87	19	45	9.1	25.8
HP0733	BSU03820	40.000	25	15	0	66	90	31	55	9.6	25.4
HP0903	BSU29470	49.640	278	136	1	3	280	4	277	7.76e-94	284
HP0903	BSU24070	27.306	271	156	14	3	267	10	245	1.60e-04	40.0
HP0903	BSU06300	23.404	94	65	2	36	127	128	216	2.4	26.9
HP0903	BSU37560	28.205	78	50	1	6	83	95	166	5.4	25.8
HP0903	BSU20960	73.333	15	4	0	16	30	193	207	6.7	25.4
HP0999	BSU08990	27.143	70	51	0	5	74	50	119	1.1	23.9
HP0999	BSU13850	32.500	40	25	1	22	59	463	502	1.2	24.3
HP0999	BSU39760	28.846	52	32	1	16	67	18	64	1.5	23.9
HP0999	BSU28020	36.000	25	16	0	1	25	92	116	2.2	23.1
HP0999	BSU18310	40.000	30	18	0	39	68	470	499	3.6	22.7
HP0999	BSU14470	60.000	15	6	0	59	73	62	76	4.2	22.3
HP0999	BSU30650	29.851	67	32	2	7	73	51	102	4.2	22.3
HP0999	BSU15160	34.375	32	21	0	24	55	571	602	5.3	22.3
HP0999	BSU03510	31.481	54	35	2	8	60	528	580	6.0	21.9
HP0999	BSU33440	34.211	38	24	1	26	62	236	273	6.1	21.9
HP0999	BSU24280	29.545	44	31	0	4	47	102	145	8.7	21.6
HP1354	BSU23730	40.541	37	22	0	326	362	100	136	2.6	28.5
HP1354	BSU28510	34.211	38	25	0	581	618	27	64	6.3	27.3
HP0521	BSU27350	36.842	38	19	2	12	48	123	156	3.8	23.9
HP0521	BSU35930	41.379	29	17	0	26	54	56	84	6.1	22.7
HP0206	BSU07420	41.026	39	22	1	16	54	333	370	0.002	32.7
HP0206	BSU14320	40.000	50	26	2	12	57	336	385	0.079	28.5
HP0206	BSU24240	40.625	32	17	1	26	57	16	45	0.087	28.5
HP0206	BSU35940	39.535	43	22	2	39	77	33	75	0.24	26.9
HP0206	BSU30010	47.826	23	12	0	32	54	29	51	0.36	26.6
HP0206	BSU33290	43.333	30	16	1	26	55	22	50	0.40	26.2
HP0206	BSU07490	45.455	22	12	0	34	55	29	50	0.49	26.2
HP0206	BSU29180	38.462	39	18	2	22	56	436	472	0.64	25.8
HP0206	BSU15640	50.000	20	10	0	25	44	450	469	0.80	25.8
HP0206	BSU05950	31.818	66	29	4	37	90	32	93	1.0	25.4
HP0206	BSU05950	52.381	21	10	0	34	54	353	373	1.4	25.0
HP0206	BSU01950	33.333	30	20	0	32	61	27	56	1.3	25.0
HP0206	BSU15680	37.143	35	20	1	30	64	1	33	1.3	24.6
HP0206	BSU39480	33.333	30	20	0	32	61	25	54	2.0	24.3
HP0206	BSU32940	36.667	30	18	1	26	55	24	52	2.0	24.3
HP0206	BSU13220	47.826	23	12	0	32	54	318	340	2.2	24.3
HP0206	BSU09720	44.828	29	16	0	32	60	454	482	2.3	24.3
HP0206	BSU29310	32.727	55	35	2	9	61	185	239	2.8	23.9
HP0206	BSU39520	26.389	72	51	2	2	72	180	250	3.0	23.9
HP0206	BSU00040	34.783	23	15	0	38	60	27	49	3.2	23.9
HP0206	BSU15940	45.000	20	11	0	35	54	25	44	3.5	23.9
HP0206	BSU40620	36.842	38	23	1	18	55	12	48	4.3	23.5
HP0206	BSU13700	35.135	37	21	2	38	71	116	152	4.7	23.5
HP0206	BSU25290	48.000	25	11	1	27	51	3	25	4.9	23.1
HP0206	BSU28190	47.826	23	10	1	34	54	21	43	5.2	23.1
HP0206	BSU16410	40.741	27	15	1	24	50	23	48	6.9	22.7
HP0206	BSU30760	38.095	21	13	0	34	54	29	49	7.2	22.7
HP0206	BSU01660	36.000	25	16	0	18	42	110	134	7.9	22.7
HP0206	BSU41020	39.130	23	14	0	32	54	219	241	8.1	22.7
HP0206	BSU05610	34.615	26	16	1	26	51	23	47	8.4	22.7
HP0206	BSU05610	38.462	26	15	1	27	51	309	334	9.0	22.7
HP0206	BSU31550	43.478	23	13	0	32	54	28	50	8.4	22.7
HP0206	BSU21870	47.059	17	9	0	25	41	367	383	9.2	22.7
HP1587	BSU25470	32.353	34	23	0	6	39	208	241	3.5	24.6
HP1587	BSU12680	29.268	41	29	0	23	63	248	288	4.9	24.3
HP1587	BSU17200	27.451	51	37	0	50	100	1172	1222	5.8	24.3
HP1587	BSU16410	41.667	24	14	0	48	71	69	92	7.0	23.5
HP1426	BSU09840	47.619	21	11	0	15	35	115	135	5.3	25.4
HP1426	BSU16110	37.500	40	24	1	96	134	154	193	6.2	25.0
HP1426	BSU06980	22.472	89	63	2	77	165	157	239	8.4	24.6
HP1432	BSU22930	35.294	34	22	0	38	71	133	166	8.9	21.6
HP0981	BSU24300	40.299	67	40	0	1	67	232	298	1.31e-13	61.2
HP0981	BSU11870	30.303	66	34	2	26	88	226	282	0.17	26.9
HP0981	BSU23120	31.579	38	25	1	54	90	8	45	0.30	26.2
HP0981	BSU10360	48.649	37	16	2	6	40	30	65	0.69	25.4
HP0981	BSU25200	34.884	43	26	1	2	42	268	310	1.0	24.6
HP0981	BSU18670	38.462	39	22	1	8	44	257	295	3.3	23.5
HP0981	BSU19370	38.710	31	16	1	37	67	193	220	6.8	22.3
HP0981	BSU05430	32.143	28	19	0	8	35	471	498	8.8	21.9
HP0503	BSU12330	25.301	83	53	2	61	143	242	315	1.4	26.9
HP0503	BSU23220	28.395	81	53	2	33	112	172	248	1.7	26.6
HP0503	BSU00510	24.324	111	74	3	106	208	179	287	1.8	26.6
HP0503	BSU22170	72.727	11	3	0	22	32	300	310	3.9	25.4
HP0503	BSU38470	25.385	130	84	4	122	242	148	273	4.1	25.4
HP0503	BSU31600	30.435	69	40	3	64	124	165	233	4.6	25.4
HP0503	BSU00040	23.026	152	97	5	101	237	39	185	6.3	25.0
HP0503	BSU36110	26.230	61	41	2	120	177	19	78	9.8	23.9
HP0628	BSU24530	27.419	62	41	3	143	200	153	214	0.44	28.1
HP0628	BSU00430	42.105	38	20	1	172	209	199	234	1.1	26.9
HP0628	BSU15510	40.000	30	18	0	44	73	205	234	1.6	26.6
HP0628	BSU28930	32.258	31	21	0	57	87	516	546	2.2	26.2
HP0628	BSU12990	45.833	24	13	0	167	190	224	247	4.8	25.0
HP0628	BSU38070	61.538	13	5	0	129	141	77	89	6.1	24.6
HP0628	BSU22590	33.333	33	17	1	55	87	146	173	8.5	24.3
HP1370	BSU12960	30.000	100	63	4	218	314	350	445	0.30	29.6
HP1370	BSU15940	34.000	50	33	0	249	298	675	724	1.3	27.7
HP1370	BSU06730	25.301	83	60	2	122	203	260	341	1.6	27.3
HP1370	BSU30660	36.000	25	16	0	41	65	80	104	2.7	25.8
HP1370	BSU23600	23.596	89	60	2	221	301	64	152	4.1	25.8
HP1370	BSU01180	21.429	84	41	2	264	325	15	95	4.1	24.6
HP1370	BSU01070	26.582	79	47	3	225	292	1065	1143	7.9	25.0
HP1370	BSU11370	23.684	76	41	3	35	105	120	183	8.9	24.6
