JCVISYN3A_0001	BSU00010	31.579	437	284	8	18	447	17	445	9.93e-72	230
JCVISYN3A_0001	BSU28980	31.250	112	70	5	144	253	164	270	6.56e-05	41.6
JCVISYN3A_0001	BSU12530	30.709	127	78	5	142	263	118	239	0.003	36.2
JCVISYN3A_0001	BSU14110	23.016	126	71	6	1	115	15	125	0.18	30.0
JCVISYN3A_0001	BSU21780	30.000	60	37	2	112	171	8	62	0.18	30.8
JCVISYN3A_0001	BSU12420	24.615	130	82	6	144	272	223	337	0.72	28.9
JCVISYN3A_0001	BSU11540	21.101	109	80	1	8	116	319	421	0.92	28.5
JCVISYN3A_0001	BSU26260	46.154	26	14	0	138	163	161	186	2.1	27.3
JCVISYN3A_0001	BSU34130	22.137	131	83	6	326	437	56	186	2.8	26.9
JCVISYN3A_0001	BSU33880	32.353	34	23	0	8	41	313	346	5.5	26.2
JCVISYN3A_0001	BSU12750	40.909	22	13	0	158	179	425	446	5.9	26.2
JCVISYN3A_0001	BSU10740	37.255	51	21	2	52	102	227	266	6.5	25.8
JCVISYN3A_0001	BSU21660	29.060	117	68	4	149	265	432	533	8.7	25.4
JCVISYN3A_0002	BSU00020	27.200	375	267	4	1	370	1	374	1.76e-41	146
JCVISYN3A_0002	BSU17180	26.829	82	56	1	295	372	1063	1144	0.15	31.2
JCVISYN3A_0002	BSU08730	30.769	52	28	2	241	286	47	96	0.19	29.6
JCVISYN3A_0002	BSU02840	30.435	69	46	1	145	213	492	558	0.29	30.0
JCVISYN3A_0002	BSU33910	25.397	63	45	1	3	63	130	192	2.1	26.9
JCVISYN3A_0002	BSU15800	30.435	46	30	1	131	176	143	186	6.2	25.4
JCVISYN3A_0002	BSU40359	47.619	21	11	0	49	69	22	42	7.8	23.5
JCVISYN3A_0002	BSU37750	25.397	63	44	1	58	120	3	62	9.9	25.0
JCVISYN3A_0003	BSU00410	35.714	112	68	3	3	113	2	110	6.63e-15	66.2
JCVISYN3A_0003	BSU32780	30.986	71	48	1	1	71	27	96	1.71e-06	42.7
JCVISYN3A_0003	BSU24730	43.750	32	17	1	35	65	119	150	0.66	26.9
JCVISYN3A_0003	BSU00310	28.889	45	32	0	10	54	63	107	0.93	26.6
JCVISYN3A_0003	BSU17200	27.273	66	42	2	86	149	3402	3463	1.2	26.6
JCVISYN3A_0003	BSU21040	28.986	69	40	2	54	122	630	689	2.0	25.8
JCVISYN3A_0003	BSU15790	27.273	33	24	0	24	56	82	114	2.3	25.4
JCVISYN3A_0003	BSU34770	29.268	82	54	3	6	84	10	90	3.0	25.0
JCVISYN3A_0003	BSU39030	27.419	62	35	2	24	81	24	79	3.9	23.5
JCVISYN3A_0003	BSU34200	25.000	84	51	1	90	173	362	433	7.0	23.9
JCVISYN3A_0003	BSU23100	38.095	21	13	0	27	47	150	170	8.7	23.5
JCVISYN3A_0004	BSU00420	39.259	270	157	3	4	266	23	292	1.62e-53	172
JCVISYN3A_0004	BSU27280	23.864	88	61	2	19	101	35	121	0.014	32.7
JCVISYN3A_0004	BSU32610	34.375	32	21	0	90	121	119	150	0.36	28.9
JCVISYN3A_0004	BSU37000	24.038	104	67	4	15	113	101	197	0.37	28.5
JCVISYN3A_0004	BSU37000	30.508	59	33	2	5	63	223	273	8.8	24.3
JCVISYN3A_0004	BSU19600	31.373	51	35	0	28	78	34	84	0.41	28.5
JCVISYN3A_0004	BSU31090	25.243	103	73	2	27	128	5	104	1.5	26.6
JCVISYN3A_0004	BSU39380	26.829	82	45	3	13	94	234	300	2.3	26.2
JCVISYN3A_0004	BSU03160	21.429	56	41	1	14	69	25	77	2.4	26.2
JCVISYN3A_0004	BSU07970	23.913	46	30	1	221	261	1	46	2.5	24.3
JCVISYN3A_0004	BSU16080	31.818	44	29	1	26	68	16	59	2.9	24.6
JCVISYN3A_0004	BSU04180	22.642	53	39	1	33	83	30	82	7.5	24.3
JCVISYN3A_0004	BSU27850	33.333	33	22	0	5	37	185	217	9.5	24.3
JCVISYN3A_0005	BSU31250	23.529	170	106	5	122	288	514	662	0.002	36.6
JCVISYN3A_0005	BSU21350	26.627	169	95	8	89	235	1951	2112	0.015	34.3
JCVISYN3A_0005	BSU38270	37.931	58	32	2	74	128	107	163	0.13	30.8
JCVISYN3A_0005	BSU27420	25.185	135	87	6	51	181	74	198	0.27	29.6
JCVISYN3A_0005	BSU25330	21.622	185	125	6	43	220	23	194	1.4	27.7
JCVISYN3A_0005	BSU07890	36.170	47	25	2	110	152	55	100	2.2	25.8
JCVISYN3A_0005	BSU28750	36.842	57	29	2	217	268	86	140	2.7	26.6
JCVISYN3A_0005	BSU28000	40.000	35	20	1	179	213	136	169	4.6	25.8
JCVISYN3A_0005	BSU10650	22.481	129	95	3	91	216	380	506	4.7	26.2
JCVISYN3A_0005	BSU05540	60.714	28	8	2	336	362	63	88	5.3	25.4
JCVISYN3A_0005	BSU13190	26.190	84	49	4	60	131	134	216	6.7	25.4
JCVISYN3A_0005	BSU35360	36.170	47	20	2	174	219	237	274	8.3	25.0
JCVISYN3A_0005	BSU35480	26.471	68	40	3	104	171	97	154	8.6	25.0
JCVISYN3A_0006	BSU00060	55.678	634	274	4	5	634	8	638	0.0	702
JCVISYN3A_0006	BSU18090	47.003	634	321	9	4	628	8	635	0.0	566
JCVISYN3A_0006	BSU02720	31.915	47	32	0	287	333	195	241	0.006	36.2
JCVISYN3A_0006	BSU17220	27.586	58	37	2	320	375	619	673	1.3	28.9
JCVISYN3A_0006	BSU06780	30.357	56	38	1	277	331	223	278	2.4	27.7
JCVISYN3A_0006	BSU26290	23.684	76	43	2	555	618	11	83	3.7	26.9
JCVISYN3A_0006	BSU32810	26.667	60	43	1	433	492	10	68	4.5	25.8
JCVISYN3A_0006	BSU05850	38.710	31	18	1	230	260	9	38	5.7	26.2
JCVISYN3A_0006	BSU37140	33.333	57	28	2	452	505	72	121	7.1	25.8
JCVISYN3A_0006	BSU03210	28.125	96	57	3	322	415	52	137	8.7	26.2
JCVISYN3A_0007	BSU00070	48.507	804	403	6	21	819	8	805	0.0	770
JCVISYN3A_0007	BSU18100	33.585	795	512	10	35	824	20	803	9.79e-150	456
JCVISYN3A_0007	BSU32480	25.439	114	74	3	115	223	626	733	0.42	30.8
JCVISYN3A_0007	BSU16530	26.415	53	39	0	172	224	106	158	0.56	30.0
JCVISYN3A_0007	BSU01845	30.357	56	32	3	148	199	726	778	3.6	27.7
JCVISYN3A_0007	BSU15440	32.000	50	31	1	359	405	18	67	3.7	26.6
JCVISYN3A_0007	BSU27160	22.059	136	89	3	532	650	442	577	7.0	26.9
JCVISYN3A_0008	BSU31570	34.936	312	184	10	20	325	21	319	2.36e-30	114
JCVISYN3A_0008	BSU31560	24.793	242	129	8	32	251	73	283	1.29e-04	40.0
JCVISYN3A_0008	BSU35950	26.866	67	49	0	156	222	172	238	0.30	29.3
JCVISYN3A_0008	BSU30810	28.571	63	34	1	179	241	10	61	0.53	28.5
JCVISYN3A_0008	BSU26360	52.632	19	9	0	162	180	36	54	1.0	25.4
JCVISYN3A_0008	BSU39240	30.556	108	62	4	8	114	104	199	1.9	26.9
JCVISYN3A_0008	BSU02960	35.135	37	24	0	17	53	248	284	2.9	26.2
JCVISYN3A_0008	BSU30090	34.000	50	32	1	5	54	76	124	3.7	25.8
JCVISYN3A_0008	BSU07860	26.829	41	30	0	22	62	117	157	4.9	25.8
JCVISYN3A_0008	BSU24940	31.429	35	24	0	72	106	13	47	7.9	24.3
JCVISYN3A_0008	BSU12880	25.600	125	80	4	20	131	542	666	8.1	25.0
JCVISYN3A_0008	BSU33690	29.412	68	38	3	98	156	387	453	9.7	24.6
JCVISYN3A_0009	BSU31560	33.068	251	153	6	81	324	61	303	6.91e-29	115
JCVISYN3A_0009	BSU35950	22.959	196	114	8	95	272	59	235	0.36	30.8
JCVISYN3A_0009	BSU03940	34.694	49	32	0	331	379	2	50	0.45	30.0
JCVISYN3A_0009	BSU29070	27.500	80	49	2	224	302	94	165	0.75	29.3
JCVISYN3A_0009	BSU10700	20.219	183	116	6	489	664	7	166	1.3	28.5
JCVISYN3A_0009	BSU03700	23.577	123	85	3	82	198	365	484	1.3	29.3
JCVISYN3A_0009	BSU04230	27.027	111	65	4	171	281	120	214	2.0	28.1
JCVISYN3A_0009	BSU08000	32.836	67	28	4	41	99	260	317	2.1	28.5
JCVISYN3A_0009	BSU02280	39.394	33	19	1	776	807	66	98	2.4	27.7
JCVISYN3A_0009	BSU31570	27.907	43	31	0	214	256	159	201	3.4	27.7
JCVISYN3A_0009	BSU15280	36.364	55	29	1	225	273	141	195	6.8	26.9
JCVISYN3A_0009	BSU23530	40.625	32	14	1	28	54	105	136	7.3	26.2
JCVISYN3A_0009	BSU21010	29.787	47	33	0	540	586	151	197	8.9	26.2
JCVISYN3A_0010	BSU31550	50.881	511	238	7	7	514	1	501	1.73e-165	476
JCVISYN3A_0010	BSU35940	35.857	502	309	5	11	512	3	491	6.16e-98	302
JCVISYN3A_0010	BSU35940	25.103	243	168	5	280	517	9	242	5.42e-12	64.7
JCVISYN3A_0010	BSU23960	34.123	211	127	5	11	217	2	204	8.54e-30	114
JCVISYN3A_0010	BSU23960	24.766	214	141	5	285	493	17	215	6.06e-13	65.5
JCVISYN3A_0010	BSU32750	32.444	225	135	5	11	226	2	218	1.80e-27	110
JCVISYN3A_0010	BSU32750	24.701	251	167	8	274	516	10	246	5.10e-12	63.9
JCVISYN3A_0010	BSU27430	33.333	228	124	6	11	226	2	213	1.89e-26	104
JCVISYN3A_0010	BSU27430	25.692	253	149	12	281	515	9	240	6.69e-09	53.5
JCVISYN3A_0010	BSU13220	22.817	504	319	16	30	492	27	501	7.44e-25	105
JCVISYN3A_0010	BSU13220	24.171	211	138	6	20	223	302	497	2.05e-12	66.2
JCVISYN3A_0010	BSU03590	31.771	192	123	3	31	217	20	208	1.17e-23	97.1
JCVISYN3A_0010	BSU03590	21.212	231	159	5	285	505	17	234	3.08e-08	51.6
JCVISYN3A_0010	BSU02570	31.250	240	139	8	7	238	1	222	4.84e-23	96.7
JCVISYN3A_0010	BSU02570	26.104	249	156	8	289	534	24	247	3.31e-14	70.5
JCVISYN3A_0010	BSU08310	30.594	219	144	3	11	229	2	212	3.66e-22	94.0
JCVISYN3A_0010	BSU08310	25.346	217	144	6	281	493	9	211	6.35e-09	54.3
JCVISYN3A_0010	BSU33730	28.689	244	163	7	11	249	2	239	4.42e-22	95.1
JCVISYN3A_0010	BSU33730	25.000	208	139	6	289	493	22	215	2.12e-10	59.3
JCVISYN3A_0010	BSU29340	30.332	211	138	3	11	217	2	207	5.52e-22	92.4
JCVISYN3A_0010	BSU29340	20.628	223	156	6	280	493	8	218	1.91e-07	49.3
JCVISYN3A_0010	BSU02750	26.500	200	140	3	30	228	23	216	1.28e-21	91.3
JCVISYN3A_0010	BSU02750	24.390	205	142	3	289	493	25	216	8.97e-13	65.1
JCVISYN3A_0010	BSU33830	28.049	246	162	7	11	249	2	239	1.43e-21	93.6
JCVISYN3A_0010	BSU33830	24.434	221	145	8	281	493	9	215	3.55e-09	55.5
JCVISYN3A_0010	BSU33270	31.553	206	127	4	31	230	24	221	8.38e-21	88.2
JCVISYN3A_0010	BSU33270	23.237	241	157	5	253	493	7	219	7.56e-09	53.1
JCVISYN3A_0010	BSU39480	28.837	215	136	4	11	217	2	207	9.96e-20	85.5
JCVISYN3A_0010	BSU39480	22.222	216	147	6	285	493	17	218	2.38e-06	45.8
JCVISYN3A_0010	BSU35260	28.358	201	133	4	11	207	2	195	1.80e-19	84.3
JCVISYN3A_0010	BSU35260	24.454	229	145	7	274	493	7	216	1.58e-07	49.3
JCVISYN3A_0010	BSU40620	27.523	218	142	4	11	226	2	205	3.94e-19	83.2
JCVISYN3A_0010	BSU40620	24.153	236	140	8	266	492	1	206	2.53e-10	57.4
JCVISYN3A_0010	BSU13000	30.000	210	129	6	27	225	26	228	4.69e-18	82.4
JCVISYN3A_0010	BSU13000	22.594	239	163	7	265	493	5	231	1.65e-09	56.2
JCVISYN3A_0010	BSU01450	31.429	210	128	6	27	230	24	223	8.46e-18	80.5
JCVISYN3A_0010	BSU01450	27.586	232	142	8	275	500	17	228	7.67e-12	62.8
JCVISYN3A_0010	BSU30420	28.125	192	129	4	30	217	27	213	1.58e-17	79.0
JCVISYN3A_0010	BSU30420	22.624	221	160	5	275	494	15	225	3.75e-08	51.2
JCVISYN3A_0010	BSU02980	32.287	223	112	9	22	229	43	241	2.02e-17	81.3
JCVISYN3A_0010	BSU02980	23.256	215	147	4	284	493	48	249	5.76e-11	61.2
JCVISYN3A_0010	BSU38660	25.926	216	146	4	11	226	2	203	2.03e-17	79.7
JCVISYN3A_0010	BSU38660	21.531	209	134	8	289	492	21	204	0.003	36.6
JCVISYN3A_0010	BSU09070	24.464	233	155	5	11	240	3	217	2.71e-17	78.2
JCVISYN3A_0010	BSU09070	17.814	247	160	8	272	505	1	217	0.012	34.3
JCVISYN3A_0010	BSU34820	29.412	187	123	5	30	212	359	540	4.70e-17	80.9
JCVISYN3A_0010	BSU09890	25.110	227	143	6	11	229	2	209	8.08e-17	78.2
JCVISYN3A_0010	BSU09890	23.697	211	139	6	296	506	28	216	7.30e-07	47.8
JCVISYN3A_0010	BSU03730	27.193	228	159	5	11	236	4	226	1.73e-16	75.9
JCVISYN3A_0010	BSU03730	21.500	200	125	8	285	473	21	199	5.82e-04	38.5
JCVISYN3A_0010	BSU30380	29.891	184	115	4	31	207	26	202	1.77e-16	76.3
JCVISYN3A_0010	BSU30380	23.005	213	153	5	285	496	23	225	4.43e-08	51.2
JCVISYN3A_0010	BSU02860	27.723	202	130	7	29	224	20	211	2.98e-16	75.1
JCVISYN3A_0010	BSU02860	24.057	212	141	7	285	491	19	215	1.05e-11	61.6
JCVISYN3A_0010	BSU34090	27.354	223	144	6	10	230	5	211	4.06e-16	75.9
JCVISYN3A_0010	BSU34090	24.229	227	148	5	272	495	6	211	7.31e-09	53.9
JCVISYN3A_0010	BSU30760	25.000	220	155	4	9	226	2	213	6.73e-16	74.3
JCVISYN3A_0010	BSU30760	25.000	224	141	8	271	488	8	210	1.11e-09	55.8
JCVISYN3A_0010	BSU07490	28.000	200	140	4	29	226	20	217	9.12e-16	74.3
JCVISYN3A_0010	BSU07490	23.932	234	143	11	271	492	8	218	1.15e-09	56.2
JCVISYN3A_0010	BSU08830	25.758	198	129	4	29	223	23	205	1.07e-15	73.9
JCVISYN3A_0010	BSU01950	26.761	213	140	4	284	496	18	214	2.11e-15	72.8
JCVISYN3A_0010	BSU01950	26.106	226	153	5	11	234	4	217	1.30e-14	70.5
JCVISYN3A_0010	BSU30610	27.717	184	120	7	30	211	25	197	4.91e-15	72.0
JCVISYN3A_0010	BSU30610	23.762	202	123	8	295	489	33	210	9.11e-08	50.4
JCVISYN3A_0010	BSU37390	23.980	196	144	3	29	223	21	212	9.89e-15	70.9
JCVISYN3A_0010	BSU37390	24.370	238	155	8	266	497	3	221	2.18e-07	48.9
JCVISYN3A_0010	BSU04490	24.017	229	158	5	31	258	24	237	1.03e-14	72.0
JCVISYN3A_0010	BSU04490	26.160	237	148	8	264	496	3	216	8.02e-10	57.0
JCVISYN3A_0010	BSU39640	27.419	186	117	5	31	207	26	202	1.21e-14	70.9
JCVISYN3A_0010	BSU39640	24.569	232	154	10	270	496	10	225	9.39e-06	44.3
JCVISYN3A_0010	BSU11370	26.761	213	142	6	23	226	31	238	1.73e-14	71.6
JCVISYN3A_0010	BSU11370	23.223	211	146	6	289	493	40	240	1.12e-05	44.3
JCVISYN3A_0010	BSU38810	26.728	217	150	4	11	226	4	212	2.03e-14	71.6
JCVISYN3A_0010	BSU38810	23.874	222	149	7	274	492	9	213	2.37e-09	55.8
JCVISYN3A_0010	BSU14360	24.783	230	143	6	11	225	2	216	2.14e-14	69.7
JCVISYN3A_0010	BSU14360	21.918	219	158	4	285	503	21	226	2.16e-07	48.9
JCVISYN3A_0010	BSU09080	23.744	219	155	4	11	228	5	212	2.28e-14	70.9
JCVISYN3A_0010	BSU09080	24.424	217	132	6	285	493	20	212	9.68e-10	56.6
JCVISYN3A_0010	BSU07420	21.898	548	288	22	11	473	4	496	4.23e-14	71.6
JCVISYN3A_0010	BSU07420	24.064	187	116	5	31	216	343	504	1.14e-07	51.2
JCVISYN3A_0010	BSU07420	22.881	236	137	10	276	480	7	228	0.008	35.4
JCVISYN3A_0010	BSU01460	29.902	204	129	6	30	225	12	209	4.78e-14	69.3
JCVISYN3A_0010	BSU01460	22.973	222	147	7	278	490	3	209	6.84e-08	50.8
JCVISYN3A_0010	BSU34700	25.604	207	124	6	33	229	30	216	5.44e-14	68.9
JCVISYN3A_0010	BSU34700	26.244	221	138	9	284	496	24	227	1.48e-09	55.8
JCVISYN3A_0010	BSU14430	22.460	561	298	22	11	487	2	509	8.18e-14	70.5
JCVISYN3A_0010	BSU12250	26.263	198	136	6	30	226	34	222	1.15e-13	67.8
JCVISYN3A_0010	BSU12250	24.155	207	131	8	292	493	39	224	3.64e-06	45.4
JCVISYN3A_0010	BSU10040	24.365	197	141	3	11	207	4	192	3.10e-13	66.6
JCVISYN3A_0010	BSU10040	21.739	207	148	5	285	491	19	211	1.68e-06	46.2
JCVISYN3A_0010	BSU11470	25.982	331	172	16	11	304	6	300	5.56e-13	66.6
JCVISYN3A_0010	BSU11470	23.423	222	157	6	282	498	22	235	1.37e-07	50.1
JCVISYN3A_0010	BSU05950	20.976	615	339	19	11	537	4	559	7.35e-13	67.8
JCVISYN3A_0010	BSU35700	23.858	197	132	2	30	226	41	219	2.29e-12	65.9
JCVISYN3A_0010	BSU35700	20.276	217	135	7	282	492	36	220	0.29	30.4
JCVISYN3A_0010	BSU38730	25.854	205	142	8	8	209	334	531	4.01e-12	65.5
JCVISYN3A_0010	BSU38730	25.439	228	142	8	271	491	341	547	1.17e-06	47.8
JCVISYN3A_0010	BSU30010	23.762	202	125	5	30	225	23	201	4.67e-12	62.8
JCVISYN3A_0010	BSU30010	24.510	204	129	4	290	493	26	204	9.40e-12	62.0
JCVISYN3A_0010	BSU37230	29.208	202	123	9	29	221	350	540	6.95e-12	64.7
JCVISYN3A_0010	BSU37230	23.636	220	153	7	271	489	337	542	2.22e-05	43.9
JCVISYN3A_0010	BSU05610	26.636	214	126	8	11	222	292	476	9.23e-12	64.3
JCVISYN3A_0010	BSU05610	19.782	551	292	19	31	506	23	498	1.39e-08	53.9
JCVISYN3A_0010	BSU08690	26.201	229	160	5	3	225	333	558	9.32e-12	64.3
JCVISYN3A_0010	BSU08690	27.570	214	134	7	285	493	358	555	5.14e-07	48.9
JCVISYN3A_0010	BSU08210	30.055	183	121	4	11	190	330	508	1.40e-11	63.5
JCVISYN3A_0010	BSU08210	22.523	222	135	10	284	493	346	542	0.003	36.6
JCVISYN3A_0010	BSU03820	25.238	210	133	6	11	210	2	197	1.41e-11	61.6
JCVISYN3A_0010	BSU03820	30.435	92	53	3	415	500	136	222	1.36e-05	43.5
JCVISYN3A_0010	BSU15340	25.373	201	146	2	30	226	20	220	1.43e-11	62.0
JCVISYN3A_0010	BSU15340	31.707	82	54	1	415	494	142	223	3.31e-07	48.5
JCVISYN3A_0010	BSU32940	26.108	203	144	5	10	210	5	203	2.12e-11	61.6
JCVISYN3A_0010	BSU32940	21.918	219	147	7	285	495	21	223	2.59e-06	45.8
JCVISYN3A_0010	BSU30450	21.327	211	145	5	11	217	2	195	7.54e-11	60.1
JCVISYN3A_0010	BSU30450	21.186	236	155	6	285	514	17	227	1.46e-04	40.4
JCVISYN3A_0010	BSU24950	26.364	220	132	8	30	232	31	237	9.11e-11	59.3
JCVISYN3A_0010	BSU24950	24.312	218	148	8	283	493	27	234	2.18e-08	52.4
JCVISYN3A_0010	BSU32550	24.747	198	141	3	30	226	21	211	1.08e-10	60.1
JCVISYN3A_0010	BSU32550	22.768	224	145	7	276	492	10	212	4.64e-07	48.9
JCVISYN3A_0010	BSU33290	25.248	202	147	3	29	228	20	219	3.67e-10	57.8
JCVISYN3A_0010	BSU33290	22.430	214	152	7	285	495	19	221	8.14e-06	44.3
JCVISYN3A_0010	BSU11360	26.383	235	148	9	11	226	5	233	4.17e-10	58.2
JCVISYN3A_0010	BSU11360	30.097	103	58	3	393	493	145	235	2.65e-05	43.1
JCVISYN3A_0010	BSU14330	26.699	206	132	8	31	228	382	576	7.65e-10	58.2
JCVISYN3A_0010	BSU14330	29.630	81	55	2	415	495	500	578	0.083	32.3
JCVISYN3A_0010	BSU12950	26.522	230	154	6	11	226	5	233	9.34e-10	57.0
JCVISYN3A_0010	BSU12950	23.045	243	163	7	264	492	2	234	1.65e-06	47.0
JCVISYN3A_0010	BSU07370	23.140	242	129	6	11	217	4	223	8.62e-09	54.7
JCVISYN3A_0010	BSU07370	28.205	78	53	1	415	492	159	233	0.005	36.2
JCVISYN3A_0010	BSU07370	24.211	95	68	3	393	487	420	510	2.8	27.3
JCVISYN3A_0010	BSU14320	22.807	228	148	8	4	218	328	540	1.96e-08	53.5
JCVISYN3A_0010	BSU14320	24.107	224	143	7	275	492	346	548	2.08e-05	43.9
JCVISYN3A_0010	BSU11460	28.899	218	138	8	23	226	22	236	3.15e-08	52.4
JCVISYN3A_0010	BSU11460	28.571	84	51	2	415	493	159	238	2.73e-05	43.1
JCVISYN3A_0010	BSU09710	24.742	194	126	7	30	214	356	538	1.22e-07	51.2
JCVISYN3A_0010	BSU09710	23.944	213	146	8	285	495	354	552	5.32e-06	45.8
JCVISYN3A_0010	BSU09720	24.091	220	140	7	11	218	430	634	1.36e-07	50.8
JCVISYN3A_0010	BSU33160	25.000	184	135	3	29	210	17	199	2.26e-07	50.1
JCVISYN3A_0010	BSU33160	22.381	210	140	8	289	490	20	214	6.41e-05	42.0
JCVISYN3A_0010	BSU08220	27.041	196	125	10	31	218	385	570	3.10e-06	46.6
JCVISYN3A_0010	BSU08220	24.651	215	139	7	285	493	382	579	1.22e-05	44.7
JCVISYN3A_0010	BSU38740	28.272	191	112	8	47	220	362	544	1.81e-05	43.9
JCVISYN3A_0010	BSU38740	24.691	81	59	2	412	492	461	539	0.030	33.9
JCVISYN3A_0010	BSU32710	40.426	47	26	1	31	75	24	70	2.18e-05	43.1
JCVISYN3A_0010	BSU32710	28.125	64	44	1	285	346	21	84	5.4	26.2
JCVISYN3A_0010	BSU24960	22.072	222	156	8	6	217	18	232	1.03e-04	40.8
JCVISYN3A_0010	BSU24960	19.672	244	158	10	266	493	22	243	6.26e-04	38.5
JCVISYN3A_0010	BSU35160	28.283	99	68	1	118	213	796	894	1.69e-04	41.2
JCVISYN3A_0010	BSU35160	24.623	199	127	8	129	315	465	652	0.003	37.0
JCVISYN3A_0010	BSU21470	24.064	187	121	6	29	207	500	673	8.26e-04	38.9
JCVISYN3A_0010	BSU40150	24.607	191	112	9	30	215	18	181	0.15	30.8
JCVISYN3A_0010	BSU40150	20.238	84	65	1	407	488	106	189	4.6	26.2
JCVISYN3A_0010	BSU30640	23.913	92	63	1	103	194	44	128	0.27	29.3
JCVISYN3A_0010	BSU21350	22.348	264	165	12	82	320	922	1170	0.56	29.6
JCVISYN3A_0010	BSU38960	26.531	49	36	0	490	538	26	74	0.65	29.3
JCVISYN3A_0010	BSU38950	25.000	44	33	0	490	533	26	69	0.74	29.3
JCVISYN3A_0010	BSU09920	31.915	47	23	2	32	69	21	67	1.4	28.5
JCVISYN3A_0010	BSU00870	32.143	56	37	1	35	89	88	143	1.4	28.1
JCVISYN3A_0010	BSU27920	22.628	137	70	6	42	161	162	279	1.5	28.1
JCVISYN3A_0010	BSU24100	25.000	112	69	3	149	253	54	157	5.3	26.6
JCVISYN3A_0010	BSU09530	23.810	168	92	7	185	319	133	297	8.3	25.8
JCVISYN3A_0010	BSU24760	29.730	37	26	0	290	326	134	170	8.8	25.4
JCVISYN3A_0010	BSU06340	34.375	32	21	0	376	407	212	243	9.2	25.4
JCVISYN3A_0011	BSU31540	25.455	165	76	6	38	200	41	160	5.99e-04	38.9
JCVISYN3A_0011	BSU39240	38.776	49	30	0	268	316	86	134	0.57	29.3
JCVISYN3A_0011	BSU38090	28.947	38	27	0	428	465	530	567	2.0	28.1
JCVISYN3A_0011	BSU14630	30.337	89	49	2	453	535	223	304	5.7	26.2
JCVISYN3A_0011	BSU25510	35.135	37	24	0	154	190	423	459	6.3	26.2
JCVISYN3A_0011	BSU22030	36.585	41	24	1	483	521	3	43	6.4	26.2
JCVISYN3A_0011	BSU24740	31.429	70	43	3	451	515	145	214	9.8	25.4
JCVISYN3A_0012	BSU00380	41.459	521	284	7	5	508	8	524	2.62e-147	434
JCVISYN3A_0012	BSU28090	28.421	190	101	5	5	159	42	231	1.00e-14	73.9
JCVISYN3A_0012	BSU28090	26.316	209	116	9	288	475	512	703	1.99e-09	57.0
JCVISYN3A_0012	BSU30320	33.571	140	90	2	3	139	31	170	1.97e-13	69.7
JCVISYN3A_0012	BSU30320	29.252	147	75	6	288	415	563	699	1.78e-04	40.8
JCVISYN3A_0012	BSU15430	26.144	153	96	4	4	140	49	200	7.42e-10	58.2
JCVISYN3A_0012	BSU15430	27.586	145	77	7	189	329	503	623	2.61e-05	43.5
JCVISYN3A_0012	BSU26740	26.744	86	58	3	164	249	120	200	0.14	31.2
JCVISYN3A_0012	BSU00940	41.176	51	29	1	278	327	243	293	0.18	31.2
JCVISYN3A_0012	BSU37330	40.000	30	18	0	14	43	134	163	0.26	30.4
JCVISYN3A_0012	BSU37330	29.787	94	47	5	269	349	343	430	1.8	27.7
JCVISYN3A_0012	BSU05560	32.653	49	31	1	355	403	22	68	0.53	27.3
JCVISYN3A_0012	BSU03040	21.277	94	67	2	319	406	210	302	1.7	28.1
JCVISYN3A_0012	BSU20940	20.833	72	40	1	330	384	88	159	3.0	26.9
JCVISYN3A_0012	BSU17430	33.333	42	23	2	344	383	363	401	3.1	26.9
JCVISYN3A_0012	BSU30370	22.059	136	64	4	57	161	341	465	4.7	26.6
JCVISYN3A_0012	BSU06812	38.095	42	25	1	388	428	526	567	5.0	26.6
JCVISYN3A_0012	BSU24740	27.273	55	40	0	158	212	206	260	6.0	26.2
JCVISYN3A_0012	BSU19890	37.255	51	29	2	137	186	36	84	6.4	25.0
JCVISYN3A_0012	BSU12680	36.364	44	23	2	335	375	1138	1179	9.0	25.8
JCVISYN3A_0918	BSU34900	40.553	217	104	2	4	219	2	194	1.89e-49	157
JCVISYN3A_0918	BSU16120	35.714	70	38	4	112	178	472	537	1.3	26.9
JCVISYN3A_0918	BSU09540	30.357	56	36	2	17	71	9	62	1.5	26.2
JCVISYN3A_0918	BSU09510	32.258	31	18	1	63	90	283	313	3.4	25.4
JCVISYN3A_0918	BSU13930	27.632	76	48	3	62	132	148	221	4.5	25.0
JCVISYN3A_0918	BSU23010	33.846	65	30	3	145	208	136	188	5.0	24.6
JCVISYN3A_0918	BSU35770	25.581	43	32	0	152	194	208	250	5.5	24.6
JCVISYN3A_0918	BSU32800	27.273	44	32	0	106	149	54	97	6.9	23.9
JCVISYN3A_0918	BSU06150	35.294	34	20	1	3	34	226	259	9.0	23.9
JCVISYN3A_0918	BSU22170	41.379	29	13	1	116	140	167	195	9.2	23.9
JCVISYN3A_0913	BSU01120	26.183	676	424	15	2	611	9	675	1.45e-68	233
JCVISYN3A_0913	BSU14770	38.760	129	77	1	5	133	9	135	1.32e-23	102
JCVISYN3A_0913	BSU25510	34.667	150	90	2	2	146	13	159	6.03e-19	87.4
JCVISYN3A_0913	BSU25510	22.222	216	150	6	219	420	171	382	2.87e-05	43.9
JCVISYN3A_0913	BSU01130	37.879	132	72	3	5	131	14	140	2.82e-17	81.3
JCVISYN3A_0913	BSU16630	29.787	141	81	1	6	146	222	344	8.16e-12	65.1
JCVISYN3A_0913	BSU22840	25.263	95	63	2	46	132	29	123	0.004	36.6
JCVISYN3A_0913	BSU25290	30.882	68	39	3	73	132	61	128	0.047	33.1
JCVISYN3A_0913	BSU21190	29.412	85	54	3	76	158	132	212	0.58	29.3
JCVISYN3A_0913	BSU33221	26.786	56	41	0	577	632	61	116	3.2	26.9
JCVISYN3A_0913	BSU10220	27.778	72	50	1	412	481	172	243	4.1	26.9
JCVISYN3A_0913	BSU03360	31.884	69	31	3	1	53	1	69	5.5	26.6
JCVISYN3A_0913	BSU28720	26.562	64	45	2	518	580	353	415	7.8	26.2
JCVISYN3A_0025	BSU40890	67.742	62	20	0	12	73	15	76	1.18e-27	92.4
JCVISYN3A_0025	BSU40340	52.632	19	9	0	20	38	171	189	0.29	25.8
JCVISYN3A_0025	BSU19360	42.105	19	11	0	3	21	224	242	4.1	22.3
JCVISYN3A_0025	BSU35930	33.333	21	14	0	13	33	86	106	6.7	21.6
JCVISYN3A_0025	BSU33550	29.730	37	25	1	29	65	495	530	7.1	21.9
JCVISYN3A_0025	BSU39920	40.000	25	15	0	9	33	529	553	8.5	21.6
JCVISYN3A_0026	BSU40900	43.269	104	56	1	1	101	2	105	5.85e-22	83.6
JCVISYN3A_0026	BSU36310	38.835	103	60	1	2	101	3	105	1.87e-19	75.5
JCVISYN3A_0026	BSU30550	36.111	36	23	0	102	137	2	37	2.7	24.6
JCVISYN3A_0026	BSU12610	50.000	22	11	0	74	95	106	127	6.7	23.5
JCVISYN3A_0026	BSU07840	36.364	33	13	1	62	94	339	363	8.5	23.5
JCVISYN3A_0026	BSU21140	41.667	24	14	0	118	141	139	162	9.9	22.7
JCVISYN3A_0027	BSU40910	35.106	94	58	2	2	92	1	94	5.04e-16	65.9
JCVISYN3A_0027	BSU13990	46.429	28	13	1	11	36	1	28	0.36	27.3
JCVISYN3A_0027	BSU15470	21.348	89	55	2	46	133	20	94	1.8	25.0
JCVISYN3A_0027	BSU32050	25.556	90	55	3	45	130	138	219	2.0	25.0
JCVISYN3A_0027	BSU21320	33.333	42	28	0	30	71	99	140	2.0	25.0
JCVISYN3A_0027	BSU05100	34.286	35	23	0	37	71	106	140	2.2	24.6
JCVISYN3A_0027	BSU05840	30.909	55	35	1	47	98	94	148	3.4	24.3
JCVISYN3A_0027	BSU05540	75.000	12	3	0	28	39	95	106	7.0	23.1
JCVISYN3A_0027	BSU17220	48.000	25	13	0	15	39	2016	2040	7.5	23.5
JCVISYN3A_0027	BSU06760	32.787	61	39	1	21	79	92	152	8.2	23.5
JCVISYN3A_0027	BSU02200	33.333	36	22	1	56	89	96	131	9.1	23.1
JCVISYN3A_0029	BSU33540	29.545	220	125	8	1	199	1	211	1.11e-20	82.8
JCVISYN3A_0029	BSU19230	29.843	191	114	6	1	175	1	187	1.27e-20	82.4
JCVISYN3A_0029	BSU05300	25.191	131	74	7	75	199	57	169	0.045	30.4
JCVISYN3A_0029	BSU35990	23.077	91	53	3	31	121	23	96	0.056	30.0
JCVISYN3A_0029	BSU26470	32.258	62	38	1	74	135	53	110	0.22	28.5
JCVISYN3A_0029	BSU39800	40.000	35	16	2	13	47	57	86	0.32	27.3
JCVISYN3A_0029	BSU36150	25.000	100	65	2	81	178	72	163	0.60	26.9
JCVISYN3A_0029	BSU39740	27.778	36	26	0	132	167	56	91	0.79	26.9
JCVISYN3A_0029	BSU09020	28.205	39	28	0	66	104	37	75	1.1	26.2
JCVISYN3A_0029	BSU24180	21.505	93	63	3	15	103	109	195	1.9	25.8
JCVISYN3A_0029	BSU17230	24.615	65	39	1	9	63	172	236	2.7	25.4
JCVISYN3A_0029	BSU10920	28.788	66	38	2	42	101	95	157	2.9	25.4
JCVISYN3A_0029	BSU06130	33.333	33	22	0	119	151	56	88	4.1	24.3
JCVISYN3A_0029	BSU40220	25.714	70	42	3	21	89	412	472	4.9	24.6
JCVISYN3A_0029	BSU33950	20.482	83	61	1	54	131	210	292	6.4	24.3
JCVISYN3A_0029	BSU40820	33.333	24	16	0	123	146	10	33	7.6	24.3
JCVISYN3A_0030	BSU30380	41.475	217	124	1	111	324	3	219	1.08e-55	179
JCVISYN3A_0030	BSU14360	38.710	217	129	2	111	324	1	216	4.25e-54	174
JCVISYN3A_0030	BSU33270	38.710	217	129	2	111	324	1	216	3.09e-51	167
JCVISYN3A_0030	BSU34700	36.818	220	134	2	110	324	2	221	2.61e-50	166
JCVISYN3A_0030	BSU39640	39.013	223	128	3	111	328	4	223	4.07e-48	160
JCVISYN3A_0030	BSU30420	34.978	223	138	2	111	326	1	223	8.52e-48	158
JCVISYN3A_0030	BSU35260	37.387	222	126	6	111	326	1	215	1.17e-42	144
JCVISYN3A_0030	BSU29340	37.333	225	124	6	111	326	1	217	5.08e-42	144
JCVISYN3A_0030	BSU03590	38.839	224	123	6	111	326	1	218	9.19e-42	143
JCVISYN3A_0030	BSU39480	39.207	227	117	8	111	326	1	217	4.18e-39	136
JCVISYN3A_0030	BSU27430	36.752	234	132	7	111	335	1	227	1.25e-36	129
JCVISYN3A_0030	BSU08830	34.555	191	116	1	118	308	9	190	1.96e-36	129
JCVISYN3A_0030	BSU03730	36.500	200	120	4	129	324	19	215	2.22e-36	128
JCVISYN3A_0030	BSU23960	35.683	227	122	8	111	326	1	214	2.42e-36	128
JCVISYN3A_0030	BSU32750	32.110	218	143	3	111	324	1	217	6.30e-35	127
JCVISYN3A_0030	BSU33730	32.627	236	143	7	111	337	1	229	5.45e-32	120
JCVISYN3A_0030	BSU33830	32.420	219	136	5	111	324	1	212	4.08e-31	118
JCVISYN3A_0030	BSU30610	30.734	218	136	4	111	323	3	210	8.51e-30	112
JCVISYN3A_0030	BSU11460	29.845	258	150	8	110	343	6	256	7.57e-29	111
JCVISYN3A_0030	BSU38810	28.000	225	143	5	112	329	4	216	8.84e-29	111
JCVISYN3A_0030	BSU24950	32.328	232	134	7	130	343	28	254	1.25e-28	108
JCVISYN3A_0030	BSU02980	30.412	194	131	2	135	324	53	246	2.54e-28	110
JCVISYN3A_0030	BSU12950	29.694	229	146	4	111	324	4	232	7.85e-27	105
JCVISYN3A_0030	BSU02860	29.493	217	133	4	119	324	7	214	1.12e-25	100
JCVISYN3A_0030	BSU01450	31.863	204	131	5	125	324	19	218	2.10e-25	100
JCVISYN3A_0030	BSU11360	27.778	234	153	5	111	328	4	237	4.70e-25	100
JCVISYN3A_0030	BSU11370	27.854	219	140	5	111	313	9	225	6.25e-25	100
JCVISYN3A_0030	BSU13000	31.579	190	119	6	133	313	29	216	1.63e-24	99.0
JCVISYN3A_0030	BSU24960	30.952	210	127	6	110	308	21	223	3.86e-24	96.7
JCVISYN3A_0030	BSU11470	29.032	217	134	6	111	313	5	215	1.52e-23	95.9
JCVISYN3A_0030	BSU30760	31.754	211	121	5	112	313	4	200	3.40e-23	93.6
JCVISYN3A_0030	BSU03820	27.027	222	148	5	111	326	1	214	1.68e-22	92.0
JCVISYN3A_0030	BSU12250	29.767	215	143	6	112	324	13	221	2.49e-22	91.3
JCVISYN3A_0030	BSU38660	28.507	221	138	5	111	327	1	205	3.21e-22	92.0
JCVISYN3A_0030	BSU02570	29.949	197	130	4	130	324	19	209	4.03e-22	92.0
JCVISYN3A_0030	BSU32550	27.451	204	127	4	112	308	4	193	4.13e-22	92.8
JCVISYN3A_0030	BSU01460	28.636	220	144	8	126	337	5	219	2.34e-21	89.4
JCVISYN3A_0030	BSU09080	29.146	199	132	4	109	307	2	191	7.10e-21	88.2
JCVISYN3A_0030	BSU35940	26.818	220	147	3	112	324	3	215	7.13e-21	90.1
JCVISYN3A_0030	BSU35940	21.505	279	180	9	76	341	233	485	7.74e-13	65.9
JCVISYN3A_0030	BSU33160	31.884	207	114	5	134	324	19	214	5.82e-20	87.0
JCVISYN3A_0030	BSU07490	30.806	211	130	5	128	328	16	220	1.20e-19	84.3
JCVISYN3A_0030	BSU04490	30.500	200	129	3	130	326	20	212	1.25e-19	84.7
JCVISYN3A_0030	BSU13220	28.033	239	152	7	118	341	12	245	3.71e-19	85.1
JCVISYN3A_0030	BSU13220	23.897	272	172	13	79	336	258	508	7.82e-17	78.2
JCVISYN3A_0030	BSU02750	30.808	198	128	5	131	324	21	213	4.47e-19	82.0
JCVISYN3A_0030	BSU08310	29.500	200	128	5	111	307	1	190	6.12e-19	82.8
JCVISYN3A_0030	BSU33290	28.293	205	135	3	130	326	18	218	6.62e-19	82.0
JCVISYN3A_0030	BSU40620	29.952	207	133	4	127	330	13	210	6.02e-18	78.6
JCVISYN3A_0030	BSU31550	24.889	225	150	4	109	324	2	216	7.15e-18	81.3
JCVISYN3A_0030	BSU31550	22.543	173	99	7	131	280	273	433	1.96e-05	42.7
JCVISYN3A_0030	BSU37230	29.487	234	136	8	112	331	333	551	7.22e-18	81.3
JCVISYN3A_0030	BSU08690	29.386	228	134	9	112	326	341	554	1.89e-17	80.1
JCVISYN3A_0030	BSU08210	29.114	237	148	8	112	339	330	555	2.75e-17	79.7
JCVISYN3A_0030	BSU34090	29.714	175	112	5	134	307	24	188	5.80e-17	77.0
JCVISYN3A_0030	BSU01950	25.688	218	146	6	111	324	3	208	1.01e-15	72.4
JCVISYN3A_0030	BSU32940	26.768	198	133	4	134	323	24	217	1.81e-15	72.4
JCVISYN3A_0030	BSU09720	26.872	227	136	7	112	324	430	640	9.52e-15	72.0
JCVISYN3A_0030	BSU34820	29.126	206	126	7	130	324	356	552	1.37e-14	71.6
JCVISYN3A_0030	BSU21470	26.818	220	134	8	122	328	490	695	1.89e-14	71.2
JCVISYN3A_0030	BSU15340	28.155	206	134	5	130	324	17	219	2.78e-14	68.9
JCVISYN3A_0030	BSU08220	27.477	222	141	7	112	324	366	576	3.23e-14	70.5
JCVISYN3A_0030	BSU07420	23.750	240	148	8	111	323	3	234	3.34e-14	70.1
JCVISYN3A_0030	BSU07420	23.039	204	129	7	109	311	323	499	8.55e-07	47.4
JCVISYN3A_0030	BSU38730	26.818	220	144	5	112	324	337	546	6.89e-14	69.3
JCVISYN3A_0030	BSU05610	27.962	211	110	7	109	319	2	170	3.53e-13	67.0
JCVISYN3A_0030	BSU05610	26.577	222	132	9	109	327	289	482	1.47e-11	62.0
JCVISYN3A_0030	BSU07370	25.210	238	145	10	111	324	3	231	2.87e-12	64.3
JCVISYN3A_0030	BSU07370	23.784	185	112	8	154	330	357	520	3.56e-07	48.5
JCVISYN3A_0030	BSU14430	25.000	200	125	4	130	308	16	211	4.03e-12	63.9
JCVISYN3A_0030	BSU14430	31.183	93	52	4	240	327	431	516	9.01e-07	47.0
JCVISYN3A_0030	BSU14330	25.339	221	147	7	112	324	363	573	5.77e-12	63.5
JCVISYN3A_0030	BSU05950	26.364	220	133	6	113	327	325	520	1.37e-11	62.4
JCVISYN3A_0030	BSU05950	23.629	237	120	7	130	324	18	235	2.82e-08	52.0
JCVISYN3A_0030	BSU14320	24.348	230	143	6	112	326	335	548	2.01e-11	61.6
JCVISYN3A_0030	BSU30010	23.469	196	135	5	130	324	20	201	2.33e-11	59.7
JCVISYN3A_0030	BSU09710	27.053	207	130	6	131	326	354	550	7.44e-11	60.1
JCVISYN3A_0030	BSU30450	22.727	220	157	7	111	329	1	208	3.08e-10	57.0
JCVISYN3A_0030	BSU10040	23.415	205	147	4	124	324	12	210	1.45e-08	51.6
JCVISYN3A_0030	BSU38740	25.532	188	132	5	150	332	362	546	1.80e-08	52.4
JCVISYN3A_0030	BSU09070	24.186	215	146	6	112	324	3	202	1.06e-07	48.9
JCVISYN3A_0030	BSU09890	22.517	151	106	3	133	280	19	161	1.33e-07	49.3
JCVISYN3A_0030	BSU37390	22.897	214	140	8	111	313	3	202	1.10e-06	45.8
JCVISYN3A_0030	BSU32710	25.728	206	134	8	130	321	20	220	1.56e-06	45.8
JCVISYN3A_0030	BSU35160	23.077	182	121	8	153	321	727	902	0.001	37.4
JCVISYN3A_0030	BSU35160	40.741	27	16	0	131	157	16	42	1.1	28.1
JCVISYN3A_0030	BSU35160	41.935	31	18	0	131	161	622	652	2.3	26.9
JCVISYN3A_0030	BSU35700	21.212	198	136	3	130	324	38	218	0.004	35.4
JCVISYN3A_0030	BSU20970	25.000	120	62	5	64	175	45	144	0.025	32.0
JCVISYN3A_0030	BSU38090	47.222	36	15	2	146	181	261	292	0.30	29.6
JCVISYN3A_0030	BSU40150	29.688	64	38	2	249	308	114	174	0.40	28.9
JCVISYN3A_0030	BSU04860	38.182	55	25	3	129	182	215	261	0.45	29.3
JCVISYN3A_0030	BSU29805	29.268	82	47	3	105	175	587	668	0.55	28.9
JCVISYN3A_0030	BSU17120	27.778	72	48	1	167	238	592	659	0.61	28.9
JCVISYN3A_0030	BSU16400	24.419	172	97	6	12	165	43	199	0.69	28.5
JCVISYN3A_0030	BSU00150	44.000	25	14	0	138	162	1	25	0.93	27.7
JCVISYN3A_0030	BSU17040	33.333	36	24	0	139	174	593	628	1.3	27.7
JCVISYN3A_0030	BSU25290	43.750	32	18	0	140	171	7	38	1.4	27.3
JCVISYN3A_0030	BSU27080	55.556	18	8	0	144	161	141	158	2.0	27.3
JCVISYN3A_0030	BSU28220	42.857	28	15	1	135	162	104	130	2.5	26.6
JCVISYN3A_0030	BSU12420	50.000	20	10	0	144	163	223	242	2.6	26.6
JCVISYN3A_0030	BSU27730	42.857	21	12	0	142	162	54	74	3.0	26.2
JCVISYN3A_0030	BSU15600	29.310	58	34	1	140	197	25	75	3.2	25.8
JCVISYN3A_0030	BSU02220	61.111	18	7	0	185	202	248	265	3.5	26.2
JCVISYN3A_0030	BSU25380	32.468	77	43	3	247	322	81	149	3.9	25.8
JCVISYN3A_0030	BSU16110	25.352	71	49	2	30	100	80	146	4.5	25.8
JCVISYN3A_0030	BSU00280	62.500	16	6	0	143	158	5	20	5.6	25.4
JCVISYN3A_0030	BSU18830	31.818	44	28	1	152	193	361	404	6.2	25.4
JCVISYN3A_0030	BSU39010	34.286	35	20	1	150	184	99	130	6.8	25.0
JCVISYN3A_0030	BSU12860	34.884	43	24	1	197	239	240	278	7.0	25.4
JCVISYN3A_0030	BSU11690	47.368	19	10	0	44	62	53	71	7.1	25.0
JCVISYN3A_0030	BSU23860	34.483	29	19	0	125	153	150	178	7.3	25.4
JCVISYN3A_0030	BSU16800	25.758	66	40	1	105	161	415	480	7.5	25.4
JCVISYN3A_0030	BSU24730	56.250	16	7	0	143	158	139	154	7.9	25.0
JCVISYN3A_0030	BSU28200	29.545	88	43	3	109	196	330	398	8.7	25.0
JCVISYN3A_0030	BSU25340	25.714	35	25	1	138	172	127	160	9.7	24.6
JCVISYN3A_0033	BSU39090	39.535	43	26	0	957	999	151	193	0.20	31.6
JCVISYN3A_0033	BSU00940	32.051	78	48	2	627	704	313	385	0.30	31.6
JCVISYN3A_0033	BSU24910	25.197	127	75	5	855	964	17	140	0.32	31.2
JCVISYN3A_0033	BSU33610	23.308	133	90	5	627	751	477	605	0.85	30.0
JCVISYN3A_0033	BSU05170	29.167	48	33	1	841	887	66	113	4.3	27.7
JCVISYN3A_0033	BSU02430	43.478	23	13	0	478	500	61	83	6.4	26.9
JCVISYN3A_0033	BSU15370	19.626	107	84	1	775	879	1	107	8.4	26.6
JCVISYN3A_0033	BSU06060	24.590	122	84	3	44	163	32	147	8.4	26.9
JCVISYN3A_0034	BSU33260	29.565	115	79	1	658	770	278	392	6.66e-04	40.8
JCVISYN3A_0034	BSU30410	19.565	138	92	3	608	739	253	377	0.067	34.3
JCVISYN3A_0034	BSU31260	28.723	94	52	5	727	819	261	340	1.2	30.4
JCVISYN3A_0034	BSU39390	25.253	99	62	4	678	764	206	304	2.2	29.6
JCVISYN3A_0034	BSU29930	29.070	86	45	4	905	977	511	593	2.3	29.6
JCVISYN3A_0034	BSU03740	27.957	93	62	3	647	734	298	390	3.4	28.9
JCVISYN3A_0034	BSU16270	21.212	99	69	3	942	1033	73	169	4.7	28.5
JCVISYN3A_0034	BSU31520	31.707	41	25	1	1757	1794	11	51	6.4	28.1
JCVISYN3A_0034	BSU10250	30.612	49	33	1	1501	1548	259	307	7.7	27.7
JCVISYN3A_0034	BSU04960	20.000	125	84	4	1654	1770	304	420	7.8	27.7
JCVISYN3A_0034	BSU18290	29.268	41	29	0	1731	1771	42	82	8.4	26.6
JCVISYN3A_0034	BSU40070	26.389	72	50	1	668	739	57	125	8.9	27.3
JCVISYN3A_0034	BSU02670	26.667	105	56	5	678	779	24	110	9.3	27.3
JCVISYN3A_0034	BSU07800	29.787	47	31	1	990	1036	66	110	9.6	27.3
JCVISYN3A_0034	BSU37170	35.135	37	24	0	518	554	138	174	9.8	27.3
JCVISYN3A_0039	BSU00690	47.709	633	300	14	1	619	1	616	0.0	537
JCVISYN3A_0039	BSU12420	29.130	230	133	7	204	430	221	423	5.89e-21	92.8
JCVISYN3A_0039	BSU28220	36.458	96	54	3	210	298	116	211	1.50e-05	44.3
JCVISYN3A_0039	BSU17420	25.543	184	115	9	168	339	54	227	8.46e-05	42.0
JCVISYN3A_0039	BSU16160	40.909	44	25	1	203	245	52	95	0.002	38.1
JCVISYN3A_0039	BSU28200	32.895	76	41	3	206	272	350	424	0.004	37.0
JCVISYN3A_0039	BSU27730	34.722	72	37	2	206	276	56	118	0.006	36.2
JCVISYN3A_0039	BSU06330	24.845	161	107	5	206	357	42	197	0.019	34.3
JCVISYN3A_0039	BSU24100	30.252	119	54	7	169	271	365	470	0.020	34.7
JCVISYN3A_0039	BSU27530	46.154	26	14	0	206	231	41	66	0.037	33.5
JCVISYN3A_0039	BSU28210	38.462	65	32	3	203	265	90	148	0.16	31.6
JCVISYN3A_0039	BSU35830	42.424	33	19	0	616	648	194	226	0.37	30.4
JCVISYN3A_0039	BSU16980	34.426	61	36	1	473	533	10	66	0.46	28.1
JCVISYN3A_0039	BSU00860	27.044	159	82	8	210	348	208	352	0.77	29.6
JCVISYN3A_0039	BSU00860	29.870	77	39	4	210	272	545	620	7.3	26.6
JCVISYN3A_0039	BSU04820	24.779	113	63	2	483	577	14	122	0.82	28.1
JCVISYN3A_0039	BSU28980	28.571	105	52	5	204	294	162	257	0.93	28.9
JCVISYN3A_0039	BSU31530	27.536	69	40	3	293	353	64	130	1.1	28.5
JCVISYN3A_0039	BSU13700	25.263	95	52	3	210	292	119	206	1.8	28.5
JCVISYN3A_0039	BSU04490	37.778	45	22	2	210	248	38	82	2.5	27.7
JCVISYN3A_0039	BSU19390	38.235	34	21	0	204	237	66	99	2.7	27.3
JCVISYN3A_0039	BSU21410	40.000	30	18	0	245	274	36	65	5.0	26.6
JCVISYN3A_0039	BSU33570	43.478	23	13	0	117	139	24	46	5.2	25.8
JCVISYN3A_0039	BSU13930	31.373	51	33	1	485	535	126	174	6.3	26.2
JCVISYN3A_0039	BSU32600	46.154	26	14	0	550	575	57	82	7.4	26.2
JCVISYN3A_0039	BSU27680	32.353	34	23	0	118	151	59	92	8.8	25.8
JCVISYN3A_0039	BSU27080	33.333	54	33	1	189	239	121	174	9.1	26.2
JCVISYN3A_0040	BSU00670	35.979	189	116	5	8	191	16	204	2.22e-29	115
JCVISYN3A_0040	BSU25540	28.283	99	55	4	50	148	83	165	0.075	31.6
JCVISYN3A_0040	BSU29530	30.645	62	41	2	180	240	209	269	0.36	29.6
JCVISYN3A_0040	BSU27510	26.984	63	40	1	201	263	255	311	1.7	27.3
JCVISYN3A_0040	BSU17120	22.293	157	97	8	10	159	532	670	1.8	27.3
JCVISYN3A_0040	BSU30210	27.523	109	70	4	292	400	120	219	3.5	26.2
JCVISYN3A_0040	BSU28580	34.146	41	23	2	308	346	225	263	5.4	26.2
JCVISYN3A_0040	BSU17940	21.622	111	74	3	179	277	9	118	6.4	24.6
JCVISYN3A_0040	BSU38600	28.000	50	30	1	38	87	410	453	7.8	25.4
JCVISYN3A_0040	BSU23200	35.000	20	13	0	312	331	36	55	8.8	24.6
JCVISYN3A_0040	BSU00830	27.500	40	18	1	111	139	1	40	9.2	24.6
JCVISYN3A_0042	BSU20670	55.000	20	9	0	96	115	97	116	1.2	26.9
JCVISYN3A_0042	BSU06140	31.373	51	32	1	225	272	395	445	1.3	27.3
JCVISYN3A_0042	BSU23402	28.947	38	27	0	119	156	49	86	2.2	25.4
JCVISYN3A_0042	BSU03640	31.034	58	35	2	7	64	418	470	2.5	26.2
JCVISYN3A_0042	BSU23670	32.258	31	21	0	191	221	48	78	3.0	25.8
JCVISYN3A_0042	BSU01690	30.000	40	25	2	37	76	36	72	5.1	25.0
JCVISYN3A_0042	BSU22610	29.730	37	26	0	87	123	239	275	6.6	25.0
JCVISYN3A_0043	BSU00340	38.793	232	136	3	6	234	11	239	1.81e-53	170
JCVISYN3A_0043	BSU22170	28.058	139	87	5	66	200	256	385	1.48e-05	42.0
JCVISYN3A_0043	BSU39890	29.474	95	65	2	21	114	16	109	4.64e-04	37.4
JCVISYN3A_0043	BSU01060	27.193	114	66	6	19	118	25	135	0.006	33.5
JCVISYN3A_0043	BSU03160	23.810	105	76	3	11	115	9	109	0.008	33.5
JCVISYN3A_0043	BSU06730	48.837	43	17	2	45	87	320	357	0.010	33.5
JCVISYN3A_0043	BSU37000	23.913	92	67	2	41	131	116	205	0.011	33.1
JCVISYN3A_0043	BSU12570	38.095	42	26	0	92	133	138	179	0.031	31.6
JCVISYN3A_0043	BSU25450	27.778	54	36	1	33	86	171	221	0.76	27.3
JCVISYN3A_0043	BSU03490	31.507	73	40	3	19	89	225	289	2.3	26.2
JCVISYN3A_0043	BSU00250	26.829	82	50	3	13	84	122	203	3.3	25.4
JCVISYN3A_0043	BSU19030	28.000	50	31	1	57	106	299	343	3.4	25.8
JCVISYN3A_0043	BSU06420	27.273	55	30	2	43	96	59	104	3.6	25.0
JCVISYN3A_0043	BSU25970	41.379	29	17	0	85	113	15	43	3.6	25.0
JCVISYN3A_0043	BSU13700	25.234	214	135	5	47	235	464	677	6.0	25.0
JCVISYN3A_0043	BSU18310	19.718	71	57	0	120	190	1146	1216	6.0	25.0
JCVISYN3A_0043	BSU12740	37.931	29	18	0	85	113	15	43	7.4	24.3
JCVISYN3A_0043	BSU17200	34.146	41	27	0	4	44	3422	3462	8.5	24.6
JCVISYN3A_0044	BSU00310	34.409	93	59	2	60	151	71	162	1.59e-10	57.0
JCVISYN3A_0044	BSU00190	36.264	91	57	1	61	151	82	171	2.60e-07	47.8
JCVISYN3A_0044	BSU34980	23.077	91	66	3	160	246	199	289	1.4	26.6
JCVISYN3A_0044	BSU01650	26.415	53	34	2	133	183	365	414	2.9	25.8
JCVISYN3A_0044	BSU14650	27.619	105	64	5	124	216	106	210	3.1	25.4
JCVISYN3A_0044	BSU16420	26.582	79	49	3	177	246	47	125	3.4	25.4
JCVISYN3A_0044	BSU29530	31.148	61	35	3	157	216	178	232	8.7	24.3
JCVISYN3A_0044	BSU32370	38.710	31	19	0	49	79	56	86	8.9	24.3
JCVISYN3A_0045	BSU00280	48.293	205	106	0	1	205	4	208	5.57e-64	194
JCVISYN3A_0045	BSU30610	45.946	37	19	1	2	37	35	71	0.39	28.1
JCVISYN3A_0045	BSU06340	32.727	55	30	2	69	123	226	273	0.45	28.1
JCVISYN3A_0045	BSU26350	30.769	52	36	0	158	209	62	113	0.51	26.9
JCVISYN3A_0045	BSU33830	36.364	44	24	1	2	45	30	69	0.80	27.3
JCVISYN3A_0045	BSU00150	22.034	177	105	7	2	171	6	156	1.4	26.2
JCVISYN3A_0045	BSU32450	19.417	103	67	3	108	210	211	297	1.5	26.6
JCVISYN3A_0045	BSU33730	36.364	44	24	1	2	45	30	69	2.3	25.8
JCVISYN3A_0045	BSU06370	62.500	16	6	0	1	16	149	164	3.2	25.4
JCVISYN3A_0045	BSU30880	25.581	43	24	1	22	56	285	327	4.3	25.0
JCVISYN3A_0045	BSU33280	32.836	67	40	3	109	172	105	169	4.8	25.0
JCVISYN3A_0045	BSU26190	24.074	108	65	3	3	100	98	198	6.2	24.6
JCVISYN3A_0045	BSU24670	42.857	21	12	0	43	63	104	124	6.2	23.9
JCVISYN3A_0045	BSU30380	35.484	31	19	1	2	32	35	64	6.8	24.3
JCVISYN3A_0045	BSU24730	28.302	53	38	0	2	54	139	191	7.1	24.3
JCVISYN3A_0045	BSU12160	47.619	21	11	0	61	81	332	352	7.1	24.6
JCVISYN3A_0045	BSU36270	36.364	22	14	0	162	183	501	522	8.9	24.3
JCVISYN3A_0046	BSU00210	34.921	189	120	2	8	193	9	197	9.67e-41	134
JCVISYN3A_0046	BSU00150	25.333	75	49	1	97	171	107	174	0.019	31.6
JCVISYN3A_0046	BSU35460	37.037	27	13	1	32	58	8	30	2.4	24.6
JCVISYN3A_0046	BSU23480	26.415	53	31	1	31	83	212	256	2.4	25.8
JCVISYN3A_0046	BSU34620	29.070	86	47	3	59	140	462	537	3.1	25.4
JCVISYN3A_0046	BSU18310	22.535	71	52	1	6	73	1361	1431	3.9	25.0
JCVISYN3A_0046	BSU09260	23.404	47	36	0	10	56	357	403	4.7	24.6
JCVISYN3A_0046	BSU16740	24.286	70	46	2	129	192	119	187	8.4	23.9
JCVISYN3A_0046	BSU37330	52.632	19	9	0	27	45	317	335	9.0	23.9
JCVISYN3A_0046	BSU29250	35.484	31	20	0	24	54	211	241	9.4	23.9
JCVISYN3A_0047	BSU00190	37.975	395	228	8	6	388	4	393	9.48e-75	248
JCVISYN3A_0047	BSU00310	27.915	283	172	8	25	301	14	270	1.33e-23	99.4
JCVISYN3A_0047	BSU27530	24.153	236	134	9	9	232	6	208	7.39e-06	45.4
JCVISYN3A_0047	BSU28210	24.621	264	144	11	6	224	57	310	1.29e-05	45.1
JCVISYN3A_0047	BSU00860	25.225	111	64	3	42	147	540	636	0.017	35.0
JCVISYN3A_0047	BSU17420	27.397	73	43	1	24	86	66	138	0.13	32.0
JCVISYN3A_0047	BSU16160	36.111	36	23	0	27	62	39	74	0.49	30.0
JCVISYN3A_0047	BSU03300	29.412	51	36	0	92	142	115	165	4.5	26.9
JCVISYN3A_0047	BSU05970	25.000	76	55	1	257	330	63	138	4.6	26.6
JCVISYN3A_0047	BSU09190	30.952	42	23	1	398	439	1091	1126	4.6	26.9
JCVISYN3A_0047	BSU10650	44.444	27	15	0	144	170	616	642	4.9	26.9
JCVISYN3A_0047	BSU08970	19.811	106	77	2	272	369	11	116	5.0	26.9
JCVISYN3A_0047	BSU14550	30.612	49	33	1	85	133	209	256	5.4	26.6
JCVISYN3A_0047	BSU17180	26.531	98	59	2	543	640	2142	2226	5.9	26.9
JCVISYN3A_0047	BSU19370	28.302	53	27	2	398	439	468	520	8.7	26.2
JCVISYN3A_0047	BSU28200	43.478	23	13	0	43	65	350	372	8.9	26.2
JCVISYN3A_0051	BSU09480	35.135	37	19	1	166	197	173	209	1.8	26.2
JCVISYN3A_0051	BSU30360	30.409	171	85	9	2	167	37	178	3.0	25.4
JCVISYN3A_0051	BSU00640	31.429	35	24	0	132	166	767	801	3.1	25.4
JCVISYN3A_0051	BSU08680	34.375	32	21	0	52	83	114	145	4.4	24.6
JCVISYN3A_0054	BSU08720	33.099	142	93	2	5	146	13	152	1.19e-19	77.0
JCVISYN3A_0054	BSU14220	39.535	43	26	0	23	65	37	79	1.46e-04	37.0
JCVISYN3A_0054	BSU40090	23.958	96	62	2	29	120	38	126	0.010	31.6
JCVISYN3A_0054	BSU11510	26.415	53	39	0	94	146	54	106	0.88	26.2
JCVISYN3A_0054	BSU17940	39.474	38	19	2	21	56	61	96	2.5	24.3
JCVISYN3A_0054	BSU19130	36.538	52	28	2	80	126	24	75	3.6	24.3
JCVISYN3A_0054	BSU39190	31.707	41	23	2	76	116	102	137	4.1	23.9
JCVISYN3A_0054	BSU16510	29.630	54	34	2	58	110	164	214	4.9	23.9
JCVISYN3A_0054	BSU11010	27.451	102	63	4	42	143	390	480	5.7	23.9
JCVISYN3A_0054	BSU23150	21.649	97	73	3	3	98	44	138	7.1	23.5
JCVISYN3A_0054	BSU31370	30.435	46	25	1	45	83	48	93	7.3	23.5
JCVISYN3A_0054	BSU18970	22.000	100	72	2	2	101	891	984	8.1	23.5
JCVISYN3A_0054	BSU35800	28.947	76	46	3	8	80	6	76	8.8	23.5
JCVISYN3A_0054	BSU21950	33.333	39	24	1	92	130	52	88	9.0	22.3
JCVISYN3A_0060	BSU27280	45.000	20	11	0	56	75	4	23	3.6	25.4
JCVISYN3A_0060	BSU37940	27.083	96	64	2	161	255	269	359	4.5	25.4
JCVISYN3A_0060	BSU18980	25.455	55	38	1	119	170	89	143	7.3	24.6
JCVISYN3A_0061	BSU00130	47.319	429	214	8	1	422	1	424	4.55e-143	411
JCVISYN3A_0061	BSU22670	26.126	111	65	2	300	410	224	317	0.015	33.9
JCVISYN3A_0061	BSU16570	22.881	118	82	2	169	281	42	155	0.078	32.0
JCVISYN3A_0061	BSU24560	43.478	46	21	2	64	104	359	404	0.67	28.9
JCVISYN3A_0061	BSU25670	35.065	77	28	4	224	296	185	243	1.7	27.3
JCVISYN3A_0061	BSU13720	33.333	42	27	1	133	173	155	196	2.4	26.6
JCVISYN3A_0061	BSU08860	30.769	39	27	0	112	150	168	206	3.0	26.6
JCVISYN3A_0061	BSU12210	26.549	113	66	4	7	116	112	210	4.0	26.2
JCVISYN3A_0061	BSU11790	37.500	32	18	1	369	400	42	71	8.2	24.6
JCVISYN3A_0061	BSU19220	25.180	139	77	7	259	384	312	436	9.1	25.4
JCVISYN3A_0063	BSU00810	49.135	289	146	1	1	289	2	289	1.02e-100	296
JCVISYN3A_0063	BSU08030	27.234	235	159	7	12	238	14	244	3.09e-20	86.7
JCVISYN3A_0063	BSU15540	26.214	206	122	5	60	245	87	282	1.94e-10	57.8
JCVISYN3A_0063	BSU22660	34.568	81	47	4	145	225	54	128	0.001	36.6
JCVISYN3A_0063	BSU00110	34.177	79	39	4	151	221	26	99	0.11	30.8
JCVISYN3A_0063	BSU39760	39.130	23	14	0	82	104	421	443	0.41	29.3
JCVISYN3A_0063	BSU35660	27.559	127	70	5	180	293	152	269	1.5	27.3
JCVISYN3A_0063	BSU26800	24.719	89	57	3	149	228	149	236	2.0	26.9
JCVISYN3A_0063	BSU14570	30.952	42	27	2	220	261	17	56	3.1	26.2
JCVISYN3A_0063	BSU29805	26.230	61	40	2	111	166	877	937	3.9	26.2
JCVISYN3A_0063	BSU06520	38.235	34	20	1	204	237	29	61	4.4	25.8
JCVISYN3A_0063	BSU04560	41.935	31	15	1	257	284	322	352	5.8	25.4
JCVISYN3A_0063	BSU20170	27.451	51	36	1	216	266	131	180	5.9	25.0
JCVISYN3A_0063	BSU10160	29.508	61	42	1	236	295	292	352	7.9	25.0
JCVISYN3A_0063	BSU16120	34.615	26	17	0	191	216	118	143	8.5	25.0
JCVISYN3A_0063	BSU21050	40.000	20	12	0	235	254	28	47	8.5	23.9
JCVISYN3A_0064	BSU00820	56.275	494	212	4	6	499	10	499	0.0	572
JCVISYN3A_0064	BSU22360	21.903	452	296	16	61	496	14	424	1.12e-13	69.7
JCVISYN3A_0064	BSU27550	28.743	167	114	4	129	292	93	257	9.32e-13	67.0
JCVISYN3A_0064	BSU27550	45.000	40	22	0	456	495	520	559	1.12e-06	47.8
JCVISYN3A_0064	BSU34930	34.211	38	21	1	173	206	8	45	1.3	28.1
JCVISYN3A_0064	BSU12520	35.135	37	23	1	146	181	56	92	7.7	25.4
JCVISYN3A_0065	BSU28500	41.000	100	57	2	4	102	3	101	2.92e-25	88.2
JCVISYN3A_0065	BSU04550	29.000	100	66	3	6	101	3	101	1.82e-11	53.1
JCVISYN3A_0065	BSU29840	27.059	85	62	0	6	90	3	87	7.74e-11	51.6
JCVISYN3A_0065	BSU20030	31.250	80	48	3	23	101	3	76	1.05e-08	45.4
JCVISYN3A_0065	BSU32770	23.256	86	66	0	16	101	11	96	2.01e-06	40.0
JCVISYN3A_0065	BSU21460	23.158	95	69	3	12	102	38	132	7.54e-06	38.9
JCVISYN3A_0065	BSU13840	26.549	113	55	4	18	102	52	164	5.21e-05	37.0
JCVISYN3A_0065	BSU18010	25.439	114	59	4	15	102	55	168	7.70e-05	36.6
JCVISYN3A_0065	BSU05510	22.222	99	75	1	1	99	4	100	5.54e-04	33.5
JCVISYN3A_0065	BSU23150	26.744	86	35	3	16	75	59	142	0.004	31.6
JCVISYN3A_0065	BSU33640	38.462	26	16	0	76	101	89	114	0.17	27.3
JCVISYN3A_0065	BSU07490	33.333	54	34	1	14	67	23	74	0.32	26.6
JCVISYN3A_0065	BSU06076	40.000	25	15	0	56	80	59	83	2.1	23.9
JCVISYN3A_0065	BSU38830	35.714	28	18	0	73	100	223	250	2.1	24.3
JCVISYN3A_0065	BSU37180	60.000	15	6	0	5	19	34	48	3.4	23.5
JCVISYN3A_0065	BSU07420	39.130	23	14	0	80	102	99	121	3.5	23.5
JCVISYN3A_0065	BSU36020	27.451	51	31	2	18	66	89	135	7.8	22.3
JCVISYN3A_0065	BSU07350	24.638	69	48	2	31	99	185	249	8.3	22.3
JCVISYN3A_0065	BSU12870	27.692	65	34	2	43	94	21	85	8.3	22.3
JCVISYN3A_0065	BSU18520	44.444	18	10	0	9	26	233	250	8.3	22.3
JCVISYN3A_0065	BSU22180	45.000	20	11	0	1	20	2	21	9.4	21.9
JCVISYN3A_0066	BSU04040	25.271	277	162	11	7	277	12	249	5.82e-16	72.4
JCVISYN3A_0066	BSU11140	26.408	284	177	10	1	272	1	264	1.81e-15	71.6
JCVISYN3A_0066	BSU36290	26.117	291	178	9	7	272	3	281	6.79e-13	64.3
JCVISYN3A_0066	BSU14550	24.632	272	177	9	1	269	1	247	2.90e-11	59.3
JCVISYN3A_0066	BSU35850	25.246	305	162	12	11	278	7	282	8.62e-11	58.2
JCVISYN3A_0066	BSU39550	21.528	288	186	8	7	277	4	268	7.37e-10	55.1
JCVISYN3A_0066	BSU09830	23.913	276	173	8	11	269	9	264	4.06e-09	53.1
JCVISYN3A_0066	BSU10540	28.866	97	51	3	168	260	183	265	0.007	33.9
JCVISYN3A_0066	BSU12310	42.188	64	24	4	208	260	13	74	0.43	28.9
JCVISYN3A_0066	BSU17870	39.024	41	24	1	240	280	28	67	0.56	28.1
JCVISYN3A_0066	BSU13850	48.485	33	17	0	226	258	534	566	0.62	28.5
JCVISYN3A_0066	BSU10770	23.810	84	57	2	8	86	244	325	1.3	27.3
JCVISYN3A_0066	BSU17500	25.000	36	27	0	43	78	11	46	2.0	25.8
JCVISYN3A_0066	BSU38018	31.818	44	30	0	93	136	28	71	2.4	25.4
JCVISYN3A_0066	BSU32840	26.829	41	30	0	47	87	454	494	4.2	25.8
JCVISYN3A_0066	BSU03480	33.333	42	26	2	149	189	1455	1495	4.2	25.8
JCVISYN3A_0066	BSU19790	29.730	74	41	2	128	197	178	244	6.1	25.0
JCVISYN3A_0066	BSU16170	34.615	26	17	0	75	100	56	81	6.2	25.0
JCVISYN3A_0066	BSU11382	50.000	26	12	1	149	174	348	372	9.2	24.6
JCVISYN3A_0066	BSU33730	32.143	56	26	2	8	61	320	365	9.6	24.3
JCVISYN3A_0076	BSU22360	37.946	448	246	10	3	447	5	423	6.25e-90	277
JCVISYN3A_0076	BSU00820	24.289	457	295	17	17	447	64	495	2.35e-20	90.1
JCVISYN3A_0076	BSU27550	22.093	258	177	9	14	258	16	262	7.67e-07	48.1
JCVISYN3A_0076	BSU27550	48.571	35	18	0	414	448	526	560	2.51e-05	43.1
JCVISYN3A_0076	BSU03910	31.579	76	50	1	208	281	343	418	0.001	38.1
JCVISYN3A_0076	BSU40200	26.515	132	80	7	27	147	314	439	0.10	31.6
JCVISYN3A_0076	BSU35810	23.490	149	98	5	314	452	72	214	0.35	29.6
JCVISYN3A_0076	BSU28640	36.111	36	19	1	409	440	293	328	1.8	27.7
JCVISYN3A_0076	BSU01250	26.250	80	52	3	22	100	12	85	2.1	25.8
JCVISYN3A_0076	BSU27560	28.261	92	52	5	149	227	32	122	3.5	26.6
JCVISYN3A_0076	BSU05320	27.381	84	60	1	243	325	74	157	3.7	26.2
JCVISYN3A_0076	BSU24310	44.118	34	17	1	12	45	155	186	6.3	25.8
JCVISYN3A_0076	BSU27900	32.500	40	27	0	199	238	106	145	8.7	25.4
JCVISYN3A_0076	BSU19999	40.741	27	16	0	165	191	15	41	9.2	23.1
JCVISYN3A_0077	BSU04040	27.273	275	166	8	4	278	9	249	1.41e-18	79.7
JCVISYN3A_0077	BSU39550	25.532	282	185	8	6	278	3	268	7.19e-17	75.5
JCVISYN3A_0077	BSU35850	23.891	293	191	8	5	277	1	281	1.29e-16	75.1
JCVISYN3A_0077	BSU36290	25.510	294	190	9	5	278	1	285	2.21e-14	68.6
JCVISYN3A_0077	BSU11140	23.723	274	192	7	7	276	7	267	2.97e-10	56.2
JCVISYN3A_0077	BSU14550	22.692	260	172	6	6	261	4	238	3.52e-10	55.8
JCVISYN3A_0077	BSU09830	22.973	296	174	9	6	276	4	270	4.22e-06	43.9
JCVISYN3A_0077	BSU10540	27.500	80	58	0	198	277	201	280	2.98e-04	38.1
JCVISYN3A_0077	BSU19220	35.714	28	18	0	18	45	260	287	1.9	26.6
JCVISYN3A_0077	BSU10270	20.270	74	59	0	90	163	345	418	2.7	26.2
JCVISYN3A_0077	BSU31140	31.818	44	29	1	196	239	111	153	3.8	25.0
JCVISYN3A_0077	BSU22030	27.778	108	74	3	112	215	1060	1167	5.3	25.4
JCVISYN3A_0079	BSU05940	44.620	316	171	2	1	312	7	322	2.12e-98	291
JCVISYN3A_0079	BSU05920	20.536	112	74	2	1	112	1	97	0.024	32.3
JCVISYN3A_0079	BSU31220	28.704	108	60	6	9	102	203	307	1.0	27.7
JCVISYN3A_0079	BSU28670	24.766	214	132	10	124	318	2	205	1.1	27.7
JCVISYN3A_0079	BSU35820	37.500	32	20	0	225	256	283	314	1.2	27.3
JCVISYN3A_0079	BSU17140	32.990	97	53	4	43	137	275	361	2.0	26.9
JCVISYN3A_0079	BSU28590	28.205	39	24	1	50	84	168	206	3.3	26.2
JCVISYN3A_0079	BSU33880	34.694	49	26	1	223	271	438	480	3.6	26.2
JCVISYN3A_0079	BSU11990	47.826	23	10	1	279	301	56	76	4.2	25.0
JCVISYN3A_0079	BSU29480	32.727	55	34	1	56	107	74	128	5.9	25.4
JCVISYN3A_0079	BSU09410	29.000	100	51	4	141	224	177	272	7.3	25.0
JCVISYN3A_0079	BSU07280	37.778	45	24	1	222	262	232	276	8.0	25.0
JCVISYN3A_0080	BSU04380	36.842	57	36	0	10	66	90	146	2.23e-06	39.3
JCVISYN3A_0080	BSU30980	26.190	42	31	0	13	54	197	238	0.037	28.1
JCVISYN3A_0080	BSU12870	40.909	22	13	0	43	64	212	233	1.9	23.5
JCVISYN3A_0080	BSU30490	32.609	46	27	1	14	59	33	74	3.3	22.7
JCVISYN3A_0080	BSU00940	36.842	19	12	0	23	41	39	57	3.5	22.7
JCVISYN3A_0080	BSU02510	32.353	34	22	1	34	67	285	317	4.6	22.3
JCVISYN3A_0080	BSU04520	32.692	52	25	2	10	57	142	187	4.9	22.3
JCVISYN3A_0080	BSU09250	36.842	38	21	2	3	40	341	375	4.9	22.3
JCVISYN3A_0080	BSU21870	38.235	34	18	2	28	60	407	438	7.7	21.6
JCVISYN3A_0080	BSU15650	37.500	24	15	0	1	24	331	354	9.8	21.6
JCVISYN3A_0081	BSU41020	37.991	458	274	3	5	452	2	459	3.31e-108	325
JCVISYN3A_0081	BSU22840	27.650	217	132	9	158	358	125	332	4.78e-15	73.6
JCVISYN3A_0081	BSU22840	36.522	115	69	3	221	332	7	120	5.35e-12	63.9
JCVISYN3A_0081	BSU25290	30.220	182	111	5	221	386	12	193	1.58e-14	70.9
JCVISYN3A_0081	BSU28190	26.627	169	103	7	221	371	27	192	3.74e-04	38.5
JCVISYN3A_0081	BSU25670	40.625	64	30	3	217	275	159	219	7.11e-04	38.5
JCVISYN3A_0081	BSU16050	33.333	81	47	3	195	275	102	175	0.001	37.7
JCVISYN3A_0081	BSU16050	32.075	53	36	0	298	350	25	77	0.33	29.6
JCVISYN3A_0081	BSU22030	21.053	171	85	4	216	340	42	208	0.039	33.1
JCVISYN3A_0081	BSU17430	27.174	92	65	2	218	308	201	291	0.24	30.4
JCVISYN3A_0081	BSU09720	43.333	30	17	0	210	239	449	478	0.56	29.3
JCVISYN3A_0081	BSU15780	57.143	21	9	0	220	240	167	187	0.96	28.5
JCVISYN3A_0081	BSU39640	32.500	40	27	0	209	248	25	64	2.3	26.9
JCVISYN3A_0081	BSU05950	28.947	38	27	0	202	239	338	375	2.6	27.3
JCVISYN3A_0081	BSU05610	37.838	37	18	1	212	243	307	343	3.1	26.9
JCVISYN3A_0081	BSU27740	35.000	40	20	2	221	256	85	122	3.2	26.6
JCVISYN3A_0081	BSU02460	31.081	74	35	3	353	419	207	271	3.4	26.6
JCVISYN3A_0081	BSU07490	50.000	26	13	0	212	237	24	49	3.8	26.2
JCVISYN3A_0081	BSU17420	34.286	35	14	1	168	202	217	242	4.4	26.2
JCVISYN3A_0081	BSU13220	36.667	30	19	0	210	239	313	342	4.7	26.2
JCVISYN3A_0081	BSU01460	50.000	22	11	0	216	237	19	40	5.7	25.8
JCVISYN3A_0081	BSU03360	36.364	44	25	1	305	345	154	197	6.4	25.8
JCVISYN3A_0081	BSU40920	26.667	105	58	3	218	305	3	105	7.7	25.4
JCVISYN3A_0081	BSU12390	40.625	32	19	0	262	293	356	387	8.6	25.4
JCVISYN3A_0082	BSU25550	43.038	79	44	1	1	78	1	79	2.30e-12	54.3
JCVISYN3A_0082	BSU35020	36.111	36	23	0	2	37	146	181	1.1	24.3
JCVISYN3A_0082	BSU14400	30.986	71	44	3	3	68	15	85	1.8	23.9
JCVISYN3A_0082	BSU05170	41.667	24	14	0	11	34	266	289	2.0	23.5
JCVISYN3A_0082	BSU22780	63.636	11	4	0	63	73	169	179	8.1	21.9
JCVISYN3A_0094	BSU07370	34.375	32	16	1	34	65	460	486	5.3	25.0
JCVISYN3A_0095	BSU35300	47.893	783	400	3	5	783	13	791	0.0	741
JCVISYN3A_0095	BSU04580	27.848	79	49	2	472	550	294	364	0.39	30.8
JCVISYN3A_0095	BSU08240	23.932	117	66	2	606	699	55	171	0.48	30.4
JCVISYN3A_0095	BSU25140	27.679	112	70	4	433	541	257	360	2.7	28.1
JCVISYN3A_0095	BSU11110	31.915	47	30	1	731	775	74	120	5.3	26.9
JCVISYN3A_0095	BSU14770	27.049	122	66	6	389	504	300	404	6.2	27.3
JCVISYN3A_0095	BSU07170	38.710	31	19	0	801	831	125	155	7.1	26.6
JCVISYN3A_0095	BSU21310	31.250	64	35	2	314	376	2	57	7.3	25.4
JCVISYN3A_0095	BSU20030	27.778	36	23	1	435	470	15	47	7.4	25.0
JCVISYN3A_0095	BSU26870	33.333	42	26	1	386	425	168	209	7.4	26.6
JCVISYN3A_0095	BSU25500	33.333	42	27	1	97	137	331	372	7.7	26.6
JCVISYN3A_0095	BSU15860	20.312	64	51	0	575	638	7	70	8.0	26.6
JCVISYN3A_0095	BSU37690	31.429	35	24	0	193	227	110	144	8.8	26.6
JCVISYN3A_0097	BSU29090	30.515	272	176	4	4	274	2	261	5.67e-43	154
JCVISYN3A_0097	BSU22010	28.458	253	178	2	9	260	6	256	1.85e-35	126
JCVISYN3A_0097	BSU05710	22.936	109	80	2	96	203	240	345	0.60	28.5
JCVISYN3A_0097	BSU00330	25.000	64	48	0	205	268	3	66	2.0	25.8
JCVISYN3A_0097	BSU02390	29.268	41	29	0	222	262	306	346	2.0	26.6
JCVISYN3A_0097	BSU29930	32.143	28	19	0	91	118	375	402	2.5	26.6
JCVISYN3A_0097	BSU07000	21.667	60	42	2	242	296	3	62	3.5	25.8
JCVISYN3A_0097	BSU08730	30.000	40	22	1	35	74	68	101	3.6	25.4
JCVISYN3A_0097	BSU39860	28.125	32	23	0	216	247	356	387	5.1	25.4
JCVISYN3A_0097	BSU05700	22.917	96	58	2	163	242	128	223	9.1	24.3
JCVISYN3A_0097	BSU25830	25.175	143	86	6	158	295	164	290	9.7	24.6
JCVISYN3A_0105	BSU24290	25.000	68	50	1	3	69	7	74	0.008	29.3
JCVISYN3A_0105	BSU06150	31.818	44	19	1	18	61	316	348	0.75	24.3
JCVISYN3A_0105	BSU04780	31.579	57	27	2	1	45	258	314	1.3	23.9
JCVISYN3A_0105	BSU15140	45.455	22	12	0	36	57	51	72	1.7	23.5
JCVISYN3A_0105	BSU06490	52.000	25	10	1	48	70	50	74	1.9	23.1
JCVISYN3A_0105	BSU17200	56.250	16	7	0	29	44	1608	1623	2.3	23.1
JCVISYN3A_0105	BSU03310	28.571	35	25	0	14	48	269	303	4.2	22.3
JCVISYN3A_0105	BSU37560	50.000	20	10	0	26	45	141	160	6.0	21.9
JCVISYN3A_0105	BSU31680	45.833	24	10	1	46	69	109	129	7.0	21.6
JCVISYN3A_0105	BSU20990	36.111	36	19	1	33	64	16	51	8.4	20.8
JCVISYN3A_0105	BSU01920	31.707	41	28	0	20	60	237	277	9.1	21.6
JCVISYN3A_0106	BSU24300	31.613	465	295	9	5	469	7	448	9.54e-77	244
JCVISYN3A_0106	BSU16660	28.767	73	46	3	181	248	179	250	0.020	33.9
JCVISYN3A_0106	BSU15220	25.000	88	53	3	73	149	184	269	0.16	30.8
JCVISYN3A_0106	BSU25200	28.125	64	42	2	220	279	253	316	0.96	28.5
JCVISYN3A_0106	BSU00320	30.435	46	32	0	387	432	194	239	5.3	25.8
JCVISYN3A_0106	BSU14610	42.105	19	11	0	191	209	4	22	6.5	25.8
JCVISYN3A_0106	BSU07840	30.189	53	36	1	338	390	335	386	8.5	25.8
JCVISYN3A_0106	BSU38270	26.667	60	41	1	359	415	315	374	8.8	25.4
JCVISYN3A_0106	BSU26990	28.125	32	23	0	96	127	45	76	9.8	24.3
JCVISYN3A_0107	BSU24320	43.860	57	31	1	72	127	65	121	1.11e-08	47.4
JCVISYN3A_0107	BSU10110	55.000	20	9	0	94	113	62	81	1.5	25.4
JCVISYN3A_0107	BSU15230	25.000	56	31	1	21	76	247	291	2.6	24.6
JCVISYN3A_0107	BSU26030	26.984	63	36	3	42	94	501	563	3.1	24.6
JCVISYN3A_0107	BSU32820	29.545	44	22	1	1	44	24	58	4.7	23.9
JCVISYN3A_0107	BSU03460	55.556	18	8	0	101	118	34	51	4.9	23.5
JCVISYN3A_0107	BSU15710	28.070	57	39	1	76	132	123	177	5.0	23.9
JCVISYN3A_0107	BSU06710	34.091	44	23	2	30	73	696	733	5.2	23.9
JCVISYN3A_0107	BSU16440	31.579	38	26	0	31	68	103	140	5.6	23.5
JCVISYN3A_0107	BSU39360	28.000	50	35	1	53	102	37	85	8.6	23.1
JCVISYN3A_0107	BSU20340	35.714	28	18	0	41	68	933	960	8.7	23.1
JCVISYN3A_0107	BSU17200	30.000	50	35	0	18	67	320	369	9.6	23.1
JCVISYN3A_0107	BSU17230	27.907	43	29	1	8	48	100	142	9.7	22.7
JCVISYN3A_0108	BSU37280	31.343	67	45	1	82	147	929	995	0.034	33.1
JCVISYN3A_0108	BSU39070	23.171	82	59	1	2	83	6	83	0.21	30.0
JCVISYN3A_0108	BSU03680	33.750	80	47	3	8	86	484	558	3.2	26.6
JCVISYN3A_0108	BSU18680	37.931	29	18	0	1	29	7	35	3.6	25.8
JCVISYN3A_0108	BSU36850	41.379	29	17	0	96	124	104	132	8.4	24.6
JCVISYN3A_0109	BSU25130	42.414	290	158	4	6	289	4	290	2.63e-79	239
JCVISYN3A_0109	BSU39680	25.714	140	88	6	125	261	119	245	3.19e-04	38.1
JCVISYN3A_0109	BSU33700	33.333	63	41	1	58	120	25	86	0.010	33.5
JCVISYN3A_0109	BSU40930	29.730	74	43	3	90	161	77	143	5.4	25.4
JCVISYN3A_0109	BSU03880	33.333	27	18	0	64	90	78	104	7.9	23.9
JCVISYN3A_0109	BSU39690	28.205	39	28	0	232	270	232	270	8.3	24.6
JCVISYN3A_0109	BSU07020	42.105	19	11	0	119	137	132	150	9.4	24.3
JCVISYN3A_0113	BSU04300	24.221	289	199	9	7	287	3	279	1.06e-12	66.2
JCVISYN3A_0113	BSU03410	28.571	77	55	0	339	415	390	466	0.087	32.0
JCVISYN3A_0113	BSU36820	27.143	70	39	3	50	111	208	273	0.65	28.9
JCVISYN3A_0113	BSU21740	35.556	45	25	2	70	110	63	107	4.5	26.2
JCVISYN3A_0113	BSU17190	21.569	51	40	0	136	186	2617	2667	4.8	26.6
JCVISYN3A_0113	BSU30100	24.286	70	47	3	223	287	231	299	5.0	26.2
JCVISYN3A_0113	BSU07560	36.842	38	24	0	122	159	163	200	6.3	25.8
JCVISYN3A_0113	BSU36280	23.684	114	67	6	131	234	296	399	7.5	25.8
JCVISYN3A_0114	BSU34280	27.049	122	82	3	6	124	4	121	1.28e-10	58.2
JCVISYN3A_0114	BSU34300	22.642	106	78	2	8	113	7	108	1.28e-06	45.8
JCVISYN3A_0114	BSU35680	23.780	164	115	3	8	163	11	172	2.46e-06	45.8
JCVISYN3A_0114	BSU35550	32.836	67	42	2	1	66	1	65	6.31e-05	40.4
JCVISYN3A_0114	BSU35690	27.723	101	71	2	6	104	1	101	1.70e-04	39.7
JCVISYN3A_0114	BSU19760	27.174	92	62	3	7	98	5	91	0.001	37.0
JCVISYN3A_0114	BSU07300	27.451	102	67	3	7	106	3	99	0.002	36.6
JCVISYN3A_0114	BSU34330	26.506	83	57	2	1	81	1	81	0.002	36.2
JCVISYN3A_0114	BSU04300	26.761	71	50	1	7	75	51	121	0.006	34.7
JCVISYN3A_0114	BSU13390	26.786	56	34	1	2	50	3	58	0.013	33.5
JCVISYN3A_0114	BSU21450	26.415	106	51	6	7	104	58	144	0.58	28.5
JCVISYN3A_0114	BSU09830	28.859	149	86	7	39	176	13	152	0.71	28.1
JCVISYN3A_0114	BSU28200	23.438	64	39	3	58	117	389	446	1.9	26.9
JCVISYN3A_0114	BSU08600	28.846	52	32	2	4	52	3	52	2.4	26.6
JCVISYN3A_0114	BSU08900	28.846	52	34	1	37	88	114	162	2.5	26.2
JCVISYN3A_0114	BSU26640	28.205	39	28	0	15	53	139	177	2.8	26.2
JCVISYN3A_0114	BSU22300	23.214	56	41	1	10	65	116	169	3.1	26.2
JCVISYN3A_0114	BSU17390	31.250	48	33	0	57	104	101	148	5.6	25.4
JCVISYN3A_0114	BSU24210	34.211	38	22	1	204	238	179	216	9.4	24.6
JCVISYN3A_0115	BSU35670	46.528	288	152	2	3	288	4	291	8.56e-91	268
JCVISYN3A_0115	BSU18180	44.444	288	159	1	3	289	5	292	1.92e-86	258
JCVISYN3A_0115	BSU30850	41.887	265	151	3	3	266	2	264	2.98e-67	207
JCVISYN3A_0115	BSU35699	41.969	193	111	1	97	288	5	197	1.74e-51	165
JCVISYN3A_0115	BSU37840	25.896	251	158	7	5	255	2	224	5.19e-23	92.0
JCVISYN3A_0115	BSU07270	24.413	213	142	6	5	215	2	197	4.17e-07	47.0
JCVISYN3A_0115	BSU06710	34.884	43	27	1	160	201	825	867	0.30	29.6
JCVISYN3A_0115	BSU03570	27.419	62	39	2	148	207	39	96	0.30	28.5
JCVISYN3A_0115	BSU37050	37.037	27	17	0	17	43	106	132	1.5	27.3
JCVISYN3A_0115	BSU38260	34.286	35	23	0	256	290	351	385	1.8	26.9
JCVISYN3A_0115	BSU24240	37.931	29	18	0	74	102	297	325	1.9	26.9
JCVISYN3A_0115	BSU15650	23.729	118	77	6	31	142	533	643	1.9	26.9
JCVISYN3A_0115	BSU12920	31.373	51	33	1	31	81	33	81	2.8	26.2
JCVISYN3A_0115	BSU16780	24.227	194	101	10	75	244	120	291	3.2	26.2
JCVISYN3A_0115	BSU18480	42.424	33	15	1	21	49	3	35	3.7	25.8
JCVISYN3A_0115	BSU10240	30.435	46	30	2	228	271	125	170	6.6	24.6
JCVISYN3A_0115	BSU39780	42.857	28	16	0	74	101	236	263	6.8	25.0
JCVISYN3A_0115	BSU03490	30.952	42	29	0	62	103	1146	1187	7.9	25.0
JCVISYN3A_0115	BSU34930	31.111	45	25	1	47	91	162	200	9.8	24.6
JCVISYN3A_0116	BSU36269	38.710	31	19	0	20	50	7	37	2.7	23.1
JCVISYN3A_0116	BSU12850	26.829	82	55	2	15	91	90	171	3.2	24.3
JCVISYN3A_0116	BSU12880	53.846	13	6	0	83	95	411	423	5.5	23.9
JCVISYN3A_0116	BSU07840	25.397	63	38	3	18	74	54	113	7.0	23.9
JCVISYN3A_0116	BSU30890	48.000	25	11	1	59	81	53	77	9.5	22.7
JCVISYN3A_0116	BSU02140	25.926	54	38	2	61	113	230	282	9.6	23.1
JCVISYN3A_0117	BSU18070	30.901	233	110	4	11	243	8	189	3.10e-25	95.9
JCVISYN3A_0117	BSU32590	27.711	83	57	2	155	235	16	97	0.78	27.7
JCVISYN3A_0117	BSU28310	31.429	70	38	4	37	105	85	145	1.8	26.6
JCVISYN3A_0117	BSU30350	29.358	109	42	6	93	166	111	219	4.1	25.4
JCVISYN3A_0117	BSU33050	36.111	36	23	0	209	244	93	128	4.6	25.4
JCVISYN3A_0117	BSU09570	44.000	25	14	0	103	127	134	158	5.0	25.0
JCVISYN3A_0117	BSU06240	50.000	22	11	0	229	250	7	28	6.2	24.6
JCVISYN3A_0117	BSU39450	46.667	30	12	1	51	80	24	49	8.0	24.6
JCVISYN3A_0117	BSU23110	50.000	26	13	0	17	42	501	526	8.9	24.3
JCVISYN3A_0117	BSU30810	34.783	46	30	0	178	223	151	196	8.9	24.3
JCVISYN3A_0126	BSU00920	47.817	481	245	4	4	481	6	483	8.44e-157	451
JCVISYN3A_0126	BSU37330	24.542	273	176	13	8	262	131	391	0.18	31.2
JCVISYN3A_0126	BSU00940	24.060	133	63	6	8	102	30	162	0.37	30.0
JCVISYN3A_0126	BSU03700	25.974	77	40	3	370	443	60	122	0.85	28.9
JCVISYN3A_0126	BSU12910	31.481	54	33	2	353	404	120	171	1.3	28.1
JCVISYN3A_0126	BSU01730	38.095	21	13	0	341	361	53	73	2.9	26.6
JCVISYN3A_0126	BSU20940	32.857	70	29	3	369	425	11	75	4.7	26.6
JCVISYN3A_0126	BSU04940	21.583	139	74	3	247	377	717	828	4.9	26.6
JCVISYN3A_0126	BSU20040	43.478	46	24	2	359	402	226	271	5.7	26.2
JCVISYN3A_0126	BSU08029	50.000	16	8	0	274	289	18	33	8.3	24.3
JCVISYN3A_0126	BSU30910	30.233	43	27	1	312	354	44	83	9.7	25.4
JCVISYN3A_0127	BSU37600	34.550	411	250	10	4	404	12	413	6.58e-73	231
JCVISYN3A_0127	BSU05780	29.379	177	99	7	6	176	3	159	7.96e-10	56.6
JCVISYN3A_0127	BSU16960	63.636	22	7	1	82	103	359	379	1.2	28.1
JCVISYN3A_0127	BSU32200	26.761	71	50	1	327	397	134	202	1.5	27.7
JCVISYN3A_0127	BSU26090	29.508	61	41	1	129	189	66	124	1.6	26.9
JCVISYN3A_0127	BSU19000	33.333	45	29	1	36	80	539	582	7.5	25.4
JCVISYN3A_0127	BSU08940	29.032	62	32	2	166	222	35	89	8.7	25.0
JCVISYN3A_0128	BSU37160	27.692	65	45	2	7	70	17	80	5.52e-04	35.0
JCVISYN3A_0128	BSU18970	37.500	24	15	0	3	26	497	520	0.57	26.9
JCVISYN3A_0128	BSU00440	27.907	43	31	0	94	136	24	66	3.3	23.5
JCVISYN3A_0128	BSU29940	34.615	26	17	0	25	50	19	44	4.5	23.9
JCVISYN3A_0128	BSU26160	28.571	42	30	0	65	106	15	56	4.8	23.9
JCVISYN3A_0128	BSU29620	26.761	71	37	2	26	81	84	154	6.5	23.5
JCVISYN3A_0128	BSU10160	37.037	27	17	0	32	58	9	35	8.6	23.5
JCVISYN3A_0129	BSU37150	53.208	530	247	1	1	529	1	530	0.0	613
JCVISYN3A_0129	BSU06360	40.909	44	26	0	345	388	49	92	0.025	33.9
JCVISYN3A_0129	BSU15510	21.429	154	77	5	375	527	240	350	0.031	33.5
JCVISYN3A_0129	BSU22840	30.189	53	35	1	108	160	24	74	0.41	30.0
JCVISYN3A_0129	BSU40970	23.684	152	90	5	1	147	1	131	0.56	29.3
JCVISYN3A_0129	BSU06470	27.273	77	38	3	319	386	24	91	0.93	28.5
JCVISYN3A_0129	BSU05730	21.296	108	61	2	102	207	24	109	0.95	28.5
JCVISYN3A_0129	BSU23380	27.632	76	50	1	417	492	2	72	3.4	26.9
JCVISYN3A_0129	BSU32280	40.909	22	13	0	489	510	23	44	4.1	26.2
JCVISYN3A_0129	BSU21010	53.333	30	11	2	462	488	162	191	7.6	25.4
JCVISYN3A_0129	BSU17810	45.833	24	11	1	162	183	9	32	8.0	25.0
JCVISYN3A_0129	BSU34280	21.622	74	56	1	117	188	94	167	8.0	25.8
JCVISYN3A_0131	BSU39670	47.751	289	143	3	9	296	3	284	1.06e-92	273
JCVISYN3A_0131	BSU37120	45.862	290	148	4	9	296	3	285	2.27e-87	259
JCVISYN3A_0131	BSU18970	22.642	53	41	0	98	150	1081	1133	0.71	28.5
JCVISYN3A_0131	BSU18100	26.374	91	60	3	178	264	66	153	3.3	26.2
JCVISYN3A_0131	BSU28300	31.250	48	33	0	133	180	111	158	4.0	25.4
JCVISYN3A_0131	BSU06520	36.842	38	24	0	198	235	466	503	6.3	25.0
JCVISYN3A_0131	BSU14440	36.364	33	21	0	22	54	142	174	6.5	25.0
JCVISYN3A_0131	BSU21410	20.000	105	81	2	79	181	4	107	7.2	25.0
JCVISYN3A_0132	BSU00690	29.787	141	80	6	108	237	198	330	8.73e-06	44.3
JCVISYN3A_0132	BSU17420	24.837	153	95	6	107	248	95	238	3.48e-04	38.9
JCVISYN3A_0132	BSU28220	27.632	152	84	6	111	236	116	267	0.001	37.4
JCVISYN3A_0132	BSU28200	24.742	97	60	3	94	181	337	429	0.004	35.8
JCVISYN3A_0132	BSU13700	23.529	187	101	6	99	246	434	617	0.004	35.8
JCVISYN3A_0132	BSU13700	23.567	157	102	5	89	233	98	248	0.030	33.1
JCVISYN3A_0132	BSU00070	28.276	145	78	6	73	211	576	700	0.025	33.1
JCVISYN3A_0132	BSU33730	29.762	84	53	3	87	164	7	90	0.089	31.2
JCVISYN3A_0132	BSU00860	27.184	103	59	5	88	178	186	284	0.20	30.4
JCVISYN3A_0132	BSU00860	23.846	130	80	6	102	217	536	660	0.47	29.3
JCVISYN3A_0132	BSU00190	33.962	53	33	1	86	136	18	70	0.27	30.0
JCVISYN3A_0132	BSU00310	32.609	46	27	1	91	136	16	57	0.38	29.3
JCVISYN3A_0132	BSU12420	23.577	123	71	4	108	228	224	325	0.49	28.9
JCVISYN3A_0132	BSU33830	26.316	76	53	2	92	164	15	90	0.53	28.9
JCVISYN3A_0132	BSU33450	31.915	47	31	1	96	141	218	264	0.58	28.9
JCVISYN3A_0132	BSU20270	25.510	98	68	3	203	296	36	132	1.3	26.9
JCVISYN3A_0132	BSU34330	30.357	56	32	1	205	253	222	277	2.4	26.6
JCVISYN3A_0132	BSU31440	34.375	32	20	1	238	268	177	208	2.4	26.6
JCVISYN3A_0132	BSU19370	29.412	68	43	2	154	216	25	92	2.5	26.9
JCVISYN3A_0132	BSU03270	23.438	64	48	1	201	263	92	155	2.6	26.6
JCVISYN3A_0132	BSU15710	30.645	62	31	4	76	131	261	316	2.8	26.6
JCVISYN3A_0132	BSU25980	29.508	61	37	2	244	299	259	318	4.9	25.8
JCVISYN3A_0132	BSU23530	37.931	29	18	0	287	315	37	65	5.8	25.4
JCVISYN3A_0132	BSU17270	27.273	44	32	0	195	238	89	132	7.0	25.0
JCVISYN3A_0132	BSU30980	45.455	22	11	1	54	74	550	571	7.0	25.4
JCVISYN3A_0133	BSU38090	35.632	87	45	4	451	529	487	570	3.85e-04	40.4
JCVISYN3A_0133	BSU15300	28.319	113	71	3	402	514	369	471	0.042	33.9
JCVISYN3A_0133	BSU39650	30.702	114	67	5	73	179	59	167	0.044	33.5
JCVISYN3A_0133	BSU17260	27.673	159	88	8	408	545	281	433	0.067	33.1
JCVISYN3A_0133	BSU03790	45.161	31	15	2	273	302	287	316	1.00	29.3
JCVISYN3A_0137	BSU37070	45.455	66	33	3	3	68	2	64	8.71e-14	57.8
JCVISYN3A_0137	BSU30700	37.931	58	30	2	15	67	22	78	1.97e-09	47.0
JCVISYN3A_0137	BSU23850	26.923	26	19	0	28	53	395	420	3.3	23.5
JCVISYN3A_0137	BSU23280	34.783	23	15	0	12	34	227	249	3.8	23.1
JCVISYN3A_0137	BSU16800	32.258	31	21	0	60	90	207	237	7.3	22.3
JCVISYN3A_0137	BSU08800	29.268	41	29	0	51	91	341	381	8.4	22.3
JCVISYN3A_0138	BSU02860	33.333	57	37	1	5	60	6	62	0.26	30.4
JCVISYN3A_0138	BSU33060	26.923	78	47	2	110	187	62	129	0.66	29.6
JCVISYN3A_0138	BSU40950	33.333	39	26	0	272	310	7	45	1.0	28.5
JCVISYN3A_0138	BSU21870	42.857	28	16	0	331	358	327	354	2.2	28.1
JCVISYN3A_0138	BSU30760	27.083	48	35	0	13	60	15	62	4.1	26.9
JCVISYN3A_0138	BSU31170	30.435	46	25	1	504	549	54	92	5.8	26.6
JCVISYN3A_0138	BSU35940	21.538	65	49	1	432	496	147	209	6.9	26.2
JCVISYN3A_0138	BSU22320	37.143	35	20	1	560	594	238	270	9.1	26.2
JCVISYN3A_0138	BSU29400	30.000	50	28	1	570	612	117	166	9.2	25.8
JCVISYN3A_0138	BSU21950	27.536	69	42	1	328	388	7	75	9.5	24.3
JCVISYN3A_0139	BSU29250	30.293	307	210	2	10	313	5	310	2.29e-45	153
JCVISYN3A_0139	BSU40510	24.299	321	203	12	7	298	327	636	4.17e-09	54.3
JCVISYN3A_0139	BSU18200	41.860	43	21	3	265	305	259	299	0.024	32.7
JCVISYN3A_0139	BSU11520	28.070	57	37	1	43	99	145	197	0.70	28.1
JCVISYN3A_0139	BSU30930	57.143	14	6	0	26	39	36	49	1.5	26.6
JCVISYN3A_0139	BSU13410	37.838	37	22	1	220	255	88	124	2.6	26.2
JCVISYN3A_0139	BSU07840	21.795	78	59	1	156	231	398	475	3.8	26.2
JCVISYN3A_0139	BSU02130	21.875	128	92	5	56	178	30	154	4.8	25.4
JCVISYN3A_0139	BSU36680	27.500	80	55	2	113	191	71	148	8.2	24.3
JCVISYN3A_0140	BSU37060	47.959	196	97	1	12	207	2	192	2.45e-66	199
JCVISYN3A_0140	BSU00010	25.641	78	57	1	20	96	359	436	0.54	27.7
JCVISYN3A_0140	BSU02230	35.417	48	26	2	74	116	47	94	3.5	25.4
JCVISYN3A_0140	BSU11250	26.562	64	44	2	114	176	113	174	4.0	25.0
JCVISYN3A_0140	BSU16510	37.931	29	18	0	32	60	111	139	8.5	23.9
JCVISYN3A_0140	BSU37570	43.333	30	15	1	161	188	208	237	8.6	24.3
JCVISYN3A_0140	BSU22030	18.966	58	46	1	45	102	415	471	9.0	24.3
JCVISYN3A_0140	BSU33190	34.483	29	18	1	81	109	67	94	9.4	23.9
JCVISYN3A_0140	BSU00550	30.000	30	21	0	128	157	524	553	9.4	24.3
JCVISYN3A_0141	BSU37010	54.179	347	159	0	9	355	5	351	2.15e-139	397
JCVISYN3A_0141	BSU35290	37.318	343	204	5	9	347	26	361	9.31e-72	225
JCVISYN3A_0141	BSU19430	21.239	113	79	3	9	116	33	140	1.4	27.3
JCVISYN3A_0141	BSU04960	31.522	92	60	3	7	97	586	675	1.9	27.3
JCVISYN3A_0141	BSU25380	48.148	27	14	0	276	302	272	298	2.3	26.9
JCVISYN3A_0141	BSU02430	27.451	51	36	1	226	275	22	72	4.1	26.2
JCVISYN3A_0141	BSU23110	33.333	51	34	0	67	117	55	105	9.3	25.0
JCVISYN3A_0141	BSU40420	28.571	56	35	3	21	75	162	213	10.0	25.0
JCVISYN3A_0142	BSU37000	30.738	244	161	5	39	277	40	280	3.90e-37	130
JCVISYN3A_0142	BSU15010	30.380	79	50	2	115	189	46	123	0.006	33.9
JCVISYN3A_0142	BSU01060	24.468	94	67	2	95	188	46	135	0.029	32.0
JCVISYN3A_0142	BSU21010	34.043	47	29	1	188	232	102	148	0.034	31.6
JCVISYN3A_0142	BSU24750	34.043	47	26	1	53	94	188	234	0.11	30.4
JCVISYN3A_0142	BSU25450	32.203	59	37	2	97	155	164	219	0.29	29.3
JCVISYN3A_0142	BSU13450	34.615	52	28	3	184	232	51	99	0.77	27.7
JCVISYN3A_0142	BSU37450	29.310	58	32	1	222	270	277	334	1.2	27.3
JCVISYN3A_0142	BSU22720	30.909	55	32	1	106	154	89	143	1.3	26.9
JCVISYN3A_0142	BSU30850	28.571	35	25	0	49	83	176	210	1.5	26.9
JCVISYN3A_0142	BSU40970	35.000	60	38	1	89	148	98	156	1.7	26.6
JCVISYN3A_0142	BSU22170	21.233	146	84	7	137	277	256	375	1.9	26.6
JCVISYN3A_0142	BSU00340	24.138	87	59	4	114	196	49	132	2.1	26.2
JCVISYN3A_0142	BSU38090	22.785	79	53	2	32	110	102	172	4.6	25.4
JCVISYN3A_0142	BSU26810	36.364	44	25	2	168	208	53	96	7.2	24.6
JCVISYN3A_0142	BSU07710	26.744	86	59	3	9	94	273	354	7.6	25.0
JCVISYN3A_0142	BSU36940	50.000	24	12	0	46	69	34	57	8.7	24.3
JCVISYN3A_0143	BSU30000	31.092	119	66	7	174	292	45	147	0.003	36.6
JCVISYN3A_0143	BSU27460	26.437	87	57	2	45	131	19	98	4.4	26.2
JCVISYN3A_0143	BSU19220	26.087	46	34	0	192	237	184	229	6.9	25.8
JCVISYN3A_0144	BSU36950	35.385	65	41	1	4	67	18	82	1.64e-07	46.6
JCVISYN3A_0144	BSU35319	28.125	96	62	3	50	141	20	112	0.055	29.3
JCVISYN3A_0144	BSU06110	26.667	60	44	0	61	120	102	161	0.52	27.3
JCVISYN3A_0144	BSU16580	27.381	84	56	3	5	86	407	487	0.90	26.6
JCVISYN3A_0144	BSU05420	34.545	55	33	3	42	95	66	118	1.7	25.4
JCVISYN3A_0144	BSU26530	32.258	31	21	0	80	110	142	172	2.8	24.6
JCVISYN3A_0144	BSU24520	24.138	58	40	1	48	105	26	79	5.4	23.9
JCVISYN3A_0144	BSU25000	25.316	79	44	4	2	77	167	233	7.2	23.9
JCVISYN3A_0144	BSU29090	32.000	25	17	0	75	99	362	386	8.8	23.5
JCVISYN3A_0144	BSU29120	26.087	69	32	2	7	71	238	291	9.5	23.5
JCVISYN3A_0144	BSU03910	44.000	25	14	0	17	41	381	405	9.5	23.5
JCVISYN3A_0145	BSU13400	40.625	32	19	0	30	61	199	230	0.42	28.9
JCVISYN3A_0145	BSU07560	46.154	26	13	1	119	144	168	192	0.76	28.1
JCVISYN3A_0145	BSU25250	22.422	223	134	9	13	231	10	197	1.6	26.6
JCVISYN3A_0145	BSU16845	27.523	109	59	5	40	142	327	421	1.7	26.9
JCVISYN3A_0145	BSU35040	47.826	23	12	0	254	276	797	819	4.1	25.8
JCVISYN3A_0145	BSU27910	29.412	68	42	3	133	197	1	65	6.9	24.6
JCVISYN3A_0146	BSU05240	29.545	44	29	1	114	157	408	449	3.8	25.4
JCVISYN3A_0146	BSU32850	24.074	54	39	2	80	132	78	130	4.5	25.0
JCVISYN3A_0146	BSU14300	34.483	29	19	0	198	226	107	135	5.1	24.6
JCVISYN3A_0146	BSU21580	35.000	40	26	0	121	160	83	122	6.7	24.6
JCVISYN3A_0146	BSU40130	39.394	33	16	1	124	152	136	168	7.0	24.3
JCVISYN3A_0146	BSU18310	30.952	42	27	1	8	47	968	1009	9.8	24.3
JCVISYN3A_0147	BSU37240	28.864	440	299	4	45	480	42	471	1.89e-71	233
JCVISYN3A_0147	BSU36590	33.110	447	289	5	37	477	8	450	6.35e-69	226
JCVISYN3A_0147	BSU37190	28.775	351	218	3	142	482	43	371	1.96e-43	155
JCVISYN3A_0147	BSU38670	30.357	56	36	1	33	88	10	62	0.26	27.7
JCVISYN3A_0147	BSU08120	29.630	81	40	4	16	85	34	108	0.68	27.7
JCVISYN3A_0147	BSU28280	26.667	60	42	1	217	276	116	173	1.5	28.1
JCVISYN3A_0147	BSU31380	48.148	27	14	0	22	48	9	35	6.3	24.3
JCVISYN3A_0147	BSU06100	30.952	42	29	0	398	439	276	317	7.3	25.8
JCVISYN3A_0148	BSU01100	73.913	138	36	0	1	138	1	138	4.44e-74	214
JCVISYN3A_0148	BSU37240	32.836	67	34	3	36	97	366	426	1.1	25.8
JCVISYN3A_0148	BSU20780	35.484	31	20	0	1	31	36	66	7.0	22.3
JCVISYN3A_0148	BSU30510	45.000	20	11	0	108	127	38	57	8.5	23.1
JCVISYN3A_0148	BSU07340	50.000	18	9	0	65	82	322	339	9.6	23.1
JCVISYN3A_0149	BSU01110	68.182	154	49	0	2	155	3	156	5.95e-78	225
JCVISYN3A_0149	BSU16070	24.603	126	90	4	20	143	314	436	0.064	30.0
JCVISYN3A_0149	BSU29240	33.333	48	28	2	102	148	30	74	4.1	23.9
JCVISYN3A_0149	BSU03480	25.000	76	46	3	29	94	3149	3223	5.8	24.3
JCVISYN3A_0149	BSU21300	21.008	119	90	2	8	125	78	193	8.9	23.5
JCVISYN3A_0150	BSU01120	71.843	689	192	2	1	687	1	689	0.0	1018
JCVISYN3A_0150	BSU14770	39.130	161	93	2	9	166	6	164	4.30e-26	110
JCVISYN3A_0150	BSU14770	22.615	283	164	8	254	501	162	424	1.09e-12	67.8
JCVISYN3A_0150	BSU14770	32.530	83	55	1	591	672	392	474	9.96e-07	48.5
JCVISYN3A_0150	BSU25510	36.667	180	99	4	11	179	15	190	2.88e-20	92.0
JCVISYN3A_0150	BSU25510	26.316	247	144	9	248	480	160	382	4.49e-09	56.2
JCVISYN3A_0150	BSU25510	30.986	71	47	2	597	665	409	479	0.046	33.5
JCVISYN3A_0150	BSU01130	36.154	130	77	3	12	138	14	140	1.04e-13	70.1
JCVISYN3A_0150	BSU16630	32.824	131	70	2	13	143	222	334	4.34e-09	56.2
JCVISYN3A_0150	BSU22840	27.059	170	105	6	56	215	32	192	2.89e-04	40.4
JCVISYN3A_0150	BSU22840	29.508	122	68	5	40	143	181	302	2.3	28.1
JCVISYN3A_0150	BSU39920	25.362	138	91	5	192	329	237	362	0.29	31.2
JCVISYN3A_0150	BSU25290	23.022	139	82	5	13	143	11	132	0.35	30.4
JCVISYN3A_0150	BSU37530	31.915	47	31	1	563	608	20	66	2.5	27.3
JCVISYN3A_0150	BSU30160	23.256	172	120	5	490	660	31	191	2.8	27.7
JCVISYN3A_0150	BSU24890	33.333	57	19	2	404	453	58	102	3.3	26.9
JCVISYN3A_0150	BSU32650	19.767	86	62	1	423	508	6	84	4.4	25.4
JCVISYN3A_0150	BSU40360	36.111	36	22	1	282	317	272	306	4.6	26.9
JCVISYN3A_0150	BSU31170	23.958	96	65	2	199	294	121	208	4.6	26.9
JCVISYN3A_0150	BSU33970	25.472	106	70	3	397	495	228	331	6.2	26.6
JCVISYN3A_0150	BSU16050	29.688	64	36	3	83	142	7	65	7.7	26.2
JCVISYN3A_0150	BSU17140	30.952	42	27	1	564	605	370	409	8.0	26.2
JCVISYN3A_0151	BSU01130	74.365	394	100	1	1	393	1	394	0.0	591
JCVISYN3A_0151	BSU14770	32.500	280	162	12	14	277	9	277	1.04e-21	94.0
JCVISYN3A_0151	BSU25510	30.041	243	148	7	14	251	16	241	1.91e-18	84.0
JCVISYN3A_0151	BSU16630	33.761	234	114	9	18	243	225	425	2.43e-15	74.7
JCVISYN3A_0151	BSU01120	34.328	134	83	3	14	144	12	143	5.89e-13	67.0
JCVISYN3A_0151	BSU10050	32.353	34	23	0	183	216	59	92	1.1	28.1
JCVISYN3A_0151	BSU33910	33.333	54	30	2	301	348	4	57	3.9	26.2
JCVISYN3A_0151	BSU29130	44.444	36	18	1	324	359	115	148	8.3	25.4
JCVISYN3A_0163	BSU27410	42.087	872	453	14	1	865	1	827	0.0	651
JCVISYN3A_0163	BSU28950	24.615	195	119	11	573	748	75	260	0.035	34.3
JCVISYN3A_0163	BSU37920	33.333	30	20	0	863	892	5	34	0.77	29.3
JCVISYN3A_0163	BSU40120	29.787	47	32	1	501	546	28	74	0.92	27.3
JCVISYN3A_0163	BSU19790	35.135	37	24	0	464	500	13	49	1.3	28.9
JCVISYN3A_0163	BSU34800	26.829	82	56	2	740	821	164	241	1.4	29.3
JCVISYN3A_0163	BSU11880	37.500	56	29	2	456	505	111	166	3.7	27.7
JCVISYN3A_0163	BSU24560	37.778	45	24	2	360	402	156	198	3.7	27.7
JCVISYN3A_0163	BSU40050	27.083	48	34	1	572	619	16	62	3.8	27.3
JCVISYN3A_0163	BSU26220	28.205	78	53	2	604	681	65	139	4.1	26.9
JCVISYN3A_0163	BSU09570	28.814	59	36	1	311	369	13	65	6.0	26.9
JCVISYN3A_0163	BSU25280	33.333	45	30	0	763	807	106	150	7.4	26.6
JCVISYN3A_0163	BSU13820	48.276	29	15	0	88	116	145	173	9.7	25.8
JCVISYN3A_0164	BSU00890	24.390	82	59	1	65	143	86	167	0.20	28.5
JCVISYN3A_0164	BSU06070	26.087	69	44	3	4	71	162	224	0.69	26.9
JCVISYN3A_0164	BSU11090	27.778	72	44	2	89	159	5	69	0.74	25.8
JCVISYN3A_0164	BSU11400	25.974	77	50	3	4	75	52	126	1.3	25.8
JCVISYN3A_0164	BSU30430	21.552	116	82	3	57	163	19	134	1.7	25.4
JCVISYN3A_0164	BSU08970	30.952	42	23	1	3	38	572	613	2.3	25.4
JCVISYN3A_0164	BSU23920	44.828	29	16	0	80	108	134	162	2.7	25.0
JCVISYN3A_0164	BSU33550	22.034	59	46	0	3	61	294	352	3.1	25.0
JCVISYN3A_0164	BSU04190	38.095	42	23	1	5	43	113	154	5.2	24.3
JCVISYN3A_0164	BSU10630	33.333	33	20	1	2	34	156	186	5.7	24.3
JCVISYN3A_0164	BSU31130	50.000	24	12	0	56	79	161	184	8.2	23.5
JCVISYN3A_0164	BSU08200	26.667	90	57	4	58	142	351	436	9.2	23.5
JCVISYN3A_0165	BSU12930	29.237	236	149	5	187	413	80	306	3.32e-21	90.1
JCVISYN3A_0165	BSU11390	27.160	243	158	5	182	410	78	315	1.91e-20	88.2
JCVISYN3A_0165	BSU11440	23.580	352	212	7	67	413	7	306	2.53e-14	70.1
JCVISYN3A_0165	BSU06360	39.024	41	24	1	109	149	16	55	0.19	30.8
JCVISYN3A_0165	BSU11400	23.881	201	127	5	189	386	88	265	1.5	27.3
JCVISYN3A_0165	BSU33380	27.632	76	51	3	117	191	166	238	2.0	26.9
JCVISYN3A_0165	BSU22950	26.230	61	28	1	117	160	130	190	4.0	26.2
JCVISYN3A_0165	BSU08400	29.577	71	42	3	339	409	174	236	9.0	25.4
JCVISYN3A_0165	BSU13420	44.444	27	10	1	85	106	581	607	9.7	25.4
JCVISYN3A_0166	BSU11450	27.961	304	213	5	32	333	3	302	1.26e-31	117
JCVISYN3A_0166	BSU12940	27.653	311	212	5	32	336	17	320	4.00e-29	111
JCVISYN3A_0166	BSU11400	28.904	301	194	7	44	334	11	301	1.03e-27	107
JCVISYN3A_0166	BSU33700	23.438	128	97	1	148	275	39	165	0.006	34.3
JCVISYN3A_0166	BSU33800	25.000	128	95	1	148	275	39	165	0.006	34.3
JCVISYN3A_0166	BSU32450	35.000	60	37	1	2	61	123	180	0.84	28.1
JCVISYN3A_0166	BSU32740	23.750	160	102	6	126	270	13	167	2.0	26.6
JCVISYN3A_0166	BSU03560	36.000	50	25	2	60	102	127	176	3.7	26.2
JCVISYN3A_0166	BSU40820	23.404	47	36	0	258	304	367	413	4.7	25.8
JCVISYN3A_0166	BSU09310	23.741	139	82	4	12	134	422	552	5.3	25.8
JCVISYN3A_0166	BSU32150	29.032	31	22	0	115	145	119	149	9.3	24.3
JCVISYN3A_0167	BSU11460	59.055	254	103	1	300	552	84	337	9.02e-110	329
JCVISYN3A_0167	BSU11460	39.130	69	41	1	5	72	7	75	1.45e-10	59.7
JCVISYN3A_0167	BSU12950	50.806	248	122	0	296	543	77	324	1.24e-84	263
JCVISYN3A_0167	BSU12950	39.130	69	41	1	5	72	4	72	2.60e-11	62.0
JCVISYN3A_0167	BSU11360	41.993	281	150	3	259	538	51	319	5.11e-69	223
JCVISYN3A_0167	BSU11360	27.215	158	97	5	3	156	2	145	1.37e-07	50.4
JCVISYN3A_0167	BSU11370	37.247	247	140	4	296	538	92	327	9.75e-45	158
JCVISYN3A_0167	BSU11370	32.812	64	36	1	2	58	6	69	4.42e-05	42.4
JCVISYN3A_0167	BSU11470	44.643	168	86	4	315	479	92	255	2.77e-39	142
JCVISYN3A_0167	BSU11470	33.333	72	44	1	1	72	1	68	1.13e-07	50.4
JCVISYN3A_0167	BSU13000	42.353	170	93	3	312	479	90	256	1.78e-38	141
JCVISYN3A_0167	BSU13000	27.174	92	60	3	5	93	6	93	2.45e-05	43.1
JCVISYN3A_0167	BSU32750	47.009	117	59	1	355	471	124	237	1.86e-26	107
JCVISYN3A_0167	BSU32750	27.778	54	39	0	5	58	1	54	0.008	35.4
JCVISYN3A_0167	BSU23960	39.535	129	74	3	339	467	104	228	2.59e-22	93.2
JCVISYN3A_0167	BSU23960	46.154	39	21	0	25	63	17	55	1.17e-04	40.8
JCVISYN3A_0167	BSU27430	35.606	132	81	2	347	478	112	239	7.62e-21	89.0
JCVISYN3A_0167	BSU27430	48.649	37	18	1	25	61	17	52	0.006	35.4
JCVISYN3A_0167	BSU03590	35.766	137	84	2	342	478	111	243	1.34e-20	88.2
JCVISYN3A_0167	BSU03590	44.444	36	19	1	25	60	17	51	0.082	32.0
JCVISYN3A_0167	BSU39480	36.691	139	84	2	333	471	101	235	7.19e-20	86.3
JCVISYN3A_0167	BSU39480	35.789	95	46	4	1	93	4	85	1.97e-05	43.1
JCVISYN3A_0167	BSU02980	35.659	129	80	1	343	471	141	266	2.08e-19	87.4
JCVISYN3A_0167	BSU02980	35.616	73	40	2	23	88	47	119	2.21e-04	40.4
JCVISYN3A_0167	BSU29340	35.821	134	82	2	342	475	110	239	2.63e-18	81.6
JCVISYN3A_0167	BSU29340	41.667	36	20	1	25	60	17	51	0.024	33.5
JCVISYN3A_0167	BSU01460	33.333	138	88	2	343	480	103	236	3.77e-18	81.6
JCVISYN3A_0167	BSU01460	32.759	58	38	1	24	80	9	66	0.004	36.2
JCVISYN3A_0167	BSU24960	42.391	92	51	1	376	467	167	256	5.16e-18	81.3
JCVISYN3A_0167	BSU24960	28.000	75	43	3	2	72	19	86	0.028	33.5
JCVISYN3A_0167	BSU24950	40.196	102	59	1	376	477	158	257	7.34e-18	80.5
JCVISYN3A_0167	BSU24950	33.333	75	43	1	24	98	28	95	4.75e-06	45.1
JCVISYN3A_0167	BSU33270	36.478	159	93	5	296	454	69	219	9.19e-17	76.6
JCVISYN3A_0167	BSU33270	29.787	47	33	0	5	51	1	47	0.11	31.6
JCVISYN3A_0167	BSU30610	34.188	117	70	3	347	463	110	219	2.64e-16	75.9
JCVISYN3A_0167	BSU30610	31.250	48	32	1	15	62	14	60	0.002	37.0
JCVISYN3A_0167	BSU01450	42.391	92	52	1	372	463	140	230	3.99e-16	75.9
JCVISYN3A_0167	BSU01450	34.483	58	37	1	2	59	3	59	1.13e-06	47.4
JCVISYN3A_0167	BSU02750	36.364	121	73	2	343	463	109	225	4.71e-16	75.1
JCVISYN3A_0167	BSU02750	33.871	62	40	1	5	65	1	62	1.51e-06	46.6
JCVISYN3A_0167	BSU07490	43.182	88	50	0	376	463	141	228	5.35e-16	75.1
JCVISYN3A_0167	BSU07490	25.000	64	44	1	25	88	19	78	0.16	31.2
JCVISYN3A_0167	BSU08310	35.833	120	73	2	343	462	104	219	9.69e-16	75.1
JCVISYN3A_0167	BSU08310	23.494	166	114	5	23	175	15	180	0.19	30.8
JCVISYN3A_0167	BSU30420	36.752	117	69	3	346	462	120	231	1.52e-15	73.2
JCVISYN3A_0167	BSU30420	30.370	135	68	6	25	155	25	137	0.005	35.8
JCVISYN3A_0167	BSU38660	38.596	114	63	3	341	453	97	204	1.60e-15	74.3
JCVISYN3A_0167	BSU38660	30.909	55	34	1	5	59	1	51	0.002	37.0
JCVISYN3A_0167	BSU33730	32.540	126	81	2	347	471	110	232	2.14e-15	74.7
JCVISYN3A_0167	BSU33830	32.258	124	80	2	349	471	112	232	6.05e-15	73.6
JCVISYN3A_0167	BSU04490	38.655	119	70	1	335	453	97	212	1.73e-14	71.2
JCVISYN3A_0167	BSU04490	34.211	38	25	0	25	62	21	58	0.002	37.7
JCVISYN3A_0167	BSU14360	30.625	160	103	5	301	460	74	225	8.49e-14	67.8
JCVISYN3A_0167	BSU14360	37.838	37	23	0	15	51	11	47	0.016	33.9
JCVISYN3A_0167	BSU33290	40.909	88	52	0	376	463	141	228	1.69e-13	67.8
JCVISYN3A_0167	BSU33290	24.615	65	44	2	25	89	19	78	0.55	29.3
JCVISYN3A_0167	BSU38810	30.120	166	110	3	312	477	78	237	4.69e-13	67.4
JCVISYN3A_0167	BSU12250	35.088	114	67	3	355	466	127	235	5.44e-13	65.9
JCVISYN3A_0167	BSU12250	37.838	37	22	1	25	61	32	67	0.031	33.1
JCVISYN3A_0167	BSU32550	29.245	106	75	0	372	477	131	236	6.85e-13	67.0
JCVISYN3A_0167	BSU32550	31.250	48	29	2	24	71	18	61	0.93	28.9
JCVISYN3A_0167	BSU09080	31.176	170	100	5	312	473	79	239	2.30e-12	64.7
JCVISYN3A_0167	BSU09080	23.457	81	54	2	5	85	4	76	0.017	34.3
JCVISYN3A_0167	BSU33160	37.500	120	63	4	349	460	113	228	3.31e-12	65.5
JCVISYN3A_0167	BSU33160	45.833	24	13	0	25	48	16	39	3.6	26.9
JCVISYN3A_0167	BSU32940	38.636	88	54	0	376	463	143	230	5.58e-12	63.2
JCVISYN3A_0167	BSU02570	37.500	88	55	0	375	462	133	220	5.72e-12	63.5
JCVISYN3A_0167	BSU02570	30.909	55	34	1	25	79	20	70	0.053	32.7
JCVISYN3A_0167	BSU08830	34.058	138	78	4	315	450	80	206	1.02e-11	62.4
JCVISYN3A_0167	BSU08830	34.545	55	34	2	23	75	20	74	0.034	33.1
JCVISYN3A_0167	BSU35700	35.227	88	56	1	375	462	143	229	1.31e-11	63.5
JCVISYN3A_0167	BSU35700	40.000	45	27	0	15	59	29	73	1.76e-06	47.4
JCVISYN3A_0167	BSU30380	31.858	113	73	2	341	453	113	221	5.16e-11	60.1
JCVISYN3A_0167	BSU30380	37.879	66	35	2	25	88	23	84	0.001	37.7
JCVISYN3A_0167	BSU34700	31.818	110	64	3	376	482	147	248	5.32e-11	60.1
JCVISYN3A_0167	BSU34700	34.375	64	34	3	29	88	27	86	0.27	30.4
JCVISYN3A_0167	BSU15340	30.252	119	77	3	347	463	117	231	1.00e-10	59.3
JCVISYN3A_0167	BSU35940	35.922	103	55	3	355	453	376	471	1.62e-10	60.1
JCVISYN3A_0167	BSU35940	29.032	93	65	1	373	465	138	229	9.95e-07	48.1
JCVISYN3A_0167	BSU35940	34.375	64	40	2	25	86	18	81	3.43e-04	40.0
JCVISYN3A_0167	BSU35940	30.952	42	28	1	15	55	256	297	4.4	26.9
JCVISYN3A_0167	BSU03730	36.145	83	51	1	352	434	119	199	1.96e-10	57.8
JCVISYN3A_0167	BSU34090	34.831	89	57	1	374	462	130	217	2.10e-10	58.9
JCVISYN3A_0167	BSU34090	40.909	44	25	1	23	65	19	62	0.002	37.0
JCVISYN3A_0167	BSU13220	30.508	118	78	2	346	463	398	511	2.30e-10	59.7
JCVISYN3A_0167	BSU13220	29.412	153	100	6	313	463	92	238	1.33e-08	54.3
JCVISYN3A_0167	BSU13220	26.984	126	77	4	25	135	25	150	0.001	38.1
JCVISYN3A_0167	BSU13220	31.667	60	35	2	25	82	310	365	0.004	36.6
JCVISYN3A_0167	BSU09710	41.304	92	49	3	376	466	476	563	9.15e-10	57.8
JCVISYN3A_0167	BSU09710	39.535	43	26	0	13	55	342	384	0.005	36.6
JCVISYN3A_0167	BSU39640	30.252	119	72	3	376	491	145	255	1.01e-09	56.2
JCVISYN3A_0167	BSU39640	40.000	35	21	0	24	58	22	56	0.014	34.3
JCVISYN3A_0167	BSU02860	33.750	80	53	0	373	452	136	215	1.20e-09	55.8
JCVISYN3A_0167	BSU30760	29.655	145	93	4	319	463	88	223	1.73e-09	55.5
JCVISYN3A_0167	BSU30760	32.653	49	29	1	25	73	19	63	0.010	34.7
JCVISYN3A_0167	BSU03820	27.586	116	78	2	351	466	118	227	9.14e-09	53.1
JCVISYN3A_0167	BSU10040	30.612	98	67	1	365	462	125	221	9.92e-09	53.1
JCVISYN3A_0167	BSU10040	25.287	87	48	3	5	91	3	72	0.015	34.3
JCVISYN3A_0167	BSU14430	29.496	139	88	3	330	466	113	243	1.08e-08	54.3
JCVISYN3A_0167	BSU14430	31.111	90	56	2	376	464	441	525	3.70e-05	43.1
JCVISYN3A_0167	BSU14430	31.250	48	31	1	13	60	7	52	7.9	25.8
JCVISYN3A_0167	BSU08690	29.496	139	82	4	331	458	426	559	1.09e-08	54.7
JCVISYN3A_0167	BSU08690	32.394	71	44	3	25	92	358	427	0.052	33.1
JCVISYN3A_0167	BSU08210	34.783	92	55	2	376	467	469	555	1.19e-08	54.3
JCVISYN3A_0167	BSU08210	46.154	39	21	0	13	51	335	373	0.009	35.4
JCVISYN3A_0167	BSU37230	39.326	89	51	2	374	462	469	554	2.00e-08	53.5
JCVISYN3A_0167	BSU37230	44.737	38	21	0	25	62	349	386	0.013	35.0
JCVISYN3A_0167	BSU30010	30.108	93	64	1	370	462	121	212	5.03e-08	50.8
JCVISYN3A_0167	BSU30010	35.000	60	33	3	18	74	17	73	0.014	34.3
JCVISYN3A_0167	BSU35260	31.633	98	60	2	367	458	130	226	5.09e-08	50.8
JCVISYN3A_0167	BSU35260	43.750	32	18	0	24	55	17	48	0.090	31.6
JCVISYN3A_0167	BSU14320	26.286	175	102	6	310	463	390	558	1.12e-07	51.2
JCVISYN3A_0167	BSU14320	30.435	69	45	1	24	89	351	419	0.013	35.0
JCVISYN3A_0167	BSU09720	30.719	153	79	6	324	462	512	651	1.63e-07	50.8
JCVISYN3A_0167	BSU09720	51.613	31	15	0	25	55	446	476	0.009	35.4
JCVISYN3A_0167	BSU30450	25.773	97	67	2	352	448	109	200	2.51e-07	49.3
JCVISYN3A_0167	BSU30450	21.875	64	43	2	12	72	1	60	0.39	30.0
JCVISYN3A_0167	BSU01950	27.820	133	91	3	323	455	85	212	1.17e-06	47.0
JCVISYN3A_0167	BSU01950	37.143	35	22	0	24	58	18	52	0.008	35.0
JCVISYN3A_0167	BSU34820	35.227	88	54	2	376	463	480	564	1.67e-06	47.4
JCVISYN3A_0167	BSU34820	45.161	31	17	0	25	55	357	387	2.1	27.7
JCVISYN3A_0167	BSU07370	25.806	124	84	2	344	467	132	247	2.28e-06	47.0
JCVISYN3A_0167	BSU07370	29.630	81	53	1	374	454	440	516	1.28e-05	44.7
JCVISYN3A_0167	BSU07370	32.000	50	32	1	23	70	17	66	0.12	32.0
JCVISYN3A_0167	BSU05950	36.000	75	41	2	3	73	324	395	2.68e-06	47.0
JCVISYN3A_0167	BSU05950	29.348	92	61	1	376	467	446	533	1.17e-05	44.7
JCVISYN3A_0167	BSU05950	27.143	70	47	1	376	445	164	229	5.15e-04	39.7
JCVISYN3A_0167	BSU05950	37.838	37	23	0	23	59	17	53	0.11	32.0
JCVISYN3A_0167	BSU31550	32.174	115	72	3	341	454	110	219	3.10e-06	46.6
JCVISYN3A_0167	BSU31550	31.646	79	53	1	376	454	403	480	1.56e-05	44.3
JCVISYN3A_0167	BSU31550	40.625	32	19	0	27	58	22	53	0.54	29.6
JCVISYN3A_0167	BSU09070	28.000	100	68	1	363	462	118	213	4.14e-06	45.1
JCVISYN3A_0167	BSU09070	27.273	44	31	1	23	65	16	59	0.20	30.8
JCVISYN3A_0167	BSU38730	30.000	90	60	2	374	463	472	558	4.62e-06	46.2
JCVISYN3A_0167	BSU38730	38.776	49	27	1	1	49	332	377	0.002	37.7
JCVISYN3A_0167	BSU40620	28.319	113	77	2	341	453	98	206	5.61e-06	44.7
JCVISYN3A_0167	BSU40620	32.432	37	25	0	23	59	15	51	0.63	28.9
JCVISYN3A_0167	BSU07420	38.333	60	33	1	376	435	164	219	7.23e-06	45.4
JCVISYN3A_0167	BSU07420	37.931	58	32	1	5	62	3	56	2.77e-04	40.4
JCVISYN3A_0167	BSU07420	28.358	67	44	1	376	442	442	504	0.010	35.4
JCVISYN3A_0167	BSU38740	29.808	104	69	3	361	463	449	549	2.08e-05	43.9
JCVISYN3A_0167	BSU37390	34.615	78	50	1	376	453	140	216	3.36e-05	42.4
JCVISYN3A_0167	BSU37390	29.630	54	35	2	5	58	3	53	4.1	26.6
JCVISYN3A_0167	BSU32710	27.679	112	77	3	362	472	137	245	3.03e-04	39.7
JCVISYN3A_0167	BSU05610	30.864	81	52	2	376	456	105	181	5.35e-04	39.3
JCVISYN3A_0167	BSU05610	27.586	87	57	2	348	434	382	462	0.007	35.8
JCVISYN3A_0167	BSU05610	33.803	71	38	3	5	75	291	352	0.010	35.4
JCVISYN3A_0167	BSU05610	26.667	75	48	3	13	86	10	78	0.22	30.8
JCVISYN3A_0167	BSU14330	32.500	40	27	0	24	63	378	417	0.019	34.7
JCVISYN3A_0167	BSU13850	28.261	92	51	4	35	126	190	266	0.039	33.5
JCVISYN3A_0167	BSU21470	30.769	78	46	2	361	434	601	674	0.086	32.3
JCVISYN3A_0167	BSU21470	47.826	23	12	0	36	58	510	532	0.77	29.3
JCVISYN3A_0167	BSU00810	35.000	40	26	0	502	541	81	120	0.21	30.8
JCVISYN3A_0167	BSU00160	21.023	176	107	6	380	547	236	387	0.96	28.9
JCVISYN3A_0167	BSU28220	34.375	32	21	0	38	69	112	143	1.7	28.1
JCVISYN3A_0167	BSU06300	30.303	33	23	0	28	60	304	336	3.0	27.3
JCVISYN3A_0167	BSU08020	46.667	30	12	1	392	421	387	412	4.6	26.6
JCVISYN3A_0167	BSU23910	19.487	195	121	7	27	218	130	291	4.9	26.6
JCVISYN3A_0167	BSU21130	29.870	77	40	2	152	226	357	421	6.7	26.2
JCVISYN3A_0167	BSU00140	50.000	22	11	0	38	59	12	33	7.1	25.8
JCVISYN3A_0167	BSU36669	32.203	59	33	2	17	68	1	59	7.7	23.9
JCVISYN3A_0167	BSU15940	50.000	28	13	1	28	55	18	44	7.7	26.2
JCVISYN3A_0167	BSU05630	29.851	67	35	2	108	162	57	123	7.9	25.4
JCVISYN3A_0167	BSU40080	23.944	142	96	4	265	403	36	168	9.5	25.8
JCVISYN3A_0168	BSU11470	47.687	281	117	3	328	608	54	304	1.19e-77	246
JCVISYN3A_0168	BSU11470	44.000	75	42	0	6	80	2	76	1.31e-14	72.0
JCVISYN3A_0168	BSU13000	45.020	251	105	4	318	568	49	266	3.33e-63	209
JCVISYN3A_0168	BSU13000	43.284	67	37	1	9	74	6	72	7.00e-12	63.9
JCVISYN3A_0168	BSU11370	41.065	263	107	4	357	601	94	326	1.31e-59	199
JCVISYN3A_0168	BSU11370	41.463	82	41	2	1	75	1	82	3.94e-10	58.5
JCVISYN3A_0168	BSU11460	42.000	200	84	5	361	558	94	263	1.10e-39	145
JCVISYN3A_0168	BSU11460	39.286	84	45	3	9	90	7	86	3.17e-10	58.9
JCVISYN3A_0168	BSU12950	36.667	210	100	5	352	558	81	260	1.02e-36	137
JCVISYN3A_0168	BSU12950	44.595	74	36	1	7	75	2	75	3.05e-14	71.2
JCVISYN3A_0168	BSU11360	37.624	202	94	3	362	561	92	263	1.16e-35	134
JCVISYN3A_0168	BSU11360	27.749	191	112	6	8	173	3	192	5.64e-08	51.6
JCVISYN3A_0168	BSU32750	36.667	150	91	3	418	566	107	253	1.08e-23	99.8
JCVISYN3A_0168	BSU32750	35.556	45	29	0	26	70	18	62	3.21e-04	40.0
JCVISYN3A_0168	BSU33830	36.364	121	77	0	435	555	117	237	8.30e-23	97.4
JCVISYN3A_0168	BSU33830	30.120	83	53	2	27	109	16	93	3.96e-04	39.7
JCVISYN3A_0168	BSU33730	35.537	121	78	0	435	555	117	237	1.45e-21	94.0
JCVISYN3A_0168	BSU33730	30.120	83	53	2	27	109	16	93	0.002	37.4
JCVISYN3A_0168	BSU27430	36.364	121	75	2	437	557	121	239	5.78e-19	83.6
JCVISYN3A_0168	BSU27430	28.767	73	47	1	29	96	17	89	1.69e-04	40.4
JCVISYN3A_0168	BSU03590	30.435	161	106	4	400	557	86	243	1.29e-17	79.7
JCVISYN3A_0168	BSU03590	30.189	53	35	1	22	74	12	62	0.056	32.7
JCVISYN3A_0168	BSU39480	33.858	127	80	3	435	560	122	245	7.10e-17	77.4
JCVISYN3A_0168	BSU39480	38.235	34	21	0	26	59	14	47	0.019	34.3
JCVISYN3A_0168	BSU30420	39.506	81	48	1	433	513	126	205	9.76e-17	76.6
JCVISYN3A_0168	BSU30420	31.915	94	50	3	22	108	17	103	0.030	33.5
JCVISYN3A_0168	BSU32550	30.973	113	77	1	445	556	124	236	1.18e-16	79.0
JCVISYN3A_0168	BSU32550	35.185	54	35	0	29	82	19	72	0.006	35.8
JCVISYN3A_0168	BSU01460	35.185	108	70	0	435	542	114	221	1.64e-16	77.0
JCVISYN3A_0168	BSU01460	23.750	80	58	2	36	113	17	95	6.6	26.2
JCVISYN3A_0168	BSU23960	35.455	110	69	2	436	545	120	227	2.28e-16	75.9
JCVISYN3A_0168	BSU23960	25.000	84	59	1	9	92	1	80	0.025	33.5
JCVISYN3A_0168	BSU33270	41.284	109	61	3	425	533	114	219	2.67e-16	75.5
JCVISYN3A_0168	BSU33270	28.889	90	57	4	22	108	14	99	0.12	31.6
JCVISYN3A_0168	BSU02980	33.566	143	91	3	418	559	136	275	1.45e-15	75.9
JCVISYN3A_0168	BSU02980	35.135	74	39	2	19	83	30	103	0.001	38.5
JCVISYN3A_0168	BSU29340	28.125	192	104	4	351	542	70	227	3.76e-15	72.8
JCVISYN3A_0168	BSU29340	28.947	76	54	0	28	103	16	91	1.78e-04	40.4
JCVISYN3A_0168	BSU38810	29.825	114	80	0	443	556	124	237	7.45e-15	73.2
JCVISYN3A_0168	BSU38810	30.435	69	45	1	44	109	35	103	0.005	36.2
JCVISYN3A_0168	BSU14360	38.144	97	57	3	437	533	126	219	1.10e-14	70.9
JCVISYN3A_0168	BSU14360	35.294	34	22	0	22	55	14	47	0.090	32.0
JCVISYN3A_0168	BSU38660	26.699	206	131	7	331	532	15	204	2.27e-14	70.9
JCVISYN3A_0168	BSU38660	38.636	44	27	0	27	70	15	58	0.012	35.0
JCVISYN3A_0168	BSU24960	35.870	92	57	1	454	545	166	255	4.45e-14	69.7
JCVISYN3A_0168	BSU24960	29.897	97	59	2	1	92	14	106	3.82e-04	39.3
JCVISYN3A_0168	BSU12250	30.833	120	83	0	435	554	126	245	9.05e-14	68.6
JCVISYN3A_0168	BSU12250	40.741	27	16	0	29	55	32	58	0.70	29.3
JCVISYN3A_0168	BSU24950	34.783	92	58	1	454	545	157	246	6.56e-13	66.2
JCVISYN3A_0168	BSU24950	37.037	27	17	0	28	54	28	54	0.70	29.3
JCVISYN3A_0168	BSU32940	28.070	171	92	6	357	526	75	215	1.47e-12	65.1
JCVISYN3A_0168	BSU32940	25.000	68	45	2	34	101	26	87	0.53	29.6
JCVISYN3A_0168	BSU30610	36.264	91	53	1	439	524	115	205	2.15e-12	64.7
JCVISYN3A_0168	BSU30610	34.568	81	43	2	23	103	17	87	1.05e-05	44.3
JCVISYN3A_0168	BSU34700	38.095	84	51	1	447	530	139	221	2.31e-12	64.3
JCVISYN3A_0168	BSU34700	39.216	51	18	2	27	64	23	73	0.036	33.1
JCVISYN3A_0168	BSU33290	27.692	195	109	7	349	542	65	228	2.42e-12	64.3
JCVISYN3A_0168	BSU33290	29.412	85	52	3	18	101	8	85	0.050	32.7
JCVISYN3A_0168	BSU30380	34.524	84	54	1	449	532	139	221	7.57e-12	62.8
JCVISYN3A_0168	BSU30380	35.938	64	41	0	9	72	3	66	1.23e-05	43.9
JCVISYN3A_0168	BSU08830	32.632	95	63	1	433	527	111	204	1.01e-11	62.4
JCVISYN3A_0168	BSU08830	26.923	78	47	2	32	109	25	92	0.062	32.3
JCVISYN3A_0168	BSU09080	31.068	103	70	1	433	535	113	214	1.14e-11	62.8
JCVISYN3A_0168	BSU09080	29.412	85	47	3	23	101	8	85	1.85e-04	40.4
JCVISYN3A_0168	BSU08310	31.193	109	73	2	435	543	115	221	1.93e-11	62.4
JCVISYN3A_0168	BSU08310	40.625	64	35	2	29	92	17	77	2.05e-05	43.5
JCVISYN3A_0168	BSU08690	39.560	91	52	2	453	543	478	565	6.19e-11	62.0
JCVISYN3A_0168	BSU08690	29.032	62	44	0	17	78	346	407	0.16	31.6
JCVISYN3A_0168	BSU02570	35.802	81	52	0	454	534	133	213	8.89e-11	60.1
JCVISYN3A_0168	BSU02570	36.000	50	31	1	27	75	18	67	0.006	35.8
JCVISYN3A_0168	BSU39640	34.409	93	53	1	447	531	137	229	1.36e-10	58.9
JCVISYN3A_0168	BSU39640	34.426	61	35	1	22	82	16	71	0.017	34.3
JCVISYN3A_0168	BSU01450	34.694	98	63	1	447	544	136	232	2.01e-10	58.9
JCVISYN3A_0168	BSU01450	28.467	137	83	4	27	151	23	156	1.72e-06	47.0
JCVISYN3A_0168	BSU35260	33.019	106	65	4	429	533	116	216	1.46e-09	55.5
JCVISYN3A_0168	BSU35260	41.935	31	18	0	24	54	13	43	0.046	32.7
JCVISYN3A_0168	BSU07490	23.039	204	139	4	342	545	46	231	2.11e-09	55.5
JCVISYN3A_0168	BSU07490	25.893	112	69	5	29	138	19	118	0.014	34.7
JCVISYN3A_0168	BSU02750	32.432	111	62	3	443	544	127	233	7.29e-09	53.5
JCVISYN3A_0168	BSU02750	33.333	66	44	0	9	74	1	66	7.84e-05	41.6
JCVISYN3A_0168	BSU03820	28.421	95	68	0	449	543	131	225	9.03e-09	53.5
JCVISYN3A_0168	BSU03820	22.340	94	63	4	36	128	24	108	7.7	25.8
JCVISYN3A_0168	BSU04490	31.646	79	54	0	454	532	134	212	1.56e-08	53.1
JCVISYN3A_0168	BSU04490	42.857	42	24	0	29	70	21	62	1.07e-04	41.2
JCVISYN3A_0168	BSU08210	31.304	115	70	3	433	543	443	552	3.51e-08	53.1
JCVISYN3A_0168	BSU08210	32.653	49	33	0	27	75	345	393	0.27	30.8
JCVISYN3A_0168	BSU33160	27.848	79	57	0	452	530	136	214	6.13e-08	52.0
JCVISYN3A_0168	BSU33160	38.095	63	37	1	20	82	9	69	0.013	35.0
JCVISYN3A_0168	BSU03730	27.184	103	74	1	418	520	105	206	6.17e-08	50.8
JCVISYN3A_0168	BSU03730	36.842	38	24	0	38	75	30	67	0.63	29.3
JCVISYN3A_0168	BSU02860	28.421	95	63	1	453	542	137	231	7.39e-08	50.4
JCVISYN3A_0168	BSU02860	24.590	61	46	0	32	92	22	82	0.036	33.1
JCVISYN3A_0168	BSU14320	35.556	90	55	2	454	543	473	559	7.72e-08	52.0
JCVISYN3A_0168	BSU14320	25.424	59	44	0	17	75	340	398	0.051	33.1
JCVISYN3A_0168	BSU15340	26.230	122	79	3	436	547	125	245	8.22e-08	50.8
JCVISYN3A_0168	BSU09720	39.560	91	52	3	454	544	567	654	9.44e-08	51.6
JCVISYN3A_0168	BSU09720	27.586	116	67	5	3	111	423	528	0.006	36.2
JCVISYN3A_0168	BSU35700	32.000	125	76	4	24	146	34	151	1.14e-07	51.2
JCVISYN3A_0168	BSU35700	25.316	79	58	1	454	532	143	220	2.18e-05	43.9
JCVISYN3A_0168	BSU09710	36.190	105	60	3	442	542	459	560	1.24e-07	51.2
JCVISYN3A_0168	BSU09710	41.860	43	25	0	32	74	357	399	3.13e-04	40.4
JCVISYN3A_0168	BSU34820	38.202	89	52	2	454	542	479	564	1.38e-07	51.2
JCVISYN3A_0168	BSU09890	32.941	85	48	2	27	111	15	90	1.50e-07	50.1
JCVISYN3A_0168	BSU09890	24.359	78	58	1	453	530	129	205	0.001	37.7
JCVISYN3A_0168	BSU14330	35.955	89	54	2	454	542	500	585	2.01e-07	50.8
JCVISYN3A_0168	BSU14330	43.478	46	26	0	25	70	375	420	6.74e-04	39.3
JCVISYN3A_0168	BSU37230	35.165	91	56	2	453	543	469	556	2.15e-07	50.4
JCVISYN3A_0168	BSU37230	41.667	24	14	0	32	55	352	375	4.3	26.9
JCVISYN3A_0168	BSU35940	29.213	89	59	2	444	532	387	471	2.16e-07	50.4
JCVISYN3A_0168	BSU35940	27.551	98	69	2	447	543	133	229	3.46e-05	43.5
JCVISYN3A_0168	BSU35940	35.593	59	34	1	28	82	262	320	0.005	36.6
JCVISYN3A_0168	BSU35940	33.333	60	31	2	22	74	13	70	0.007	35.8
JCVISYN3A_0168	BSU08220	32.632	95	61	2	447	541	496	587	5.50e-07	49.3
JCVISYN3A_0168	BSU08220	27.692	65	44	1	10	74	366	427	0.19	31.6
JCVISYN3A_0168	BSU07420	29.167	96	61	2	433	528	142	230	5.75e-07	48.9
JCVISYN3A_0168	BSU07420	38.983	59	29	3	8	64	2	55	0.002	37.7
JCVISYN3A_0168	BSU07420	21.239	113	82	2	404	513	388	496	0.014	35.0
JCVISYN3A_0168	BSU05950	29.545	88	50	3	452	539	443	518	6.41e-07	48.9
JCVISYN3A_0168	BSU05950	23.944	71	46	2	454	524	163	225	3.48e-04	40.4
JCVISYN3A_0168	BSU05950	29.167	72	48	1	1	72	318	386	0.002	37.7
JCVISYN3A_0168	BSU30760	30.952	84	57	1	445	528	128	210	8.36e-07	47.4
JCVISYN3A_0168	BSU30760	31.818	44	30	0	32	75	22	65	0.014	34.7
JCVISYN3A_0168	BSU34090	29.703	101	70	1	433	533	110	209	1.67e-06	47.0
JCVISYN3A_0168	BSU34090	29.787	94	57	3	28	121	20	104	5.20e-06	45.4
JCVISYN3A_0168	BSU13220	32.787	61	41	0	454	514	149	209	2.37e-06	47.0
JCVISYN3A_0168	BSU13220	25.455	110	78	3	434	542	405	511	1.24e-05	44.7
JCVISYN3A_0168	BSU13220	25.714	70	52	0	32	101	28	97	0.016	34.7
JCVISYN3A_0168	BSU13220	27.160	81	51	3	2	78	283	359	0.10	32.3
JCVISYN3A_0168	BSU07370	28.571	91	61	1	452	542	157	243	2.50e-06	47.0
JCVISYN3A_0168	BSU07370	26.471	136	88	6	404	533	386	515	9.47e-06	45.4
JCVISYN3A_0168	BSU07370	35.897	39	25	0	32	70	22	60	0.003	37.4
JCVISYN3A_0168	BSU30450	32.990	97	58	3	27	123	15	104	2.64e-06	46.2
JCVISYN3A_0168	BSU38730	35.065	77	47	2	454	530	473	546	1.24e-05	45.1
JCVISYN3A_0168	BSU38730	30.851	94	56	4	7	96	334	422	0.11	32.0
JCVISYN3A_0168	BSU01950	27.273	110	77	2	425	534	106	212	8.78e-05	41.2
JCVISYN3A_0168	BSU01950	26.549	113	71	3	9	121	3	103	3.78e-04	39.3
JCVISYN3A_0168	BSU38740	30.973	113	69	4	436	543	442	550	1.10e-04	42.0
JCVISYN3A_0168	BSU31550	28.571	98	63	2	442	533	384	480	1.73e-04	41.2
JCVISYN3A_0168	BSU31550	26.923	78	56	1	453	530	140	216	0.14	31.6
JCVISYN3A_0168	BSU31550	21.678	143	105	3	32	169	23	163	0.31	30.8
JCVISYN3A_0168	BSU32710	25.862	116	81	4	422	533	113	227	2.31e-04	40.0
JCVISYN3A_0168	BSU32710	32.394	71	40	4	8	75	4	69	0.007	35.4
JCVISYN3A_0168	BSU14430	26.667	90	62	1	436	525	138	223	3.35e-04	40.0
JCVISYN3A_0168	BSU14430	22.656	128	83	3	407	534	405	516	8.94e-04	38.9
JCVISYN3A_0168	BSU14430	40.741	27	15	1	39	64	27	53	1.7	28.1
JCVISYN3A_0168	BSU09070	29.630	81	55	2	454	533	126	205	5.26e-04	38.9
JCVISYN3A_0168	BSU09070	22.414	116	69	4	22	136	13	108	0.007	35.4
JCVISYN3A_0168	BSU40620	35.000	60	38	1	453	512	128	186	6.11e-04	38.5
JCVISYN3A_0168	BSU40620	31.818	66	42	1	16	78	1	66	0.005	35.4
JCVISYN3A_0168	BSU10040	30.380	79	50	2	8	86	2	75	8.81e-04	38.1
JCVISYN3A_0168	BSU30010	28.049	82	58	1	451	532	123	203	0.001	38.1
JCVISYN3A_0168	BSU30010	34.483	58	38	0	17	74	9	66	0.004	36.2
JCVISYN3A_0168	BSU21470	38.462	39	24	0	447	485	612	650	0.001	38.5
JCVISYN3A_0168	BSU21470	35.714	28	18	0	44	71	514	541	0.46	30.0
JCVISYN3A_0168	BSU37390	26.214	103	71	2	446	544	127	228	0.007	35.4
JCVISYN3A_0168	BSU37390	44.000	25	14	0	38	62	29	53	0.40	30.0
JCVISYN3A_0168	BSU05610	29.412	68	43	2	4	71	286	348	0.008	35.8
JCVISYN3A_0168	BSU05610	23.810	84	60	1	452	535	102	181	0.012	35.0
JCVISYN3A_0168	BSU05610	22.414	116	81	2	430	545	383	489	0.035	33.9
JCVISYN3A_0168	BSU05610	38.462	26	16	0	30	55	21	46	2.3	27.7
JCVISYN3A_0168	BSU35160	25.325	154	96	5	383	520	746	896	0.009	35.8
JCVISYN3A_0168	BSU35160	29.452	146	87	7	428	560	459	601	0.018	34.7
JCVISYN3A_0168	BSU40150	31.746	63	42	1	454	515	114	176	0.23	30.4
JCVISYN3A_0168	BSU00480	22.727	66	51	0	360	425	47	112	1.4	27.3
JCVISYN3A_0168	BSU05620	48.276	29	14	1	528	556	390	417	5.2	26.6
JCVISYN3A_0168	BSU08970	24.638	138	82	5	320	443	362	491	7.4	26.2
JCVISYN3A_0168	BSU22130	27.711	83	49	3	532	604	178	259	8.1	25.8
JCVISYN3A_0168	BSU35930	55.556	18	8	0	367	384	51	68	8.5	25.0
JCVISYN3A_0169	BSU12960	28.571	70	42	1	71	140	79	140	0.060	33.9
JCVISYN3A_0169	BSU11430	24.306	144	97	4	1	143	1	133	0.17	32.3
JCVISYN3A_0169	BSU11430	28.169	71	43	2	796	858	418	488	0.22	32.0
JCVISYN3A_0169	BSU11430	21.212	165	100	6	276	439	173	308	1.3	29.6
JCVISYN3A_0169	BSU02840	23.000	100	68	3	93	185	140	237	0.55	30.8
JCVISYN3A_0169	BSU32370	45.161	31	17	0	249	279	22	52	0.82	30.0
JCVISYN3A_0169	BSU21810	24.545	110	68	4	110	208	29	134	2.0	28.1
JCVISYN3A_0169	BSU38090	44.828	29	14	1	686	712	192	220	5.7	27.3
JCVISYN3A_0169	BSU07840	45.161	31	17	0	694	724	917	947	6.0	27.3
JCVISYN3A_0169	BSU18570	33.333	36	24	0	343	378	567	602	6.3	27.3
JCVISYN3A_0169	BSU36570	52.941	17	8	0	815	831	147	163	8.0	26.2
JCVISYN3A_0169	BSU22270	30.986	71	44	4	939	1008	42	108	9.0	25.8
JCVISYN3A_0195	BSU32580	23.645	203	146	5	8	202	36	237	1.53e-12	66.2
JCVISYN3A_0195	BSU30170	24.870	193	132	3	3	186	4	192	4.17e-08	52.8
JCVISYN3A_0195	BSU33390	21.739	184	127	3	53	219	14	197	1.81e-06	47.0
JCVISYN3A_0195	BSU34140	22.000	200	149	2	10	202	20	219	2.11e-06	47.4
JCVISYN3A_0195	BSU34590	18.219	247	184	4	1	233	9	251	4.55e-06	46.2
JCVISYN3A_0195	BSU02990	23.000	200	140	6	59	254	90	279	1.14e-05	45.1
JCVISYN3A_0195	BSU06990	20.853	211	151	4	2	200	25	231	1.68e-05	44.7
JCVISYN3A_0195	BSU24970	20.886	158	116	2	59	210	62	216	1.82e-05	44.7
JCVISYN3A_0195	BSU30290	24.176	182	124	6	32	204	39	215	4.29e-05	43.1
JCVISYN3A_0195	BSU11450	24.490	196	131	6	62	250	106	291	2.42e-04	41.2
JCVISYN3A_0195	BSU07120	23.377	154	114	1	46	199	66	215	0.001	39.3
JCVISYN3A_0195	BSU03600	23.140	121	88	2	63	178	32	152	0.002	37.7
JCVISYN3A_0195	BSU30280	23.950	238	140	11	13	217	32	261	0.002	38.1
JCVISYN3A_0195	BSU32740	39.130	46	25	1	150	192	117	162	0.005	36.2
JCVISYN3A_0195	BSU24980	22.078	154	107	4	54	198	87	236	0.010	35.8
JCVISYN3A_0195	BSU33800	21.290	155	108	6	55	207	22	164	0.030	34.3
JCVISYN3A_0195	BSU28730	21.512	172	108	6	42	200	59	216	0.035	34.3
JCVISYN3A_0195	BSU11400	24.204	157	110	4	62	215	102	252	0.068	33.1
JCVISYN3A_0195	BSU27460	26.154	130	75	4	60	178	20	139	0.073	32.7
JCVISYN3A_0195	BSU40080	28.713	101	66	3	909	1003	20	120	0.15	32.3
JCVISYN3A_0195	BSU33700	20.408	147	107	5	63	207	26	164	0.18	31.6
JCVISYN3A_0195	BSU33720	24.370	119	86	3	70	187	26	141	0.46	30.4
JCVISYN3A_0195	BSU06980	34.783	69	41	2	143	207	183	251	0.63	30.4
JCVISYN3A_0195	BSU23970	22.936	218	129	8	49	242	5	207	0.66	30.0
JCVISYN3A_0195	BSU08850	20.833	96	75	1	142	237	157	251	0.89	29.6
JCVISYN3A_0195	BSU00440	35.000	40	26	0	656	695	43	82	0.92	27.7
JCVISYN3A_0195	BSU37610	40.000	25	12	1	145	169	18	39	2.1	26.6
JCVISYN3A_0195	BSU15940	30.702	114	65	4	314	417	275	384	2.9	28.5
JCVISYN3A_0195	BSU16130	25.000	92	65	1	279	366	121	212	3.6	28.1
JCVISYN3A_0195	BSU27360	29.630	54	27	2	944	997	107	149	3.8	27.3
JCVISYN3A_0195	BSU34800	26.966	89	54	2	314	402	188	265	4.3	27.7
JCVISYN3A_0195	BSU10170	33.846	65	34	2	797	861	189	244	4.3	27.7
JCVISYN3A_0195	BSU03200	27.536	69	37	3	822	877	184	252	5.2	27.3
JCVISYN3A_0195	BSU33260	27.941	68	41	2	66	133	338	397	7.4	26.9
JCVISYN3A_0195	BSU02590	24.528	53	35	2	112	159	13	65	8.1	25.8
JCVISYN3A_0196	BSU30280	21.691	272	182	7	59	304	18	284	1.19e-04	40.0
JCVISYN3A_0196	BSU24980	24.260	169	116	5	114	273	84	249	2.11e-04	39.3
JCVISYN3A_0196	BSU07120	26.804	194	108	6	76	253	30	205	0.005	35.0
JCVISYN3A_0196	BSU32580	25.738	237	147	9	32	251	4	228	0.007	34.7
JCVISYN3A_0196	BSU06990	30.526	95	60	2	219	307	187	281	0.077	31.2
JCVISYN3A_0196	BSU07110	27.344	128	64	7	212	322	201	316	0.10	30.8
JCVISYN3A_0196	BSU34150	23.344	317	187	13	41	309	97	405	0.23	30.0
JCVISYN3A_0196	BSU32590	22.656	256	156	11	101	325	48	292	2.2	26.6
JCVISYN3A_0196	BSU03320	48.718	39	17	3	201	238	640	676	2.5	26.6
JCVISYN3A_0196	BSU13130	35.714	42	26	1	282	322	368	409	3.9	26.2
JCVISYN3A_0196	BSU35950	30.108	93	48	4	50	132	8	93	5.2	25.4
JCVISYN3A_0196	BSU33720	20.755	212	138	9	104	304	2	194	5.5	25.4
JCVISYN3A_0196	BSU34140	42.424	33	19	0	213	245	167	199	5.6	25.4
JCVISYN3A_0196	BSU30135	25.600	125	70	6	212	322	204	319	6.0	25.4
JCVISYN3A_0196	BSU33960	30.645	62	33	2	171	222	396	457	7.3	25.0
JCVISYN3A_0196	BSU26280	29.268	41	29	0	79	119	85	125	8.5	24.6
JCVISYN3A_0196	BSU21210	31.429	35	23	1	11	45	121	154	8.8	24.6
JCVISYN3A_0197	BSU32550	44.492	236	131	0	6	241	4	239	3.57e-72	226
JCVISYN3A_0197	BSU38810	42.742	248	135	2	6	246	4	251	4.00e-68	215
JCVISYN3A_0197	BSU33830	37.959	245	142	6	5	242	1	242	1.17e-52	175
JCVISYN3A_0197	BSU02980	37.991	229	133	2	26	245	54	282	2.90e-52	175
JCVISYN3A_0197	BSU33730	36.327	245	146	6	5	242	1	242	5.90e-51	171
JCVISYN3A_0197	BSU29340	39.583	240	136	4	5	236	1	239	1.01e-48	161
JCVISYN3A_0197	BSU23960	35.021	237	148	3	5	236	1	236	5.46e-47	156
JCVISYN3A_0197	BSU39640	37.069	232	127	4	4	226	3	224	4.92e-45	152
JCVISYN3A_0197	BSU03590	32.780	241	152	3	5	236	1	240	4.17e-41	141
JCVISYN3A_0197	BSU35260	36.239	218	128	4	5	214	1	215	1.47e-40	139
JCVISYN3A_0197	BSU39480	33.333	240	151	3	5	236	1	239	1.66e-39	137
JCVISYN3A_0197	BSU30610	36.245	229	132	5	4	223	2	225	4.37e-39	136
JCVISYN3A_0197	BSU08830	38.356	219	125	4	19	235	20	230	1.24e-37	132
JCVISYN3A_0197	BSU14360	35.714	224	124	6	5	214	1	218	8.12e-37	129
JCVISYN3A_0197	BSU30420	37.234	188	108	2	20	199	24	209	1.49e-36	129
JCVISYN3A_0197	BSU11470	32.979	282	168	11	1	264	1	279	5.25e-36	129
JCVISYN3A_0197	BSU33270	35.000	220	131	4	5	214	1	218	1.19e-35	126
JCVISYN3A_0197	BSU27430	31.646	237	156	4	5	236	1	236	2.34e-35	126
JCVISYN3A_0197	BSU32750	30.962	239	159	2	4	236	3	241	1.16e-34	127
JCVISYN3A_0197	BSU07490	32.340	235	139	4	6	227	4	231	7.94e-34	122
JCVISYN3A_0197	BSU12950	33.058	242	144	7	15	238	17	258	1.02e-33	124
JCVISYN3A_0197	BSU08310	34.667	225	135	4	5	223	1	219	1.09e-32	120
JCVISYN3A_0197	BSU01460	33.333	222	126	5	18	224	7	221	1.17e-32	120
JCVISYN3A_0197	BSU30380	32.273	220	138	3	5	214	3	221	7.59e-32	117
JCVISYN3A_0197	BSU13000	32.301	226	143	5	23	238	29	254	1.62e-31	118
JCVISYN3A_0197	BSU24960	30.120	249	157	6	2	236	19	264	2.05e-31	116
JCVISYN3A_0197	BSU11370	29.167	264	154	7	2	238	6	263	3.09e-31	117
JCVISYN3A_0197	BSU11460	31.660	259	152	9	3	238	5	261	4.77e-31	117
JCVISYN3A_0197	BSU38660	32.407	216	136	4	5	218	1	208	1.70e-30	114
JCVISYN3A_0197	BSU03820	32.143	224	146	3	5	223	1	223	1.94e-30	113
JCVISYN3A_0197	BSU01950	31.776	214	142	4	4	216	2	212	8.16e-30	111
JCVISYN3A_0197	BSU01450	32.806	253	158	7	20	262	24	274	1.56e-29	111
JCVISYN3A_0197	BSU34700	30.493	223	138	5	4	212	2	221	6.71e-29	109
JCVISYN3A_0197	BSU40620	32.569	218	129	5	5	215	1	207	7.53e-29	108
JCVISYN3A_0197	BSU09080	31.455	213	140	3	4	214	3	211	1.98e-28	109
JCVISYN3A_0197	BSU24950	27.490	251	165	7	1	237	9	256	2.42e-28	108
JCVISYN3A_0197	BSU02860	30.045	223	132	4	4	212	2	214	5.49e-28	106
JCVISYN3A_0197	BSU33290	30.909	220	136	3	15	223	13	227	6.90e-28	107
JCVISYN3A_0197	BSU03730	33.333	204	123	6	18	213	18	216	1.06e-27	105
JCVISYN3A_0197	BSU04490	30.093	216	147	2	1	215	1	213	6.23e-27	105
JCVISYN3A_0197	BSU13220	28.017	232	149	6	3	226	292	513	6.28e-26	105
JCVISYN3A_0197	BSU13220	28.774	212	142	3	10	212	14	225	6.78e-22	93.6
JCVISYN3A_0197	BSU02750	26.754	228	157	5	20	242	20	242	6.47e-25	98.6
JCVISYN3A_0197	BSU12250	29.536	237	157	6	6	236	13	245	1.36e-24	97.8
JCVISYN3A_0197	BSU08690	32.906	234	130	10	6	223	341	563	2.78e-24	100
JCVISYN3A_0197	BSU34090	29.461	241	160	5	1	239	1	233	3.12e-24	97.8
JCVISYN3A_0197	BSU11360	31.600	250	151	8	23	254	26	273	6.58e-24	97.4
JCVISYN3A_0197	BSU09710	31.250	224	129	7	21	231	354	565	1.79e-23	98.2
JCVISYN3A_0197	BSU30760	31.925	213	131	6	6	210	4	210	4.74e-23	93.6
JCVISYN3A_0197	BSU02570	29.167	216	139	3	5	214	4	211	5.24e-23	94.4
JCVISYN3A_0197	BSU32940	27.111	225	138	4	15	223	15	229	2.78e-22	92.0
JCVISYN3A_0197	BSU08210	30.415	217	136	7	20	228	346	555	2.87e-22	94.7
JCVISYN3A_0197	BSU14320	30.263	228	144	9	6	223	335	557	6.28e-22	93.6
JCVISYN3A_0197	BSU35940	27.907	215	145	5	6	212	3	215	9.16e-22	92.8
JCVISYN3A_0197	BSU35940	28.986	207	126	6	24	214	270	471	9.84e-17	77.8
JCVISYN3A_0197	BSU09890	26.540	211	146	3	5	212	1	205	1.60e-21	90.1
JCVISYN3A_0197	BSU33160	30.213	235	143	4	6	226	1	228	2.41e-21	91.3
JCVISYN3A_0197	BSU38730	29.388	245	144	8	1	229	332	563	2.91e-21	91.7
JCVISYN3A_0197	BSU09720	28.017	232	143	6	6	223	430	651	2.94e-20	89.0
JCVISYN3A_0197	BSU15340	26.293	232	161	4	5	226	2	233	4.72e-20	85.5
JCVISYN3A_0197	BSU08220	27.848	237	147	8	1	223	361	587	4.81e-20	88.2
JCVISYN3A_0197	BSU34820	27.803	223	131	7	18	223	354	563	1.17e-18	84.0
JCVISYN3A_0197	BSU37230	26.432	227	153	7	6	223	333	554	1.23e-18	84.0
JCVISYN3A_0197	BSU10040	23.200	250	181	3	4	252	2	241	3.27e-18	79.7
JCVISYN3A_0197	BSU31550	28.241	216	144	4	5	212	4	216	3.54e-18	82.4
JCVISYN3A_0197	BSU31550	26.923	234	153	8	5	222	256	487	1.40e-13	68.2
JCVISYN3A_0197	BSU09070	26.190	210	142	5	6	212	3	202	6.47e-18	78.6
JCVISYN3A_0197	BSU14330	28.436	211	118	8	20	212	378	573	1.21e-17	80.9
JCVISYN3A_0197	BSU30450	26.068	234	144	5	5	226	1	217	2.37e-17	78.2
JCVISYN3A_0197	BSU07370	27.197	239	139	6	4	214	2	233	8.88e-16	75.1
JCVISYN3A_0197	BSU07370	29.384	211	123	6	5	208	318	509	6.34e-09	53.9
JCVISYN3A_0197	BSU05950	25.000	236	137	6	3	226	324	531	1.07e-15	75.1
JCVISYN3A_0197	BSU05950	25.551	227	124	6	5	196	3	219	5.11e-12	63.5
JCVISYN3A_0197	BSU32710	25.106	235	160	6	1	221	1	233	1.60e-15	72.4
JCVISYN3A_0197	BSU38740	30.303	198	113	6	40	223	362	548	2.32e-15	73.9
JCVISYN3A_0197	BSU37390	24.215	223	155	6	4	217	2	219	1.26e-14	69.3
JCVISYN3A_0197	BSU05610	24.681	235	137	6	5	228	291	496	7.76e-14	69.3
JCVISYN3A_0197	BSU05610	28.646	192	102	5	5	196	4	160	1.19e-12	65.5
JCVISYN3A_0197	BSU07420	26.667	225	124	8	4	195	2	218	1.09e-13	68.6
JCVISYN3A_0197	BSU07420	24.378	201	113	6	5	195	325	496	3.89e-08	51.6
JCVISYN3A_0197	BSU30010	23.039	204	146	3	20	223	20	212	1.14e-13	66.6
JCVISYN3A_0197	BSU14430	26.389	216	131	6	5	196	1	212	2.91e-12	64.3
JCVISYN3A_0197	BSU14430	24.757	206	139	4	3	207	317	507	5.27e-10	57.4
JCVISYN3A_0197	BSU35700	23.868	243	148	7	6	226	5	232	7.22e-11	60.1
JCVISYN3A_0197	BSU21470	34.568	81	49	1	136	216	619	695	9.95e-09	53.5
JCVISYN3A_0197	BSU35160	26.882	186	114	8	92	261	434	613	1.43e-08	53.1
JCVISYN3A_0197	BSU35160	29.487	156	89	8	92	236	789	934	6.49e-04	38.5
JCVISYN3A_0197	BSU40150	20.779	231	141	6	6	223	1	202	0.002	35.8
JCVISYN3A_0197	BSU17270	24.806	129	70	5	24	150	53	156	0.14	30.4
JCVISYN3A_0197	BSU00280	61.905	21	8	0	31	51	3	23	0.16	30.0
JCVISYN3A_0197	BSU12420	61.905	21	8	0	34	54	223	243	0.19	30.4
JCVISYN3A_0197	BSU17520	31.579	57	29	3	232	285	21	70	0.38	28.5
JCVISYN3A_0197	BSU29140	26.761	71	43	3	265	328	278	346	1.4	27.3
JCVISYN3A_0197	BSU28530	32.609	46	26	2	297	338	6	50	2.1	26.6
JCVISYN3A_0197	BSU28200	44.000	25	14	0	30	54	346	370	2.6	26.9
JCVISYN3A_0197	BSU35520	33.824	68	34	2	111	178	272	328	2.8	26.6
JCVISYN3A_0197	BSU06770	25.581	86	56	3	12	94	18	98	2.8	26.6
JCVISYN3A_0197	BSU27530	40.625	32	19	0	23	54	30	61	2.9	26.6
JCVISYN3A_0197	BSU37100	28.070	57	40	1	47	102	56	112	3.1	26.6
JCVISYN3A_0197	BSU05290	30.864	81	40	6	41	120	17	82	3.3	25.4
JCVISYN3A_0197	BSU10650	29.630	54	37	1	155	208	1061	1113	3.8	26.2
JCVISYN3A_0197	BSU15680	52.381	21	10	0	31	51	5	25	5.0	25.4
JCVISYN3A_0197	BSU27730	42.857	21	12	0	32	52	54	74	5.0	25.8
JCVISYN3A_0197	BSU22890	42.105	19	11	0	34	52	7	25	5.4	25.4
JCVISYN3A_0197	BSU00150	46.154	26	12	1	31	56	4	27	7.0	25.0
JCVISYN3A_0197	BSU05910	36.364	44	27	1	6	49	4	46	8.1	24.6
JCVISYN3A_0197	BSU18970	45.161	31	14	1	34	64	61	88	8.1	25.4
JCVISYN3A_0197	BSU00860	45.833	24	12	1	31	54	539	561	8.4	25.0
JCVISYN3A_0197	BSU16160	47.368	19	10	0	34	52	55	73	8.6	25.0
JCVISYN3A_0198	BSU28850	59.664	119	48	0	1	119	1	119	4.32e-47	144
JCVISYN3A_0198	BSU09300	31.148	61	27	2	21	71	289	344	1.0	25.4
JCVISYN3A_0198	BSU24950	31.481	54	36	1	59	111	35	88	1.6	24.6
JCVISYN3A_0198	BSU38290	28.814	59	41	1	30	87	122	180	2.4	24.3
JCVISYN3A_0198	BSU18340	28.947	38	27	0	60	97	785	822	2.9	24.3
JCVISYN3A_0198	BSU18320	28.947	38	27	0	60	97	791	828	3.0	24.3
JCVISYN3A_0198	BSU17610	31.111	45	28	2	72	115	73	115	5.1	23.5
JCVISYN3A_0198	BSU37240	31.579	38	26	0	79	116	124	161	5.4	23.5
JCVISYN3A_0199	BSU28860	46.774	62	33	0	1	62	1	62	1.67e-12	53.1
JCVISYN3A_0199	BSU26830	30.556	36	25	0	19	54	107	142	1.4	23.1
JCVISYN3A_0199	BSU31200	34.286	35	23	0	22	56	91	125	1.9	23.1
JCVISYN3A_0199	BSU07370	21.154	52	41	0	1	52	244	295	2.7	22.7
JCVISYN3A_0199	BSU30060	50.000	18	9	0	11	28	341	358	5.5	21.6
JCVISYN3A_0199	BSU37370	43.333	30	13	1	12	41	193	218	7.3	21.2
JCVISYN3A_0199	BSU03030	57.143	14	6	0	1	14	80	93	9.6	20.8
JCVISYN3A_0200	BSU28870	41.718	163	94	1	17	179	8	169	5.35e-41	133
JCVISYN3A_0200	BSU25560	33.333	63	35	2	65	121	113	174	1.7	25.8
JCVISYN3A_0200	BSU13380	27.941	68	43	2	105	172	468	529	2.4	25.4
JCVISYN3A_0200	BSU14380	32.075	53	22	2	108	158	77	117	3.7	24.6
JCVISYN3A_0200	BSU27360	41.379	29	17	0	55	83	145	173	8.7	23.5
JCVISYN3A_0201	BSU14560	37.500	184	108	2	17	200	7	183	4.39e-39	129
JCVISYN3A_0201	BSU15720	35.398	113	65	4	74	186	44	148	4.34e-12	58.5
JCVISYN3A_0201	BSU13410	21.818	55	42	1	144	198	77	130	0.026	31.6
JCVISYN3A_0201	BSU02390	34.694	49	32	0	42	90	108	156	0.042	31.2
JCVISYN3A_0201	BSU27530	24.324	111	63	3	75	164	286	396	0.72	27.3
JCVISYN3A_0201	BSU00580	41.667	36	17	1	125	160	144	175	1.1	26.6
JCVISYN3A_0201	BSU38550	32.653	49	33	0	42	90	109	157	1.4	26.6
JCVISYN3A_0201	BSU11590	31.915	47	22	2	98	137	3	46	3.0	24.6
JCVISYN3A_0201	BSU17200	32.759	58	29	3	6	61	828	877	5.5	24.6
JCVISYN3A_0201	BSU02800	40.909	22	13	0	134	155	13	34	7.5	24.3
JCVISYN3A_0201	BSU09080	25.758	66	37	2	12	69	165	226	9.2	23.9
JCVISYN3A_0202	BSU15010	29.348	184	125	4	1	182	1	181	6.30e-24	90.1
JCVISYN3A_0202	BSU07350	26.027	73	40	3	11	69	353	425	0.070	30.4
JCVISYN3A_0202	BSU40620	27.523	109	70	3	62	167	97	199	0.18	28.5
JCVISYN3A_0202	BSU38360	24.183	153	96	7	43	180	220	367	0.77	26.9
JCVISYN3A_0202	BSU39480	35.714	28	18	0	21	48	71	98	3.3	25.0
JCVISYN3A_0202	BSU06060	24.444	90	55	2	49	125	88	177	4.0	24.6
JCVISYN3A_0202	BSU14500	32.308	65	37	2	65	122	90	154	4.2	24.6
JCVISYN3A_0202	BSU18490	25.000	100	64	4	87	179	4	99	6.4	23.5
JCVISYN3A_0202	BSU39890	21.739	115	68	3	36	150	29	121	7.5	23.9
JCVISYN3A_0202	BSU00380	29.412	34	24	0	51	84	344	377	9.0	23.9
JCVISYN3A_0203	BSU15680	46.269	201	108	0	2	202	3	203	5.04e-60	187
JCVISYN3A_0203	BSU13220	45.000	20	11	0	1	20	32	51	0.49	28.9
JCVISYN3A_0203	BSU13220	25.000	48	23	1	1	48	317	351	8.4	24.6
JCVISYN3A_0203	BSU39480	41.935	31	16	1	1	29	24	54	0.79	27.7
JCVISYN3A_0203	BSU34700	29.688	64	30	2	1	62	32	82	1.1	27.3
JCVISYN3A_0203	BSU12250	26.531	49	23	1	1	49	39	74	1.4	26.9
JCVISYN3A_0203	BSU29340	41.935	31	16	1	1	29	24	54	1.4	26.9
JCVISYN3A_0203	BSU17330	24.194	62	39	1	3	56	5	66	1.5	26.9
JCVISYN3A_0203	BSU27430	45.000	20	11	0	1	20	24	43	1.8	26.6
JCVISYN3A_0203	BSU03590	55.000	20	9	0	1	20	24	43	2.1	26.6
JCVISYN3A_0203	BSU28200	50.000	18	9	0	3	20	346	363	3.6	26.2
JCVISYN3A_0203	BSU16390	32.558	43	29	0	68	110	427	469	4.3	25.8
JCVISYN3A_0203	BSU32550	21.495	214	121	7	1	183	26	223	4.4	25.4
JCVISYN3A_0203	BSU05650	40.541	37	19	2	117	153	21	54	6.6	25.0
JCVISYN3A_0203	BSU17180	22.105	95	65	2	123	210	4208	4300	7.5	25.0
JCVISYN3A_0203	BSU32710	29.730	37	22	1	1	37	28	60	7.5	24.6
JCVISYN3A_0203	BSU18970	52.632	19	9	0	2	20	56	74	8.2	25.0
JCVISYN3A_0203	BSU10750	37.931	29	18	0	1	29	256	284	8.6	24.6
JCVISYN3A_0203	BSU32340	28.571	42	26	1	47	84	242	283	9.5	24.6
JCVISYN3A_0213	BSU33900	59.292	452	161	5	1	451	1	430	0.0	522
JCVISYN3A_0213	BSU00270	29.688	64	39	2	163	225	350	408	1.6	27.7
JCVISYN3A_0213	BSU00340	27.381	84	44	4	325	391	92	175	2.5	26.9
JCVISYN3A_0213	BSU01050	36.667	30	19	0	336	365	88	117	3.0	25.8
JCVISYN3A_0213	BSU37390	23.469	98	72	1	271	365	126	223	5.4	25.8
JCVISYN3A_0213	BSU24310	33.333	63	38	2	238	297	23	84	6.8	25.8
JCVISYN3A_0213	BSU05150	43.750	32	16	1	61	90	134	165	8.6	25.4
JCVISYN3A_0213	BSU37320	28.571	98	57	5	291	386	76	162	9.9	25.0
JCVISYN3A_0213	BSU08410	29.114	79	50	2	365	443	75	147	9.9	24.6
JCVISYN3A_0214	BSU19650	34.375	64	31	2	192	247	116	176	0.002	35.0
JCVISYN3A_0214	BSU36530	27.273	66	36	2	192	254	96	152	0.43	28.1
JCVISYN3A_0214	BSU22980	40.000	35	20	1	78	111	91	125	0.58	28.1
JCVISYN3A_0214	BSU33360	35.484	62	34	3	72	127	28	89	1.0	27.7
JCVISYN3A_0214	BSU18830	33.333	36	24	0	238	273	332	367	1.4	27.3
JCVISYN3A_0214	BSU01389	30.000	40	23	1	140	174	8	47	2.5	24.6
JCVISYN3A_0214	BSU30050	30.769	52	28	2	72	116	326	376	2.6	26.2
JCVISYN3A_0214	BSU11880	36.842	57	28	3	26	75	299	354	3.3	25.8
JCVISYN3A_0214	BSU25330	30.488	82	44	3	80	159	253	323	3.6	25.8
JCVISYN3A_0214	BSU28710	30.000	40	26	2	154	191	22	61	5.0	25.4
JCVISYN3A_0214	BSU30640	32.075	53	31	1	26	78	86	133	5.1	24.6
JCVISYN3A_0214	BSU36570	28.302	106	60	7	42	139	64	161	5.1	24.6
JCVISYN3A_0214	BSU18590	29.032	62	37	2	70	127	60	118	6.1	24.3
JCVISYN3A_0214	BSU21180	30.435	23	16	0	129	151	41	63	7.1	23.5
JCVISYN3A_0214	BSU10280	40.000	30	17	1	90	118	10	39	9.0	23.9
JCVISYN3A_0215	BSU27390	38.406	138	79	2	5	140	3	136	6.16e-27	95.1
JCVISYN3A_0215	BSU12649	29.787	47	32	1	73	119	23	68	0.80	25.0
JCVISYN3A_0215	BSU40390	46.875	32	17	0	109	140	154	185	0.93	26.2
JCVISYN3A_0215	BSU06990	40.625	32	19	0	7	38	95	126	4.8	23.9
JCVISYN3A_0215	BSU30690	24.000	50	34	1	20	65	115	164	5.2	23.5
JCVISYN3A_0215	BSU29620	35.294	34	16	1	76	103	90	123	5.2	23.9
JCVISYN3A_0215	BSU23790	28.571	56	32	1	49	104	219	266	6.9	23.5
JCVISYN3A_0215	BSU09030	22.222	45	35	0	27	71	34	78	7.8	22.7
JCVISYN3A_0215	BSU04260	23.232	99	65	2	53	142	490	586	8.6	23.5
JCVISYN3A_0216	BSU00680	49.711	173	82	1	8	180	6	173	6.59e-47	149
JCVISYN3A_0216	BSU36890	26.531	49	36	0	93	141	118	166	0.013	32.0
JCVISYN3A_0216	BSU35450	34.091	44	28	1	94	136	195	238	0.059	30.4
JCVISYN3A_0216	BSU03510	24.324	111	66	5	70	180	995	1087	0.15	29.6
JCVISYN3A_0216	BSU19370	46.429	28	15	0	7	34	496	523	0.34	28.5
JCVISYN3A_0216	BSU00510	27.500	40	29	0	91	130	209	248	0.46	27.7
JCVISYN3A_0216	BSU08270	30.435	46	32	0	131	176	106	151	0.51	27.7
JCVISYN3A_0216	BSU12680	31.429	35	24	0	113	147	51	85	2.9	25.4
JCVISYN3A_0216	BSU03790	36.585	41	17	2	110	141	304	344	4.4	24.6
JCVISYN3A_0216	BSU36830	28.571	70	45	3	72	139	361	427	4.9	24.6
JCVISYN3A_0216	BSU35680	33.333	57	36	2	89	144	615	670	6.2	24.3
JCVISYN3A_0216	BSU08970	27.174	92	55	4	3	94	165	244	6.5	24.3
JCVISYN3A_0216	BSU23950	27.869	61	43	1	117	177	20	79	7.5	23.9
JCVISYN3A_0216	BSU11820	25.000	40	30	0	15	54	654	693	8.4	23.9
JCVISYN3A_0218	BSU09290	52.857	490	227	2	7	495	4	490	0.0	549
JCVISYN3A_0218	BSU17610	24.421	475	326	15	6	468	2	455	7.59e-38	142
JCVISYN3A_0218	BSU40060	23.505	485	341	12	7	476	4	473	2.39e-33	129
JCVISYN3A_0218	BSU18550	23.591	479	298	19	1	451	1	439	5.92e-12	64.3
JCVISYN3A_0218	BSU28790	21.084	498	332	19	7	456	3	487	1.08e-09	57.4
JCVISYN3A_0218	BSU31200	30.986	71	48	1	404	474	389	458	1.19e-04	41.2
JCVISYN3A_0218	BSU31200	25.481	208	128	10	11	210	6	194	0.070	32.3
JCVISYN3A_0218	BSU21280	30.435	46	30	1	131	174	32	77	0.78	28.1
JCVISYN3A_0218	BSU39080	30.189	53	36	1	79	131	95	146	1.4	27.7
JCVISYN3A_0218	BSU19150	38.710	31	19	0	385	415	66	96	2.0	27.3
JCVISYN3A_0218	BSU15120	28.571	63	40	1	74	136	431	488	2.1	27.7
JCVISYN3A_0218	BSU24750	32.075	53	25	2	147	188	359	411	3.4	26.9
JCVISYN3A_0218	BSU00120	32.692	52	31	2	123	171	34	84	3.8	26.2
JCVISYN3A_0218	BSU15650	44.118	34	18	1	226	259	354	386	4.2	26.6
JCVISYN3A_0218	BSU37370	40.000	40	20	2	154	193	152	187	4.4	26.6
JCVISYN3A_0218	BSU31210	28.947	38	27	0	312	349	82	119	5.5	26.2
JCVISYN3A_0218	BSU30940	30.000	40	27	1	395	433	469	508	5.8	26.2
JCVISYN3A_0218	BSU03020	28.571	49	33	1	157	205	79	125	7.0	25.8
JCVISYN3A_0218	BSU29670	29.412	68	40	2	11	78	314	373	9.4	25.4
JCVISYN3A_0220	BSU29190	50.932	322	152	4	2	321	1	318	1.79e-105	308
JCVISYN3A_0220	BSU31350	39.623	53	30	1	65	115	41	93	0.090	31.2
JCVISYN3A_0220	BSU28090	41.667	36	20	1	181	215	797	832	1.8	27.3
JCVISYN3A_0220	BSU39350	36.842	38	22	1	83	118	167	204	2.2	26.9
JCVISYN3A_0220	BSU17190	31.111	45	30	1	21	65	3387	3430	2.7	26.6
JCVISYN3A_0220	BSU17190	25.862	58	42	1	81	138	2859	2915	4.6	25.8
JCVISYN3A_0220	BSU27140	31.915	47	28	1	47	89	544	590	2.8	26.6
JCVISYN3A_0220	BSU05880	23.729	59	38	2	20	76	74	127	3.7	26.2
JCVISYN3A_0220	BSU29940	34.615	26	17	0	81	106	47	72	5.0	25.4
JCVISYN3A_0220	BSU38910	33.333	42	22	2	214	255	159	194	5.6	25.0
JCVISYN3A_0220	BSU29270	26.087	46	33	1	19	64	267	311	5.9	25.4
JCVISYN3A_0220	BSU32960	31.034	29	20	0	289	317	162	190	6.6	25.4
JCVISYN3A_0220	BSU18700	36.364	33	21	0	41	73	12	44	7.5	24.3
JCVISYN3A_0220	BSU35480	23.333	60	43	1	250	309	164	220	7.8	25.0
JCVISYN3A_0220	BSU03380	29.293	99	55	4	38	135	202	286	8.3	24.6
JCVISYN3A_0220	BSU22960	34.615	52	32	1	16	67	231	280	8.3	25.0
JCVISYN3A_0220	BSU29440	32.143	56	32	2	271	326	327	376	9.6	24.6
JCVISYN3A_0221	BSU29180	42.058	447	242	7	10	448	1	438	1.17e-104	321
JCVISYN3A_0221	BSU00420	23.846	130	79	3	172	300	57	167	0.20	30.4
JCVISYN3A_0221	BSU23600	37.255	51	22	3	312	357	185	230	1.7	27.7
JCVISYN3A_0221	BSU39980	29.630	54	37	1	84	136	216	269	2.2	27.3
JCVISYN3A_0221	BSU05170	29.167	96	55	5	29	116	173	263	3.0	26.9
JCVISYN3A_0221	BSU40640	31.169	77	42	3	128	200	36	105	3.2	25.8
JCVISYN3A_0221	BSU30790	20.930	86	54	2	214	297	221	294	3.4	26.9
JCVISYN3A_0221	BSU19050	37.838	37	21	1	341	377	152	186	6.5	25.8
JCVISYN3A_0221	BSU29930	25.581	43	27	1	387	424	162	204	6.6	26.2
JCVISYN3A_0221	BSU32850	30.000	50	30	1	163	207	41	90	7.5	25.4
JCVISYN3A_0221	BSU04290	34.043	47	28	2	326	369	358	404	7.5	25.8
JCVISYN3A_0221	BSU29550	29.412	68	40	2	97	163	465	525	8.6	25.4
JCVISYN3A_0221	BSU24910	50.000	20	10	0	178	197	237	256	8.9	25.4
JCVISYN3A_0221	BSU24970	55.000	20	9	0	26	45	203	222	9.2	25.4
JCVISYN3A_0222	BSU28950	40.973	637	360	8	1	628	5	634	1.88e-170	498
JCVISYN3A_0222	BSU37560	36.124	645	392	11	1	638	5	636	2.15e-139	418
JCVISYN3A_0222	BSU16570	21.081	185	135	6	232	414	17	192	3.67e-05	43.5
JCVISYN3A_0222	BSU27560	26.744	86	63	0	547	632	334	419	5.17e-04	39.7
JCVISYN3A_0222	BSU38450	36.735	49	30	1	536	583	72	120	1.8	27.7
JCVISYN3A_0222	BSU28030	27.273	77	44	4	199	268	85	156	2.2	27.7
JCVISYN3A_0222	BSU27600	36.842	38	23	1	22	59	419	455	3.4	27.3
JCVISYN3A_0222	BSU33810	32.609	46	30	1	125	170	96	140	4.4	26.9
JCVISYN3A_0222	BSU29400	37.931	29	15	1	322	350	186	211	4.5	26.9
JCVISYN3A_0222	BSU40070	25.000	68	44	1	186	246	265	332	7.1	26.2
JCVISYN3A_0222	BSU20340	34.483	29	19	0	292	320	1216	1244	7.9	26.2
JCVISYN3A_0227	BSU14600	35.746	456	259	6	2	441	3	440	1.74e-77	244
JCVISYN3A_0227	BSU24030	35.597	427	250	8	9	433	11	414	1.91e-66	215
JCVISYN3A_0227	BSU08080	30.455	440	260	6	3	441	4	398	1.02e-61	202
JCVISYN3A_0227	BSU19360	32.812	448	261	11	1	441	1	415	5.28e-60	198
JCVISYN3A_0227	BSU14860	35.484	62	40	0	16	77	1086	1147	9.89e-06	44.7
JCVISYN3A_0227	BSU18239	31.667	60	41	0	16	75	9	68	0.004	33.1
JCVISYN3A_0227	BSU16780	27.820	133	72	5	176	291	331	456	0.17	30.8
JCVISYN3A_0227	BSU09000	35.417	48	26	1	33	75	41	88	0.19	30.4
JCVISYN3A_0227	BSU06710	34.043	47	30	1	63	109	805	850	0.62	29.3
JCVISYN3A_0227	BSU23820	36.170	47	22	3	13	51	286	332	1.4	27.7
JCVISYN3A_0227	BSU22600	29.032	62	42	1	210	269	145	206	4.0	26.6
JCVISYN3A_0227	BSU30490	27.273	44	32	0	13	56	53	96	4.5	25.8
JCVISYN3A_0227	BSU19390	45.833	24	13	0	395	418	211	234	6.7	25.8
JCVISYN3A_0227	BSU34650	29.508	61	36	1	63	116	23	83	8.4	24.3
JCVISYN3A_0227	BSU13890	30.508	59	34	2	10	68	630	681	9.6	25.4
JCVISYN3A_0228	BSU14610	40.295	474	256	10	165	628	11	467	5.77e-105	323
JCVISYN3A_0228	BSU24060	39.673	489	253	13	164	629	5	474	5.82e-85	271
JCVISYN3A_0228	BSU08090	35.903	454	265	11	184	628	21	457	7.08e-82	262
JCVISYN3A_0228	BSU03320	25.778	225	138	7	262	469	66	278	9.56e-12	64.7
JCVISYN3A_0228	BSU03300	26.941	219	147	6	281	492	89	301	1.91e-10	60.5
JCVISYN3A_0228	BSU19360	31.858	113	70	1	1	106	1	113	1.54e-09	57.0
JCVISYN3A_0228	BSU14600	41.333	75	44	0	2	76	3	77	6.13e-09	55.1
JCVISYN3A_0228	BSU24030	37.838	74	46	0	3	76	5	78	8.21e-09	54.7
JCVISYN3A_0228	BSU22950	24.260	338	224	11	168	495	8	323	1.97e-08	53.1
JCVISYN3A_0228	BSU34790	22.884	319	193	10	161	469	4	279	2.07e-08	53.1
JCVISYN3A_0228	BSU08080	29.348	92	65	0	3	94	4	95	8.24e-06	45.1
JCVISYN3A_0228	BSU14860	32.787	61	41	0	16	76	1086	1146	1.80e-04	41.2
JCVISYN3A_0228	BSU32100	22.857	245	144	11	261	468	67	303	0.006	35.8
JCVISYN3A_0228	BSU40100	23.438	320	181	11	164	468	209	479	0.013	35.0
JCVISYN3A_0228	BSU18239	27.692	65	47	0	16	80	9	73	0.022	31.6
JCVISYN3A_0228	BSU32110	20.370	216	144	9	288	488	106	308	0.040	33.1
JCVISYN3A_0228	BSU41010	48.276	29	15	0	164	192	8	36	0.16	31.6
JCVISYN3A_0228	BSU24350	41.935	31	18	0	11	41	129	159	0.39	29.3
JCVISYN3A_0228	BSU12290	26.606	109	75	4	360	468	192	295	0.55	29.6
JCVISYN3A_0228	BSU19020	34.211	38	25	0	329	366	17	54	1.00	28.9
JCVISYN3A_0228	BSU13890	29.730	37	26	0	105	141	511	547	1.3	28.9
JCVISYN3A_0228	BSU37820	34.211	38	25	0	159	196	67	104	1.7	28.1
JCVISYN3A_0228	BSU09000	31.250	48	28	1	33	75	41	88	2.1	27.7
JCVISYN3A_0228	BSU31930	27.551	98	47	3	338	412	169	265	2.6	27.7
JCVISYN3A_0228	BSU30060	38.710	31	19	0	164	194	4	34	3.5	27.3
JCVISYN3A_0228	BSU30490	20.930	86	67	1	13	98	53	137	3.8	26.6
JCVISYN3A_0228	BSU21810	39.130	46	21	2	428	470	42	83	4.8	26.2
JCVISYN3A_0228	BSU27870	34.783	46	20	2	449	494	334	369	5.1	26.6
JCVISYN3A_0228	BSU15180	25.735	136	84	5	166	291	41	169	5.8	26.6
JCVISYN3A_0228	BSU10920	25.862	58	34	1	171	219	284	341	6.1	26.6
JCVISYN3A_0228	BSU06710	40.000	30	17	1	58	87	800	828	8.5	26.2
JCVISYN3A_0228	BSU26640	29.412	68	43	4	285	349	109	174	8.6	25.8
JCVISYN3A_0229	BSU37660	43.894	303	162	5	20	317	19	318	2.62e-75	231
JCVISYN3A_0229	BSU24090	28.462	130	91	2	148	276	122	250	5.71e-05	40.8
JCVISYN3A_0229	BSU32250	28.302	106	52	3	222	314	150	244	0.048	32.0
JCVISYN3A_0229	BSU38770	31.250	64	40	2	176	235	374	437	1.0	27.7
JCVISYN3A_0229	BSU09190	23.684	190	95	10	115	273	716	886	1.6	27.3
JCVISYN3A_0229	BSU03610	23.125	160	76	4	111	223	90	249	5.3	25.4
JCVISYN3A_0229	BSU21750	25.532	47	28	1	158	204	58	97	5.6	25.0
JCVISYN3A_0229	BSU05690	55.000	20	9	0	271	290	63	82	6.0	25.0
JCVISYN3A_0229	BSU30150	24.752	101	54	4	132	230	204	284	6.6	25.4
JCVISYN3A_0229	BSU04670	35.135	37	19	1	94	130	207	238	8.1	24.6
JCVISYN3A_0230	BSU29470	46.329	395	206	5	2	393	4	395	6.09e-128	371
JCVISYN3A_0230	BSU24070	26.357	258	142	13	2	245	10	233	1.71e-08	52.4
JCVISYN3A_0230	BSU22849	52.000	25	12	0	20	44	39	63	0.050	29.6
JCVISYN3A_0230	BSU08070	26.000	50	37	0	177	226	5	54	0.80	28.5
JCVISYN3A_0230	BSU22060	29.268	41	29	0	175	215	345	385	1.4	27.7
JCVISYN3A_0230	BSU00520	26.154	65	43	2	315	374	42	106	1.7	26.9
JCVISYN3A_0230	BSU32200	56.000	25	10	1	317	341	223	246	2.6	26.9
JCVISYN3A_0230	BSU32770	33.673	98	45	5	105	187	9	101	6.2	24.6
JCVISYN3A_0230	BSU08020	35.000	40	24	1	52	91	229	266	6.4	25.8
JCVISYN3A_0230	BSU31470	33.333	30	20	0	51	80	11	40	7.2	25.0
JCVISYN3A_0230	BSU39670	44.828	29	14	1	230	258	147	173	9.2	25.0
JCVISYN3A_0233	BSU13910	51.318	569	276	1	3	570	2	570	0.0	601
JCVISYN3A_0233	BSU35190	40.580	69	39	1	158	226	757	823	2.07e-09	57.0
JCVISYN3A_0233	BSU18830	25.610	164	94	5	88	230	709	865	1.06e-08	54.7
JCVISYN3A_0233	BSU29180	44.898	49	27	0	180	228	529	577	2.22e-05	43.9
JCVISYN3A_0233	BSU03480	50.000	30	15	0	215	244	2659	2688	0.21	31.2
JCVISYN3A_0233	BSU03490	50.000	30	15	0	215	244	2655	2684	0.33	30.8
JCVISYN3A_0233	BSU18950	25.676	74	48	2	149	216	25	97	2.4	26.2
JCVISYN3A_0233	BSU10160	34.328	67	37	2	222	288	182	241	3.2	27.3
JCVISYN3A_0233	BSU30300	43.478	23	13	0	100	122	252	274	4.3	26.9
JCVISYN3A_0233	BSU28090	25.397	63	37	2	36	92	814	872	8.2	26.2
JCVISYN3A_0233	BSU27950	50.000	20	10	0	334	353	58	77	8.2	24.6
JCVISYN3A_0233	BSU01340	24.138	58	44	0	41	98	1	58	8.5	23.9
JCVISYN3A_0234	BSU13890	46.715	137	72	1	11	146	553	689	1.15e-35	127
JCVISYN3A_0234	BSU22230	37.589	141	85	2	10	148	20	159	3.65e-34	114
JCVISYN3A_0234	BSU02350	43.411	129	73	0	13	141	502	630	4.90e-34	122
JCVISYN3A_0234	BSU39270	38.194	144	88	1	12	154	466	609	1.57e-27	103
JCVISYN3A_0234	BSU40120	50.000	52	26	0	60	111	4	55	2.21e-11	53.5
JCVISYN3A_0234	BSU36060	25.000	60	45	0	15	74	121	180	2.1	25.0
JCVISYN3A_0234	BSU18310	47.619	21	11	0	7	27	2641	2661	3.7	24.6
JCVISYN3A_0234	BSU30200	47.368	19	10	0	11	29	198	216	4.2	24.3
JCVISYN3A_0234	BSU27360	36.667	30	19	0	50	79	20	49	5.3	23.9
JCVISYN3A_0234	BSU14700	33.333	27	18	0	94	120	247	273	5.5	23.9
JCVISYN3A_0234	BSU39710	28.571	42	30	0	112	153	363	404	5.9	23.9
JCVISYN3A_0234	BSU19130	28.889	45	30	1	1	43	29	73	6.1	23.9
JCVISYN3A_0234	BSU06310	50.000	20	10	0	28	47	57	76	7.6	23.5
JCVISYN3A_0235	BSU22540	34.483	29	18	1	29	57	35	62	0.76	23.9
JCVISYN3A_0235	BSU19440	36.364	33	21	0	27	59	81	113	1.5	23.1
JCVISYN3A_0235	BSU31230	34.483	29	19	0	32	60	7	35	6.2	21.6
JCVISYN3A_0235	BSU05610	29.730	37	16	1	5	31	255	291	7.3	21.2
JCVISYN3A_0235	BSU26490	32.353	34	23	0	1	34	123	156	7.6	21.2
JCVISYN3A_0235	BSU31130	37.500	16	10	0	32	47	230	245	8.3	21.2
JCVISYN3A_0235	BSU36510	60.000	15	6	0	46	60	362	376	8.7	21.2
JCVISYN3A_0235	BSU15640	34.783	23	15	0	8	30	288	310	9.2	20.8
JCVISYN3A_0235	BSU26430	39.130	23	14	0	1	23	198	220	9.7	20.8
JCVISYN3A_0238	BSU29660	50.980	204	96	2	1	204	1	200	7.89e-70	208
JCVISYN3A_0238	BSU15410	34.000	50	32	1	97	146	182	230	0.001	35.8
JCVISYN3A_0238	BSU00400	29.070	86	49	4	64	144	15	93	1.5	26.2
JCVISYN3A_0238	BSU24260	29.730	37	26	0	97	133	7	43	4.1	25.0
JCVISYN3A_0238	BSU23160	32.653	49	32	1	97	145	3	50	4.2	24.6
JCVISYN3A_0238	BSU29670	26.000	50	37	0	95	144	354	403	4.5	25.0
JCVISYN3A_0238	BSU17790	27.536	69	46	3	105	170	128	195	6.0	24.3
JCVISYN3A_0239	BSU31890	33.333	60	39	1	330	389	347	405	1.9	28.1
JCVISYN3A_0239	BSU22300	37.838	37	23	0	306	342	276	312	7.9	25.8
JCVISYN3A_0240	BSU29580	39.119	386	229	4	3	386	5	386	2.04e-91	278
JCVISYN3A_0240	BSU01280	32.000	50	34	0	9	58	87	136	0.28	29.3
JCVISYN3A_0240	BSU06360	25.610	164	90	7	179	323	222	372	0.92	28.5
JCVISYN3A_0240	BSU26780	30.000	50	31	2	288	336	41	87	2.2	26.6
JCVISYN3A_0240	BSU05610	48.000	25	12	1	205	228	513	537	4.4	26.2
JCVISYN3A_0240	BSU35530	51.724	29	9	1	162	185	156	184	5.9	25.8
JCVISYN3A_0240	BSU33440	25.352	71	48	1	316	386	295	360	6.8	25.8
JCVISYN3A_0240	BSU39650	28.000	75	44	2	61	130	118	187	7.5	25.4
JCVISYN3A_0240	BSU28120	28.000	75	29	4	181	234	17	87	7.7	25.4
JCVISYN3A_0240	BSU04740	30.233	43	29	1	79	120	65	107	7.8	25.0
JCVISYN3A_0240	BSU03580	27.778	36	26	0	199	234	87	122	7.8	25.0
JCVISYN3A_0240	BSU10480	29.412	34	24	0	54	87	158	191	8.1	25.0
JCVISYN3A_0247	BSU28190	43.750	192	107	1	2	193	3	193	1.78e-56	174
JCVISYN3A_0247	BSU22840	40.323	62	34	2	19	78	172	232	5.79e-08	48.5
JCVISYN3A_0247	BSU22840	23.577	123	86	3	25	145	6	122	0.002	35.4
JCVISYN3A_0247	BSU41020	24.060	133	91	4	26	155	225	350	3.32e-07	46.6
JCVISYN3A_0247	BSU16050	40.323	62	35	2	27	88	125	184	1.31e-06	44.3
JCVISYN3A_0247	BSU25290	24.224	161	109	5	25	182	11	161	3.13e-05	40.4
JCVISYN3A_0247	BSU21470	33.929	56	31	1	16	71	503	552	0.047	31.2
JCVISYN3A_0247	BSU27920	23.611	144	86	7	22	151	158	291	0.19	28.9
JCVISYN3A_0247	BSU25670	33.333	60	33	3	24	78	161	218	0.28	28.5
JCVISYN3A_0247	BSU17430	44.000	25	14	0	22	46	200	224	0.35	28.1
JCVISYN3A_0247	BSU30420	32.075	53	26	2	26	73	39	86	0.50	27.3
JCVISYN3A_0247	BSU05610	25.185	135	71	7	25	140	33	156	1.0	26.9
JCVISYN3A_0247	BSU15780	31.579	57	31	3	29	79	171	225	1.5	26.2
JCVISYN3A_0247	BSU06630	28.866	97	65	3	35	129	245	339	2.1	25.8
JCVISYN3A_0247	BSU27220	43.333	30	17	0	160	189	513	542	2.3	25.8
JCVISYN3A_0247	BSU29430	28.205	39	27	1	131	168	21	59	3.2	23.9
JCVISYN3A_0247	BSU40920	37.931	29	16	1	27	55	7	33	5.2	24.6
JCVISYN3A_0247	BSU37390	42.857	21	12	0	27	47	35	55	6.4	24.3
JCVISYN3A_0247	BSU02060	37.037	27	17	0	3	29	84	110	7.3	24.3
JCVISYN3A_0247	BSU24960	34.375	32	21	0	26	57	52	83	7.4	23.9
JCVISYN3A_0247	BSU16420	25.000	60	45	0	90	149	30	89	8.3	23.9
JCVISYN3A_0247	BSU24950	46.667	30	10	1	26	49	43	72	9.8	23.5
JCVISYN3A_0247	BSU10630	42.308	26	15	0	144	169	146	171	9.9	23.9
JCVISYN3A_0248	BSU05340	31.373	51	27	1	3	45	176	226	2.6	25.4
JCVISYN3A_0248	BSU13180	27.273	44	32	0	125	168	283	326	7.0	24.3
JCVISYN3A_0248	BSU27090	25.253	99	66	4	31	129	313	403	7.1	24.3
JCVISYN3A_0248	BSU26360	38.889	36	19	1	79	114	22	54	8.0	22.3
JCVISYN3A_0248	BSU06380	31.429	35	20	1	13	47	204	234	9.3	23.5
JCVISYN3A_0248	BSU12080	20.833	48	38	0	6	53	62	109	9.5	23.5
JCVISYN3A_0248	BSU14340	31.250	32	22	0	62	93	104	135	9.6	23.5
JCVISYN3A_0249	BSU29450	27.660	94	51	3	77	170	49	125	0.24	28.5
JCVISYN3A_0249	BSU00020	25.714	70	48	2	81	146	161	230	2.6	25.4
JCVISYN3A_0249	BSU16910	26.582	79	48	2	4	72	90	168	4.8	24.6
JCVISYN3A_0249	BSU04170	30.769	52	26	2	30	81	455	496	6.1	24.3
JCVISYN3A_0249	BSU38240	37.143	35	20	1	26	60	206	238	6.5	24.3
JCVISYN3A_0249	BSU20040	30.233	43	25	2	54	96	263	300	7.6	23.9
JCVISYN3A_0249	BSU36870	32.353	34	23	0	13	46	114	147	7.7	23.9
JCVISYN3A_0249	BSU26720	45.000	20	11	0	147	166	34	53	8.8	23.5
JCVISYN3A_0250	BSU31230	29.268	123	73	5	70	184	479	595	0.021	32.3
JCVISYN3A_0250	BSU31250	31.884	69	41	1	70	138	479	541	0.21	29.3
JCVISYN3A_0250	BSU31240	32.075	53	36	0	70	122	479	531	0.57	28.1
JCVISYN3A_0250	BSU39720	26.923	78	45	4	125	192	213	288	0.64	27.7
JCVISYN3A_0250	BSU06700	30.000	40	28	0	19	58	233	272	1.1	26.9
JCVISYN3A_0250	BSU12680	26.667	75	50	2	19	89	78	151	1.8	26.6
JCVISYN3A_0250	BSU05840	26.606	109	70	6	99	204	75	176	2.0	26.2
JCVISYN3A_0250	BSU35730	26.733	101	66	3	10	110	382	474	2.5	25.8
JCVISYN3A_0250	BSU31260	29.070	86	49	3	70	154	480	554	2.7	25.8
JCVISYN3A_0250	BSU24550	37.931	29	18	0	49	77	26	54	2.9	25.8
JCVISYN3A_0250	BSU32820	34.286	35	23	0	91	125	1	35	3.0	25.8
JCVISYN3A_0250	BSU35560	29.412	34	24	0	123	156	114	147	3.2	25.4
JCVISYN3A_0250	BSU29660	28.767	73	43	4	88	157	8	74	4.2	25.0
JCVISYN3A_0250	BSU24460	29.897	97	52	4	42	124	107	201	4.5	25.0
JCVISYN3A_0250	BSU33210	39.474	38	23	0	119	156	297	334	4.8	25.0
JCVISYN3A_0250	BSU18450	35.294	34	22	0	180	213	828	861	8.3	24.3
JCVISYN3A_0250	BSU04520	38.095	21	13	0	54	74	196	216	9.3	24.3
JCVISYN3A_0253	BSU27320	45.255	137	73	1	7	143	9	143	1.13e-33	113
JCVISYN3A_0253	BSU30510	24.658	73	50	1	5	77	12	79	0.13	28.9
JCVISYN3A_0253	BSU21570	45.455	33	18	0	28	60	34	66	1.4	25.4
JCVISYN3A_0253	BSU22030	32.075	53	26	2	102	148	607	655	2.6	25.0
JCVISYN3A_0253	BSU40340	34.375	32	21	0	118	149	324	355	3.2	24.6
JCVISYN3A_0253	BSU14810	27.869	61	42	2	4	62	26	86	5.7	23.9
JCVISYN3A_0253	BSU14940	43.478	23	13	0	7	29	4	26	8.2	23.1
JCVISYN3A_0253	BSU13420	23.529	85	53	4	70	151	411	486	9.2	23.5
JCVISYN3A_0254	BSU28490	35.304	592	367	12	3	584	5	590	1.34e-106	330
JCVISYN3A_0254	BSU32620	30.380	79	52	2	12	89	42	118	1.63e-06	44.3
JCVISYN3A_0254	BSU06620	25.000	116	76	4	479	584	447	561	0.033	33.9
JCVISYN3A_0254	BSU29090	37.838	37	22	1	530	566	189	224	1.2	28.9
JCVISYN3A_0254	BSU34750	27.174	92	59	2	276	367	225	308	1.5	28.1
JCVISYN3A_0254	BSU22010	45.455	22	12	0	536	557	197	218	2.3	27.7
JCVISYN3A_0254	BSU02850	34.545	55	30	1	441	495	261	309	2.3	27.7
JCVISYN3A_0254	BSU12130	22.472	89	57	3	445	526	183	266	2.6	27.3
JCVISYN3A_0254	BSU04630	35.484	31	17	1	304	331	172	202	4.6	26.6
JCVISYN3A_0257	BSU16780	30.880	557	370	7	3	554	8	554	2.45e-94	296
JCVISYN3A_0257	BSU14530	30.018	553	370	9	8	554	13	554	3.51e-89	283
JCVISYN3A_0257	BSU40370	24.812	133	86	3	18	149	15	134	0.003	36.6
JCVISYN3A_0257	BSU37980	24.000	100	54	5	320	404	80	172	0.11	31.6
JCVISYN3A_0257	BSU07220	27.419	62	43	2	205	265	41	101	0.91	28.1
JCVISYN3A_0257	BSU13860	45.946	37	16	1	375	411	243	275	1.3	28.5
JCVISYN3A_0257	BSU04340	26.506	83	50	3	265	345	182	255	1.7	28.1
JCVISYN3A_0257	BSU09300	31.944	72	44	3	264	331	345	415	3.5	27.3
JCVISYN3A_0257	BSU24790	23.967	121	78	4	54	165	39	154	4.4	26.6
JCVISYN3A_0257	BSU05340	56.250	16	7	0	515	530	203	218	4.7	26.6
JCVISYN3A_0257	BSU30650	35.185	54	32	1	337	390	50	100	5.4	25.8
JCVISYN3A_0257	BSU38740	41.176	34	19	1	374	407	277	309	7.2	26.2
JCVISYN3A_0257	BSU23580	26.000	100	54	4	20	109	34	123	8.0	25.8
JCVISYN3A_0257	BSU16110	26.531	98	50	4	139	230	204	285	8.6	25.8
JCVISYN3A_0259	BSU11610	29.457	258	170	7	1	249	1	255	7.07e-34	120
JCVISYN3A_0259	BSU29540	31.364	220	145	6	33	247	40	258	6.09e-28	105
JCVISYN3A_0259	BSU29940	31.776	107	54	5	41	140	66	160	0.003	35.0
JCVISYN3A_0259	BSU40030	29.688	64	35	2	39	102	278	331	0.66	28.1
JCVISYN3A_0259	BSU38230	32.609	46	30	1	150	195	11	55	1.7	25.4
JCVISYN3A_0259	BSU40730	35.556	45	25	1	17	57	83	127	2.2	26.2
JCVISYN3A_0259	BSU24910	29.730	37	23	1	33	66	202	238	2.5	26.2
JCVISYN3A_0259	BSU01845	34.091	44	29	0	4	47	718	761	4.4	25.4
JCVISYN3A_0259	BSU03760	29.310	58	37	1	132	189	137	190	5.7	25.0
JCVISYN3A_0259	BSU01810	35.714	42	25	2	128	169	33	72	6.2	24.6
JCVISYN3A_0259	BSU30595	35.938	64	32	4	45	99	115	178	7.4	24.6
JCVISYN3A_0259	BSU33970	34.043	47	23	2	81	127	281	319	8.2	24.6
JCVISYN3A_0259	BSU28840	36.000	25	16	0	53	77	28	52	9.0	23.1
JCVISYN3A_0260	BSU28090	46.932	880	453	8	2	871	5	880	0.0	872
JCVISYN3A_0260	BSU15430	22.878	813	511	19	15	730	24	817	5.37e-59	214
JCVISYN3A_0260	BSU30320	21.702	705	343	22	9	579	3	632	1.27e-30	126
JCVISYN3A_0260	BSU00380	23.834	386	240	16	344	712	156	504	3.49e-14	73.2
JCVISYN3A_0260	BSU00380	30.435	138	72	4	39	173	8	124	2.03e-08	54.7
JCVISYN3A_0260	BSU24270	30.000	80	55	1	228	307	526	604	0.013	35.8
JCVISYN3A_0260	BSU00940	21.801	211	138	6	521	729	264	449	0.100	32.7
JCVISYN3A_0260	BSU37330	29.545	44	31	0	34	77	120	163	0.20	32.0
JCVISYN3A_0260	BSU37330	33.333	45	29	1	511	555	371	414	3.1	28.1
JCVISYN3A_0260	BSU35560	27.928	111	66	3	70	176	41	141	0.79	29.3
JCVISYN3A_0260	BSU38400	22.436	156	99	4	724	865	427	574	0.95	29.6
JCVISYN3A_0260	BSU18310	18.293	164	111	4	100	246	1371	1528	3.0	28.1
JCVISYN3A_0262	BSU15790	38.208	212	123	3	6	216	4	208	8.35e-49	156
JCVISYN3A_0262	BSU31230	28.421	95	52	2	147	225	445	539	0.67	27.7
JCVISYN3A_0262	BSU01080	34.000	50	31	1	157	206	949	996	0.90	27.3
JCVISYN3A_0262	BSU13740	31.579	57	22	1	105	144	91	147	2.0	25.8
JCVISYN3A_0262	BSU13950	26.923	78	51	1	133	210	434	505	2.4	26.2
JCVISYN3A_0262	BSU05290	27.586	58	32	2	75	132	44	91	2.4	25.0
JCVISYN3A_0262	BSU33730	31.579	57	36	2	147	203	232	285	4.1	25.0
JCVISYN3A_0262	BSU00110	34.146	41	26	1	184	223	213	253	5.6	24.6
JCVISYN3A_0262	BSU27500	40.741	27	15	1	72	97	202	228	6.9	24.6
JCVISYN3A_0262	BSU31240	24.051	79	48	2	144	210	432	510	8.8	24.3
JCVISYN3A_0262	BSU02660	57.895	19	6	1	194	210	193	211	9.9	23.9
JCVISYN3A_0263	BSU15780	34.211	304	187	7	2	300	3	298	1.96e-54	176
JCVISYN3A_0263	BSU24240	50.000	30	15	0	152	181	11	40	0.011	33.9
JCVISYN3A_0263	BSU07490	35.714	42	27	0	181	222	167	208	0.27	29.3
JCVISYN3A_0263	BSU07490	45.455	22	12	0	162	183	28	49	4.6	25.4
JCVISYN3A_0263	BSU24730	53.846	26	10	1	157	180	129	154	0.53	28.5
JCVISYN3A_0263	BSU24960	34.091	44	29	0	149	192	34	77	0.57	28.1
JCVISYN3A_0263	BSU17890	39.286	28	17	0	131	158	206	233	0.90	28.1
JCVISYN3A_0263	BSU40910	35.593	59	34	2	136	190	4	62	1.2	26.2
JCVISYN3A_0263	BSU24950	38.889	36	19	1	159	191	35	70	1.3	26.9
JCVISYN3A_0263	BSU22030	32.911	79	47	3	122	200	7	79	1.4	27.3
JCVISYN3A_0263	BSU30420	32.500	40	26	1	143	181	14	53	1.9	26.6
JCVISYN3A_0263	BSU03360	40.741	27	16	0	165	191	6	32	2.2	26.6
JCVISYN3A_0263	BSU34430	20.930	86	62	2	122	206	141	221	2.7	26.2
JCVISYN3A_0263	BSU34770	33.333	24	16	0	164	187	10	33	3.1	25.8
JCVISYN3A_0263	BSU32940	40.625	32	18	1	153	183	20	51	3.5	25.8
JCVISYN3A_0263	BSU06430	29.703	101	62	4	42	136	255	352	3.6	25.8
JCVISYN3A_0263	BSU26420	32.857	70	43	2	55	120	255	324	3.8	25.8
JCVISYN3A_0263	BSU03820	57.895	19	8	0	163	181	27	45	3.9	25.8
JCVISYN3A_0263	BSU38810	66.667	15	5	0	167	181	34	48	4.0	25.8
JCVISYN3A_0263	BSU16400	36.364	33	21	0	155	187	167	199	6.9	25.0
JCVISYN3A_0263	BSU04510	45.833	24	13	0	78	101	70	93	6.9	24.3
JCVISYN3A_0263	BSU16640	26.471	34	25	0	140	173	10	43	8.6	23.5
JCVISYN3A_0263	BSU33290	36.111	36	22	1	149	183	14	49	9.0	24.6
JCVISYN3A_0263	BSU10040	35.484	31	20	0	163	193	29	59	10.0	24.3
JCVISYN3A_0264	BSU15770	30.375	293	180	8	15	307	2	270	7.60e-34	129
JCVISYN3A_0264	BSU02030	24.540	163	110	5	19	179	20	171	4.50e-06	44.3
JCVISYN3A_0264	BSU00660	20.333	300	175	12	21	310	25	270	0.013	33.9
JCVISYN3A_0264	BSU21470	26.050	119	72	4	265	367	65	183	1.4	27.7
JCVISYN3A_0264	BSU21110	28.571	77	46	3	158	233	173	241	1.9	27.3
JCVISYN3A_0264	BSU05670	32.558	43	26	1	140	182	85	124	2.0	26.6
JCVISYN3A_0264	BSU15880	30.435	69	45	2	17	83	102	169	4.1	25.8
JCVISYN3A_0264	BSU26120	27.778	36	26	0	45	80	95	130	4.3	25.4
JCVISYN3A_0264	BSU19490	32.609	46	30	1	87	132	13	57	6.2	25.0
JCVISYN3A_0264	BSU29050	47.826	23	12	0	254	276	145	167	9.7	24.6
JCVISYN3A_0270	BSU05910	35.075	134	80	4	1	132	4	132	1.03e-18	74.3
JCVISYN3A_0270	BSU16400	26.966	89	64	1	30	118	177	264	0.11	28.9
JCVISYN3A_0270	BSU09710	34.884	43	28	0	33	75	369	411	0.16	28.5
JCVISYN3A_0270	BSU00150	27.711	83	31	3	30	112	6	59	0.18	28.1
JCVISYN3A_0270	BSU00690	31.915	47	26	1	26	72	192	232	0.21	28.1
JCVISYN3A_0270	BSU12680	38.710	31	19	0	2	32	97	127	0.25	27.7
JCVISYN3A_0270	BSU21470	38.462	26	16	0	31	56	512	537	0.31	27.7
JCVISYN3A_0270	BSU24100	44.000	25	14	0	24	48	385	409	0.37	27.3
JCVISYN3A_0270	BSU07420	29.487	78	44	2	20	97	346	412	0.41	26.9
JCVISYN3A_0270	BSU00140	35.714	28	18	0	31	58	12	39	0.62	26.6
JCVISYN3A_0270	BSU03360	50.000	26	12	1	25	50	2	26	0.66	26.6
JCVISYN3A_0270	BSU23760	37.931	29	18	0	20	48	81	109	0.93	25.8
JCVISYN3A_0270	BSU32840	47.619	21	11	0	9	29	727	747	1.0	26.2
JCVISYN3A_0270	BSU07020	30.909	55	33	2	83	134	123	175	1.0	25.8
JCVISYN3A_0270	BSU36230	27.632	76	53	1	7	80	274	349	1.7	25.4
JCVISYN3A_0270	BSU16810	29.630	54	32	1	1	48	1	54	2.1	24.6
JCVISYN3A_0270	BSU19390	43.478	23	13	0	31	53	68	90	2.3	24.6
JCVISYN3A_0270	BSU15980	32.727	55	37	0	3	57	76	130	2.6	24.6
JCVISYN3A_0270	BSU01950	32.653	49	27	2	3	48	4	49	3.4	24.3
JCVISYN3A_0270	BSU27730	32.258	31	21	0	30	60	55	85	4.5	23.9
JCVISYN3A_0270	BSU12420	43.750	32	16	1	19	48	209	240	4.5	23.9
JCVISYN3A_0270	BSU01160	23.529	51	32	2	50	99	65	109	5.0	23.9
JCVISYN3A_0270	BSU17420	29.032	31	22	0	16	46	80	110	5.0	23.9
JCVISYN3A_0270	BSU29530	24.561	57	43	0	10	66	118	174	5.4	23.9
JCVISYN3A_0270	BSU40350	26.984	63	38	3	15	73	147	205	5.4	23.9
JCVISYN3A_0270	BSU25530	34.426	61	32	3	4	57	306	365	5.5	23.9
JCVISYN3A_0270	BSU32000	50.000	22	8	1	44	62	167	188	5.9	23.5
JCVISYN3A_0270	BSU28210	33.333	24	16	0	28	51	90	113	5.9	23.9
JCVISYN3A_0270	BSU18430	36.667	30	19	0	76	105	39	68	6.1	23.5
JCVISYN3A_0270	BSU40320	41.667	24	12	1	13	36	75	96	6.6	23.5
JCVISYN3A_0270	BSU29340	26.087	46	34	0	3	48	2	47	6.7	23.5
JCVISYN3A_0270	BSU38360	25.000	48	31	1	96	138	118	165	7.2	23.5
JCVISYN3A_0270	BSU23960	31.429	70	34	5	3	61	2	68	7.8	23.1
JCVISYN3A_0270	BSU02570	36.170	47	28	2	3	48	5	50	8.2	23.1
JCVISYN3A_0270	BSU09400	42.857	21	12	0	101	121	412	432	8.8	23.1
JCVISYN3A_0270	BSU29230	24.561	114	64	4	8	118	472	566	8.9	23.1
JCVISYN3A_0270	BSU15870	33.333	30	18	1	15	42	262	291	9.1	23.1
JCVISYN3A_0270	BSU03730	55.000	20	8	1	25	44	29	47	9.1	23.1
JCVISYN3A_0271	BSU05920	29.310	174	114	4	3	171	4	173	3.45e-13	62.4
JCVISYN3A_0271	BSU05940	30.952	42	29	0	40	81	63	104	0.20	28.9
JCVISYN3A_0271	BSU08000	27.273	88	52	3	34	111	215	300	0.48	27.7
JCVISYN3A_0271	BSU03410	23.529	102	58	4	69	170	331	412	3.9	25.0
JCVISYN3A_0271	BSU25640	25.000	60	35	2	78	127	1	60	4.7	24.3
JCVISYN3A_0271	BSU27330	27.778	36	26	0	7	42	94	129	5.9	24.3
JCVISYN3A_0271	BSU12380	25.743	101	63	5	66	164	265	355	7.3	24.3
JCVISYN3A_0271	BSU36060	33.333	27	18	0	83	109	222	248	7.9	23.9
JCVISYN3A_0281	BSU06820	21.429	98	58	4	59	140	243	337	0.67	27.7
JCVISYN3A_0281	BSU38200	44.444	18	10	0	100	117	98	115	3.7	25.4
JCVISYN3A_0281	BSU21210	40.625	32	17	1	165	194	9	40	7.1	24.3
JCVISYN3A_0281	BSU19620	37.143	35	18	2	90	121	164	197	7.9	24.3
JCVISYN3A_0282	BSU28950	22.111	398	243	16	35	383	264	643	1.24e-12	66.6
JCVISYN3A_0282	BSU16570	25.654	191	129	7	36	223	38	218	2.22e-08	53.1
JCVISYN3A_0282	BSU16570	24.183	153	106	4	222	370	409	555	2.51e-08	52.8
JCVISYN3A_0282	BSU37560	25.000	112	78	3	256	366	512	618	1.02e-06	47.8
JCVISYN3A_0282	BSU00130	22.745	255	146	11	62	288	184	415	0.011	34.7
JCVISYN3A_0282	BSU37460	42.857	28	16	0	372	399	34	61	1.3	28.1
JCVISYN3A_0282	BSU33210	31.343	67	39	2	232	298	446	505	2.0	27.7
JCVISYN3A_0282	BSU09990	20.833	48	38	0	206	253	129	176	3.9	26.2
JCVISYN3A_0282	BSU28780	33.871	62	37	2	218	276	59	119	6.1	25.8
JCVISYN3A_0282	BSU13190	29.787	47	33	0	31	77	239	285	6.8	25.8
JCVISYN3A_0282	BSU18910	24.074	54	38	1	371	421	32	85	8.6	25.4
JCVISYN3A_0283	BSU33620	26.829	82	47	2	112	193	103	171	0.11	29.6
JCVISYN3A_0283	BSU27140	22.936	109	70	3	91	194	462	561	0.18	29.3
JCVISYN3A_0283	BSU35660	24.390	82	55	3	38	113	149	229	0.71	27.3
JCVISYN3A_0283	BSU30270	37.143	35	22	0	14	48	291	325	7.0	24.3
JCVISYN3A_0283	BSU21970	26.531	49	29	1	40	88	57	98	7.2	23.9
JCVISYN3A_0283	BSU38800	31.429	35	24	0	40	74	191	225	8.1	23.9
JCVISYN3A_0285	BSU25510	64.716	598	210	1	3	600	11	607	0.0	829
JCVISYN3A_0285	BSU14770	28.094	509	298	17	3	480	4	475	1.75e-42	158
JCVISYN3A_0285	BSU01120	43.262	141	70	3	5	141	9	143	6.21e-23	100
JCVISYN3A_0285	BSU01120	25.620	242	132	9	164	376	260	482	1.30e-09	57.8
JCVISYN3A_0285	BSU01120	23.214	168	111	6	329	481	512	676	2.44e-06	47.4
JCVISYN3A_0285	BSU16630	31.330	233	124	7	10	231	223	430	8.87e-18	84.0
JCVISYN3A_0285	BSU01130	26.132	287	165	10	1	257	6	275	2.26e-16	78.2
JCVISYN3A_0285	BSU22840	23.497	183	104	7	10	182	7	163	0.23	30.8
JCVISYN3A_0285	BSU07090	44.444	27	15	0	208	234	16	42	0.57	30.0
JCVISYN3A_0285	BSU13600	26.263	99	57	3	66	152	123	217	2.3	27.3
JCVISYN3A_0285	BSU35790	34.328	67	35	4	81	141	161	224	5.0	26.6
JCVISYN3A_0286	BSU33040	25.000	52	39	0	211	262	354	405	2.4	26.2
JCVISYN3A_0286	BSU24400	23.810	63	44	3	150	208	50	112	3.5	25.0
JCVISYN3A_0287	BSU27550	42.564	585	323	5	3	574	4	588	2.42e-178	513
JCVISYN3A_0287	BSU22360	25.517	290	175	9	14	277	11	285	6.19e-18	83.2
JCVISYN3A_0287	BSU22360	27.660	94	63	2	453	545	334	423	4.80e-07	48.9
JCVISYN3A_0287	BSU00820	25.387	323	199	11	2	305	38	337	4.53e-17	80.9
JCVISYN3A_0287	BSU00820	47.500	40	21	0	506	545	456	495	1.04e-06	48.1
JCVISYN3A_0287	BSU40700	36.170	47	23	1	71	117	142	181	0.25	30.4
JCVISYN3A_0287	BSU35090	36.538	52	25	2	496	547	146	189	0.73	29.3
JCVISYN3A_0287	BSU23750	27.083	48	30	2	492	534	4	51	0.84	28.1
JCVISYN3A_0287	BSU31360	22.881	118	69	4	178	294	173	269	0.84	28.9
JCVISYN3A_0287	BSU02330	30.435	46	32	0	93	138	86	131	2.6	27.3
JCVISYN3A_0287	BSU13950	20.988	81	59	1	167	242	538	618	3.4	27.3
JCVISYN3A_0287	BSU26030	31.250	48	26	1	355	395	1268	1315	5.1	26.9
JCVISYN3A_0287	BSU02660	18.667	75	54	1	4	71	140	214	5.4	26.6
JCVISYN3A_0287	BSU05460	27.368	95	50	3	261	355	125	200	5.6	26.2
JCVISYN3A_0287	BSU13980	41.463	41	24	0	41	81	291	331	6.4	26.2
JCVISYN3A_0287	BSU40390	26.852	108	65	4	147	240	189	296	9.3	25.8
JCVISYN3A_0287	BSU27390	39.286	28	17	0	522	549	40	67	9.6	25.0
JCVISYN3A_0288	BSU27560	39.857	419	238	6	5	414	6	419	1.02e-100	303
JCVISYN3A_0288	BSU34930	25.439	342	201	14	1	311	3	321	1.21e-21	92.8
JCVISYN3A_0288	BSU28950	21.905	105	71	3	18	114	268	369	0.014	34.3
JCVISYN3A_0288	BSU28950	35.484	31	19	1	5	35	429	458	0.27	30.0
JCVISYN3A_0288	BSU10160	31.683	101	49	4	137	237	299	379	0.029	33.5
JCVISYN3A_0288	BSU37560	22.981	161	113	8	11	164	267	423	0.051	32.3
JCVISYN3A_0288	BSU28170	30.769	65	37	3	20	77	213	276	1.4	27.7
JCVISYN3A_0288	BSU16620	32.353	34	23	0	27	60	50	83	9.0	24.3
JCVISYN3A_0288	BSU21780	29.091	55	38	1	147	200	23	77	9.7	25.0
JCVISYN3A_0289	BSU16650	25.714	105	62	2	16	113	14	109	3.43e-06	40.0
JCVISYN3A_0289	BSU24370	32.075	53	34	1	27	77	55	107	3.4	23.9
JCVISYN3A_0289	BSU17210	27.381	84	50	2	22	95	2982	3064	7.4	23.1
JCVISYN3A_0289	BSU00270	39.394	33	20	0	2	34	339	371	9.4	22.7
JCVISYN3A_0290	BSU16660	34.322	236	140	5	5	227	4	237	1.45e-40	140
JCVISYN3A_0290	BSU18310	40.000	45	25	2	117	159	3290	3334	0.63	28.5
JCVISYN3A_0290	BSU16490	25.000	64	44	2	2	61	85	148	2.0	26.6
JCVISYN3A_0290	BSU37100	20.732	82	60	1	172	248	206	287	2.8	26.2
JCVISYN3A_0290	BSU28310	28.889	45	30	1	161	205	261	303	4.6	25.8
JCVISYN3A_0290	BSU37870	25.773	97	56	5	113	200	60	149	5.9	25.0
JCVISYN3A_0290	BSU15440	25.000	64	44	1	104	163	61	124	8.1	23.9
JCVISYN3A_0290	BSU33760	45.000	20	11	0	110	129	285	304	8.2	24.6
JCVISYN3A_0290	BSU26559	35.000	40	24	1	13	52	26	63	9.7	23.1
JCVISYN3A_0291	BSU16670	29.825	171	108	5	18	178	19	187	6.56e-13	62.4
JCVISYN3A_0291	BSU17210	31.884	69	34	4	33	99	3615	3672	0.014	32.7
JCVISYN3A_0291	BSU11240	22.785	79	47	2	32	110	614	678	2.6	25.4
JCVISYN3A_0291	BSU05930	26.667	60	43	1	73	131	2	61	2.6	25.0
JCVISYN3A_0291	BSU25570	37.037	27	17	0	11	37	705	731	2.7	25.4
JCVISYN3A_0291	BSU07090	23.810	84	48	3	11	91	164	234	5.1	24.6
JCVISYN3A_0291	BSU28510	28.125	64	42	3	29	88	327	390	5.6	24.3
JCVISYN3A_0291	BSU13580	30.612	49	28	3	87	135	323	365	6.4	24.3
JCVISYN3A_0294	BSU16680	56.322	87	38	0	2	88	3	89	5.88e-29	96.7
JCVISYN3A_0294	BSU37000	29.412	51	36	0	16	66	34	84	0.019	29.6
JCVISYN3A_0294	BSU13420	38.636	44	21	2	48	85	379	422	0.085	27.7
JCVISYN3A_0294	BSU01570	50.000	18	9	0	70	87	131	148	0.85	24.6
JCVISYN3A_0294	BSU37100	32.203	59	32	2	15	65	8	66	2.2	23.9
JCVISYN3A_0294	BSU15770	32.203	59	34	3	25	80	587	642	3.0	23.5
JCVISYN3A_0294	BSU38480	34.043	47	28	2	24	67	153	199	3.0	23.1
JCVISYN3A_0294	BSU10050	50.000	16	8	0	56	71	245	260	3.3	23.1
JCVISYN3A_0294	BSU04140	50.000	20	9	1	69	87	58	77	4.6	22.7
JCVISYN3A_0294	BSU28200	29.577	71	44	3	4	70	229	297	5.6	22.7
JCVISYN3A_0294	BSU33190	23.529	34	26	0	55	88	114	147	6.3	22.3
JCVISYN3A_0294	BSU34930	37.736	53	29	2	16	64	145	197	6.7	22.3
JCVISYN3A_0294	BSU17220	30.000	30	21	0	44	73	2345	2374	9.0	21.9
JCVISYN3A_0296	BSU12290	30.769	39	27	0	138	176	6	44	0.063	30.8
JCVISYN3A_0296	BSU04960	25.676	74	54	1	23	96	330	402	0.065	30.8
JCVISYN3A_0296	BSU04860	33.333	54	24	1	119	160	63	116	0.16	29.6
JCVISYN3A_0296	BSU07350	32.000	50	30	1	119	168	358	403	2.8	25.8
JCVISYN3A_0296	BSU03700	28.261	46	30	1	153	195	22	67	3.2	25.4
JCVISYN3A_0296	BSU38280	29.730	37	25	1	150	185	169	205	3.7	25.4
JCVISYN3A_0296	BSU33960	38.983	59	33	2	99	155	335	392	5.1	24.6
JCVISYN3A_0296	BSU05650	22.794	136	81	4	42	170	151	269	6.2	24.6
JCVISYN3A_0296	BSU31250	23.729	59	37	2	158	208	50	108	8.5	24.3
JCVISYN3A_0296	BSU36680	46.667	30	15	1	71	100	96	124	9.3	23.5
JCVISYN3A_0297	BSU16630	49.500	600	288	4	21	620	130	714	0.0	562
JCVISYN3A_0297	BSU01130	30.000	230	132	9	124	326	15	242	9.00e-15	73.2
JCVISYN3A_0297	BSU25510	29.614	233	134	8	112	322	3	227	3.21e-14	72.4
JCVISYN3A_0297	BSU14770	32.973	185	95	5	124	280	10	193	4.54e-13	68.9
JCVISYN3A_0297	BSU01120	34.351	131	69	2	124	237	13	143	1.19e-11	64.3
JCVISYN3A_0297	BSU25290	24.161	149	96	4	123	263	10	149	3.91e-04	39.7
JCVISYN3A_0297	BSU22840	24.167	120	81	4	122	232	4	122	0.012	35.0
JCVISYN3A_0297	BSU22840	20.787	178	125	6	125	289	179	353	0.16	31.6
JCVISYN3A_0297	BSU39600	35.714	28	18	0	473	500	76	103	0.56	28.5
JCVISYN3A_0297	BSU28530	40.000	45	27	0	160	204	44	88	0.61	29.3
JCVISYN3A_0297	BSU16050	29.688	64	42	1	115	178	114	174	1.00	28.9
JCVISYN3A_0297	BSU30780	27.119	59	42	1	114	171	229	287	3.1	27.3
JCVISYN3A_0297	BSU03360	50.000	20	10	0	122	141	5	24	5.3	26.6
JCVISYN3A_0297	BSU34340	50.000	24	8	1	459	482	269	288	6.0	26.6
JCVISYN3A_0297	BSU31860	25.397	63	38	2	329	388	97	153	8.8	26.2
JCVISYN3A_0298	BSU16620	25.301	83	60	2	10	91	10	91	0.003	31.2
JCVISYN3A_0298	BSU32980	47.619	21	11	0	21	41	13	33	7.6	22.3
JCVISYN3A_0298	BSU01120	38.095	21	13	0	68	88	361	381	7.8	22.3
JCVISYN3A_0298	BSU27650	46.429	28	14	1	6	33	314	340	7.8	22.3
JCVISYN3A_0298	BSU01360	47.059	17	9	0	6	22	122	138	8.7	22.3
JCVISYN3A_0299	BSU16610	40.000	85	49	1	6	88	1	85	2.32e-16	64.7
JCVISYN3A_0299	BSU37790	38.636	44	23	1	18	57	305	348	0.50	25.8
JCVISYN3A_0299	BSU33780	30.000	70	36	3	8	70	72	135	1.2	24.6
JCVISYN3A_0299	BSU04050	45.000	20	11	0	29	48	156	175	1.4	24.3
JCVISYN3A_0299	BSU18595	34.375	32	20	1	33	64	9	39	1.9	22.7
JCVISYN3A_0299	BSU40380	33.871	62	34	3	23	84	132	186	3.5	23.1
JCVISYN3A_0299	BSU05650	29.630	54	34	1	29	78	630	683	3.7	23.5
JCVISYN3A_0299	BSU23390	41.935	31	17	1	13	43	241	270	4.0	23.1
JCVISYN3A_0299	BSU33360	37.500	24	15	0	52	75	229	252	4.2	23.1
JCVISYN3A_0299	BSU18320	47.368	19	10	0	21	39	1664	1682	4.9	23.1
JCVISYN3A_0299	BSU34800	27.027	37	26	1	18	53	400	436	8.6	22.3
JCVISYN3A_0300	BSU16600	38.728	346	204	5	5	347	3	343	1.78e-66	218
JCVISYN3A_0300	BSU18990	41.026	39	23	0	480	518	4	42	1.6	27.3
JCVISYN3A_0300	BSU13580	27.941	68	39	2	29	86	75	142	2.5	27.3
JCVISYN3A_0300	BSU36600	43.750	32	18	0	543	574	181	212	2.6	27.3
JCVISYN3A_0300	BSU33450	37.209	43	23	1	415	453	416	458	5.4	26.6
JCVISYN3A_0300	BSU25980	27.536	69	42	2	355	422	201	262	7.4	26.2
JCVISYN3A_0300	BSU24590	21.429	154	106	3	100	250	73	214	8.5	25.8
JCVISYN3A_0300	BSU38200	22.807	57	44	0	348	404	238	294	10.0	25.8
JCVISYN3A_0301	BSU16590	25.974	154	108	2	11	164	9	156	2.08e-14	63.9
JCVISYN3A_0301	BSU17760	27.273	33	24	0	9	41	151	183	1.5	25.8
JCVISYN3A_0301	BSU35330	38.889	36	17	2	100	130	78	113	2.4	24.6
JCVISYN3A_0301	BSU36590	39.474	38	22	1	8	44	71	108	2.6	25.0
JCVISYN3A_0301	BSU18320	29.545	44	31	0	41	84	2475	2518	2.6	25.4
JCVISYN3A_0301	BSU07580	30.556	36	25	0	111	146	494	529	4.5	24.3
JCVISYN3A_0301	BSU14100	37.500	32	19	1	127	158	40	70	4.6	23.1
JCVISYN3A_0301	BSU07370	22.807	57	35	1	64	111	566	622	6.9	23.9
JCVISYN3A_0302	BSU07830	26.961	204	131	8	13	205	15	211	4.66e-16	70.9
JCVISYN3A_0302	BSU19550	27.638	199	110	10	13	200	11	186	1.56e-13	63.9
JCVISYN3A_0302	BSU05660	25.556	180	111	8	8	176	9	176	7.70e-08	47.8
JCVISYN3A_0302	BSU05480	22.609	230	125	11	9	215	7	206	2.64e-04	37.4
JCVISYN3A_0302	BSU12500	33.871	62	33	3	91	151	80	134	0.27	28.5
JCVISYN3A_0302	BSU27870	37.255	51	28	2	51	100	155	202	5.6	24.6
JCVISYN3A_0303	BSU16580	42.537	1474	727	31	43	1480	47	1436	0.0	1089
JCVISYN3A_0303	BSU22400	30.233	172	114	4	434	603	5	172	2.57e-20	94.4
JCVISYN3A_0303	BSU29230	21.148	662	374	22	741	1333	176	758	5.04e-20	93.6
JCVISYN3A_0303	BSU20340	20.123	487	233	21	634	1039	98	509	0.037	35.4
JCVISYN3A_0303	BSU13860	22.798	193	116	8	292	463	2	182	0.80	30.4
JCVISYN3A_0303	BSU10240	30.952	42	29	0	616	657	68	109	1.6	29.3
JCVISYN3A_0303	BSU18700	32.558	43	28	1	942	983	6	48	2.4	27.7
JCVISYN3A_0303	BSU35250	23.158	95	66	3	1229	1317	155	248	4.6	28.1
JCVISYN3A_0303	BSU32670	32.500	80	46	4	240	319	347	418	6.6	27.7
JCVISYN3A_0303	BSU00980	33.333	57	33	1	186	237	96	152	7.8	26.9
JCVISYN3A_0303	BSU18860	50.000	24	12	0	1361	1384	88	111	8.1	26.2
JCVISYN3A_0303	BSU27650	56.522	23	10	0	1192	1214	645	667	8.5	27.3
JCVISYN3A_0304	BSU16540	33.679	193	98	3	146	335	102	267	1.06e-23	95.5
JCVISYN3A_0304	BSU41040	28.571	63	44	1	115	177	166	227	0.30	29.3
JCVISYN3A_0304	BSU29100	31.818	44	30	0	278	321	75	118	1.2	27.7
JCVISYN3A_0304	BSU25830	20.896	67	50	1	261	327	38	101	1.8	26.9
JCVISYN3A_0304	BSU33500	33.333	54	23	3	239	280	186	238	2.2	26.9
JCVISYN3A_0304	BSU39390	22.222	81	61	1	8	88	4	82	4.0	26.2
JCVISYN3A_0304	BSU40700	22.581	62	48	0	16	77	106	167	7.4	25.0
JCVISYN3A_0305	BSU24460	37.079	356	218	3	3	356	2	353	2.28e-83	254
JCVISYN3A_0305	BSU13860	31.233	365	240	5	1	356	1	363	4.88e-57	186
JCVISYN3A_0305	BSU01380	26.341	205	133	6	129	320	3	202	1.96e-15	72.0
JCVISYN3A_0305	BSU07690	24.581	179	128	3	129	301	2	179	4.66e-10	56.2
JCVISYN3A_0305	BSU30440	26.374	91	59	2	19	109	128	210	0.28	29.6
JCVISYN3A_0305	BSU13360	24.691	81	57	2	111	187	51	131	1.3	27.3
JCVISYN3A_0305	BSU12980	24.667	150	101	4	56	197	202	347	1.5	27.3
JCVISYN3A_0305	BSU39360	34.884	43	26	1	284	324	484	526	2.0	26.9
JCVISYN3A_0305	BSU40530	23.729	59	35	1	222	280	88	136	4.8	25.4
JCVISYN3A_0305	BSU18520	34.091	44	27	2	157	198	62	105	5.4	25.4
JCVISYN3A_0305	BSU29440	38.095	42	20	3	160	200	7	43	6.1	25.4
JCVISYN3A_0305	BSU23770	34.483	29	19	0	73	101	188	216	6.4	25.4
JCVISYN3A_0305	BSU04810	24.000	50	37	1	122	171	92	140	8.9	24.6
JCVISYN3A_0305	BSU29390	32.258	31	21	0	268	298	130	160	9.6	24.6
JCVISYN3A_0305	BSU26350	36.364	22	14	0	144	165	91	112	9.7	23.9
JCVISYN3A_0308	BSU11420	49.258	337	160	3	3	336	2	330	1.86e-115	334
JCVISYN3A_0308	BSU12610	38.710	31	19	0	138	168	253	283	1.9	26.9
JCVISYN3A_0308	BSU26140	38.710	31	19	0	139	169	254	284	2.1	26.9
JCVISYN3A_0308	BSU17000	25.926	81	56	1	1	77	238	318	3.3	26.2
JCVISYN3A_0308	BSU11400	43.333	30	17	0	224	253	141	170	5.6	25.4
JCVISYN3A_0308	BSU22800	35.000	20	13	0	87	106	143	162	6.3	25.4
JCVISYN3A_0308	BSU03640	29.091	55	39	0	141	195	418	472	6.6	25.4
JCVISYN3A_0308	BSU06812	36.111	36	23	0	201	236	400	435	8.6	25.0
JCVISYN3A_0308	BSU07580	52.941	17	8	0	169	185	241	257	8.9	25.0
JCVISYN3A_0314	BSU40480	24.675	77	48	2	5	71	45	121	4.3	25.4
JCVISYN3A_0314	BSU30900	52.632	19	9	0	144	162	172	190	5.1	25.0
JCVISYN3A_0314	BSU03981	37.143	35	17	1	57	86	83	117	6.2	24.6
JCVISYN3A_0314	BSU17640	26.027	73	51	1	90	159	218	290	8.3	24.3
JCVISYN3A_0315	BSU35480	39.535	43	23	2	1	41	105	146	0.70	23.5
JCVISYN3A_0315	BSU14270	32.143	28	19	0	2	29	273	300	1.4	22.7
JCVISYN3A_0315	BSU30630	30.303	33	23	0	7	39	18	50	1.7	22.3
JCVISYN3A_0315	BSU35820	32.143	28	19	0	19	46	271	298	2.0	22.3
JCVISYN3A_0315	BSU29370	37.037	27	17	0	17	43	137	163	3.7	21.6
JCVISYN3A_0315	BSU17880	37.500	32	20	0	14	45	7	38	5.1	20.8
JCVISYN3A_0315	BSU21990	40.000	40	24	0	1	40	82	121	6.9	20.8
JCVISYN3A_0315	BSU41010	33.333	30	20	0	13	42	402	431	7.0	20.8
JCVISYN3A_0315	BSU10740	57.143	14	6	0	11	24	154	167	8.1	20.4
JCVISYN3A_0315	BSU20330	52.381	21	9	1	25	45	37	56	8.1	20.4
JCVISYN3A_0315	BSU30860	37.500	24	15	0	19	42	260	283	10.0	20.4
JCVISYN3A_0316	BSU17890	50.446	672	312	13	1	656	1	667	0.0	661
JCVISYN3A_0316	BSU24270	25.121	207	132	8	459	650	421	619	1.62e-10	60.8
JCVISYN3A_0316	BSU24270	25.000	172	102	7	23	194	37	181	0.019	34.7
JCVISYN3A_0316	BSU24050	25.843	178	100	9	76	243	89	244	0.038	33.5
JCVISYN3A_0316	BSU14690	31.579	76	42	4	477	544	152	225	5.1	26.6
JCVISYN3A_0316	BSU08680	32.759	58	27	3	273	329	100	146	6.4	25.8
JCVISYN3A_0316	BSU17210	30.769	52	35	1	283	334	4004	4054	8.0	26.6
JCVISYN3A_0317	BSU17910	45.455	66	34	1	14	79	6	69	2.18e-09	46.2
JCVISYN3A_0317	BSU39710	37.931	29	18	0	2	30	377	405	0.20	26.6
JCVISYN3A_0317	BSU24500	44.444	27	15	0	10	36	29	55	0.21	26.2
JCVISYN3A_0317	BSU39960	27.273	55	38	1	12	66	12	64	0.36	25.4
JCVISYN3A_0317	BSU16070	32.500	40	26	1	38	77	124	162	2.7	23.1
JCVISYN3A_0317	BSU05680	39.024	41	25	0	1	41	299	339	2.8	23.1
JCVISYN3A_0317	BSU30430	32.432	37	20	1	8	44	292	323	3.7	22.7
JCVISYN3A_0317	BSU20280	35.714	28	18	0	28	55	59	86	3.7	22.7
JCVISYN3A_0317	BSU38400	24.528	53	32	2	34	78	483	535	4.7	22.7
JCVISYN3A_0317	BSU09260	28.125	32	23	0	48	79	174	205	4.7	22.7
JCVISYN3A_0317	BSU12840	39.024	41	23	2	16	55	136	175	6.2	22.3
JCVISYN3A_0317	BSU02480	39.024	41	22	1	8	45	408	448	6.6	22.3
JCVISYN3A_0317	BSU12240	37.143	35	21	1	1	35	17	50	6.8	21.9
JCVISYN3A_0317	BSU30440	34.483	29	18	1	16	44	300	327	7.5	21.9
JCVISYN3A_0317	BSU34140	51.724	29	11	1	5	33	248	273	8.1	21.9
JCVISYN3A_0317	BSU17950	26.667	45	28	1	2	46	115	154	8.7	21.6
JCVISYN3A_0317	BSU24630	35.714	14	9	0	45	58	112	125	10.0	21.6
JCVISYN3A_0325	BSU29100	36.842	38	24	0	440	477	11	48	0.025	33.9
JCVISYN3A_0325	BSU25010	27.168	173	79	8	81	229	52	201	0.14	31.2
JCVISYN3A_0325	BSU13850	24.615	65	37	2	164	216	541	605	1.2	28.5
JCVISYN3A_0325	BSU03800	32.174	115	58	6	157	261	128	232	1.7	27.7
JCVISYN3A_0325	BSU11960	33.962	53	29	1	144	190	122	174	2.2	26.9
JCVISYN3A_0325	BSU31160	33.333	36	21	1	274	309	210	242	3.4	26.9
JCVISYN3A_0325	BSU27690	34.884	43	26	1	224	264	8	50	4.5	25.8
JCVISYN3A_0325	BSU04960	25.210	119	77	3	255	361	270	388	4.7	26.6
JCVISYN3A_0325	BSU11170	33.333	42	28	0	89	130	283	324	4.7	26.6
JCVISYN3A_0325	BSU18970	34.211	38	23	1	391	426	247	284	4.8	26.6
JCVISYN3A_0325	BSU34440	24.194	62	39	1	103	164	146	199	8.7	25.4
JCVISYN3A_0326	BSU27160	23.232	99	66	2	113	211	105	193	3.2	25.8
JCVISYN3A_0326	BSU18310	27.536	69	43	2	1	62	1351	1419	6.8	25.0
JCVISYN3A_0326	BSU40630	29.070	86	48	6	120	194	116	199	7.7	24.3
JCVISYN3A_0327	BSU23220	31.298	131	84	2	1	126	1	130	6.41e-13	63.9
JCVISYN3A_0327	BSU06170	46.667	30	15	1	127	155	98	127	2.1	26.6
JCVISYN3A_0327	BSU39230	25.455	55	34	1	100	147	1743	1797	2.3	26.6
JCVISYN3A_0327	BSU31440	32.787	61	31	3	169	228	145	196	2.6	26.2
JCVISYN3A_0327	BSU00100	32.857	70	40	4	57	120	59	127	4.4	25.4
JCVISYN3A_0327	BSU08300	34.286	35	23	0	182	216	110	144	5.2	25.0
JCVISYN3A_0327	BSU04810	30.337	89	51	4	39	125	55	134	9.0	24.3
JCVISYN3A_0328	BSU23210	35.028	177	107	5	5	178	8	179	7.29e-26	96.3
JCVISYN3A_0328	BSU03130	21.622	111	77	3	9	115	165	269	1.6	26.2
JCVISYN3A_0328	BSU23920	36.364	44	23	1	23	66	261	299	1.6	26.2
JCVISYN3A_0328	BSU30500	23.750	80	53	3	47	118	156	235	2.2	25.8
JCVISYN3A_0328	BSU28300	39.216	51	26	2	108	155	61	109	3.5	25.0
JCVISYN3A_0328	BSU12671	22.826	92	54	3	106	197	46	120	4.9	24.3
JCVISYN3A_0328	BSU22540	39.024	41	17	2	17	57	203	235	6.1	24.3
JCVISYN3A_0328	BSU09310	56.250	16	7	0	127	142	193	208	6.8	24.3
JCVISYN3A_0328	BSU06450	41.667	24	14	0	145	168	218	241	7.1	24.3
JCVISYN3A_0328	BSU13780	41.026	39	19	1	97	131	351	389	8.3	24.3
JCVISYN3A_0328	BSU30770	29.268	41	29	0	4	44	207	247	9.3	23.9
JCVISYN3A_0329	BSU23160	45.833	240	126	2	3	242	1	236	1.87e-70	213
JCVISYN3A_0329	BSU30035	30.870	230	147	7	5	229	2	224	1.56e-30	110
JCVISYN3A_0329	BSU03830	22.430	107	76	3	62	166	144	245	0.17	29.6
JCVISYN3A_0329	BSU08060	29.310	58	36	1	132	184	92	149	0.48	28.1
JCVISYN3A_0329	BSU37440	21.905	105	71	6	124	219	279	381	1.7	26.6
JCVISYN3A_0329	BSU38370	35.714	42	24	2	190	229	69	109	2.6	25.4
JCVISYN3A_0329	BSU03270	30.645	62	38	3	139	199	59	116	3.1	25.8
JCVISYN3A_0329	BSU21020	31.034	58	27	1	1	45	1	58	3.5	24.6
JCVISYN3A_0329	BSU34300	21.569	51	40	0	152	202	103	153	4.9	25.0
JCVISYN3A_0329	BSU10500	28.571	42	25	1	53	94	402	438	6.2	25.0
JCVISYN3A_0329	BSU33240	50.000	26	12	1	223	247	86	111	6.5	24.6
JCVISYN3A_0329	BSU27230	31.579	38	23	1	140	174	69	106	8.7	23.9
JCVISYN3A_0329	BSU20370	40.909	22	13	0	74	95	235	256	8.9	24.3
JCVISYN3A_0329	BSU09210	23.077	117	77	4	99	203	130	245	9.1	24.3
JCVISYN3A_0330	BSU00140	34.524	168	103	4	3	168	12	174	4.37e-29	105
JCVISYN3A_0330	BSU00150	31.034	174	103	4	3	171	7	168	9.36e-21	82.8
JCVISYN3A_0330	BSU05950	53.846	26	12	0	2	27	31	56	0.12	29.6
JCVISYN3A_0330	BSU26370	50.000	22	11	0	3	24	5	26	0.27	28.1
JCVISYN3A_0330	BSU32710	43.333	30	17	0	4	33	35	64	0.74	26.9
JCVISYN3A_0330	BSU30560	22.400	125	80	4	6	125	232	344	1.0	26.9
JCVISYN3A_0330	BSU05610	33.962	53	18	3	2	37	319	371	1.7	26.2
JCVISYN3A_0330	BSU03150	45.455	22	12	0	3	24	14	35	1.7	25.8
JCVISYN3A_0330	BSU22890	42.308	26	15	0	1	26	5	30	1.9	25.8
JCVISYN3A_0330	BSU02750	23.077	156	67	7	3	111	34	183	2.0	25.8
JCVISYN3A_0330	BSU16400	47.368	19	10	0	3	21	178	196	2.2	25.8
JCVISYN3A_0330	BSU30540	33.333	54	32	3	15	65	359	411	3.8	25.0
JCVISYN3A_0330	BSU21470	47.619	21	11	0	2	22	511	531	4.5	25.0
JCVISYN3A_0330	BSU27730	26.316	38	26	1	2	37	55	92	5.2	24.6
JCVISYN3A_0330	BSU20830	33.333	30	17	1	24	50	65	94	5.3	23.9
JCVISYN3A_0330	BSU03590	30.864	81	47	3	3	83	30	101	7.5	23.9
JCVISYN3A_0330	BSU08210	64.286	14	5	0	3	16	360	373	7.9	24.3
JCVISYN3A_0330	BSU16240	45.455	22	12	0	2	23	160	181	8.2	24.3
JCVISYN3A_0330	BSU06450	27.941	68	41	4	13	75	96	160	8.4	23.9
JCVISYN3A_0332	BSU07600	31.579	57	37	1	37	93	36	90	0.087	30.8
JCVISYN3A_0332	BSU36040	28.814	59	38	1	219	273	84	142	2.8	25.8
JCVISYN3A_0332	BSU20890	30.952	84	46	4	143	225	23	95	4.4	25.0
JCVISYN3A_0332	BSU08450	19.658	117	71	5	169	275	184	287	4.4	25.4
JCVISYN3A_0332	BSU15060	35.000	40	26	0	223	262	360	399	6.7	25.0
JCVISYN3A_0332	BSU26340	30.556	36	25	0	89	124	40	75	8.4	23.1
JCVISYN3A_0332	BSU27750	23.077	52	34	2	224	269	26	77	9.4	23.9
JCVISYN3A_0332	BSU05340	78.571	14	3	0	133	146	411	424	9.7	24.3
JCVISYN3A_0332	BSU04520	28.571	35	25	0	85	119	144	178	9.8	24.3
JCVISYN3A_0338	BSU39070	24.460	139	73	6	5	142	69	176	0.14	29.6
JCVISYN3A_0338	BSU07840	29.114	79	54	1	67	143	716	794	0.25	29.3
JCVISYN3A_0338	BSU40560	25.000	88	50	2	1	88	1	72	0.27	28.1
JCVISYN3A_0338	BSU33610	26.154	65	47	1	48	111	146	210	0.39	28.5
JCVISYN3A_0338	BSU34540	45.000	20	11	0	10	29	92	111	2.6	25.8
JCVISYN3A_0338	BSU09800	40.000	30	16	1	130	157	8	37	5.5	24.3
JCVISYN3A_0338	BSU00040	62.500	16	6	0	197	212	15	30	8.0	24.3
JCVISYN3A_0338	BSU29160	42.424	33	19	0	196	228	228	260	8.4	24.3
JCVISYN3A_0338	BSU24110	32.000	25	17	0	212	236	46	70	8.9	23.1
JCVISYN3A_0338	BSU15160	26.087	115	52	5	145	237	598	701	9.1	24.3
JCVISYN3A_0344	BSU32730	30.612	49	29	1	67	115	85	128	0.54	27.3
JCVISYN3A_0344	BSU20340	35.417	48	28	2	130	174	1100	1147	3.4	25.4
JCVISYN3A_0344	BSU25880	27.660	47	30	1	82	124	21	67	4.5	23.9
JCVISYN3A_0344	BSU39250	35.211	71	31	3	114	183	55	111	4.6	24.3
JCVISYN3A_0344	BSU38660	30.303	33	23	0	81	113	56	88	5.1	24.3
JCVISYN3A_0344	BSU24200	38.462	39	24	0	109	147	52	90	6.1	23.5
JCVISYN3A_0344	BSU40300	28.814	59	42	0	97	155	177	235	6.2	24.3
JCVISYN3A_0344	BSU29210	32.258	31	21	0	61	91	196	226	6.4	24.3
JCVISYN3A_0344	BSU02940	26.724	116	60	5	62	168	48	147	6.9	24.3
JCVISYN3A_0344	BSU26800	25.301	83	45	3	74	143	242	320	7.7	23.9
JCVISYN3A_0344	BSU35060	28.205	39	24	1	94	128	6	44	8.2	23.9
JCVISYN3A_0344	BSU18190	25.424	59	37	1	80	131	47	105	8.9	23.5
JCVISYN3A_0344	BSU11430	31.667	60	28	2	17	70	234	286	9.1	23.9
JCVISYN3A_0345	BSU19410	24.528	53	37	1	69	121	2	51	0.62	28.5
JCVISYN3A_0345	BSU04860	34.615	52	33	1	169	219	36	87	2.1	26.6
JCVISYN3A_0345	BSU19580	25.714	70	37	3	130	199	163	217	5.1	25.4
JCVISYN3A_0345	BSU18540	42.857	21	12	0	135	155	14	34	6.7	25.0
JCVISYN3A_0345	BSU03490	29.825	57	31	2	34	83	84	138	8.5	25.0
JCVISYN3A_0345	BSU22200	28.571	42	29	1	20	60	26	67	9.8	23.1
JCVISYN3A_0346	BSU06070	29.508	61	33	2	152	212	60	110	0.71	27.7
JCVISYN3A_0346	BSU27140	27.835	97	66	4	8	100	501	597	0.89	27.3
JCVISYN3A_0346	BSU07670	45.455	22	12	0	206	227	24	45	2.9	23.5
JCVISYN3A_0346	BSU20940	31.429	35	23	1	187	221	273	306	4.9	25.0
JCVISYN3A_0346	BSU33840	19.298	57	45	1	164	219	49	105	5.2	24.6
JCVISYN3A_0346	BSU05710	33.333	48	30	1	69	116	168	213	5.6	24.6
JCVISYN3A_0346	BSU14730	40.000	35	18	1	59	93	94	125	6.7	24.3
JCVISYN3A_0346	BSU07890	56.250	16	7	0	12	27	71	86	8.2	23.5
JCVISYN3A_0347	BSU22890	39.450	218	127	3	3	216	4	220	1.23e-52	166
JCVISYN3A_0347	BSU28220	34.375	32	21	0	1	32	107	138	1.4	26.6
JCVISYN3A_0347	BSU24130	45.000	20	11	0	152	171	431	450	1.7	26.6
JCVISYN3A_0347	BSU36710	26.562	64	43	1	152	211	66	129	2.7	25.4
JCVISYN3A_0347	BSU02200	29.787	47	23	1	111	147	300	346	4.9	25.0
JCVISYN3A_0347	BSU05780	40.909	22	13	0	174	195	272	293	8.2	24.3
JCVISYN3A_0347	BSU04280	24.742	97	64	3	85	181	101	188	9.9	23.9
JCVISYN3A_0348	BSU22840	49.433	441	212	2	1	435	1	436	2.23e-157	449
JCVISYN3A_0348	BSU41020	36.154	130	78	2	179	308	226	350	1.47e-17	81.3
JCVISYN3A_0348	BSU41020	34.409	93	61	0	8	100	226	318	3.44e-11	61.6
JCVISYN3A_0348	BSU25290	25.368	272	183	6	2	263	7	268	4.10e-17	78.6
JCVISYN3A_0348	BSU25290	30.357	168	107	3	177	343	11	169	1.95e-12	64.3
JCVISYN3A_0348	BSU16050	34.043	94	49	4	8	93	125	213	1.54e-06	46.2
JCVISYN3A_0348	BSU16050	26.752	157	101	5	84	232	25	175	3.46e-05	42.0
JCVISYN3A_0348	BSU25670	25.850	147	82	6	113	244	97	231	2.91e-06	45.8
JCVISYN3A_0348	BSU25670	47.619	42	17	2	6	42	162	203	0.092	31.6
JCVISYN3A_0348	BSU17430	25.373	134	80	4	6	127	203	328	2.71e-04	39.7
JCVISYN3A_0348	BSU28190	28.000	125	79	5	6	123	26	146	0.001	37.0
JCVISYN3A_0348	BSU28190	25.517	145	97	3	159	298	9	147	0.003	35.4
JCVISYN3A_0348	BSU12530	26.471	68	48	1	130	197	75	140	0.004	35.4
JCVISYN3A_0348	BSU16630	22.010	209	142	6	166	366	211	406	0.038	33.1
JCVISYN3A_0348	BSU16630	22.581	186	110	9	1	169	217	385	2.0	27.7
JCVISYN3A_0348	BSU40920	65.000	20	7	0	6	25	5	24	0.15	30.8
JCVISYN3A_0348	BSU40920	52.632	19	9	0	178	196	6	24	2.0	27.3
JCVISYN3A_0348	BSU14770	23.944	142	82	4	170	296	3	133	0.23	30.4
JCVISYN3A_0348	BSU22030	44.118	34	19	0	172	205	41	74	0.43	29.6
JCVISYN3A_0348	BSU22030	30.000	60	41	1	150	209	588	646	5.5	26.2
JCVISYN3A_0348	BSU38660	31.429	35	24	0	327	361	155	189	0.55	28.9
JCVISYN3A_0348	BSU26260	24.615	65	47	1	132	196	124	186	0.60	28.9
JCVISYN3A_0348	BSU32410	24.528	106	60	5	289	380	195	294	0.61	28.9
JCVISYN3A_0348	BSU14170	25.714	70	45	2	101	169	16	79	0.82	27.7
JCVISYN3A_0348	BSU27920	24.088	137	87	7	177	302	161	291	1.0	28.1
JCVISYN3A_0348	BSU27920	23.704	135	75	4	6	122	161	285	1.1	28.1
JCVISYN3A_0348	BSU25510	25.000	148	90	6	178	311	18	158	1.2	28.1
JCVISYN3A_0348	BSU34070	23.810	42	32	0	25	66	314	355	2.0	27.3
JCVISYN3A_0348	BSU39129	32.258	31	21	0	269	299	26	56	2.3	25.0
JCVISYN3A_0348	BSU20070	37.931	29	18	0	143	171	40	68	2.4	26.2
JCVISYN3A_0348	BSU28200	26.230	61	23	1	1	61	345	383	5.3	26.2
JCVISYN3A_0348	BSU07420	28.788	66	40	2	157	219	330	391	5.9	25.8
JCVISYN3A_0348	BSU21470	37.143	35	22	0	160	194	495	529	6.4	25.8
JCVISYN3A_0348	BSU09510	38.462	39	22	1	49	85	119	157	8.6	25.4
JCVISYN3A_0348	BSU30420	35.294	51	26	2	2	48	34	81	8.7	25.0
JCVISYN3A_0348	BSU00110	32.143	56	37	1	206	260	103	158	8.7	25.4
JCVISYN3A_0348	BSU05950	31.818	44	26	1	176	219	31	70	9.3	25.4
JCVISYN3A_0350	BSU21050	46.067	89	48	0	1	89	1	89	2.29e-24	85.1
JCVISYN3A_0350	BSU22790	44.944	89	49	0	1	89	1	89	2.11e-22	80.1
JCVISYN3A_0350	BSU35240	32.353	68	44	1	1	66	52	119	0.96	24.6
JCVISYN3A_0350	BSU16660	41.667	24	14	0	5	28	85	108	1.1	24.6
JCVISYN3A_0350	BSU25860	30.612	49	30	2	22	70	246	290	2.0	23.9
JCVISYN3A_0350	BSU36650	36.000	25	16	0	66	90	58	82	2.2	23.5
JCVISYN3A_0350	BSU09720	35.484	31	20	0	52	82	556	586	3.5	23.1
JCVISYN3A_0350	BSU11280	24.444	45	34	0	24	68	3	47	3.7	23.1
JCVISYN3A_0350	BSU09680	34.146	41	24	1	36	73	339	379	4.0	23.1
JCVISYN3A_0350	BSU18300	39.024	41	23	1	3	43	354	392	4.6	23.1
JCVISYN3A_0350	BSU23070	37.931	29	18	0	42	70	162	190	4.9	22.7
JCVISYN3A_0350	BSU36190	46.154	26	10	2	44	69	268	289	5.1	22.7
JCVISYN3A_0350	BSU01220	29.412	68	42	2	4	71	39	100	5.4	22.7
JCVISYN3A_0350	BSU29080	33.333	36	22	1	30	65	157	190	5.5	22.7
JCVISYN3A_0350	BSU02510	38.235	34	20	1	27	59	191	224	8.1	22.3
JCVISYN3A_0350	BSU37280	26.154	65	43	2	20	84	440	499	9.0	21.9
JCVISYN3A_0350	BSU31710	27.907	43	26	1	4	41	2	44	9.7	21.9
JCVISYN3A_0352	BSU22350	27.397	73	53	0	5	77	9	81	0.008	32.7
JCVISYN3A_0352	BSU10950	42.857	42	19	1	74	110	34	75	0.33	28.1
JCVISYN3A_0352	BSU03150	25.641	39	29	0	109	147	65	103	0.48	27.3
JCVISYN3A_0352	BSU38470	34.000	50	32	1	18	67	156	204	0.91	26.9
JCVISYN3A_0352	BSU20060	27.143	70	34	2	51	119	3	56	2.4	25.4
JCVISYN3A_0352	BSU05640	33.333	36	24	0	43	78	48	83	4.5	24.3
JCVISYN3A_0352	BSU25670	30.769	91	53	4	85	170	57	142	6.1	24.3
JCVISYN3A_0352	BSU39260	30.189	53	29	2	38	87	258	305	6.2	24.3
JCVISYN3A_0352	BSU27220	22.000	50	31	2	98	146	497	539	8.3	23.9
JCVISYN3A_0353	BSU22180	31.373	102	54	2	3	104	7	92	8.22e-10	49.3
JCVISYN3A_0353	BSU15420	30.508	59	41	0	3	61	2	60	4.16e-05	37.7
JCVISYN3A_0353	BSU20990	50.000	26	12	1	89	113	22	47	0.11	26.9
JCVISYN3A_0353	BSU17180	22.826	92	62	2	40	124	3080	3169	0.52	26.6
JCVISYN3A_0353	BSU33580	30.435	46	31	1	72	117	110	154	2.3	24.3
JCVISYN3A_0353	BSU10630	33.784	74	37	3	49	122	504	565	2.8	24.6
JCVISYN3A_0353	BSU17100	43.333	30	14	1	22	48	23	52	3.1	24.3
JCVISYN3A_0353	BSU22220	25.843	89	58	3	37	125	218	298	3.8	23.9
JCVISYN3A_0353	BSU34580	35.185	54	25	2	40	93	129	172	4.6	23.5
JCVISYN3A_0353	BSU05650	22.000	50	39	0	4	53	448	497	4.6	23.9
JCVISYN3A_0353	BSU21250	20.370	54	31	1	24	77	85	126	4.8	23.9
JCVISYN3A_0353	BSU13700	29.730	74	33	2	29	100	276	332	5.8	23.5
JCVISYN3A_0353	BSU12680	36.842	19	12	0	73	91	237	255	5.9	23.5
JCVISYN3A_0353	BSU04520	37.037	27	17	0	48	74	7	33	7.4	23.1
JCVISYN3A_0353	BSU38280	25.000	72	44	2	50	120	147	209	8.2	23.1
JCVISYN3A_0353	BSU23990	36.585	41	25	1	47	86	9	49	9.0	22.7
JCVISYN3A_0353	BSU22830	20.779	77	59	1	5	79	252	328	9.3	22.7
JCVISYN3A_0359	BSU16960	39.749	478	281	2	39	509	43	520	3.46e-112	339
JCVISYN3A_0359	BSU31000	30.208	96	47	3	191	280	17	98	0.059	31.6
JCVISYN3A_0359	BSU11250	31.250	64	37	2	447	503	199	262	0.16	31.2
JCVISYN3A_0359	BSU31830	31.818	66	35	2	326	381	24	89	0.32	29.6
JCVISYN3A_0359	BSU25630	21.368	117	69	3	328	421	21	137	0.47	29.3
JCVISYN3A_0359	BSU25330	25.000	140	56	4	328	418	504	643	0.52	29.6
JCVISYN3A_0359	BSU22360	28.125	128	77	3	244	367	198	314	0.96	28.5
JCVISYN3A_0359	BSU32690	23.529	119	68	5	266	365	176	290	4.0	26.6
JCVISYN3A_0359	BSU11170	30.909	55	31	1	267	321	39	86	4.1	26.6
JCVISYN3A_0359	BSU03020	39.130	23	14	0	15	37	210	232	5.3	26.2
JCVISYN3A_0359	BSU35780	29.787	47	32	1	245	291	184	229	5.7	26.2
JCVISYN3A_0359	BSU32840	50.000	20	10	0	315	334	184	203	6.5	26.2
JCVISYN3A_0359	BSU18450	28.571	49	35	0	347	395	1230	1278	9.5	25.8
JCVISYN3A_0359	BSU31480	31.250	80	51	3	16	94	157	233	9.6	25.4
JCVISYN3A_0360	BSU15980	45.312	448	228	8	7	447	6	443	1.17e-122	361
JCVISYN3A_0360	BSU15950	35.769	260	151	7	40	288	59	313	1.03e-38	139
JCVISYN3A_0360	BSU16400	27.374	179	115	6	104	277	178	346	2.79e-10	58.5
JCVISYN3A_0360	BSU36250	28.226	124	59	4	102	197	47	168	0.001	37.4
JCVISYN3A_0360	BSU15600	39.024	41	25	0	100	140	25	65	0.035	32.3
JCVISYN3A_0360	BSU34360	34.545	55	35	1	102	156	46	99	0.037	32.3
JCVISYN3A_0360	BSU07490	21.579	190	105	7	103	252	31	216	0.056	32.0
JCVISYN3A_0360	BSU14290	27.642	123	73	5	102	219	8	119	0.19	30.0
JCVISYN3A_0360	BSU33450	35.556	45	28	1	84	127	209	253	0.23	30.8
JCVISYN3A_0360	BSU08220	43.243	37	20	1	104	140	395	430	0.84	28.9
JCVISYN3A_0360	BSU21470	43.590	39	21	1	104	142	512	549	1.2	28.1
JCVISYN3A_0360	BSU23960	30.682	88	41	3	103	182	29	104	1.9	27.3
JCVISYN3A_0360	BSU29960	23.469	98	57	2	322	401	7	104	2.3	26.6
JCVISYN3A_0360	BSU28220	41.935	31	18	0	96	126	104	134	2.6	26.9
JCVISYN3A_0360	BSU14720	27.907	43	31	0	125	167	1	43	2.8	25.4
JCVISYN3A_0360	BSU02750	27.160	81	51	3	99	178	29	102	4.6	26.2
JCVISYN3A_0360	BSU23820	30.159	63	42	1	139	201	115	175	4.6	26.2
JCVISYN3A_0360	BSU38660	36.957	46	23	2	81	126	13	52	4.8	26.2
JCVISYN3A_0360	BSU30560	20.000	180	141	2	96	273	221	399	6.1	25.8
JCVISYN3A_0360	BSU06470	35.484	31	20	0	286	316	194	224	6.1	25.8
JCVISYN3A_0360	BSU28980	24.324	37	28	0	288	324	22	58	7.5	25.4
JCVISYN3A_0360	BSU14330	52.381	21	10	0	102	122	390	410	8.4	25.4
JCVISYN3A_0360	BSU01950	40.000	35	20	1	103	137	31	64	8.7	25.0
JCVISYN3A_0360	BSU23760	35.714	42	26	1	99	139	87	128	9.3	25.0
JCVISYN3A_0360	BSU37930	41.667	24	14	0	279	302	47	70	9.9	24.3
JCVISYN3A_0361	BSU40230	38.509	161	91	2	1	155	1	159	6.35e-33	111
JCVISYN3A_0361	BSU17400	38.095	42	25	1	26	67	160	200	0.032	30.4
JCVISYN3A_0361	BSU03830	36.207	58	24	4	16	70	88	135	0.098	29.3
JCVISYN3A_0361	BSU14860	34.043	47	22	1	15	52	980	1026	0.28	28.1
JCVISYN3A_0361	BSU10290	25.275	91	56	3	20	109	202	281	1.0	26.2
JCVISYN3A_0361	BSU05940	32.143	28	19	0	50	77	28	55	3.5	24.6
JCVISYN3A_0361	BSU16520	34.545	55	30	3	21	74	136	185	4.2	24.3
JCVISYN3A_0361	BSU18990	50.000	24	12	0	102	125	118	141	4.7	23.9
JCVISYN3A_0361	BSU38460	54.167	24	11	0	66	89	129	152	5.9	23.9
JCVISYN3A_0361	BSU18090	26.230	61	36	1	59	119	222	273	6.7	23.9
JCVISYN3A_0361	BSU20040	26.415	106	62	5	52	153	37	130	9.3	23.1
JCVISYN3A_0362	BSU15990	61.364	88	32	1	2	87	3	90	6.77e-36	114
JCVISYN3A_0362	BSU39570	32.203	59	35	2	10	66	72	127	0.026	28.9
JCVISYN3A_0362	BSU13740	35.714	42	25	1	15	54	184	225	0.20	26.6
JCVISYN3A_0362	BSU36100	30.952	42	23	2	25	63	478	516	0.20	26.9
JCVISYN3A_0362	BSU37590	41.667	36	18	1	23	55	107	142	0.35	25.8
JCVISYN3A_0362	BSU32690	28.889	45	32	0	20	64	159	203	2.4	23.9
JCVISYN3A_0362	BSU37230	30.000	30	21	0	58	87	542	571	7.2	22.3
JCVISYN3A_0362	BSU20900	20.588	34	27	0	53	86	3	36	7.7	21.2
JCVISYN3A_0362	BSU06440	50.000	18	9	0	55	72	86	103	8.1	22.3
JCVISYN3A_0362	BSU30250	34.043	47	26	2	32	75	236	280	9.1	21.9
JCVISYN3A_0362	BSU31360	26.190	84	48	4	2	85	22	91	9.3	21.9
JCVISYN3A_0363	BSU16020	21.637	171	126	2	1	163	1	171	7.50e-04	35.0
JCVISYN3A_0363	BSU17210	32.353	34	23	0	58	91	2942	2975	1.3	26.2
JCVISYN3A_0363	BSU13370	26.744	86	57	3	39	119	15	99	2.4	25.0
JCVISYN3A_0363	BSU30990	29.412	34	24	0	53	86	104	137	4.1	24.3
JCVISYN3A_0363	BSU11300	52.632	19	9	0	137	155	159	177	5.4	24.3
JCVISYN3A_0363	BSU12700	25.000	52	37	1	54	105	66	115	6.1	23.9
JCVISYN3A_0363	BSU17510	25.316	79	53	3	46	119	99	176	6.8	23.9
JCVISYN3A_0363	BSU11240	34.286	35	18	2	24	55	438	470	7.1	23.9
JCVISYN3A_0363	BSU19220	31.373	51	29	1	94	138	64	114	8.0	23.9
JCVISYN3A_0363	BSU34290	34.375	32	19	1	125	156	15	44	9.2	23.5
JCVISYN3A_0363	BSU12380	28.302	53	36	1	58	108	342	394	9.2	23.5
JCVISYN3A_0363	BSU21200	33.333	42	27	1	20	60	91	132	9.7	23.1
JCVISYN3A_0364	BSU16030	42.735	234	128	4	1	229	1	233	5.66e-73	219
JCVISYN3A_0364	BSU05610	25.806	93	57	2	36	116	96	188	0.17	29.6
JCVISYN3A_0364	BSU07980	27.083	96	51	4	88	175	45	129	0.18	29.3
JCVISYN3A_0364	BSU26300	38.235	34	17	2	121	153	22	52	3.5	23.9
JCVISYN3A_0364	BSU24030	34.783	23	15	0	108	130	401	423	3.8	25.4
JCVISYN3A_0364	BSU21280	34.884	43	25	1	8	50	105	144	4.1	25.0
JCVISYN3A_0364	BSU18330	33.333	27	18	0	86	112	1497	1523	5.3	25.0
JCVISYN3A_0364	BSU17170	32.812	64	41	2	55	117	107	169	5.7	24.6
JCVISYN3A_0364	BSU20800	41.667	24	14	0	116	139	293	316	6.3	24.6
JCVISYN3A_0364	BSU02290	37.037	27	17	0	40	66	113	139	6.5	24.6
JCVISYN3A_0364	BSU29930	18.978	137	96	5	50	177	98	228	9.0	24.3
JCVISYN3A_0365	BSU16040	58.879	107	44	0	14	120	7	113	3.28e-41	130
JCVISYN3A_0365	BSU39740	42.308	26	15	0	40	65	249	274	0.57	26.6
JCVISYN3A_0365	BSU15650	40.741	27	16	0	22	48	135	161	1.1	25.8
JCVISYN3A_0365	BSU16480	37.931	29	18	0	46	74	121	149	1.3	25.0
JCVISYN3A_0365	BSU05180	35.000	40	24	1	45	84	68	105	2.2	24.6
JCVISYN3A_0365	BSU28630	30.189	53	33	2	30	82	97	145	2.8	24.6
JCVISYN3A_0365	BSU06020	32.353	34	21	1	27	60	48	79	3.2	23.5
JCVISYN3A_0365	BSU17210	26.415	53	39	0	75	127	51	103	5.7	23.5
JCVISYN3A_0365	BSU25920	40.000	25	15	0	39	63	205	229	9.7	22.7
JCVISYN3A_0365	BSU20060	31.579	38	25	1	28	64	465	502	9.7	22.7
JCVISYN3A_0366	BSU16050	31.449	283	187	2	6	288	4	279	8.53e-57	182
JCVISYN3A_0366	BSU25670	27.273	165	100	4	24	179	67	220	2.36e-06	45.4
JCVISYN3A_0366	BSU25290	45.455	55	25	2	128	178	13	66	1.79e-05	42.4
JCVISYN3A_0366	BSU28190	39.216	51	30	1	128	177	28	78	9.63e-05	39.7
JCVISYN3A_0366	BSU41020	28.889	90	60	2	92	178	191	279	6.05e-04	38.1
JCVISYN3A_0366	BSU22840	42.857	56	25	2	128	178	8	61	7.33e-04	37.7
JCVISYN3A_0366	BSU22840	25.503	149	90	6	20	159	75	211	0.002	36.2
JCVISYN3A_0366	BSU40920	28.302	53	30	2	124	176	3	47	0.092	31.2
JCVISYN3A_0366	BSU24430	30.000	70	35	3	120	175	133	202	0.89	27.7
JCVISYN3A_0366	BSU17430	37.037	27	17	0	120	146	197	223	2.4	26.6
JCVISYN3A_0366	BSU14290	50.000	18	9	0	128	145	12	29	2.6	26.2
JCVISYN3A_0366	BSU16090	33.803	71	41	3	240	309	92	157	4.0	25.8
JCVISYN3A_0366	BSU13080	26.087	46	32	1	44	89	24	67	4.8	25.0
JCVISYN3A_0366	BSU05230	39.474	38	23	0	162	199	243	280	5.3	25.4
JCVISYN3A_0366	BSU30960	36.111	36	20	1	205	237	189	224	5.9	25.4
JCVISYN3A_0366	BSU20470	28.358	67	47	1	32	97	7	73	6.2	24.6
JCVISYN3A_0371	BSU37230	36.111	540	321	15	90	620	47	571	2.44e-86	277
JCVISYN3A_0371	BSU08690	32.381	525	336	9	96	614	63	574	6.39e-78	255
JCVISYN3A_0371	BSU14320	31.599	538	327	12	97	615	54	569	6.80e-75	247
JCVISYN3A_0371	BSU34820	31.185	574	354	12	52	615	33	575	9.76e-67	226
JCVISYN3A_0371	BSU08220	29.335	617	395	18	16	620	17	604	2.29e-63	217
JCVISYN3A_0371	BSU14330	30.435	529	327	13	109	619	95	600	2.83e-60	208
JCVISYN3A_0371	BSU09710	27.869	549	328	16	97	615	61	571	2.14e-54	192
JCVISYN3A_0371	BSU09720	27.289	546	339	13	95	615	151	663	1.82e-52	188
JCVISYN3A_0371	BSU08210	28.148	540	344	16	99	620	54	567	8.69e-50	179
JCVISYN3A_0371	BSU38730	31.799	239	156	4	377	614	336	568	2.14e-36	140
JCVISYN3A_0371	BSU38740	35.784	204	125	3	415	616	362	561	1.30e-29	120
JCVISYN3A_0371	BSU21470	29.658	263	170	7	292	549	398	650	3.45e-22	97.8
JCVISYN3A_0371	BSU35260	32.000	225	131	5	380	595	4	215	2.11e-21	90.1
JCVISYN3A_0371	BSU30420	30.052	193	110	6	395	574	24	204	5.61e-19	83.2
JCVISYN3A_0371	BSU02980	30.841	214	125	6	406	607	59	261	1.56e-18	85.1
JCVISYN3A_0371	BSU01450	31.651	218	127	7	381	588	10	215	1.81e-18	82.8
JCVISYN3A_0371	BSU23960	31.193	218	139	6	395	607	16	227	2.56e-18	81.6
JCVISYN3A_0371	BSU33730	29.536	237	153	8	378	609	2	229	2.82e-18	84.0
JCVISYN3A_0371	BSU11370	29.646	226	140	8	403	621	43	256	3.79e-18	82.8
JCVISYN3A_0371	BSU33270	32.432	222	125	8	378	586	2	211	2.53e-17	78.6
JCVISYN3A_0371	BSU02860	33.040	227	120	12	377	588	2	211	5.39e-17	77.4
JCVISYN3A_0371	BSU33830	29.630	216	140	7	398	608	20	228	8.55e-17	79.3
JCVISYN3A_0371	BSU13000	28.829	222	119	8	403	605	34	235	1.12e-16	78.6
JCVISYN3A_0371	BSU24950	33.166	199	115	6	396	582	29	221	1.61e-16	76.6
JCVISYN3A_0371	BSU32750	29.752	242	147	7	380	609	4	234	4.71e-16	76.6
JCVISYN3A_0371	BSU27430	26.860	242	153	6	378	609	2	229	4.89e-16	75.1
JCVISYN3A_0371	BSU30760	30.531	226	122	8	382	592	8	213	5.17e-16	75.1
JCVISYN3A_0371	BSU11470	31.034	232	126	11	405	621	34	246	5.70e-16	75.9
JCVISYN3A_0371	BSU34700	33.721	172	105	6	396	563	25	191	8.92e-16	74.7
JCVISYN3A_0371	BSU07490	30.126	239	151	8	376	607	2	231	1.05e-15	74.3
JCVISYN3A_0371	BSU29340	29.130	230	127	8	395	605	16	228	1.33e-15	73.9
JCVISYN3A_0371	BSU02570	31.674	221	116	9	395	604	19	215	2.50e-14	70.9
JCVISYN3A_0371	BSU03590	26.829	246	152	6	378	609	2	233	3.10e-14	69.7
JCVISYN3A_0371	BSU24960	33.516	182	97	7	398	566	40	210	4.34e-14	69.7
JCVISYN3A_0371	BSU39640	28.061	196	120	5	378	563	5	189	2.45e-13	67.4
JCVISYN3A_0371	BSU01460	30.047	213	135	6	392	596	6	212	2.68e-13	67.4
JCVISYN3A_0371	BSU09080	28.182	220	127	7	395	602	19	219	4.01e-13	67.4
JCVISYN3A_0371	BSU32940	29.386	228	128	9	381	592	9	219	4.53e-13	66.6
JCVISYN3A_0371	BSU12950	30.000	230	123	12	403	607	31	247	7.12e-13	67.0
JCVISYN3A_0371	BSU30380	28.169	213	121	9	374	572	4	198	1.18e-12	65.1
JCVISYN3A_0371	BSU12250	28.111	217	130	5	380	586	15	215	2.29e-12	64.3
JCVISYN3A_0371	BSU11460	32.018	228	127	12	400	607	31	250	2.38e-12	65.5
JCVISYN3A_0371	BSU34090	28.169	213	120	6	398	599	23	213	3.07e-12	64.7
JCVISYN3A_0371	BSU40620	29.630	189	108	7	395	575	16	187	4.53e-12	62.8
JCVISYN3A_0371	BSU31550	28.774	212	122	8	398	594	22	219	7.56e-12	64.7
JCVISYN3A_0371	BSU31550	24.645	211	128	11	398	588	275	474	4.49e-04	39.7
JCVISYN3A_0371	BSU32550	25.397	252	159	8	376	618	2	233	1.24e-11	63.5
JCVISYN3A_0371	BSU39480	27.049	244	149	8	378	607	2	230	1.40e-11	62.0
JCVISYN3A_0371	BSU33290	28.125	256	147	11	377	615	3	238	1.55e-11	62.0
JCVISYN3A_0371	BSU05950	29.016	193	105	8	365	549	308	476	2.10e-11	63.5
JCVISYN3A_0371	BSU05950	31.016	187	91	7	393	549	16	194	4.78e-11	62.4
JCVISYN3A_0371	BSU13220	25.446	224	138	8	376	588	291	496	8.55e-11	61.2
JCVISYN3A_0371	BSU13220	27.315	216	126	8	378	576	8	209	5.02e-10	58.9
JCVISYN3A_0371	BSU14360	26.786	224	135	7	380	588	4	213	1.13e-10	58.9
JCVISYN3A_0371	BSU11360	29.952	207	116	10	403	588	31	229	2.42e-10	58.9
JCVISYN3A_0371	BSU30610	32.298	161	69	8	404	549	31	166	2.70e-10	58.2
JCVISYN3A_0371	BSU35940	26.496	234	140	10	392	606	14	234	2.94e-10	59.7
JCVISYN3A_0371	BSU35940	26.840	231	135	8	376	588	252	466	7.64e-06	45.4
JCVISYN3A_0371	BSU08830	27.230	213	129	6	392	596	18	212	3.84e-10	57.8
JCVISYN3A_0371	BSU03730	26.368	201	138	6	378	574	4	198	4.95e-10	57.0
JCVISYN3A_0371	BSU03820	25.847	236	149	6	381	605	5	225	6.01e-10	57.0
JCVISYN3A_0371	BSU02750	26.882	186	104	9	378	549	2	169	8.23e-10	56.6
JCVISYN3A_0371	BSU38660	26.667	195	125	6	398	588	19	199	2.38e-09	55.8
JCVISYN3A_0371	BSU38810	24.691	243	156	8	385	618	10	234	3.55e-09	55.8
JCVISYN3A_0371	BSU35700	26.364	220	127	7	380	582	7	208	5.03e-09	55.8
JCVISYN3A_0371	BSU14430	25.263	190	112	8	382	549	6	187	5.82e-09	55.5
JCVISYN3A_0371	BSU14430	48.485	33	17	0	517	549	439	471	0.004	37.0
JCVISYN3A_0371	BSU15340	26.437	174	106	3	395	556	17	180	9.36e-09	53.5
JCVISYN3A_0371	BSU30450	27.041	196	121	9	393	582	14	193	9.55e-09	53.9
JCVISYN3A_0371	BSU04490	25.116	215	127	8	395	596	20	213	1.23e-08	53.5
JCVISYN3A_0371	BSU07420	28.497	193	109	7	373	562	319	485	1.32e-08	54.3
JCVISYN3A_0371	BSU07420	22.170	212	104	5	378	549	4	194	5.92e-07	48.9
JCVISYN3A_0371	BSU01950	26.471	204	118	9	398	588	21	205	2.52e-08	52.0
JCVISYN3A_0371	BSU10040	23.729	236	151	9	393	614	16	236	5.11e-08	51.2
JCVISYN3A_0371	BSU07370	24.479	192	122	6	378	550	4	191	8.88e-08	52.0
JCVISYN3A_0371	BSU07370	26.295	251	144	11	348	587	289	509	1.17e-04	42.0
JCVISYN3A_0371	BSU08310	24.153	236	161	6	378	608	2	224	1.16e-07	50.8
JCVISYN3A_0371	BSU30010	24.074	216	144	5	395	608	20	217	2.14e-07	49.3
JCVISYN3A_0371	BSU09890	24.444	225	136	8	398	609	19	222	4.29e-07	48.9
JCVISYN3A_0371	BSU32710	31.707	164	99	8	395	549	20	179	4.51e-06	45.4
JCVISYN3A_0371	BSU09070	23.645	203	136	6	398	596	20	207	5.56e-06	44.7
JCVISYN3A_0371	BSU05610	23.711	194	103	6	382	574	9	158	6.24e-05	42.7
JCVISYN3A_0371	BSU05610	23.977	171	82	7	392	549	303	438	0.006	36.2
JCVISYN3A_0371	BSU40150	34.783	69	42	1	518	583	114	182	1.25e-04	40.4
JCVISYN3A_0371	BSU33160	34.921	63	39	1	518	578	138	200	1.64e-04	41.2
JCVISYN3A_0371	BSU37390	51.613	31	15	0	392	422	16	46	0.007	35.4
JCVISYN3A_0371	BSU35160	33.333	84	48	4	511	588	821	902	0.073	32.7
JCVISYN3A_0371	BSU17640	23.913	92	61	3	438	523	223	311	0.57	29.6
JCVISYN3A_0371	BSU05810	24.706	85	55	2	485	564	2	82	0.83	27.7
JCVISYN3A_0371	BSU36530	22.764	123	87	3	268	388	6	122	3.0	26.9
JCVISYN3A_0371	BSU40840	21.101	109	75	4	209	317	347	444	5.1	26.6
JCVISYN3A_0371	BSU39460	22.500	40	30	1	77	115	240	279	7.6	26.2
JCVISYN3A_0371	BSU13700	57.895	19	8	0	408	426	441	459	7.8	26.2
JCVISYN3A_0371	BSU33490	26.761	71	52	0	332	402	603	673	8.2	26.2
JCVISYN3A_0371	BSU18770	40.000	25	15	0	302	326	258	282	8.9	25.8
JCVISYN3A_0371	BSU04480	28.986	69	44	1	308	371	69	137	9.7	25.8
JCVISYN3A_0372	BSU08690	29.307	563	361	13	63	611	35	574	2.92e-63	216
JCVISYN3A_0372	BSU37230	28.876	516	346	10	108	617	71	571	1.03e-60	209
JCVISYN3A_0372	BSU34820	32.860	493	284	19	142	615	114	578	5.63e-60	207
JCVISYN3A_0372	BSU08220	44.813	241	128	4	373	613	365	600	3.32e-56	197
JCVISYN3A_0372	BSU14320	30.309	485	303	14	142	612	106	569	6.39e-56	196
JCVISYN3A_0372	BSU14330	30.021	483	308	12	142	613	134	597	6.73e-49	177
JCVISYN3A_0372	BSU09710	26.334	581	358	18	62	612	31	571	3.95e-46	169
JCVISYN3A_0372	BSU09720	27.557	479	324	11	142	612	200	663	9.42e-44	163
JCVISYN3A_0372	BSU08210	31.771	384	243	11	234	613	195	563	9.92e-44	162
JCVISYN3A_0372	BSU38730	26.440	382	266	7	234	612	200	569	1.36e-38	147
JCVISYN3A_0372	BSU38740	30.909	220	149	2	396	615	347	563	8.25e-26	108
JCVISYN3A_0372	BSU21470	27.679	336	224	11	221	545	323	650	4.00e-22	97.8
JCVISYN3A_0372	BSU01450	31.646	237	138	7	374	600	7	229	4.24e-21	90.5
JCVISYN3A_0372	BSU23960	31.308	214	139	5	398	608	23	231	5.55e-18	80.5
JCVISYN3A_0372	BSU02980	31.336	217	125	8	402	606	59	263	8.09e-18	82.8
JCVISYN3A_0372	BSU30420	28.788	198	115	6	380	563	10	195	1.54e-17	79.0
JCVISYN3A_0372	BSU33830	30.233	215	137	7	397	606	23	229	1.09e-16	79.0
JCVISYN3A_0372	BSU33730	28.571	238	153	9	374	605	2	228	2.17e-15	75.1
JCVISYN3A_0372	BSU27430	29.189	185	124	4	397	578	22	202	5.33e-15	72.0
JCVISYN3A_0372	BSU11470	28.319	226	137	9	397	606	28	244	1.02e-14	72.0
JCVISYN3A_0372	BSU35260	29.348	184	109	5	397	570	23	195	1.17e-14	70.5
JCVISYN3A_0372	BSU39640	31.928	166	104	5	398	559	29	189	1.31e-14	70.9
JCVISYN3A_0372	BSU30760	27.397	219	123	8	374	577	4	201	4.35e-14	69.3
JCVISYN3A_0372	BSU40620	29.902	204	108	7	373	571	14	187	7.74e-14	68.2
JCVISYN3A_0372	BSU03730	27.727	220	144	7	376	589	6	216	8.37e-14	68.2
JCVISYN3A_0372	BSU13000	29.004	231	128	10	397	606	30	245	9.09e-14	69.7
JCVISYN3A_0372	BSU01460	30.168	179	112	4	388	559	6	178	1.10e-13	68.6
JCVISYN3A_0372	BSU11370	27.376	263	137	13	345	584	3	234	1.27e-13	69.3
JCVISYN3A_0372	BSU07490	26.860	242	165	8	374	611	4	237	1.33e-13	68.2
JCVISYN3A_0372	BSU29340	29.412	221	123	10	397	600	22	226	1.71e-13	67.8
JCVISYN3A_0372	BSU02860	26.027	219	126	8	374	576	4	202	1.80e-13	67.0
JCVISYN3A_0372	BSU32750	29.302	215	137	8	397	604	26	232	4.34e-13	67.8
JCVISYN3A_0372	BSU33270	29.333	225	124	8	374	580	2	209	5.82e-13	65.5
JCVISYN3A_0372	BSU14360	28.272	191	103	7	397	570	26	199	6.37e-13	65.5
JCVISYN3A_0372	BSU12950	29.046	241	129	12	401	616	33	256	1.05e-12	66.2
JCVISYN3A_0372	BSU24950	27.273	176	116	4	406	572	43	215	2.68e-12	64.3
JCVISYN3A_0372	BSU02570	29.493	217	123	8	391	599	19	213	2.89e-12	64.7
JCVISYN3A_0372	BSU33290	24.229	227	144	7	388	600	15	227	2.96e-12	64.3
JCVISYN3A_0372	BSU34700	28.977	176	98	5	397	559	30	191	3.37e-12	63.9
JCVISYN3A_0372	BSU09080	28.646	192	113	8	389	572	17	192	3.67e-12	64.3
JCVISYN3A_0372	BSU32940	26.733	202	118	5	371	559	3	187	5.20e-12	63.5
JCVISYN3A_0372	BSU12250	26.778	239	147	9	371	597	10	232	8.77e-12	62.4
JCVISYN3A_0372	BSU38660	30.645	186	112	7	406	588	31	202	9.93e-12	63.2
JCVISYN3A_0372	BSU30380	30.097	206	116	8	377	568	7	198	1.12e-11	62.4
JCVISYN3A_0372	BSU02750	28.931	159	88	7	397	545	26	169	1.21e-11	62.0
JCVISYN3A_0372	BSU24960	27.027	259	139	8	385	604	8	255	1.29e-11	62.4
JCVISYN3A_0372	BSU03820	26.840	231	148	8	378	600	6	223	2.07e-11	61.6
JCVISYN3A_0372	BSU11460	28.807	243	131	14	399	616	34	259	2.77e-11	62.4
JCVISYN3A_0372	BSU03590	26.316	228	138	8	397	608	22	235	1.60e-10	58.5
JCVISYN3A_0372	BSU13220	24.815	270	169	12	356	617	276	519	4.26e-10	59.3
JCVISYN3A_0372	BSU13220	24.658	219	128	7	374	572	8	209	3.00e-09	56.6
JCVISYN3A_0372	BSU30610	30.667	150	86	6	400	545	31	166	8.97e-10	56.6
JCVISYN3A_0372	BSU34090	26.705	176	110	5	372	545	4	162	9.42e-10	57.0
JCVISYN3A_0372	BSU35940	28.649	185	111	6	402	575	28	202	1.46e-09	57.4
JCVISYN3A_0372	BSU35940	22.183	284	198	8	314	575	174	456	2.25e-04	40.8
JCVISYN3A_0372	BSU05950	29.412	170	94	6	378	545	331	476	1.47e-09	57.4
JCVISYN3A_0372	BSU05950	29.940	167	85	7	406	545	33	194	1.86e-05	44.3
JCVISYN3A_0372	BSU08830	26.946	167	95	5	397	556	27	173	2.39e-09	55.5
JCVISYN3A_0372	BSU39480	26.316	228	137	7	397	608	22	234	2.65e-09	55.1
JCVISYN3A_0372	BSU35700	26.816	179	112	5	401	578	48	208	2.70e-09	56.6
JCVISYN3A_0372	BSU40150	27.442	215	128	7	389	600	13	202	1.25e-08	52.4
JCVISYN3A_0372	BSU30450	27.477	222	132	9	391	603	16	217	1.41e-08	53.1
JCVISYN3A_0372	BSU31550	28.837	215	135	10	397	600	25	232	1.69e-08	53.9
JCVISYN3A_0372	BSU31550	22.816	206	132	7	397	584	278	474	5.69e-04	39.3
JCVISYN3A_0372	BSU09070	26.147	218	130	10	397	605	23	218	1.87e-08	52.4
JCVISYN3A_0372	BSU01950	31.169	154	92	7	396	545	21	164	3.83e-08	51.6
JCVISYN3A_0372	BSU15340	25.000	192	117	6	376	554	5	182	1.01e-07	50.4
JCVISYN3A_0372	BSU11360	22.979	235	151	8	401	616	33	256	1.19e-07	50.8
JCVISYN3A_0372	BSU32550	24.294	177	116	6	373	545	3	165	1.60e-07	50.4
JCVISYN3A_0372	BSU10040	21.941	237	158	9	378	605	8	226	3.84e-07	48.5
JCVISYN3A_0372	BSU07420	27.473	182	101	8	394	571	342	496	8.69e-07	48.5
JCVISYN3A_0372	BSU07420	22.066	213	94	7	372	545	15	194	5.86e-06	45.8
JCVISYN3A_0372	BSU04490	23.936	188	116	6	401	578	30	200	8.80e-07	47.8
JCVISYN3A_0372	BSU07370	28.177	181	100	7	415	588	357	514	4.25e-06	46.6
JCVISYN3A_0372	BSU07370	25.000	208	92	9	372	546	15	191	4.44e-05	43.1
JCVISYN3A_0372	BSU08310	24.365	197	126	9	377	566	5	185	6.10e-06	45.4
JCVISYN3A_0372	BSU30010	22.685	216	148	5	391	605	20	217	8.84e-06	44.3
JCVISYN3A_0372	BSU14430	23.980	196	115	7	374	545	2	187	2.07e-05	44.3
JCVISYN3A_0372	BSU14430	37.838	37	23	0	509	545	435	471	0.013	35.0
JCVISYN3A_0372	BSU33160	24.607	191	120	5	397	574	21	200	2.27e-05	43.9
JCVISYN3A_0372	BSU38810	30.986	142	85	7	407	545	35	166	2.58e-05	43.5
JCVISYN3A_0372	BSU32710	25.743	202	130	9	397	584	26	221	9.95e-05	41.2
JCVISYN3A_0372	BSU09890	22.749	211	134	7	405	605	30	221	1.73e-04	40.8
JCVISYN3A_0372	BSU05610	25.000	180	91	7	374	553	5	140	4.54e-04	39.7
JCVISYN3A_0372	BSU05610	22.989	174	106	7	388	558	303	451	0.009	35.8
JCVISYN3A_0372	BSU17640	29.487	78	46	3	448	519	237	311	0.12	32.0
JCVISYN3A_0372	BSU35160	35.577	104	55	5	507	600	821	922	0.12	32.0
JCVISYN3A_0372	BSU30560	30.488	82	40	4	400	471	224	298	0.80	29.3
JCVISYN3A_0372	BSU28910	35.294	51	25	2	187	237	90	132	1.0	28.1
JCVISYN3A_0372	BSU37390	31.111	45	29	1	378	422	8	50	1.2	28.5
JCVISYN3A_0372	BSU31875	26.250	80	43	2	351	423	1237	1307	1.2	28.9
JCVISYN3A_0372	BSU00860	29.167	48	26	1	404	451	540	579	2.9	27.7
JCVISYN3A_0372	BSU39139	34.615	26	17	0	8	33	6	31	3.0	24.6
JCVISYN3A_0372	BSU33450	40.426	47	26	1	148	192	324	370	3.2	27.3
JCVISYN3A_0372	BSU22120	29.545	44	27	1	471	514	220	259	3.3	27.3
JCVISYN3A_0372	BSU07260	31.183	93	48	5	407	484	288	379	3.7	27.3
JCVISYN3A_0372	BSU14400	43.333	30	17	0	70	99	447	476	3.8	27.3
JCVISYN3A_0372	BSU24240	27.632	76	50	3	513	583	445	520	3.9	26.9
JCVISYN3A_0372	BSU00190	38.710	31	15	1	404	430	40	70	4.8	26.9
JCVISYN3A_0372	BSU21170	36.364	33	19	1	463	493	7	39	6.0	25.4
JCVISYN3A_0372	BSU20340	42.308	26	15	0	248	273	73	98	7.6	26.2
JCVISYN3A_0372	BSU19390	44.000	25	14	0	402	426	65	89	8.0	25.8
JCVISYN3A_0372	BSU13700	29.825	57	32	3	404	452	441	497	9.0	25.8
JCVISYN3A_0372	BSU39110	29.825	57	36	1	361	417	2	54	9.3	25.8
JCVISYN3A_0373	BSU27450	21.569	51	40	0	401	451	106	156	1.2	28.1
JCVISYN3A_0373	BSU26710	38.235	34	21	0	105	138	67	100	1.6	27.7
JCVISYN3A_0373	BSU01640	28.169	71	45	1	297	361	2	72	2.2	27.7
JCVISYN3A_0373	BSU09200	35.714	42	24	2	24	65	124	162	6.0	25.8
JCVISYN3A_0373	BSU17210	28.205	39	28	0	184	222	3370	3408	7.6	26.2
JCVISYN3A_0373	BSU15280	31.579	38	26	0	36	73	270	307	9.3	25.8
JCVISYN3A_0373	BSU30950	29.825	57	30	1	386	432	396	452	9.3	25.8
JCVISYN3A_0373	BSU33780	32.558	43	28	1	428	469	157	199	9.7	25.0
JCVISYN3A_0375	BSU28240	17.054	129	105	2	114	241	199	326	0.16	29.6
JCVISYN3A_0375	BSU13880	23.596	89	60	3	132	212	115	203	0.28	28.9
JCVISYN3A_0375	BSU03710	36.364	55	29	2	191	242	294	345	0.77	27.7
JCVISYN3A_0375	BSU11630	27.869	61	36	2	14	68	45	103	4.8	25.0
JCVISYN3A_0375	BSU28090	24.242	33	25	0	22	54	373	405	5.0	25.4
JCVISYN3A_0376	BSU21220	36.000	25	16	0	2	26	165	189	1.2	25.0
JCVISYN3A_0376	BSU20060	31.915	47	28	1	8	54	855	897	3.2	23.9
JCVISYN3A_0376	BSU05010	34.884	43	27	1	5	46	157	199	6.4	23.1
JCVISYN3A_0376	BSU01660	61.111	18	7	0	64	81	425	442	7.9	22.7
JCVISYN3A_0376	BSU03150	61.111	18	7	0	70	87	136	153	8.4	22.7
JCVISYN3A_0376	BSU11130	30.769	39	26	1	19	57	54	91	8.8	22.3
JCVISYN3A_0376	BSU31750	19.444	36	28	1	73	107	435	470	8.9	22.7
JCVISYN3A_0376	BSU02340	24.490	49	37	0	30	78	240	288	9.4	22.7
JCVISYN3A_0377	BSU27920	41.972	436	239	5	3	433	2	428	7.05e-97	294
JCVISYN3A_0377	BSU40920	35.507	138	66	3	163	277	6	143	9.78e-18	81.3
JCVISYN3A_0377	BSU25290	30.233	172	100	7	162	327	11	168	2.93e-08	51.6
JCVISYN3A_0377	BSU22840	24.561	171	109	5	164	324	180	340	9.29e-05	41.2
JCVISYN3A_0377	BSU22840	27.536	138	87	5	162	297	6	132	0.15	30.8
JCVISYN3A_0377	BSU17430	25.806	217	133	8	162	359	203	410	0.001	38.1
JCVISYN3A_0377	BSU41020	27.108	166	95	9	164	323	226	371	0.042	32.7
JCVISYN3A_0377	BSU17870	28.571	63	40	3	50	108	125	186	0.30	29.6
JCVISYN3A_0377	BSU37080	39.024	41	17	2	156	190	161	199	1.3	28.1
JCVISYN3A_0377	BSU05700	26.829	41	30	0	231	271	155	195	1.4	27.7
JCVISYN3A_0377	BSU27220	41.860	43	14	2	295	327	501	542	1.7	27.7
JCVISYN3A_0377	BSU06490	30.000	60	40	1	202	259	101	160	3.4	26.6
JCVISYN3A_0377	BSU14860	25.000	88	58	4	137	218	1003	1088	4.5	26.6
JCVISYN3A_0377	BSU06170	52.174	23	11	0	408	430	180	202	5.3	25.8
JCVISYN3A_0377	BSU09390	39.130	46	22	2	197	237	488	532	9.7	25.4
JCVISYN3A_0378	BSU03130	33.333	246	146	6	6	236	20	262	8.05e-37	127
JCVISYN3A_0378	BSU27500	68.421	19	6	0	28	46	10	28	0.37	28.5
JCVISYN3A_0378	BSU39920	44.118	34	17	1	14	45	254	287	0.76	27.7
JCVISYN3A_0378	BSU06360	25.455	55	38	1	4	58	200	251	1.4	26.9
JCVISYN3A_0378	BSU21490	30.909	55	35	2	90	144	17	68	1.9	25.4
JCVISYN3A_0378	BSU16580	33.333	39	22	1	20	54	873	911	2.6	26.2
JCVISYN3A_0378	BSU13040	30.189	53	32	1	161	213	302	349	3.3	25.8
JCVISYN3A_0378	BSU11890	22.414	58	42	1	116	170	37	94	5.7	24.6
JCVISYN3A_0378	BSU26290	36.364	22	14	0	45	66	268	289	6.1	24.6
JCVISYN3A_0378	BSU32510	28.333	60	39	1	15	74	175	230	6.5	24.6
JCVISYN3A_0378	BSU37530	28.571	49	29	1	17	65	79	121	7.5	24.3
JCVISYN3A_0378	BSU13660	35.897	39	23	1	162	200	332	368	8.0	24.6
JCVISYN3A_0379	BSU29600	26.000	50	31	1	1	50	329	372	0.11	27.3
JCVISYN3A_0379	BSU29600	30.000	30	18	1	8	37	409	435	9.6	21.9
JCVISYN3A_0379	BSU02960	34.286	35	21	1	25	57	355	389	0.29	26.2
JCVISYN3A_0379	BSU01300	34.483	29	19	0	58	86	15	43	1.0	24.6
JCVISYN3A_0379	BSU11440	29.032	31	22	0	9	39	134	164	1.4	24.3
JCVISYN3A_0379	BSU02670	50.000	16	8	0	11	26	173	188	1.7	24.3
JCVISYN3A_0379	BSU33960	45.833	24	11	1	3	24	412	435	2.7	23.5
JCVISYN3A_0379	BSU31580	40.000	25	15	0	18	42	126	150	2.9	23.5
JCVISYN3A_0379	BSU10980	25.490	51	38	0	19	69	370	420	3.4	23.5
JCVISYN3A_0379	BSU37760	32.258	31	21	0	15	45	122	152	3.4	23.5
JCVISYN3A_0379	BSU40940	47.059	17	9	0	25	41	32	48	4.2	23.1
JCVISYN3A_0379	BSU25570	31.250	32	22	0	14	45	387	418	4.2	23.1
JCVISYN3A_0379	BSU14850	34.483	29	19	0	12	40	40	68	4.4	23.1
JCVISYN3A_0379	BSU02350	21.053	57	41	1	12	68	342	394	5.2	22.7
JCVISYN3A_0379	BSU10160	26.316	38	25	1	18	55	737	771	5.2	22.7
JCVISYN3A_0379	BSU22060	33.333	21	14	0	21	41	93	113	6.5	22.3
JCVISYN3A_0379	BSU15940	26.230	61	31	2	44	92	169	227	6.6	22.7
JCVISYN3A_0379	BSU35570	47.059	17	9	0	22	38	277	293	9.1	21.9
JCVISYN3A_0379	BSU40270	24.000	50	32	1	19	68	4	47	9.3	21.9
JCVISYN3A_0379	BSU06140	37.931	29	15	1	45	73	27	52	9.4	21.9
JCVISYN3A_0379	BSU14370	39.130	23	14	0	13	35	263	285	9.5	21.9
JCVISYN3A_0380	BSU25630	31.013	158	107	2	190	345	10	167	1.18e-18	79.7
JCVISYN3A_0380	BSU25640	29.878	164	107	3	3	163	2	160	1.59e-16	73.9
JCVISYN3A_0380	BSU15020	33.871	62	36	3	5	65	4	61	0.55	28.1
JCVISYN3A_0380	BSU34290	22.917	48	34	1	74	118	72	119	7.3	25.4
JCVISYN3A_0381	BSU27270	28.636	220	137	7	1	204	1	216	1.95e-20	83.2
JCVISYN3A_0381	BSU19630	20.455	176	120	6	33	198	52	217	0.003	34.7
JCVISYN3A_0381	BSU06350	36.842	38	24	0	141	178	681	718	0.98	27.3
JCVISYN3A_0381	BSU33840	33.333	51	32	1	164	214	101	149	3.3	25.0
JCVISYN3A_0381	BSU10750	36.000	25	16	0	131	155	47	71	4.3	25.0
JCVISYN3A_0381	BSU33030	28.846	52	36	1	124	175	165	215	6.8	24.3
JCVISYN3A_0381	BSU23000	35.484	31	20	0	135	165	91	121	8.1	23.9
JCVISYN3A_0382	BSU00140	28.492	179	106	6	3	175	12	174	8.38e-15	67.4
JCVISYN3A_0382	BSU00150	30.159	189	104	7	3	184	7	174	6.34e-13	62.0
JCVISYN3A_0382	BSU18970	25.556	90	63	2	3	92	61	146	0.004	34.7
JCVISYN3A_0382	BSU39480	37.209	43	25	1	3	43	30	72	0.008	33.1
JCVISYN3A_0382	BSU01460	23.656	93	51	3	3	93	23	97	0.009	33.1
JCVISYN3A_0382	BSU28220	38.235	34	21	0	3	36	112	145	0.022	32.0
JCVISYN3A_0382	BSU08210	42.500	40	20	2	3	39	360	399	0.036	31.6
JCVISYN3A_0382	BSU02750	43.333	30	17	0	3	32	34	63	0.075	30.0
JCVISYN3A_0382	BSU16400	66.667	18	6	0	3	20	178	195	0.10	30.0
JCVISYN3A_0382	BSU03590	61.905	21	8	0	3	23	30	50	0.16	29.3
JCVISYN3A_0382	BSU29340	32.558	43	27	1	3	43	30	72	0.16	29.3
JCVISYN3A_0382	BSU08830	34.783	46	26	2	3	45	35	79	0.18	29.3
JCVISYN3A_0382	BSU38660	39.474	38	20	1	3	37	30	67	0.19	28.9
JCVISYN3A_0382	BSU12250	45.161	31	15	1	3	31	45	75	0.23	28.9
JCVISYN3A_0382	BSU07420	57.895	19	8	0	2	20	352	370	0.32	28.5
JCVISYN3A_0382	BSU26810	26.389	72	48	2	1	72	1	67	0.42	28.1
JCVISYN3A_0382	BSU34090	38.636	44	20	1	4	47	35	71	0.51	27.7
JCVISYN3A_0382	BSU09710	18.085	94	55	2	3	96	367	438	0.73	27.3
JCVISYN3A_0382	BSU00280	22.222	198	123	10	7	191	10	189	0.79	26.9
JCVISYN3A_0382	BSU27430	29.730	37	24	1	3	37	30	66	0.83	26.9
JCVISYN3A_0382	BSU05610	62.500	16	6	0	2	17	319	334	0.85	27.3
JCVISYN3A_0382	BSU05610	66.667	15	5	0	3	17	33	47	2.4	25.8
JCVISYN3A_0382	BSU30610	44.000	25	14	0	3	27	36	60	0.90	26.9
JCVISYN3A_0382	BSU30760	30.000	50	28	1	3	52	32	74	0.93	26.9
JCVISYN3A_0382	BSU10650	27.273	99	50	7	4	85	32	125	0.95	27.3
JCVISYN3A_0382	BSU16160	34.375	32	21	0	3	34	55	86	1.1	26.9
JCVISYN3A_0382	BSU05950	70.588	17	5	0	2	18	31	47	1.2	26.9
JCVISYN3A_0382	BSU35940	30.159	63	35	3	4	62	32	89	1.2	26.6
JCVISYN3A_0382	BSU03820	34.286	35	21	1	6	38	33	67	1.3	26.6
JCVISYN3A_0382	BSU23960	30.952	42	27	1	3	42	30	71	1.3	26.6
JCVISYN3A_0382	BSU07490	42.857	21	12	0	4	24	33	53	1.4	26.2
JCVISYN3A_0382	BSU40620	47.619	21	11	0	4	24	31	51	1.5	26.2
JCVISYN3A_0382	BSU36810	47.368	19	10	0	2	20	153	171	1.5	26.6
JCVISYN3A_0382	BSU30380	40.000	30	18	0	3	32	36	65	1.6	26.2
JCVISYN3A_0382	BSU21390	41.667	24	14	0	64	87	537	560	1.7	26.6
JCVISYN3A_0382	BSU04490	31.579	57	36	2	3	57	34	89	2.1	25.8
JCVISYN3A_0382	BSU16240	47.619	21	11	0	2	22	160	180	2.4	25.8
JCVISYN3A_0382	BSU34700	60.000	15	6	0	3	17	38	52	2.5	25.4
JCVISYN3A_0382	BSU33830	34.375	32	19	1	3	32	31	62	2.5	25.8
JCVISYN3A_0382	BSU32940	47.826	23	11	1	3	24	33	55	2.6	25.4
JCVISYN3A_0382	BSU39640	64.286	14	5	0	4	17	37	50	2.6	25.4
JCVISYN3A_0382	BSU21470	40.909	22	13	0	2	23	511	532	2.7	25.8
JCVISYN3A_0382	BSU24960	40.909	22	13	0	4	25	52	73	2.8	25.4
JCVISYN3A_0382	BSU33730	34.375	32	19	1	3	32	31	62	3.6	25.4
JCVISYN3A_0382	BSU02980	39.130	23	14	0	5	27	64	86	3.6	25.4
JCVISYN3A_0382	BSU38730	38.462	39	20	2	2	36	365	403	3.7	25.4
JCVISYN3A_0382	BSU01950	47.619	21	11	0	3	23	32	52	3.9	25.0
JCVISYN3A_0382	BSU07370	45.455	22	12	0	2	23	31	52	4.5	25.0
JCVISYN3A_0382	BSU37230	40.000	25	15	0	3	27	362	386	4.6	25.0
JCVISYN3A_0382	BSU27220	35.714	28	18	0	89	116	662	689	5.0	25.0
JCVISYN3A_0382	BSU34820	52.632	19	9	0	4	22	371	389	5.0	25.0
JCVISYN3A_0382	BSU33270	53.333	15	7	0	3	17	34	48	5.1	24.6
JCVISYN3A_0382	BSU12420	32.143	28	19	0	3	30	223	250	5.2	24.6
JCVISYN3A_0382	BSU30170	35.000	40	25	1	98	136	1	40	6.3	24.3
JCVISYN3A_0382	BSU19390	43.750	32	13	1	7	38	72	98	6.4	24.3
JCVISYN3A_0382	BSU08220	71.429	14	4	0	3	16	395	408	7.6	24.3
JCVISYN3A_0382	BSU37390	52.941	17	8	0	4	20	34	50	7.7	23.9
JCVISYN3A_0382	BSU33230	33.333	42	27	1	32	72	88	129	7.9	23.9
JCVISYN3A_0382	BSU14330	36.000	25	16	0	3	27	392	416	8.4	24.3
JCVISYN3A_0382	BSU03140	43.333	30	17	0	1	30	1	30	8.6	23.9
JCVISYN3A_0382	BSU01450	45.455	22	12	0	3	24	38	59	8.8	23.9
JCVISYN3A_0382	BSU33910	32.258	31	21	0	143	173	76	106	9.1	23.9
JCVISYN3A_0382	BSU08690	32.353	34	21	1	3	34	371	404	9.3	23.9
JCVISYN3A_0387	BSU27500	46.667	375	177	6	4	375	9	363	1.59e-119	348
JCVISYN3A_0387	BSU29450	53.571	28	13	0	2	29	4	31	0.045	32.3
JCVISYN3A_0387	BSU29580	41.379	29	17	0	4	32	179	207	0.36	29.6
JCVISYN3A_0387	BSU24000	27.778	72	43	2	188	253	100	168	0.39	29.3
JCVISYN3A_0387	BSU25870	36.111	36	23	0	204	239	157	192	1.2	27.3
JCVISYN3A_0387	BSU13720	27.500	80	40	2	2	81	3	64	1.9	26.9
JCVISYN3A_0387	BSU29805	24.638	69	46	3	229	296	814	877	2.9	26.9
JCVISYN3A_0387	BSU28670	35.593	59	27	4	12	60	154	211	3.5	26.2
JCVISYN3A_0387	BSU10550	31.667	60	39	1	1	58	114	173	3.9	26.2
JCVISYN3A_0387	BSU25600	30.000	40	25	1	216	255	101	137	4.8	25.8
JCVISYN3A_0387	BSU03280	23.333	90	58	2	133	222	302	380	5.2	25.8
JCVISYN3A_0387	BSU25380	38.889	36	21	1	105	139	56	91	5.4	25.8
JCVISYN3A_0387	BSU06360	55.000	20	9	0	3	22	219	238	5.5	25.8
JCVISYN3A_0387	BSU34730	34.286	35	23	0	24	58	101	135	5.5	25.4
JCVISYN3A_0387	BSU06110	25.641	39	29	0	135	173	73	111	5.6	25.8
JCVISYN3A_0387	BSU31790	61.111	18	7	0	170	187	52	69	6.5	23.9
JCVISYN3A_0387	BSU31490	52.941	17	8	0	340	356	191	207	6.9	25.4
JCVISYN3A_0387	BSU38830	23.729	59	41	1	218	276	218	272	7.6	25.4
JCVISYN3A_0387	BSU38510	41.667	24	14	0	26	49	205	228	8.9	25.0
JCVISYN3A_0387	BSU27970	30.556	36	25	0	252	287	201	236	9.0	25.0
JCVISYN3A_0387	BSU14450	25.000	164	99	7	77	237	154	296	9.2	25.0
JCVISYN3A_0387	BSU32080	36.000	25	16	0	5	29	81	105	9.7	23.9
JCVISYN3A_0387	BSU01070	42.308	26	15	0	252	277	1165	1190	9.8	25.0
JCVISYN3A_0388	BSU28140	26.250	80	53	2	106	182	68	144	1.7	26.2
JCVISYN3A_0388	BSU24690	22.449	98	62	2	1	84	11	108	3.2	24.6
JCVISYN3A_0388	BSU33920	27.907	43	30	1	20	62	169	210	3.7	25.0
JCVISYN3A_0388	BSU04780	32.353	68	40	2	121	183	595	661	6.0	24.6
JCVISYN3A_0388	BSU32980	33.333	33	22	0	20	52	189	221	8.3	23.9
JCVISYN3A_0388	BSU39850	44.000	25	14	0	168	192	27	51	9.9	23.9
JCVISYN3A_0389	BSU15220	24.706	85	58	2	550	628	18	102	2.0	28.1
JCVISYN3A_0389	BSU12590	39.130	23	14	0	347	369	333	355	6.5	26.6
JCVISYN3A_0389	BSU26180	28.261	46	25	1	340	377	326	371	9.1	26.2
JCVISYN3A_0390	BSU15730	40.667	300	171	4	6	302	3	298	2.70e-76	233
JCVISYN3A_0390	BSU06510	25.962	104	77	0	73	176	72	175	4.61e-05	40.4
JCVISYN3A_0390	BSU13110	22.680	97	74	1	77	173	175	270	0.001	36.6
JCVISYN3A_0390	BSU10250	28.814	59	41	1	28	85	30	88	0.99	27.7
JCVISYN3A_0390	BSU02200	34.091	44	27	1	14	57	31	72	2.4	26.6
JCVISYN3A_0390	BSU05150	23.529	85	48	2	170	242	212	291	7.3	25.0
JCVISYN3A_0390	BSU37120	26.786	56	38	2	137	192	62	114	7.5	25.0
JCVISYN3A_0390	BSU39880	32.836	67	36	2	64	130	82	139	7.8	25.0
JCVISYN3A_0390	BSU12530	44.000	25	14	0	169	193	234	258	9.1	24.6
JCVISYN3A_0391	BSU24450	46.196	184	99	0	1	184	2	185	1.98e-53	165
JCVISYN3A_0391	BSU06160	25.773	97	63	3	28	124	306	393	0.38	28.1
JCVISYN3A_0391	BSU08860	35.714	42	23	1	131	168	252	293	5.3	24.3
JCVISYN3A_0391	BSU35840	27.184	103	69	4	44	141	95	196	6.7	23.9
JCVISYN3A_0391	BSU22970	42.424	33	17	1	9	41	131	161	7.2	23.9
JCVISYN3A_0391	BSU37390	45.000	20	11	0	146	165	142	161	8.0	23.9
JCVISYN3A_0392	BSU26420	24.658	73	53	1	20	90	344	416	0.069	28.5
JCVISYN3A_0392	BSU25060	30.000	40	28	0	58	97	21	60	0.68	25.0
JCVISYN3A_0392	BSU15950	35.714	42	21	2	34	75	85	120	3.5	23.5
JCVISYN3A_0392	BSU21070	27.778	72	41	3	23	93	115	176	4.0	23.5
JCVISYN3A_0392	BSU37090	41.379	29	17	0	3	31	133	161	5.1	23.1
JCVISYN3A_0392	BSU02000	52.632	19	9	0	62	80	86	104	6.8	22.7
JCVISYN3A_0394	BSU28200	46.923	780	382	8	6	775	9	766	0.0	669
JCVISYN3A_0394	BSU28210	29.084	502	246	26	346	780	77	535	5.23e-23	100
JCVISYN3A_0394	BSU15050	29.091	110	70	3	684	785	232	341	1.28e-06	48.1
JCVISYN3A_0394	BSU00690	32.000	100	55	4	341	436	176	266	2.79e-04	40.8
JCVISYN3A_0394	BSU13700	32.800	125	58	8	336	438	406	526	8.85e-04	39.3
JCVISYN3A_0394	BSU13700	39.474	38	17	2	340	377	102	133	1.8	28.5
JCVISYN3A_0394	BSU00860	32.292	96	54	5	352	438	532	625	0.003	37.7
JCVISYN3A_0394	BSU00860	23.485	132	79	4	332	453	183	302	0.13	32.3
JCVISYN3A_0394	BSU33730	28.346	127	71	5	352	471	24	137	0.004	37.0
JCVISYN3A_0394	BSU16160	34.247	73	36	2	359	431	55	115	0.006	36.6
JCVISYN3A_0394	BSU12420	26.119	134	68	4	359	492	223	325	0.006	36.6
JCVISYN3A_0394	BSU33830	27.419	124	70	5	355	471	27	137	0.011	35.4
JCVISYN3A_0394	BSU30610	40.476	42	17	1	344	377	13	54	0.016	34.7
JCVISYN3A_0394	BSU27730	36.538	52	30	2	331	381	29	78	0.026	34.3
JCVISYN3A_0394	BSU28220	24.468	188	111	7	359	524	112	290	0.032	34.3
JCVISYN3A_0394	BSU06330	26.429	140	74	7	365	493	48	169	0.049	33.5
JCVISYN3A_0394	BSU04490	36.364	44	28	0	354	397	29	72	0.068	32.7
JCVISYN3A_0394	BSU00140	48.276	29	15	0	355	383	8	36	0.14	31.6
JCVISYN3A_0394	BSU00870	25.352	71	53	0	678	748	361	431	0.15	32.0
JCVISYN3A_0394	BSU17330	38.710	31	19	0	355	385	5	35	0.15	32.0
JCVISYN3A_0394	BSU27530	43.333	30	17	0	359	388	41	70	0.18	31.6
JCVISYN3A_0394	BSU26260	38.000	50	31	0	334	383	142	191	0.26	31.2
JCVISYN3A_0394	BSU24430	44.186	43	21	2	361	400	141	183	0.27	30.8
JCVISYN3A_0394	BSU32940	40.541	37	22	0	355	391	30	66	0.35	30.4
JCVISYN3A_0394	BSU05910	32.075	53	31	2	334	381	1	53	0.40	29.6
JCVISYN3A_0394	BSU12870	30.476	105	54	5	56	157	38	126	0.47	30.0
JCVISYN3A_0394	BSU29340	45.455	22	12	0	355	376	26	47	0.61	29.6
JCVISYN3A_0394	BSU00150	42.308	26	15	0	356	381	4	29	0.71	29.3
JCVISYN3A_0394	BSU29850	77.778	18	3	1	347	364	19	35	0.75	28.9
JCVISYN3A_0394	BSU00280	34.000	50	29	1	354	399	1	50	0.85	29.3
JCVISYN3A_0394	BSU17420	30.851	94	58	3	359	452	95	181	0.94	29.3
JCVISYN3A_0394	BSU03820	51.724	29	13	1	355	383	26	53	1.1	28.9
JCVISYN3A_0394	BSU03590	50.000	22	11	0	355	376	26	47	1.1	28.9
JCVISYN3A_0394	BSU00380	31.429	70	36	3	247	309	166	230	1.1	29.3
JCVISYN3A_0394	BSU33290	32.432	37	25	0	355	391	28	64	1.2	28.9
JCVISYN3A_0394	BSU27430	45.455	22	12	0	355	376	26	47	1.3	28.5
JCVISYN3A_0394	BSU33140	22.500	80	61	1	347	426	154	232	1.6	28.5
JCVISYN3A_0394	BSU17590	43.590	39	21	1	191	228	17	55	1.7	28.5
JCVISYN3A_0394	BSU19970	33.333	69	26	3	616	666	34	100	1.9	27.3
JCVISYN3A_0394	BSU02570	34.091	44	19	1	355	388	29	72	2.0	28.1
JCVISYN3A_0394	BSU08970	28.358	67	46	2	315	380	54	119	2.1	28.5
JCVISYN3A_0394	BSU03150	34.483	29	19	0	359	387	14	42	2.4	27.7
JCVISYN3A_0394	BSU13220	45.455	22	12	0	355	376	34	55	2.5	28.1
JCVISYN3A_0394	BSU12530	33.333	48	32	0	333	380	94	141	2.8	27.7
JCVISYN3A_0394	BSU38810	50.000	20	10	0	358	377	32	51	3.2	27.7
JCVISYN3A_0394	BSU08830	45.455	22	12	0	356	377	32	53	3.3	27.3
JCVISYN3A_0394	BSU30760	29.825	57	35	2	356	412	29	80	3.4	27.3
JCVISYN3A_0394	BSU05950	30.556	36	25	0	355	390	352	387	3.6	27.7
JCVISYN3A_0394	BSU28170	26.027	73	42	2	482	554	42	102	3.6	27.7
JCVISYN3A_0394	BSU39480	36.364	22	14	0	355	376	26	47	3.7	27.3
JCVISYN3A_0394	BSU10910	27.160	81	56	1	348	428	19	96	4.1	26.9
JCVISYN3A_0394	BSU02750	42.308	26	15	0	355	380	30	55	4.2	26.9
JCVISYN3A_0394	BSU15950	30.233	86	46	4	358	429	122	207	4.4	27.3
JCVISYN3A_0394	BSU31920	40.741	27	16	0	75	101	80	106	5.2	26.9
JCVISYN3A_0394	BSU31960	26.087	138	78	7	396	526	1322	1442	5.6	27.3
JCVISYN3A_0394	BSU08220	47.826	23	12	0	356	378	392	414	5.8	26.9
JCVISYN3A_0394	BSU16470	41.935	31	17	1	114	143	97	127	6.2	26.6
JCVISYN3A_0394	BSU39640	37.838	37	22	1	342	377	18	54	6.2	26.6
JCVISYN3A_0394	BSU15940	32.353	34	23	0	358	391	26	59	6.3	26.9
JCVISYN3A_0394	BSU01950	40.909	22	13	0	355	376	28	49	6.5	26.6
JCVISYN3A_0394	BSU37230	50.000	18	9	0	356	373	359	376	6.6	26.9
JCVISYN3A_0394	BSU00190	44.444	27	15	0	361	387	43	69	6.7	26.6
JCVISYN3A_0394	BSU34090	31.646	79	47	3	355	426	30	108	6.9	26.6
JCVISYN3A_0394	BSU03360	29.592	98	52	3	355	442	3	93	7.2	26.6
JCVISYN3A_0394	BSU15780	42.857	28	16	0	361	388	169	196	7.2	26.6
JCVISYN3A_0394	BSU32980	26.042	96	62	2	268	358	160	251	9.1	26.2
JCVISYN3A_0394	BSU19560	20.430	93	59	2	89	166	23	115	9.2	25.8
JCVISYN3A_0394	BSU37560	30.769	39	27	0	659	697	221	259	9.5	26.2
JCVISYN3A_0398	BSU15160	31.092	119	58	5	294	397	90	199	0.31	31.2
JCVISYN3A_0398	BSU37160	29.032	62	41	1	537	598	10	68	5.2	26.6
JCVISYN3A_0398	BSU02410	24.194	62	42	1	372	428	248	309	5.6	26.9
JCVISYN3A_0398	BSU10150	28.571	49	30	1	400	443	42	90	7.5	26.2
JCVISYN3A_0398	BSU40610	25.225	111	71	3	674	781	91	192	7.8	26.2
JCVISYN3A_0398	BSU09190	26.374	91	63	1	62	152	992	1078	8.3	26.6
JCVISYN3A_0398	BSU40860	26.984	63	30	1	68	130	21	67	9.5	25.4
JCVISYN3A_0398	BSU21910	35.294	34	22	0	107	140	113	146	9.7	26.2
JCVISYN3A_0398	BSU18830	55.000	20	9	0	651	670	68	87	9.8	26.2
JCVISYN3A_0399	BSU33260	26.282	156	98	6	617	771	267	406	0.010	37.0
JCVISYN3A_0399	BSU30410	29.286	140	68	7	647	764	295	425	0.071	34.3
JCVISYN3A_0399	BSU30410	24.113	141	98	4	1618	1749	290	430	0.21	32.7
JCVISYN3A_0399	BSU34399	36.667	30	16	1	641	670	6	32	1.6	27.3
JCVISYN3A_0399	BSU37060	25.000	116	76	6	344	449	11	125	2.1	28.9
JCVISYN3A_0399	BSU13230	29.915	117	60	6	648	755	65	168	2.5	28.9
JCVISYN3A_0399	BSU30370	27.632	76	53	1	640	713	50	125	3.3	28.9
JCVISYN3A_0399	BSU32030	28.000	75	50	3	1664	1736	113	185	4.1	28.1
JCVISYN3A_0399	BSU07400	25.758	66	42	1	650	715	302	360	5.6	28.1
JCVISYN3A_0399	BSU22760	33.333	33	22	0	202	234	137	169	6.3	27.7
JCVISYN3A_0399	BSU06760	29.630	135	64	6	212	318	103	234	6.5	28.1
JCVISYN3A_0399	BSU05650	30.233	43	30	0	1654	1696	284	326	8.6	27.7
JCVISYN3A_0399	BSU03740	19.672	61	49	0	651	711	327	387	9.3	27.3
JCVISYN3A_0400	BSU27020	28.477	151	107	1	2	151	3	153	2.15e-11	56.6
JCVISYN3A_0400	BSU07850	25.444	169	120	4	2	164	3	171	2.67e-09	50.8
JCVISYN3A_0400	BSU00120	31.429	70	41	2	37	104	17	81	4.00e-05	39.3
JCVISYN3A_0400	BSU39050	27.273	99	68	2	2	100	542	636	0.034	31.2
JCVISYN3A_0400	BSU05110	29.630	54	36	1	67	120	65	116	0.71	26.9
JCVISYN3A_0400	BSU08860	33.333	36	23	1	58	92	283	318	1.8	25.8
JCVISYN3A_0400	BSU32690	23.711	97	69	2	3	96	305	399	3.3	25.0
JCVISYN3A_0400	BSU06470	21.739	69	43	3	55	114	32	98	4.3	24.6
JCVISYN3A_0400	BSU16960	54.545	22	9	1	25	46	362	382	5.8	24.3
JCVISYN3A_0400	BSU12980	37.500	32	20	0	3	34	187	218	6.2	24.3
JCVISYN3A_0400	BSU03280	25.000	52	34	2	90	138	347	396	8.1	23.9
JCVISYN3A_0400	BSU26075	50.000	20	10	0	146	165	289	308	8.5	23.9
JCVISYN3A_0401	BSU21470	30.000	210	124	9	8	211	11	203	1.13e-05	45.1
JCVISYN3A_0401	BSU14270	22.727	110	74	4	474	583	225	323	0.083	32.3
JCVISYN3A_0401	BSU33420	40.000	40	21	2	325	363	427	464	8.5	26.2
JCVISYN3A_0402	BSU25320	34.483	145	91	1	4	144	5	149	3.65e-20	79.0
JCVISYN3A_0402	BSU22420	41.667	24	14	0	98	121	11	34	1.9	25.4
JCVISYN3A_0402	BSU02090	31.579	57	38	1	94	150	119	174	2.2	25.0
JCVISYN3A_0402	BSU37110	27.451	102	61	5	45	139	59	154	3.4	24.6
JCVISYN3A_0402	BSU33560	34.483	29	19	0	28	56	43	71	4.8	23.9
JCVISYN3A_0402	BSU21639	41.176	17	10	0	21	37	31	47	9.3	21.9
JCVISYN3A_0403	BSU25290	43.000	300	167	4	3	301	5	301	9.97e-86	256
JCVISYN3A_0403	BSU41020	34.483	116	63	2	11	120	226	334	7.89e-14	68.2
JCVISYN3A_0403	BSU22840	27.119	177	123	2	9	185	6	176	1.37e-13	67.4
JCVISYN3A_0403	BSU22840	29.167	168	109	4	10	169	179	344	2.72e-12	63.5
JCVISYN3A_0403	BSU16050	36.508	63	28	2	11	69	125	179	0.001	37.0
JCVISYN3A_0403	BSU16630	19.880	166	118	5	9	169	222	377	0.003	35.8
JCVISYN3A_0403	BSU05610	24.409	127	79	4	9	121	33	156	0.016	33.5
JCVISYN3A_0403	BSU05610	45.833	24	13	0	9	32	320	343	3.6	26.2
JCVISYN3A_0403	BSU25670	34.177	79	42	4	9	82	162	235	0.030	32.3
JCVISYN3A_0403	BSU27920	33.333	63	41	1	9	71	161	222	0.031	32.3
JCVISYN3A_0403	BSU17430	24.793	121	79	3	9	123	203	317	0.34	29.3
JCVISYN3A_0403	BSU40920	61.111	18	7	0	9	26	5	22	0.40	28.9
JCVISYN3A_0403	BSU34700	38.596	57	27	2	5	59	34	84	0.79	27.7
JCVISYN3A_0403	BSU30380	59.091	22	9	0	5	26	32	53	1.3	27.3
JCVISYN3A_0403	BSU22030	30.303	33	23	0	9	41	615	647	2.5	26.6
JCVISYN3A_0403	BSU22030	34.211	38	23	1	8	45	45	80	3.1	26.2
JCVISYN3A_0403	BSU30610	29.091	55	32	2	5	53	32	85	2.7	26.2
JCVISYN3A_0403	BSU30420	46.429	28	15	0	1	28	30	57	2.7	26.2
JCVISYN3A_0403	BSU16750	28.378	74	34	4	91	161	288	345	3.2	26.2
JCVISYN3A_0403	BSU05950	47.619	21	11	0	9	29	32	52	3.5	26.2
JCVISYN3A_0403	BSU32670	33.333	30	20	0	171	200	7	36	3.5	25.8
JCVISYN3A_0403	BSU01460	46.429	28	14	1	2	28	15	42	3.7	25.8
JCVISYN3A_0403	BSU05460	29.730	74	41	2	207	269	143	216	4.1	25.4
JCVISYN3A_0403	BSU06038	32.308	65	37	3	204	265	24	84	4.5	24.6
JCVISYN3A_0403	BSU35900	32.558	43	29	0	252	294	341	383	4.8	25.4
JCVISYN3A_0403	BSU32010	27.083	48	30	2	48	91	173	219	6.8	25.0
JCVISYN3A_0403	BSU07420	42.857	21	12	0	9	29	353	373	6.8	25.0
JCVISYN3A_0403	BSU35940	32.727	55	29	2	10	60	32	82	7.3	25.0
JCVISYN3A_0403	BSU10520	35.000	40	25	1	55	93	8	47	7.3	25.0
JCVISYN3A_0404	BSU25280	24.696	247	170	8	6	245	6	243	6.92e-10	54.7
JCVISYN3A_0404	BSU33870	29.167	96	51	4	65	151	47	134	2.2	26.2
JCVISYN3A_0405	BSU37560	30.909	55	30	2	34	85	268	317	0.26	30.4
JCVISYN3A_0405	BSU16570	43.333	30	17	0	186	215	126	155	1.7	27.7
JCVISYN3A_0405	BSU06840	45.833	24	13	0	157	180	164	187	6.3	25.8
JCVISYN3A_0405	BSU17180	28.916	83	42	4	286	354	2613	2692	7.8	25.8
JCVISYN3A_0405	BSU06630	25.373	67	40	2	186	243	235	300	8.0	25.4
JCVISYN3A_0405	BSU31750	24.561	114	74	2	293	406	294	395	9.1	25.4
JCVISYN3A_0406	BSU25210	29.918	488	321	8	4	483	5	479	1.96e-70	236
JCVISYN3A_0406	BSU20360	26.214	103	68	3	200	294	184	286	0.091	32.3
JCVISYN3A_0406	BSU35060	24.691	81	46	3	473	549	86	155	2.6	27.7
JCVISYN3A_0406	BSU14860	36.842	38	23	1	47	84	248	284	5.6	26.6
JCVISYN3A_0406	BSU29250	23.810	84	61	1	10	93	3	83	6.6	26.2
JCVISYN3A_0407	BSU25200	47.337	338	114	5	165	502	96	369	1.47e-94	288
JCVISYN3A_0407	BSU23450	33.679	193	120	4	205	397	31	215	2.99e-22	92.8
JCVISYN3A_0407	BSU15330	30.045	223	128	6	207	420	39	242	2.09e-17	79.0
JCVISYN3A_0407	BSU15320	41.584	101	49	3	176	271	27	122	6.43e-13	65.5
JCVISYN3A_0407	BSU25760	37.778	90	51	1	182	271	31	115	8.37e-11	57.4
JCVISYN3A_0407	BSU04730	24.365	197	139	6	205	397	28	218	9.06e-07	47.0
JCVISYN3A_0407	BSU00980	30.952	84	58	0	211	294	38	121	5.04e-06	44.3
JCVISYN3A_0407	BSU16470	25.781	256	124	10	235	487	54	246	8.38e-05	41.2
JCVISYN3A_0407	BSU13450	24.299	107	72	3	182	281	3	107	1.1	28.1
JCVISYN3A_0407	BSU05880	25.610	82	54	3	413	489	111	190	2.3	27.3
JCVISYN3A_0407	BSU05210	24.752	101	65	2	61	150	66	166	5.7	25.8
JCVISYN3A_0407	BSU11520	27.193	114	70	3	329	434	1	109	5.7	25.8
JCVISYN3A_0407	BSU10730	36.170	47	29	1	406	452	11	56	5.9	23.9
JCVISYN3A_0407	BSU33260	28.571	42	29	1	62	103	239	279	8.4	25.8
JCVISYN3A_0407	BSU05110	31.818	44	29	1	357	399	141	184	9.4	25.0
JCVISYN3A_0408	BSU25180	28.571	217	139	5	19	222	1	214	1.08e-20	83.6
JCVISYN3A_0408	BSU37000	28.000	50	36	0	14	63	114	163	0.009	33.1
JCVISYN3A_0408	BSU33930	43.750	32	15	1	59	87	357	388	0.15	29.6
JCVISYN3A_0408	BSU39890	30.882	68	44	2	1	68	24	88	0.23	28.9
JCVISYN3A_0408	BSU05970	23.913	138	87	6	19	154	93	214	0.30	28.5
JCVISYN3A_0408	BSU27360	25.373	67	50	0	13	79	52	118	0.34	28.1
JCVISYN3A_0408	BSU01060	23.404	47	36	0	19	65	62	108	0.35	28.1
JCVISYN3A_0408	BSU11350	29.091	55	37	1	47	99	93	147	0.59	27.7
JCVISYN3A_0408	BSU29470	44.828	29	13	1	59	87	32	57	1.7	26.6
JCVISYN3A_0408	BSU12590	28.889	45	30	1	52	96	117	159	2.4	25.8
JCVISYN3A_0408	BSU22170	42.308	26	15	0	43	68	257	282	4.2	25.0
JCVISYN3A_0408	BSU05700	32.143	28	19	0	37	64	36	63	4.4	25.0
JCVISYN3A_0408	BSU29440	29.630	27	19	0	140	166	164	190	5.5	24.6
JCVISYN3A_0408	BSU04620	40.000	35	15	1	144	178	34	62	6.6	23.9
JCVISYN3A_0408	BSU10580	43.478	23	13	0	155	177	238	260	8.0	24.3
JCVISYN3A_0408	BSU10480	30.769	39	27	0	96	134	71	109	8.6	23.9
JCVISYN3A_0408	BSU18310	26.316	57	41	1	11	67	2403	2458	9.7	24.3
JCVISYN3A_0409	BSU25170	36.190	105	62	4	5	108	9	109	2.30e-10	57.0
JCVISYN3A_0409	BSU25170	22.093	86	64	2	153	237	264	347	4.1	25.4
JCVISYN3A_0409	BSU30240	23.944	71	49	2	87	154	176	244	0.24	29.3
JCVISYN3A_0409	BSU35660	30.882	68	44	1	189	256	216	280	0.97	27.3
JCVISYN3A_0409	BSU30860	23.077	117	83	3	133	242	203	319	1.7	26.6
JCVISYN3A_0409	BSU25540	40.000	45	16	3	34	70	102	143	3.1	25.8
JCVISYN3A_0409	BSU40200	54.167	24	11	0	167	190	29	52	6.4	25.0
JCVISYN3A_0409	BSU03050	28.571	56	36	1	139	194	261	312	6.9	24.6
JCVISYN3A_0410	BSU25140	40.761	368	212	4	2	367	5	368	3.06e-100	304
JCVISYN3A_0410	BSU04580	29.679	374	247	7	3	373	5	365	5.98e-61	203
JCVISYN3A_0410	BSU39110	32.326	331	213	5	15	342	16	338	1.64e-58	196
JCVISYN3A_0410	BSU07430	29.248	359	242	8	11	366	14	363	2.88e-49	169
JCVISYN3A_0410	BSU19220	20.482	332	240	10	26	349	20	335	2.46e-09	56.2
JCVISYN3A_0410	BSU22220	22.376	362	237	13	35	366	66	413	4.89e-08	52.0
JCVISYN3A_0410	BSU23020	22.652	362	207	13	20	347	10	332	4.20e-07	48.9
JCVISYN3A_0410	BSU24580	26.207	145	101	5	221	362	347	488	0.001	37.7
JCVISYN3A_0410	BSU00550	28.750	80	56	1	270	348	860	939	0.004	36.2
JCVISYN3A_0410	BSU29190	33.333	60	35	2	4	58	133	192	0.058	32.3
JCVISYN3A_0410	BSU35170	24.468	188	124	5	274	453	475	652	0.11	31.6
JCVISYN3A_0410	BSU35170	31.915	94	44	5	17	100	3	86	0.25	30.4
JCVISYN3A_0410	BSU36280	24.658	73	54	1	246	317	768	840	0.17	31.2
JCVISYN3A_0410	BSU15870	22.449	196	136	7	176	359	402	593	0.33	30.0
JCVISYN3A_0410	BSU18310	34.483	58	35	2	314	371	593	647	0.34	30.4
JCVISYN3A_0410	BSU35300	22.360	161	107	6	299	446	482	637	0.36	30.0
JCVISYN3A_0410	BSU26260	53.571	28	11	2	37	63	162	188	2.1	27.3
JCVISYN3A_0410	BSU38400	27.211	147	65	7	333	443	363	503	3.6	26.9
JCVISYN3A_0410	BSU09530	45.833	24	13	0	134	157	140	163	5.6	25.8
JCVISYN3A_0410	BSU22210	26.136	88	48	3	310	385	252	334	7.0	25.8
JCVISYN3A_0410	BSU34200	20.879	91	56	3	327	417	360	434	7.5	25.8
JCVISYN3A_0410	BSU18300	50.000	24	9	1	317	337	607	630	7.7	25.8
JCVISYN3A_0410	BSU08440	30.769	39	26	1	109	146	102	140	7.7	25.4
JCVISYN3A_0411	BSU11120	23.864	176	102	4	57	231	9	153	4.21e-07	48.1
JCVISYN3A_0411	BSU05280	23.358	137	80	3	114	250	63	174	0.026	33.5
JCVISYN3A_0411	BSU22510	23.077	143	83	5	114	230	10	151	0.029	33.1
JCVISYN3A_0411	BSU38840	40.000	40	23	1	186	225	102	140	0.15	31.2
JCVISYN3A_0411	BSU06550	26.923	104	62	3	178	279	37	128	2.6	27.3
JCVISYN3A_0411	BSU00640	20.513	78	62	0	251	328	419	496	2.8	27.3
JCVISYN3A_0411	BSU21160	35.294	51	31	2	363	412	57	106	4.0	26.2
JCVISYN3A_0411	BSU35280	47.826	23	12	0	118	140	75	97	4.2	26.6
JCVISYN3A_0411	BSU25110	20.319	251	148	8	44	277	6	221	4.2	26.6
JCVISYN3A_0411	BSU33550	25.342	146	87	6	58	200	40	166	4.4	26.6
JCVISYN3A_0411	BSU06770	47.826	23	12	0	3	25	491	513	8.2	25.8
JCVISYN3A_0412	BSU27650	29.032	155	108	2	517	671	260	412	2.41e-13	71.6
JCVISYN3A_0412	BSU27650	21.667	120	87	1	1060	1179	548	660	0.006	37.7
JCVISYN3A_0412	BSU27650	21.965	173	126	5	13	182	5	171	0.066	34.3
JCVISYN3A_0412	BSU02990	27.835	97	50	4	1278	1358	29	121	0.16	32.3
JCVISYN3A_0412	BSU36480	24.873	197	114	8	474	663	14	183	0.32	32.0
JCVISYN3A_0412	BSU05800	27.642	123	66	7	504	609	87	203	0.52	31.2
JCVISYN3A_0412	BSU06710	27.922	154	94	7	505	648	873	1019	1.2	30.0
JCVISYN3A_0412	BSU05360	25.893	112	64	3	533	625	145	256	2.2	28.9
JCVISYN3A_0412	BSU37050	25.676	74	51	1	277	346	350	423	2.4	28.9
JCVISYN3A_0412	BSU32250	38.889	36	22	0	880	915	102	137	2.4	28.9
JCVISYN3A_0412	BSU34810	27.869	61	40	1	925	985	38	94	2.5	28.9
JCVISYN3A_0412	BSU11440	31.944	72	41	2	1297	1365	137	203	3.1	28.5
JCVISYN3A_0412	BSU29600	26.984	63	45	1	1298	1360	314	375	3.3	28.5
JCVISYN3A_0412	BSU33570	32.143	56	34	2	612	664	17	71	4.4	26.9
JCVISYN3A_0412	BSU12300	46.154	26	14	0	139	164	304	329	4.6	28.1
JCVISYN3A_0412	BSU24740	31.250	48	31	1	852	897	232	279	4.6	28.1
JCVISYN3A_0412	BSU34070	37.736	53	30	2	621	672	115	165	4.8	28.1
JCVISYN3A_0412	BSU01470	31.818	66	34	3	509	573	24	79	5.0	27.7
JCVISYN3A_0412	BSU32040	25.000	148	93	7	520	660	238	374	6.9	27.3
JCVISYN3A_0412	BSU25830	28.571	63	39	2	25	81	151	213	7.8	27.3
JCVISYN3A_0412	BSU20920	26.829	41	30	0	564	604	2	42	8.7	25.4
JCVISYN3A_0412	BSU16620	28.261	46	33	0	801	846	9	54	9.0	25.8
JCVISYN3A_0412	BSU10650	24.342	152	96	5	714	849	281	429	9.7	27.3
JCVISYN3A_0413	BSU27610	45.882	170	92	0	1	170	1	170	1.79e-52	162
JCVISYN3A_0413	BSU00470	28.800	125	85	3	41	162	123	246	9.34e-08	47.4
JCVISYN3A_0413	BSU22070	28.916	83	56	1	70	152	79	158	3.90e-04	36.2
JCVISYN3A_0413	BSU15560	30.769	39	27	0	106	144	114	152	0.055	30.0
JCVISYN3A_0413	BSU15470	42.105	38	21	1	113	149	100	137	0.063	29.6
JCVISYN3A_0413	BSU01800	28.235	85	49	4	86	170	16	88	1.2	26.2
JCVISYN3A_0413	BSU11630	35.088	57	36	1	31	87	146	201	1.4	25.8
JCVISYN3A_0413	BSU10790	28.049	82	52	2	45	126	252	326	2.4	25.4
JCVISYN3A_0413	BSU31540	31.707	41	28	0	81	121	95	135	2.9	25.0
JCVISYN3A_0413	BSU35300	29.231	65	35	1	22	75	171	235	3.1	25.0
JCVISYN3A_0413	BSU29210	26.027	73	52	1	60	132	220	290	3.2	25.0
JCVISYN3A_0413	BSU28990	25.862	58	43	0	56	113	400	457	3.9	24.6
JCVISYN3A_0413	BSU32670	44.118	34	12	2	2	34	131	158	4.0	24.6
JCVISYN3A_0413	BSU30170	27.869	61	39	2	23	80	46	104	4.9	24.3
JCVISYN3A_0413	BSU39630	30.435	46	30	2	64	108	287	331	5.2	24.3
JCVISYN3A_0413	BSU20790	22.857	70	52	1	22	91	30	97	6.0	23.9
JCVISYN3A_0413	BSU18470	29.167	48	29	2	44	86	28	75	6.4	23.9
JCVISYN3A_0413	BSU01060	32.653	49	26	2	27	69	23	70	6.7	23.9
JCVISYN3A_0413	BSU09490	33.333	27	18	0	15	41	104	130	9.5	23.1
JCVISYN3A_0414	BSU27600	37.639	720	422	11	38	746	28	731	1.44e-165	492
JCVISYN3A_0414	BSU38480	36.585	82	43	2	272	345	83	163	7.95e-06	44.3
JCVISYN3A_0414	BSU11600	26.050	119	78	2	250	358	43	161	7.65e-04	38.5
JCVISYN3A_0414	BSU08010	33.333	51	30	1	517	567	140	186	0.12	32.0
JCVISYN3A_0414	BSU28950	28.378	74	49	1	414	487	10	79	0.50	30.4
JCVISYN3A_0414	BSU00630	29.508	122	67	4	405	519	9	118	0.93	28.1
JCVISYN3A_0414	BSU14990	22.321	112	73	3	318	429	32	129	1.1	28.1
JCVISYN3A_0414	BSU22750	25.490	102	60	3	342	430	21	119	2.1	27.7
JCVISYN3A_0414	BSU28680	52.632	19	9	0	29	47	386	404	3.7	27.3
JCVISYN3A_0414	BSU36710	22.549	102	64	2	452	540	30	129	3.7	27.3
JCVISYN3A_0414	BSU25875	37.143	35	19	1	232	266	1	32	6.0	24.3
JCVISYN3A_0414	BSU08090	27.536	69	44	3	219	286	79	142	6.8	26.6
JCVISYN3A_0414	BSU02080	40.000	20	12	0	44	63	9	28	7.6	24.3
JCVISYN3A_0414	BSU39220	23.636	55	42	0	398	452	19	73	7.9	25.4
JCVISYN3A_0414	BSU13780	32.500	40	27	0	176	215	216	255	8.1	26.2
JCVISYN3A_0415	BSU15940	45.000	220	121	0	768	987	965	1184	3.91e-60	221
JCVISYN3A_0415	BSU15940	38.109	349	206	7	2	348	1	341	3.50e-57	211
JCVISYN3A_0415	BSU15940	25.087	287	203	5	405	681	504	788	9.61e-24	105
JCVISYN3A_0415	BSU01450	38.095	63	33	3	892	952	143	201	0.001	38.9
JCVISYN3A_0415	BSU10650	39.535	43	22	1	11	49	10	52	0.008	36.6
JCVISYN3A_0415	BSU13220	31.579	76	41	4	885	953	137	208	0.014	35.8
JCVISYN3A_0415	BSU13220	34.884	43	28	0	15	57	310	352	0.20	32.0
JCVISYN3A_0415	BSU08690	32.941	85	51	4	892	976	479	557	0.021	35.4
JCVISYN3A_0415	BSU07420	27.273	132	78	7	830	952	95	217	0.030	34.7
JCVISYN3A_0415	BSU37230	29.907	107	60	5	861	967	450	541	0.044	34.3
JCVISYN3A_0415	BSU24240	24.074	108	77	2	860	962	409	516	0.044	34.3
JCVISYN3A_0415	BSU24240	35.417	48	30	1	3	50	1	47	1.1	29.6
JCVISYN3A_0415	BSU17200	32.836	67	40	3	76	138	2598	2663	0.063	33.9
JCVISYN3A_0415	BSU39480	36.170	47	20	2	1	41	1	43	0.13	32.0
JCVISYN3A_0415	BSU39480	29.032	62	39	3	892	952	140	197	5.9	26.9
JCVISYN3A_0415	BSU24960	27.869	61	40	1	892	952	166	222	0.18	32.0
JCVISYN3A_0415	BSU24960	34.286	35	23	0	335	369	1	35	9.4	26.2
JCVISYN3A_0415	BSU33830	36.923	65	31	5	892	952	136	194	0.40	30.8
JCVISYN3A_0415	BSU14860	55.556	27	12	0	309	335	959	985	0.77	30.4
JCVISYN3A_0415	BSU24950	24.590	61	42	2	892	952	157	213	0.78	29.6
JCVISYN3A_0415	BSU07370	35.000	40	20	2	12	45	10	49	0.83	30.0
JCVISYN3A_0415	BSU07370	29.870	77	43	3	879	948	428	500	2.5	28.5
JCVISYN3A_0415	BSU38730	26.389	72	49	1	892	963	473	540	0.87	30.0
JCVISYN3A_0415	BSU33730	34.375	64	34	5	892	952	136	194	0.97	29.6
JCVISYN3A_0415	BSU23860	38.636	44	21	1	809	852	373	410	1.2	29.3
JCVISYN3A_0415	BSU32710	41.935	31	15	1	30	60	36	63	1.8	28.5
JCVISYN3A_0415	BSU04490	33.962	53	31	3	902	952	142	192	2.1	28.5
JCVISYN3A_0415	BSU04490	35.897	39	24	1	26	63	32	70	5.5	27.3
JCVISYN3A_0415	BSU17190	22.581	62	46	1	927	988	752	811	2.6	28.5
JCVISYN3A_0415	BSU17190	21.569	51	36	1	927	977	2246	2292	7.1	27.3
JCVISYN3A_0415	BSU01520	26.471	68	49	1	59	125	78	145	2.7	27.3
JCVISYN3A_0415	BSU05610	36.364	33	21	0	26	58	31	63	3.2	28.1
JCVISYN3A_0415	BSU05610	38.462	26	13	1	29	54	321	343	9.1	26.6
JCVISYN3A_0415	BSU02570	29.851	67	43	3	902	966	141	205	3.6	27.7
JCVISYN3A_0415	BSU02570	40.000	30	14	1	26	51	31	60	6.1	26.9
JCVISYN3A_0415	BSU13320	50.000	22	11	0	666	687	2	23	3.7	25.0
JCVISYN3A_0415	BSU09890	38.000	50	29	2	916	963	150	199	3.7	27.7
JCVISYN3A_0415	BSU09070	75.000	12	3	0	29	40	32	43	3.8	27.3
JCVISYN3A_0415	BSU28280	20.856	187	122	6	552	736	275	437	3.8	27.7
JCVISYN3A_0415	BSU14330	24.324	74	52	2	890	963	498	567	4.1	27.7
JCVISYN3A_0415	BSU08220	30.556	72	46	3	892	963	503	570	4.3	27.7
JCVISYN3A_0415	BSU14320	64.286	14	5	0	29	42	366	379	4.5	27.7
JCVISYN3A_0415	BSU30760	47.368	19	10	0	27	45	31	49	4.6	27.3
JCVISYN3A_0415	BSU34090	33.871	62	36	2	892	952	131	188	4.7	27.3
JCVISYN3A_0415	BSU34820	27.632	76	51	2	891	966	478	549	5.5	27.3
JCVISYN3A_0415	BSU32250	31.915	47	27	1	507	553	225	266	5.7	27.3
JCVISYN3A_0415	BSU10160	25.397	63	47	0	242	304	220	282	7.1	26.9
JCVISYN3A_0415	BSU09920	35.714	42	27	0	354	395	746	787	7.3	26.9
JCVISYN3A_0415	BSU34700	32.353	34	20	1	11	41	18	51	8.4	26.6
JCVISYN3A_0415	BSU12250	25.397	63	41	2	892	952	145	203	8.4	26.6
JCVISYN3A_0415	BSU28960	33.333	42	27	1	779	820	140	180	9.8	26.2
JCVISYN3A_0416	BSU35800	26.667	75	50	2	38	112	114	183	0.63	26.6
JCVISYN3A_0416	BSU26130	44.444	18	10	0	103	120	28	45	2.1	24.3
JCVISYN3A_0416	BSU39000	44.444	27	12	1	26	52	255	278	2.6	24.6
JCVISYN3A_0416	BSU23540	40.741	27	16	0	63	89	36	62	3.0	23.1
JCVISYN3A_0416	BSU15570	38.636	44	22	2	24	62	53	96	5.8	23.5
JCVISYN3A_0416	BSU32710	42.105	19	11	0	28	46	167	185	6.3	23.5
JCVISYN3A_0416	BSU16010	39.474	38	17	1	23	54	71	108	9.1	22.3
JCVISYN3A_0416	BSU01550	25.532	47	35	0	19	65	115	161	9.4	22.7
JCVISYN3A_0418	BSU15930	45.175	228	118	4	4	228	21	244	1.86e-60	187
JCVISYN3A_0418	BSU38210	27.692	65	45	1	103	165	2	66	0.74	26.6
JCVISYN3A_0418	BSU13990	27.869	61	40	1	144	204	310	366	2.4	26.2
JCVISYN3A_0418	BSU27150	34.545	55	31	1	181	230	17	71	2.7	24.6
JCVISYN3A_0418	BSU35190	25.926	54	40	0	62	115	749	802	2.7	25.8
JCVISYN3A_0418	BSU00070	36.111	36	23	0	163	198	437	472	5.0	25.0
JCVISYN3A_0418	BSU23760	26.923	78	50	4	79	153	183	256	5.3	25.0
JCVISYN3A_0418	BSU08200	30.000	50	33	1	22	69	367	416	6.4	24.6
JCVISYN3A_0418	BSU12890	38.462	26	14	1	133	156	183	208	7.7	24.3
JCVISYN3A_0418	BSU33550	43.333	30	17	0	14	43	501	530	7.9	24.3
JCVISYN3A_0418	BSU08060	36.000	25	16	0	99	123	75	99	9.9	23.9
JCVISYN3A_0419	BSU15890	37.730	326	199	2	3	327	2	324	1.21e-68	215
JCVISYN3A_0419	BSU27110	25.926	81	54	1	4	78	163	243	0.67	28.1
JCVISYN3A_0419	BSU18440	22.727	44	29	1	229	272	101	139	3.9	26.2
JCVISYN3A_0419	BSU21190	47.368	19	10	0	109	127	56	74	6.5	25.0
JCVISYN3A_0419	BSU40190	40.741	27	15	1	210	235	215	241	6.6	25.4
JCVISYN3A_0419	BSU29590	42.857	21	12	0	12	32	151	171	8.8	25.0
JCVISYN3A_0420	BSU15840	38.434	549	318	11	10	547	14	553	5.25e-119	359
JCVISYN3A_0420	BSU11240	35.593	59	34	3	93	148	681	738	0.21	31.2
JCVISYN3A_0420	BSU22650	23.009	113	84	2	438	547	92	204	0.28	30.0
JCVISYN3A_0420	BSU30850	36.111	36	21	1	197	230	203	238	0.79	28.9
JCVISYN3A_0420	BSU40390	26.263	99	55	5	372	469	206	287	2.7	27.3
JCVISYN3A_0420	BSU16060	26.471	102	59	3	70	171	82	167	3.4	26.9
JCVISYN3A_0420	BSU18390	34.091	44	29	0	285	328	29	72	5.5	25.8
JCVISYN3A_0420	BSU32910	36.842	38	24	0	351	388	55	92	5.8	25.0
JCVISYN3A_0420	BSU13260	29.231	65	40	2	162	226	140	198	7.2	26.2
JCVISYN3A_0420	BSU27080	32.500	40	19	1	464	495	461	500	7.6	26.2
JCVISYN3A_0420	BSU19590	31.707	41	28	0	69	109	230	270	7.8	25.8
JCVISYN3A_0420	BSU15900	26.761	71	46	2	95	159	161	231	9.5	25.4
JCVISYN3A_0421	BSU15830	22.093	86	60	2	5	85	16	99	0.012	30.0
JCVISYN3A_0421	BSU26780	53.333	15	7	0	12	26	139	153	1.5	24.3
JCVISYN3A_0421	BSU29130	25.424	59	43	1	34	91	190	248	3.7	23.5
JCVISYN3A_0421	BSU06570	32.258	31	21	0	26	56	197	227	3.9	23.5
JCVISYN3A_0421	BSU15950	62.500	16	6	0	52	67	114	129	4.3	23.1
JCVISYN3A_0421	BSU25470	29.268	82	47	4	2	83	99	169	4.5	23.1
JCVISYN3A_0421	BSU15350	60.000	15	6	0	7	21	132	146	6.9	22.7
JCVISYN3A_0421	BSU19320	39.286	28	17	0	18	45	359	386	9.0	22.3
JCVISYN3A_0422	BSU15820	50.847	59	28	1	1	59	1	58	1.16e-14	58.5
JCVISYN3A_0422	BSU19480	27.273	22	16	0	27	48	58	79	1.1	23.5
JCVISYN3A_0422	BSU36390	37.778	45	22	2	17	55	117	161	1.3	23.5
JCVISYN3A_0422	BSU39380	33.333	33	22	0	17	49	192	224	1.6	23.1
JCVISYN3A_0422	BSU11990	41.935	31	17	1	15	45	59	88	1.7	23.1
JCVISYN3A_0422	BSU09250	31.579	38	25	1	28	64	309	346	2.5	22.7
JCVISYN3A_0422	BSU25180	31.579	57	27	3	2	51	85	136	2.7	22.7
JCVISYN3A_0422	BSU11240	25.806	62	43	2	7	65	789	850	2.8	22.7
JCVISYN3A_0422	BSU16460	26.506	83	40	3	2	65	86	166	5.5	21.6
JCVISYN3A_0422	BSU05400	30.233	43	26	1	21	63	29	67	8.3	21.2
JCVISYN3A_0422	BSU07580	41.667	24	14	0	37	60	296	319	8.5	21.2
JCVISYN3A_0422	BSU00460	32.203	59	35	2	11	64	97	155	8.9	21.2
JCVISYN3A_0424	BSU18880	40.909	22	13	0	46	67	7	28	1.3	25.4
JCVISYN3A_0424	BSU20490	40.909	22	13	0	46	67	7	28	1.6	25.4
JCVISYN3A_0424	BSU05280	33.846	65	27	3	58	115	206	261	2.2	25.0
JCVISYN3A_0424	BSU26210	35.417	48	25	3	10	54	99	143	2.8	24.3
JCVISYN3A_0424	BSU02100	29.091	55	37	2	60	114	229	281	3.0	24.6
JCVISYN3A_0424	BSU09930	31.034	29	20	0	77	105	58	86	5.3	23.9
JCVISYN3A_0424	BSU40350	28.571	70	40	2	29	90	112	179	6.6	23.5
JCVISYN3A_0424	BSU30250	42.308	26	15	0	63	88	246	271	7.2	23.5
JCVISYN3A_0424	BSU39230	22.826	92	64	3	4	92	1040	1127	9.3	23.5
JCVISYN3A_0424	BSU33530	40.741	27	16	0	9	35	296	322	9.4	23.1
JCVISYN3A_0425	BSU20500	40.000	30	18	0	293	322	151	180	1.6	27.3
JCVISYN3A_0425	BSU22390	47.826	23	12	0	252	274	30	52	3.8	24.3
JCVISYN3A_0425	BSU37840	38.462	39	20	1	207	241	51	89	4.1	25.8
JCVISYN3A_0425	BSU08210	31.579	57	32	3	2	54	217	270	5.8	25.8
JCVISYN3A_0425	BSU04270	22.901	131	83	5	243	366	142	261	8.1	25.0
JCVISYN3A_0425	BSU35520	37.288	59	29	2	104	154	109	167	8.1	25.0
JCVISYN3A_0426	BSU24980	29.245	318	206	8	1	308	1	309	1.75e-32	124
JCVISYN3A_0426	BSU24980	24.161	298	204	7	337	615	12	306	1.25e-21	93.2
JCVISYN3A_0426	BSU24970	29.008	262	162	5	380	622	33	289	3.77e-28	112
JCVISYN3A_0426	BSU24970	31.034	232	139	5	13	241	3	216	2.55e-20	89.0
JCVISYN3A_0426	BSU33390	28.333	120	70	5	491	607	114	220	0.001	38.1
JCVISYN3A_0426	BSU33390	35.294	51	33	0	189	239	132	182	0.008	35.4
JCVISYN3A_0426	BSU39490	29.762	84	50	2	465	539	70	153	0.004	36.2
JCVISYN3A_0426	BSU27460	37.179	78	43	2	465	536	69	146	0.013	34.7
JCVISYN3A_0426	BSU02990	23.404	141	92	3	401	538	85	212	0.036	33.5
JCVISYN3A_0426	BSU03600	41.935	31	18	0	503	533	126	156	0.047	33.1
JCVISYN3A_0426	BSU33700	30.435	115	67	5	490	597	97	205	0.048	32.7
JCVISYN3A_0426	BSU32740	29.508	61	43	0	491	551	107	167	0.048	32.7
JCVISYN3A_0426	BSU33800	30.000	100	63	3	490	588	97	190	0.082	32.3
JCVISYN3A_0426	BSU11400	39.623	53	31	1	507	558	192	244	0.28	30.8
JCVISYN3A_0426	BSU06980	42.424	33	19	0	497	529	186	218	0.58	29.6
JCVISYN3A_0426	BSU30170	27.273	99	69	1	492	590	150	245	0.59	29.6
JCVISYN3A_0426	BSU03370	38.889	36	22	0	498	533	116	151	1.0	28.9
JCVISYN3A_0426	BSU29360	42.424	33	19	0	500	532	119	151	1.1	28.5
JCVISYN3A_0426	BSU23110	30.263	76	50	1	83	155	167	242	1.3	28.9
JCVISYN3A_0426	BSU34140	37.838	37	20	1	493	529	162	195	1.4	28.5
JCVISYN3A_0426	BSU29350	41.667	24	14	0	510	533	133	156	3.0	27.3
JCVISYN3A_0426	BSU11450	31.818	66	44	1	507	571	196	261	3.3	27.3
JCVISYN3A_0426	BSU27450	25.333	75	50	2	468	536	70	144	4.0	26.9
JCVISYN3A_0426	BSU18570	25.000	36	27	0	534	569	277	312	4.2	27.3
JCVISYN3A_0426	BSU12930	32.075	106	55	5	451	542	137	239	4.4	26.9
JCVISYN3A_0426	BSU30280	40.000	30	18	0	500	529	188	217	5.3	26.6
JCVISYN3A_0426	BSU24560	45.000	20	11	0	667	686	24	43	6.5	26.6
JCVISYN3A_0426	BSU23970	23.404	94	65	2	465	551	69	162	7.2	26.2
JCVISYN3A_0426	BSU14570	38.710	31	18	1	663	692	141	171	9.8	25.8
JCVISYN3A_0427	BSU24960	55.242	248	109	1	21	268	23	268	1.44e-107	309
JCVISYN3A_0427	BSU24950	55.870	247	107	1	22	268	15	259	8.32e-99	287
JCVISYN3A_0427	BSU23960	35.043	234	141	4	33	264	12	236	1.47e-39	135
JCVISYN3A_0427	BSU27430	34.538	249	146	6	21	265	2	237	5.05e-39	133
JCVISYN3A_0427	BSU29340	35.743	249	144	6	21	264	2	239	3.43e-37	129
JCVISYN3A_0427	BSU03590	35.983	239	138	6	33	265	12	241	4.15e-37	129
JCVISYN3A_0427	BSU12250	29.787	235	140	5	38	266	32	247	1.29e-32	117
JCVISYN3A_0427	BSU33730	35.443	237	139	6	32	265	12	237	2.03e-32	119
JCVISYN3A_0427	BSU39480	32.751	229	146	4	38	264	17	239	1.60e-31	114
JCVISYN3A_0427	BSU33830	35.021	237	140	6	32	265	12	237	1.84e-31	117
JCVISYN3A_0427	BSU32750	30.800	250	157	7	21	264	2	241	7.64e-29	109
JCVISYN3A_0427	BSU02980	32.714	269	146	7	5	264	28	270	1.38e-28	109
JCVISYN3A_0427	BSU01460	33.636	220	135	6	37	252	9	221	2.18e-28	106
JCVISYN3A_0427	BSU32550	31.489	235	132	6	40	265	21	235	2.30e-28	108
JCVISYN3A_0427	BSU01450	32.243	214	128	9	21	229	7	208	1.22e-26	102
JCVISYN3A_0427	BSU30610	33.475	236	127	7	28	257	13	224	4.43e-25	97.4
JCVISYN3A_0427	BSU33290	31.111	225	128	7	40	253	21	229	1.10e-24	96.7
JCVISYN3A_0427	BSU08830	29.688	256	153	7	17	267	1	234	1.27e-24	96.3
JCVISYN3A_0427	BSU13220	27.751	209	139	7	21	224	8	209	3.55e-24	98.2
JCVISYN3A_0427	BSU13220	26.754	228	145	8	9	232	282	491	2.08e-17	78.6
JCVISYN3A_0427	BSU07490	32.444	225	129	8	40	255	21	231	4.40e-24	94.7
JCVISYN3A_0427	BSU30760	32.231	242	134	9	21	253	4	224	6.39e-24	94.0
JCVISYN3A_0427	BSU14320	28.959	221	147	3	13	230	327	540	1.51e-23	96.7
JCVISYN3A_0427	BSU08690	31.718	227	128	6	13	229	333	542	4.65e-23	95.1
JCVISYN3A_0427	BSU38810	32.093	215	112	8	29	230	12	205	7.45e-23	93.2
JCVISYN3A_0427	BSU11470	29.412	255	164	7	21	266	6	253	1.30e-22	91.7
JCVISYN3A_0427	BSU37230	30.332	211	133	5	17	224	329	528	7.04e-22	91.7
JCVISYN3A_0427	BSU11460	27.692	260	166	8	21	265	8	260	8.42e-22	90.1
JCVISYN3A_0427	BSU11360	29.231	260	170	8	17	265	1	257	9.90e-22	89.7
JCVISYN3A_0427	BSU39640	35.814	215	116	9	17	222	1	202	1.46e-21	87.8
JCVISYN3A_0427	BSU08220	28.879	232	155	5	14	244	358	580	1.73e-21	90.5
JCVISYN3A_0427	BSU33270	34.247	219	129	9	30	243	11	219	3.02e-21	86.3
JCVISYN3A_0427	BSU04490	29.907	214	129	6	33	242	16	212	4.47e-21	87.4
JCVISYN3A_0427	BSU38660	26.923	208	133	4	36	242	15	204	1.65e-20	85.9
JCVISYN3A_0427	BSU02570	30.144	209	125	6	40	244	22	213	2.47e-20	85.5
JCVISYN3A_0427	BSU08210	33.047	233	136	7	17	244	326	543	3.99e-20	86.3
JCVISYN3A_0427	BSU35260	31.068	206	128	7	21	223	2	196	6.72e-20	82.8
JCVISYN3A_0427	BSU14360	33.019	212	118	9	21	222	2	199	7.79e-20	82.8
JCVISYN3A_0427	BSU34700	31.553	206	128	6	28	228	13	210	1.13e-19	82.8
JCVISYN3A_0427	BSU32940	29.778	225	131	7	19	233	4	211	1.26e-19	82.8
JCVISYN3A_0427	BSU11370	26.070	257	141	9	33	265	31	262	2.33e-18	80.1
JCVISYN3A_0427	BSU03730	31.925	213	120	10	29	232	11	207	2.55e-18	78.6
JCVISYN3A_0427	BSU12950	25.506	247	174	6	27	265	13	257	5.07e-18	79.3
JCVISYN3A_0427	BSU34820	27.751	209	130	5	41	242	360	554	5.71e-18	80.1
JCVISYN3A_0427	BSU13000	23.735	257	174	7	21	265	7	253	9.83e-18	78.6
JCVISYN3A_0427	BSU02860	27.706	231	138	7	21	241	4	215	1.16e-17	76.6
JCVISYN3A_0427	BSU14330	26.697	221	132	5	15	224	357	558	6.13e-17	77.0
JCVISYN3A_0427	BSU30420	31.795	195	120	7	38	228	25	210	7.56e-17	74.3
JCVISYN3A_0427	BSU34090	28.205	234	135	8	17	243	2	209	8.42e-17	75.5
JCVISYN3A_0427	BSU09720	27.234	235	160	6	11	244	420	644	1.11e-16	76.3
JCVISYN3A_0427	BSU09080	25.311	241	149	9	17	249	1	218	5.43e-16	73.2
JCVISYN3A_0427	BSU38730	27.670	206	136	5	21	224	337	531	1.46e-15	72.8
JCVISYN3A_0427	BSU09710	27.803	223	141	6	10	224	323	533	3.55e-15	72.0
JCVISYN3A_0427	BSU02750	25.620	242	158	9	29	264	11	236	3.88e-14	67.0
JCVISYN3A_0427	BSU30380	29.381	194	122	8	34	222	19	202	4.25e-14	67.0
JCVISYN3A_0427	BSU21470	29.319	191	111	6	40	223	501	674	7.88e-14	67.8
JCVISYN3A_0427	BSU08310	25.116	215	142	7	33	243	12	211	6.94e-13	64.3
JCVISYN3A_0427	BSU03820	31.731	208	117	7	45	243	24	215	4.72e-12	61.2
JCVISYN3A_0427	BSU09890	23.556	225	146	6	33	251	12	216	5.06e-12	61.6
JCVISYN3A_0427	BSU35940	25.217	230	153	8	21	244	3	219	1.25e-11	61.2
JCVISYN3A_0427	BSU35940	36.986	73	45	1	161	232	389	461	2.87e-08	50.8
JCVISYN3A_0427	BSU40620	31.707	205	113	10	34	232	13	196	1.62e-11	59.3
JCVISYN3A_0427	BSU07370	23.320	253	172	8	23	259	4	250	1.76e-11	60.8
JCVISYN3A_0427	BSU07370	34.328	67	42	2	166	232	441	505	5.26e-04	37.7
JCVISYN3A_0427	BSU35700	25.234	214	133	6	40	251	41	229	2.64e-11	60.1
JCVISYN3A_0427	BSU38740	44.262	61	34	0	165	225	463	523	1.45e-09	55.1
JCVISYN3A_0427	BSU33160	27.619	210	128	7	33	232	11	206	1.64e-09	54.7
JCVISYN3A_0427	BSU30010	24.638	207	130	5	38	242	21	203	2.03e-09	53.5
JCVISYN3A_0427	BSU30450	25.472	212	122	7	36	237	15	200	7.91e-09	52.0
JCVISYN3A_0427	BSU31550	25.118	211	132	8	40	240	22	216	2.83e-08	50.8
JCVISYN3A_0427	BSU31550	21.525	223	147	9	36	243	271	480	3.03e-05	41.6
JCVISYN3A_0427	BSU15340	25.551	227	148	7	38	254	18	233	5.26e-08	49.7
JCVISYN3A_0427	BSU32710	26.804	194	124	7	38	222	21	205	5.58e-08	49.3
JCVISYN3A_0427	BSU05950	25.871	201	81	8	51	231	356	508	3.26e-07	47.8
JCVISYN3A_0427	BSU05950	24.186	215	117	9	38	222	19	217	5.63e-05	40.8
JCVISYN3A_0427	BSU10040	25.701	214	142	8	21	232	4	202	5.09e-07	46.6
JCVISYN3A_0427	BSU01950	21.212	231	153	8	21	244	4	212	6.24e-07	46.2
JCVISYN3A_0427	BSU14430	32.836	67	43	1	156	222	146	210	1.06e-06	46.2
JCVISYN3A_0427	BSU14430	43.750	32	18	0	166	197	440	471	0.006	34.7
JCVISYN3A_0427	BSU07420	27.103	214	120	9	11	222	316	495	4.44e-06	44.3
JCVISYN3A_0427	BSU07420	53.125	32	15	0	166	197	163	194	5.64e-05	40.8
JCVISYN3A_0427	BSU09070	24.370	238	132	9	21	243	1	205	7.68e-06	42.7
JCVISYN3A_0427	BSU05610	24.215	223	102	11	34	237	15	189	1.39e-05	42.7
JCVISYN3A_0427	BSU05610	24.084	191	108	7	36	222	304	461	2.13e-05	42.4
JCVISYN3A_0427	BSU37390	20.179	223	157	7	19	235	2	209	0.001	36.2
JCVISYN3A_0427	BSU35160	35.211	71	40	3	159	224	821	890	0.039	32.0
JCVISYN3A_0427	BSU35160	35.616	73	42	4	129	196	447	519	0.13	30.4
JCVISYN3A_0427	BSU33380	32.895	76	46	3	87	157	95	170	0.13	30.0
JCVISYN3A_0427	BSU40150	22.222	90	67	1	165	251	113	202	0.19	29.3
JCVISYN3A_0427	BSU06700	32.143	56	25	1	38	93	165	207	0.26	29.3
JCVISYN3A_0427	BSU00280	64.706	17	6	0	52	68	7	23	0.48	28.1
JCVISYN3A_0427	BSU24430	52.174	23	11	0	51	73	139	161	0.98	27.3
JCVISYN3A_0427	BSU28220	45.833	24	13	0	48	71	109	132	1.1	27.3
JCVISYN3A_0427	BSU13700	28.049	82	43	5	53	123	444	520	1.4	27.3
JCVISYN3A_0427	BSU15780	35.556	45	27	2	26	69	142	185	1.4	26.9
JCVISYN3A_0427	BSU03360	32.308	65	33	3	45	107	1	56	1.4	26.9
JCVISYN3A_0427	BSU12420	34.375	64	33	2	5	68	186	240	1.6	26.9
JCVISYN3A_0427	BSU28590	28.333	60	42	1	128	186	106	165	1.9	26.6
JCVISYN3A_0427	BSU28200	52.381	21	10	0	50	70	349	369	2.7	26.2
JCVISYN3A_0427	BSU36550	36.667	30	18	1	179	208	211	239	2.9	25.8
JCVISYN3A_0427	BSU00860	50.000	16	8	0	53	68	543	558	3.3	25.8
JCVISYN3A_0427	BSU24730	62.500	16	6	0	53	68	142	157	3.4	25.8
JCVISYN3A_0427	BSU15940	38.095	21	13	0	48	68	24	44	3.9	25.8
JCVISYN3A_0427	BSU19700	33.333	27	18	0	74	100	1	27	5.6	25.0
JCVISYN3A_0427	BSU12850	31.915	47	29	2	52	97	66	110	6.2	24.6
JCVISYN3A_0427	BSU30560	38.462	39	22	1	50	86	228	266	6.8	25.0
JCVISYN3A_0427	BSU16160	40.000	20	12	0	53	72	57	76	7.9	24.6
JCVISYN3A_0427	BSU18310	33.333	54	34	1	150	201	2777	2830	8.9	24.6
JCVISYN3A_0427	BSU18610	69.231	13	4	0	64	76	85	97	9.6	24.3
JCVISYN3A_0428	BSU35490	29.412	85	50	4	19	94	89	172	1.4	26.6
JCVISYN3A_0428	BSU11770	36.538	52	31	1	123	174	50	99	1.7	25.4
JCVISYN3A_0428	BSU17680	33.333	54	33	2	122	172	210	263	1.9	26.2
JCVISYN3A_0428	BSU24560	55.556	18	8	0	132	149	27	44	2.1	26.2
JCVISYN3A_0428	BSU05820	38.710	31	19	0	104	134	75	105	2.8	24.6
JCVISYN3A_0428	BSU15170	27.778	72	38	2	153	224	307	364	3.3	25.4
JCVISYN3A_0428	BSU09165	27.778	54	37	1	124	177	194	245	5.0	25.0
JCVISYN3A_0428	BSU01440	33.333	39	26	0	160	198	17	55	5.9	23.9
JCVISYN3A_0428	BSU35160	29.545	44	31	0	173	216	856	899	6.3	24.6
JCVISYN3A_0428	BSU17570	47.368	19	10	0	134	152	224	242	6.9	24.6
JCVISYN3A_0428	BSU21470	38.710	31	19	0	45	75	385	415	7.8	24.3
JCVISYN3A_0429	BSU15950	43.284	335	162	6	75	403	13	325	2.64e-80	247
JCVISYN3A_0429	BSU15980	37.755	196	109	4	195	388	102	286	1.97e-34	129
JCVISYN3A_0429	BSU16400	29.480	173	87	9	198	360	179	326	3.50e-06	45.4
JCVISYN3A_0429	BSU15600	32.000	50	34	0	192	241	24	73	0.005	34.7
JCVISYN3A_0429	BSU01950	31.373	51	32	1	168	218	6	53	0.062	31.6
JCVISYN3A_0429	BSU38400	24.000	150	95	5	150	290	123	262	0.079	32.0
JCVISYN3A_0429	BSU07490	35.417	48	31	0	187	234	22	69	0.10	31.2
JCVISYN3A_0429	BSU38660	32.653	49	30	1	168	216	4	49	0.18	30.4
JCVISYN3A_0429	BSU15340	37.143	35	18	1	184	218	22	52	0.29	29.6
JCVISYN3A_0429	BSU13220	36.585	41	26	0	187	227	313	353	0.46	29.3
JCVISYN3A_0429	BSU09070	52.381	21	10	0	196	216	30	50	0.49	28.9
JCVISYN3A_0429	BSU28980	33.333	63	39	1	199	261	166	225	0.74	28.5
JCVISYN3A_0429	BSU30420	28.571	56	36	2	196	251	37	88	0.86	28.1
JCVISYN3A_0429	BSU12530	28.889	90	52	2	139	216	50	139	0.96	28.1
JCVISYN3A_0429	BSU08690	30.000	50	35	0	182	231	356	405	1.1	28.1
JCVISYN3A_0429	BSU36250	35.135	37	24	0	195	231	47	83	1.6	27.3
JCVISYN3A_0429	BSU14320	22.973	74	48	1	149	222	326	390	1.9	27.3
JCVISYN3A_0429	BSU14370	45.833	24	13	0	372	395	181	204	1.9	27.3
JCVISYN3A_0429	BSU31960	31.481	54	34	1	8	61	441	491	2.0	27.3
JCVISYN3A_0429	BSU32550	31.034	58	29	2	159	216	5	51	2.9	26.6
JCVISYN3A_0429	BSU06610	24.324	148	102	4	197	343	27	165	3.1	26.9
JCVISYN3A_0429	BSU40410	35.000	60	38	1	306	365	36	94	3.1	26.6
JCVISYN3A_0429	BSU30450	68.750	16	5	0	196	211	29	44	3.3	26.6
JCVISYN3A_0429	BSU02980	39.394	33	19	1	188	220	53	84	3.5	26.6
JCVISYN3A_0429	BSU07370	34.694	49	29	1	168	216	6	51	3.7	26.6
JCVISYN3A_0429	BSU32940	37.500	32	20	0	196	227	33	64	3.8	26.2
JCVISYN3A_0429	BSU27990	36.111	36	23	0	196	231	5	40	3.9	26.2
JCVISYN3A_0429	BSU11730	27.660	94	56	2	9	102	77	158	4.2	25.8
JCVISYN3A_0429	BSU40970	25.000	120	59	5	203	292	12	130	4.5	25.8
JCVISYN3A_0429	BSU37390	23.810	63	47	1	186	248	22	83	4.6	25.8
JCVISYN3A_0429	BSU24730	29.032	31	22	0	187	217	130	160	4.8	26.2
JCVISYN3A_0429	BSU07840	25.287	87	56	2	273	359	80	157	5.5	26.2
JCVISYN3A_0429	BSU03590	31.818	44	27	1	168	211	4	44	5.6	25.8
JCVISYN3A_0429	BSU26130	24.706	85	58	3	232	313	18	99	5.6	24.6
JCVISYN3A_0429	BSU28080	30.000	40	26	1	186	225	33	70	5.9	25.8
JCVISYN3A_0429	BSU02570	25.000	88	60	3	41	126	214	297	6.2	25.4
JCVISYN3A_0429	BSU22840	31.579	76	44	2	264	338	33	101	7.0	25.4
JCVISYN3A_0429	BSU09080	42.857	21	12	0	196	216	32	52	7.1	25.4
JCVISYN3A_0429	BSU14430	52.941	17	8	0	195	211	28	44	7.2	25.4
JCVISYN3A_0429	BSU03730	42.308	26	13	1	187	212	26	49	7.6	25.0
JCVISYN3A_0429	BSU05150	28.125	64	40	2	261	320	96	157	7.6	25.4
JCVISYN3A_0429	BSU09890	56.250	16	7	0	196	211	29	44	8.1	25.4
JCVISYN3A_0429	BSU07970	50.000	20	10	0	181	200	6	25	8.2	23.5
JCVISYN3A_0429	BSU07710	25.758	66	44	3	25	86	585	649	8.5	25.4
JCVISYN3A_0429	BSU23120	58.824	17	7	0	271	287	41	57	9.2	25.0
JCVISYN3A_0430	BSU15970	49.315	73	37	0	8	80	3	75	8.32e-16	64.7
JCVISYN3A_0430	BSU28410	32.353	68	38	2	22	89	9	68	0.002	32.0
JCVISYN3A_0430	BSU12560	38.095	42	26	0	24	65	113	154	0.025	29.6
JCVISYN3A_0430	BSU33790	26.316	38	28	0	20	57	4	41	0.062	28.1
JCVISYN3A_0430	BSU18310	21.429	56	44	0	19	74	1337	1392	0.29	26.9
JCVISYN3A_0430	BSU38560	35.135	37	24	0	7	43	266	302	0.33	26.9
JCVISYN3A_0430	BSU30880	33.333	39	26	0	17	55	369	407	0.97	25.4
JCVISYN3A_0430	BSU15640	38.776	49	18	2	8	44	314	362	1.0	25.4
JCVISYN3A_0430	BSU06700	35.556	45	13	1	42	86	25	53	2.1	24.3
JCVISYN3A_0430	BSU00980	30.435	46	31	1	23	68	163	207	3.8	23.5
JCVISYN3A_0430	BSU12600	23.158	95	55	2	9	93	158	244	3.8	23.5
JCVISYN3A_0430	BSU39430	36.111	36	18	1	27	57	2	37	3.9	23.5
JCVISYN3A_0430	BSU18230	25.397	63	36	1	34	96	153	204	6.1	23.1
JCVISYN3A_0430	BSU06960	29.091	55	29	1	17	61	291	345	8.4	22.7
JCVISYN3A_0430	BSU22440	26.562	64	44	1	33	96	13	73	8.8	22.7
JCVISYN3A_0430	BSU33030	31.250	48	17	1	42	89	25	56	8.8	22.7
JCVISYN3A_0430	BSU16470	35.417	48	26	2	25	71	202	245	8.8	22.7
JCVISYN3A_0430	BSU41000	30.769	52	30	1	25	70	17	68	9.0	22.3
JCVISYN3A_0430	BSU01730	40.984	61	30	4	11	68	123	180	9.5	22.3
JCVISYN3A_0431	BSU16970	41.473	258	150	1	1	257	1	258	3.73e-75	226
JCVISYN3A_0431	BSU00470	25.000	92	55	4	170	250	83	171	0.25	29.3
JCVISYN3A_0431	BSU12280	33.333	36	24	0	47	82	48	83	1.2	26.2
JCVISYN3A_0431	BSU23480	28.846	52	32	1	132	183	200	246	1.9	26.6
JCVISYN3A_0431	BSU17820	37.500	24	15	0	206	229	192	215	4.2	25.4
JCVISYN3A_0431	BSU16770	25.714	35	26	0	3	37	101	135	4.5	25.0
JCVISYN3A_0431	BSU14800	24.074	54	36	2	203	252	85	137	5.6	24.6
JCVISYN3A_0431	BSU29560	47.619	21	11	0	86	106	336	356	5.7	25.0
JCVISYN3A_0431	BSU33320	31.818	22	15	0	51	72	68	89	7.0	24.6
JCVISYN3A_0432	BSU30550	52.525	396	171	5	1	381	1	394	3.96e-151	430
JCVISYN3A_0432	BSU23920	30.986	71	45	1	222	288	175	245	0.016	33.9
JCVISYN3A_0432	BSU37790	25.000	72	48	2	70	135	22	93	1.1	28.1
JCVISYN3A_0432	BSU09530	30.508	59	34	3	193	249	229	282	1.2	27.7
JCVISYN3A_0432	BSU25530	45.000	20	11	0	121	140	178	197	5.6	25.8
JCVISYN3A_0432	BSU33380	33.333	48	28	2	284	331	154	197	8.7	25.0
JCVISYN3A_0433	BSU34140	25.455	55	41	0	98	152	228	282	0.16	29.3
JCVISYN3A_0433	BSU31530	31.579	57	38	1	132	187	38	94	3.3	25.4
JCVISYN3A_0433	BSU13370	25.000	52	39	0	61	112	81	132	3.6	25.4
JCVISYN3A_0433	BSU07120	21.831	142	96	3	10	150	1	128	3.8	25.4
JCVISYN3A_0433	BSU07680	44.444	27	15	0	100	126	20	46	6.7	23.5
JCVISYN3A_0433	BSU03200	37.500	24	15	0	149	172	34	57	9.1	23.9
JCVISYN3A_0433	BSU03910	30.000	40	26	1	156	193	313	352	9.5	24.3
JCVISYN3A_0434	BSU16130	49.140	407	201	4	1	403	1	405	6.03e-144	415
JCVISYN3A_0434	BSU41010	38.272	81	49	1	277	357	311	390	2.01e-08	53.1
JCVISYN3A_0434	BSU32630	34.783	46	26	1	7	52	6	47	0.29	30.0
JCVISYN3A_0434	BSU23140	21.875	96	70	2	10	100	249	344	1.3	28.1
JCVISYN3A_0434	BSU29120	41.667	24	14	0	3	26	6	29	2.4	26.9
JCVISYN3A_0434	BSU12270	26.126	111	60	5	296	397	35	132	3.1	26.2
JCVISYN3A_0434	BSU03300	46.429	28	15	0	3	30	146	173	4.5	26.6
JCVISYN3A_0434	BSU19020	38.710	31	19	0	3	33	24	54	5.5	26.2
JCVISYN3A_0434	BSU32200	36.842	38	22	1	2	37	141	178	6.7	25.8
JCVISYN3A_0434	BSU08090	42.308	26	15	0	7	32	175	200	7.5	25.4
JCVISYN3A_0434	BSU36900	36.667	30	19	0	37	66	15	44	7.8	25.4
JCVISYN3A_0434	BSU03320	42.857	28	16	0	3	30	146	173	9.4	25.4
JCVISYN3A_0434	BSU01640	26.829	82	49	3	215	286	243	323	9.6	25.4
JCVISYN3A_0434	BSU10140	28.261	46	27	1	3	42	6	51	9.9	25.0
JCVISYN3A_0435	BSU12020	39.683	315	168	10	4	303	6	313	1.10e-71	221
JCVISYN3A_0435	BSU35790	35.350	314	184	9	6	305	8	316	2.71e-66	207
JCVISYN3A_0435	BSU05870	36.943	314	179	12	4	303	5	313	1.01e-57	185
JCVISYN3A_0435	BSU04440	23.179	151	100	4	76	214	6	152	0.090	30.8
JCVISYN3A_0435	BSU23670	32.857	70	41	2	95	164	82	145	0.99	27.7
JCVISYN3A_0435	BSU30960	19.847	131	85	4	27	144	66	189	2.6	26.6
JCVISYN3A_0435	BSU18620	24.545	110	72	5	26	129	83	187	2.9	26.2
JCVISYN3A_0435	BSU10620	32.500	40	27	0	36	75	72	111	3.4	26.2
JCVISYN3A_0435	BSU12930	26.667	60	43	1	164	222	173	232	4.3	25.8
JCVISYN3A_0435	BSU14910	24.490	49	35	1	225	273	69	115	5.9	25.0
JCVISYN3A_0435	BSU31060	40.000	20	12	0	8	27	443	462	7.4	25.0
JCVISYN3A_0435	BSU27580	26.667	30	22	0	254	283	137	166	8.7	24.6
JCVISYN3A_0435	BSU40490	23.478	115	64	5	216	309	537	648	9.2	24.6
JCVISYN3A_0437	BSU09930	35.783	313	181	6	14	323	14	309	4.43e-58	187
JCVISYN3A_0437	BSU30270	24.516	155	94	5	84	225	130	274	0.19	30.0
JCVISYN3A_0437	BSU37600	26.761	71	40	2	138	203	41	104	0.41	28.9
JCVISYN3A_0437	BSU21460	29.545	88	52	2	23	104	20	103	0.95	26.9
JCVISYN3A_0437	BSU03860	20.930	129	73	3	196	324	136	235	1.0	27.7
JCVISYN3A_0437	BSU04090	25.714	70	49	1	48	114	178	247	1.2	27.3
JCVISYN3A_0437	BSU37790	54.167	24	10	1	198	220	239	262	2.4	26.6
JCVISYN3A_0437	BSU33580	26.316	38	28	0	120	157	53	90	4.1	25.4
JCVISYN3A_0437	BSU28900	44.444	27	15	0	277	303	154	180	4.4	25.4
JCVISYN3A_0437	BSU16960	36.585	41	15	2	189	229	357	386	5.3	25.4
JCVISYN3A_0437	BSU09920	26.582	79	51	3	38	113	281	355	5.5	25.8
JCVISYN3A_0438	BSU10030	39.259	135	78	2	2	132	6	140	1.67e-30	103
JCVISYN3A_0438	BSU04290	26.136	88	54	2	29	111	215	296	0.62	26.6
JCVISYN3A_0438	BSU39190	24.390	41	31	0	73	113	69	109	1.7	24.6
JCVISYN3A_0438	BSU13280	34.783	46	23	1	61	99	1	46	2.1	24.6
JCVISYN3A_0438	BSU06740	37.143	35	22	0	49	83	133	167	3.9	23.9
JCVISYN3A_0438	BSU28150	22.222	81	53	3	19	89	178	258	4.5	23.9
JCVISYN3A_0438	BSU17600	34.783	23	15	0	72	94	23	45	8.0	23.1
JCVISYN3A_0439	BSU23310	34.884	43	28	0	532	574	53	95	0.99	28.5
JCVISYN3A_0439	BSU20010	32.075	53	33	1	32	81	55	107	2.1	27.3
JCVISYN3A_0439	BSU36460	31.148	61	38	1	356	412	16	76	2.3	28.1
JCVISYN3A_0439	BSU06570	33.824	68	39	2	558	625	106	167	2.7	27.7
JCVISYN3A_0439	BSU01770	22.680	97	69	3	313	403	331	427	2.8	27.7
JCVISYN3A_0439	BSU03480	20.000	80	64	0	567	646	58	137	3.4	27.7
JCVISYN3A_0439	BSU01080	25.893	112	68	4	548	659	511	607	5.2	26.9
JCVISYN3A_0439	BSU01845	31.250	96	51	4	37	125	369	456	5.6	26.9
JCVISYN3A_0439	BSU06970	46.667	30	16	0	287	316	201	230	6.6	26.6
JCVISYN3A_0439	BSU09300	34.000	50	24	2	51	91	496	545	8.2	26.2
JCVISYN3A_0439	BSU05370	30.986	71	42	2	67	133	295	362	8.9	26.2
JCVISYN3A_0439	BSU40150	42.857	28	14	1	361	386	143	170	9.7	25.8
JCVISYN3A_0440	BSU22680	25.000	72	46	1	822	885	85	156	4.2	27.7
JCVISYN3A_0440	BSU30630	40.000	40	20	1	392	427	112	151	4.6	26.9
JCVISYN3A_0440	BSU23330	68.750	16	5	0	471	486	30	45	5.1	25.8
JCVISYN3A_0440	BSU11960	31.507	73	46	1	352	424	91	159	5.2	26.9
JCVISYN3A_0440	BSU28020	33.333	51	31	1	150	197	53	103	6.4	26.9
JCVISYN3A_0440	BSU22110	23.301	103	71	2	873	967	120	222	7.1	26.9
JCVISYN3A_0440	BSU33840	30.769	52	33	1	154	202	83	134	9.1	26.2
JCVISYN3A_0441	BSU32690	37.284	405	242	7	8	408	6	402	5.39e-92	280
JCVISYN3A_0441	BSU27880	23.678	397	254	13	21	398	1	367	1.88e-18	83.2
JCVISYN3A_0441	BSU27510	23.704	405	233	13	22	394	4	364	1.47e-17	80.5
JCVISYN3A_0441	BSU29590	27.200	250	175	6	21	269	1	244	1.57e-17	80.5
JCVISYN3A_0441	BSU02660	23.529	306	204	13	1	301	1	281	2.04e-11	61.6
JCVISYN3A_0441	BSU17440	27.119	118	68	4	96	198	94	208	3.75e-05	42.4
JCVISYN3A_0441	BSU32520	23.478	115	85	2	102	216	79	190	3.10e-04	39.3
JCVISYN3A_0441	BSU09570	25.161	155	88	7	59	197	69	211	5.06e-04	38.5
JCVISYN3A_0441	BSU14000	22.581	124	85	5	78	198	85	200	0.054	32.3
JCVISYN3A_0441	BSU31400	22.764	123	75	5	84	198	91	201	0.30	30.0
JCVISYN3A_0441	BSU11880	34.615	52	26	1	141	184	112	163	0.52	29.3
JCVISYN3A_0441	BSU37890	23.256	129	84	6	76	203	49	163	0.62	28.9
JCVISYN3A_0441	BSU38160	45.455	33	18	0	75	107	88	120	0.87	28.5
JCVISYN3A_0441	BSU10020	36.538	52	31	1	190	241	162	211	0.94	28.1
JCVISYN3A_0441	BSU35730	26.667	90	60	3	111	194	556	645	1.3	28.1
JCVISYN3A_0441	BSU12000	40.000	35	20	1	305	339	485	518	1.4	27.7
JCVISYN3A_0441	BSU00070	25.862	58	37	1	347	404	349	400	2.8	26.9
JCVISYN3A_0441	BSU22370	23.729	118	82	5	83	198	91	202	3.3	26.6
JCVISYN3A_0441	BSU18230	25.000	48	36	0	287	334	84	131	3.7	26.2
JCVISYN3A_0441	BSU11710	29.808	104	49	6	213	303	82	174	4.1	26.2
JCVISYN3A_0441	BSU04820	41.935	31	18	0	252	282	4	34	5.3	25.0
JCVISYN3A_0441	BSU11820	39.535	43	25	1	176	217	352	394	5.7	25.8
JCVISYN3A_0442	BSU32680	25.191	131	96	1	7	137	8	136	1.57e-17	71.2
JCVISYN3A_0442	BSU10400	37.037	27	17	0	72	98	118	144	1.5	25.4
JCVISYN3A_0442	BSU05580	27.381	84	42	3	15	82	108	188	2.1	25.0
JCVISYN3A_0442	BSU19870	42.424	33	12	1	67	92	57	89	4.1	23.9
JCVISYN3A_0442	BSU34770	50.000	20	10	0	10	29	155	174	4.2	24.3
JCVISYN3A_0442	BSU05060	30.508	59	34	2	44	100	79	132	6.2	23.5
JCVISYN3A_0443	BSU24890	26.389	144	97	4	45	183	44	183	1.21e-06	43.9
JCVISYN3A_0443	BSU34570	31.481	54	31	3	122	173	61	110	0.88	26.9
JCVISYN3A_0443	BSU32550	31.111	45	31	0	68	112	125	169	1.2	26.6
JCVISYN3A_0443	BSU17220	55.556	18	7	1	88	105	212	228	1.7	26.2
JCVISYN3A_0443	BSU30830	23.684	38	27	1	86	123	326	361	2.4	25.4
JCVISYN3A_0443	BSU08240	32.609	46	26	1	108	148	177	222	2.8	25.4
JCVISYN3A_0443	BSU36300	31.250	32	19	1	33	61	10	41	4.0	24.6
JCVISYN3A_0443	BSU38810	28.205	39	28	0	74	112	132	170	4.3	24.6
JCVISYN3A_0443	BSU15200	35.294	51	28	2	91	139	318	365	6.9	24.3
JCVISYN3A_0443	BSU06690	27.586	29	21	0	144	172	215	243	8.2	23.9
JCVISYN3A_0443	BSU35280	27.027	37	27	0	53	89	12	48	8.4	23.9
JCVISYN3A_0443	BSU18310	50.000	20	10	0	53	72	333	352	8.6	23.9
JCVISYN3A_0444	BSU40960	25.253	99	44	3	36	115	134	221	0.67	29.3
JCVISYN3A_0444	BSU18130	40.625	32	19	0	137	168	124	155	1.5	28.5
JCVISYN3A_0444	BSU16400	25.316	79	51	2	192	262	252	330	1.5	28.5
JCVISYN3A_0444	BSU17210	25.000	100	41	3	546	628	1096	1178	3.5	27.3
JCVISYN3A_0444	BSU02610	34.286	35	23	0	492	526	60	94	4.0	26.9
JCVISYN3A_0444	BSU29940	21.795	78	61	0	241	318	134	211	6.0	26.2
JCVISYN3A_0444	BSU28710	22.105	95	68	2	391	481	418	510	6.9	26.2
JCVISYN3A_0444	BSU33200	22.449	49	38	0	118	166	231	279	7.9	25.8
JCVISYN3A_0445	BSU31350	48.636	440	206	5	6	427	1	438	1.99e-150	431
JCVISYN3A_0445	BSU39029	30.488	82	56	1	169	249	1	82	0.008	33.9
JCVISYN3A_0445	BSU29610	21.538	65	49	2	318	381	262	325	0.96	28.5
JCVISYN3A_0445	BSU29190	44.737	38	21	0	51	88	77	114	0.96	28.1
JCVISYN3A_0445	BSU03510	32.184	87	44	4	241	319	901	980	2.0	27.7
JCVISYN3A_0445	BSU39230	36.111	36	23	0	156	191	1774	1809	2.8	26.9
JCVISYN3A_0445	BSU08230	27.273	55	39	1	352	405	68	122	3.8	25.8
JCVISYN3A_0445	BSU20810	36.111	36	22	1	272	306	56	91	4.2	26.2
JCVISYN3A_0445	BSU19450	48.000	25	13	0	60	84	222	246	5.3	25.8
JCVISYN3A_0445	BSU39320	25.581	43	27	1	343	380	71	113	5.9	25.0
JCVISYN3A_0445	BSU37100	32.308	65	37	2	72	135	108	166	6.5	25.8
JCVISYN3A_0445	BSU02430	34.211	38	24	1	103	140	28	64	7.2	25.4
JCVISYN3A_0445	BSU39740	38.000	50	27	3	71	117	234	282	7.3	25.4
JCVISYN3A_0447	BSU14320	37.500	40	24	1	46	84	94	133	0.16	28.9
JCVISYN3A_0447	BSU12000	36.667	30	18	1	35	63	485	514	1.3	26.2
JCVISYN3A_0447	BSU35100	40.000	40	23	1	66	105	14	52	2.4	24.6
JCVISYN3A_0447	BSU25130	36.364	33	21	0	70	102	63	95	2.8	25.0
JCVISYN3A_0447	BSU21650	27.523	109	58	6	12	109	82	180	3.0	24.6
JCVISYN3A_0447	BSU10810	26.471	34	25	0	133	166	46	79	3.3	24.6
JCVISYN3A_0447	BSU16880	33.333	36	23	1	20	54	13	48	3.9	23.5
JCVISYN3A_0447	BSU30260	41.935	31	9	1	31	52	201	231	7.1	23.9
JCVISYN3A_0447	BSU35030	45.455	22	12	0	99	120	3	24	7.7	23.5
JCVISYN3A_0447	BSU26030	47.368	19	10	0	8	26	862	880	7.8	23.9
JCVISYN3A_0448	BSU28650	34.615	260	151	8	1	253	1	248	4.53e-47	154
JCVISYN3A_0448	BSU00960	25.121	207	127	7	68	251	39	240	7.44e-14	66.2
JCVISYN3A_0448	BSU07480	40.741	54	19	3	93	141	26	71	2.0	26.6
JCVISYN3A_0448	BSU21040	41.860	43	19	3	172	211	508	547	2.4	26.2
JCVISYN3A_0448	BSU13360	43.478	23	13	0	228	250	66	88	4.4	25.0
JCVISYN3A_0448	BSU17000	33.333	57	36	2	36	92	293	347	6.0	25.0
JCVISYN3A_0451	BSU03910	31.839	446	287	6	19	453	5	444	1.05e-75	241
JCVISYN3A_0451	BSU38830	30.330	455	303	7	5	450	8	457	6.59e-66	216
JCVISYN3A_0451	BSU02470	32.426	441	284	6	18	447	26	463	6.70e-65	214
JCVISYN3A_0451	BSU03210	30.022	463	298	10	4	448	37	491	6.37e-64	212
JCVISYN3A_0451	BSU37780	30.612	441	287	8	3	429	36	471	3.18e-62	207
JCVISYN3A_0451	BSU19310	31.557	488	296	14	5	470	21	492	6.47e-61	204
JCVISYN3A_0451	BSU39760	31.158	475	310	9	3	465	6	475	8.88e-61	203
JCVISYN3A_0451	BSU07350	29.748	437	300	4	18	450	24	457	4.86e-60	201
JCVISYN3A_0451	BSU31060	36.061	330	188	5	137	450	137	459	4.65e-58	196
JCVISYN3A_0451	BSU39860	28.352	455	284	16	38	469	6	441	1.59e-38	142
JCVISYN3A_0451	BSU37960	26.437	435	290	10	50	468	9	429	3.76e-36	135
JCVISYN3A_0451	BSU13130	21.739	184	131	5	155	329	126	305	0.003	36.6
JCVISYN3A_0451	BSU36750	35.714	42	27	0	422	463	252	293	1.3	28.1
JCVISYN3A_0451	BSU17190	61.111	18	7	0	373	390	2547	2564	2.1	27.7
JCVISYN3A_0451	BSU06770	30.000	90	60	1	203	292	163	249	2.4	27.3
JCVISYN3A_0451	BSU40620	35.135	37	24	0	320	356	156	192	2.6	26.9
JCVISYN3A_0451	BSU31210	34.118	85	44	5	371	447	104	184	3.3	26.6
JCVISYN3A_0451	BSU15300	32.308	65	27	2	158	222	366	413	3.8	26.9
JCVISYN3A_0451	BSU16950	40.625	32	18	1	1	31	301	332	4.6	26.2
JCVISYN3A_0451	BSU23370	25.714	70	42	2	280	341	162	229	5.5	25.8
JCVISYN3A_0451	BSU10840	37.500	32	20	0	116	147	182	213	7.7	25.4
JCVISYN3A_0451	BSU38500	37.500	24	13	1	148	171	191	212	8.3	25.4
JCVISYN3A_0451	BSU28590	44.000	25	14	0	388	412	481	505	8.6	25.4
JCVISYN3A_0451	BSU22110	30.189	53	32	3	319	368	137	187	9.0	25.4
JCVISYN3A_0452	BSU18090	56.250	640	275	4	7	642	9	647	0.0	714
JCVISYN3A_0452	BSU00060	50.551	635	300	10	3	629	4	632	0.0	610
JCVISYN3A_0452	BSU06820	38.710	31	19	0	518	548	143	173	3.6	27.3
JCVISYN3A_0452	BSU28930	38.095	42	21	2	44	80	480	521	3.7	27.3
JCVISYN3A_0452	BSU09830	25.926	81	46	2	172	252	130	196	3.9	26.9
JCVISYN3A_0452	BSU26430	29.762	84	44	2	78	151	60	138	7.6	25.8
JCVISYN3A_0453	BSU18100	44.295	745	407	4	11	749	11	753	0.0	641
JCVISYN3A_0453	BSU00070	38.622	769	452	11	20	775	22	783	9.33e-168	506
JCVISYN3A_0453	BSU00070	24.272	103	77	1	595	696	703	805	2.28e-05	44.7
JCVISYN3A_0453	BSU13030	32.812	64	37	2	825	888	10	67	0.32	30.4
JCVISYN3A_0453	BSU27030	36.508	63	32	3	397	458	593	648	0.77	30.0
JCVISYN3A_0453	BSU05740	28.395	81	53	2	684	761	170	248	1.2	29.3
JCVISYN3A_0453	BSU32480	45.161	31	14	1	100	127	626	656	1.2	29.3
JCVISYN3A_0453	BSU26910	32.609	46	30	1	827	871	44	89	2.0	28.5
JCVISYN3A_0453	BSU18340	22.280	193	122	6	335	515	2097	2273	3.4	28.1
JCVISYN3A_0453	BSU29850	60.870	23	9	0	364	386	125	147	4.6	26.6
JCVISYN3A_0453	BSU23850	37.143	35	19	1	703	737	361	392	9.7	26.6
JCVISYN3A_0453	BSU15700	30.208	96	41	6	668	751	249	330	9.7	26.2
JCVISYN3A_0453	BSU39250	44.444	27	15	0	278	304	56	82	9.9	25.8
JCVISYN3A_0475	BSU03050	45.928	307	164	2	1	306	2	307	1.02e-91	273
JCVISYN3A_0475	BSU29120	37.538	325	171	9	1	310	1	308	6.53e-58	186
JCVISYN3A_0475	BSU08180	29.167	96	50	3	194	286	292	372	0.21	30.0
JCVISYN3A_0475	BSU24100	21.320	197	125	7	6	179	2	191	1.2	27.7
JCVISYN3A_0475	BSU36270	21.250	80	63	0	1	80	356	435	1.9	26.9
JCVISYN3A_0475	BSU17320	55.556	18	8	0	32	49	31	48	3.1	25.4
JCVISYN3A_0475	BSU33730	60.000	20	8	0	296	315	175	194	4.3	25.8
JCVISYN3A_0475	BSU26370	32.000	50	25	2	1	44	1	47	4.5	25.4
JCVISYN3A_0475	BSU36230	41.026	39	19	2	75	112	77	112	5.6	25.4
JCVISYN3A_0475	BSU30340	19.417	103	74	2	96	192	9	108	6.1	25.0
JCVISYN3A_0475	BSU33480	25.641	78	41	3	178	240	34	109	6.6	25.0
JCVISYN3A_0475	BSU06130	44.000	25	14	0	63	87	62	86	6.8	24.3
JCVISYN3A_0475	BSU08330	27.143	70	41	2	102	161	294	363	7.4	25.0
JCVISYN3A_0475	BSU39540	23.276	116	78	4	39	144	82	196	8.9	24.6
JCVISYN3A_0475	BSU05970	60.000	15	6	0	8	22	88	102	9.8	24.3
JCVISYN3A_0478	BSU15650	27.692	65	46	1	5	69	786	849	1.2	26.6
JCVISYN3A_0478	BSU01800	24.286	70	46	2	44	106	234	303	4.3	24.6
JCVISYN3A_0478	BSU03220	32.500	40	22	1	110	144	283	322	4.9	24.6
JCVISYN3A_0478	BSU27620	31.915	47	31	1	117	163	705	750	4.9	24.6
JCVISYN3A_0478	BSU31289	33.333	45	25	2	145	188	4	44	5.2	22.7
JCVISYN3A_0478	BSU11080	41.176	17	10	0	46	62	169	185	6.3	23.9
JCVISYN3A_0479	BSU37940	23.784	185	107	6	237	417	110	264	0.048	33.1
JCVISYN3A_0479	BSU32110	20.482	83	55	2	120	202	114	185	0.65	29.3
JCVISYN3A_0479	BSU37310	30.645	62	35	1	381	434	168	229	1.4	28.1
JCVISYN3A_0479	BSU38630	31.250	48	31	1	255	302	353	398	1.4	28.5
JCVISYN3A_0479	BSU04930	30.952	42	29	0	179	220	120	161	1.5	27.7
JCVISYN3A_0479	BSU21910	23.894	113	75	2	43	154	131	233	1.8	27.7
JCVISYN3A_0479	BSU35820	27.536	69	45	2	46	111	256	322	3.8	26.9
JCVISYN3A_0479	BSU17840	24.000	75	41	2	152	222	67	129	5.0	25.8
JCVISYN3A_0479	BSU16400	34.545	55	35	1	72	126	239	292	6.3	26.2
JCVISYN3A_0481	BSU04310	47.826	23	12	0	1	23	1	23	0.51	26.9
JCVISYN3A_0481	BSU07550	28.169	71	48	2	36	106	45	112	0.91	25.4
JCVISYN3A_0481	BSU18450	44.444	36	18	1	62	95	1430	1465	1.2	26.2
JCVISYN3A_0481	BSU04170	33.333	63	27	2	20	82	55	102	1.5	25.4
JCVISYN3A_0481	BSU34950	60.000	15	6	0	1	15	1	15	1.9	25.0
JCVISYN3A_0481	BSU18830	50.000	30	14	1	69	98	623	651	3.4	24.6
JCVISYN3A_0481	BSU14350	34.722	72	40	2	73	144	122	186	5.0	23.9
JCVISYN3A_0481	BSU31960	25.373	67	44	1	60	126	1229	1289	5.3	24.3
JCVISYN3A_0481	BSU12160	25.862	58	43	0	40	97	27	84	5.6	23.9
JCVISYN3A_0481	BSU29180	28.571	70	36	3	78	133	171	240	6.9	23.5
JCVISYN3A_0481	BSU31540	52.632	19	9	0	13	31	12	30	7.5	23.5
JCVISYN3A_0481	BSU03000	23.729	59	36	1	72	130	139	188	8.1	23.1
JCVISYN3A_0481	BSU30360	27.465	142	81	5	2	127	37	172	8.8	23.1
JCVISYN3A_0481	BSU15430	22.785	79	58	1	37	112	774	852	8.8	23.5
JCVISYN3A_0481	BSU39300	37.838	37	22	1	102	138	10	45	9.1	23.1
JCVISYN3A_0481	BSU35830	29.268	41	29	0	49	89	192	232	9.6	23.1
JCVISYN3A_0481	BSU03230	32.727	55	31	2	64	117	137	186	9.8	23.1
JCVISYN3A_0482	BSU25410	39.474	38	21	1	1	36	1	38	3.08e-04	31.6
JCVISYN3A_0482	BSU21110	34.211	38	25	0	8	45	187	224	1.1	23.1
JCVISYN3A_0482	BSU05540	40.000	30	18	0	5	34	173	202	1.3	23.1
JCVISYN3A_0482	BSU05040	28.571	56	38	1	1	54	278	333	1.8	22.7
JCVISYN3A_0482	BSU22660	57.143	14	6	0	6	19	156	169	3.0	21.9
JCVISYN3A_0482	BSU18510	28.571	56	37	2	1	53	18	73	3.1	21.9
JCVISYN3A_0482	BSU23870	31.579	38	26	0	2	39	252	289	3.7	21.6
JCVISYN3A_0482	BSU15750	61.538	13	5	0	6	18	99	111	3.8	21.6
JCVISYN3A_0482	BSU12010	35.714	56	27	3	1	50	77	129	5.0	21.6
JCVISYN3A_0482	BSU33750	55.556	18	8	0	36	53	121	138	5.4	21.2
JCVISYN3A_0482	BSU32000	50.000	18	9	0	17	34	43	60	6.0	21.2
JCVISYN3A_0482	BSU17220	38.095	21	13	0	1	21	1189	1209	7.0	21.2
JCVISYN3A_0482	BSU40920	45.000	20	11	0	4	23	132	151	8.4	20.8
JCVISYN3A_0482	BSU40910	40.909	22	13	0	8	29	15	36	8.7	20.4
JCVISYN3A_0482	BSU18100	42.105	19	11	0	7	25	185	203	9.7	20.8
JCVISYN3A_0154	BSU32050	39.623	371	204	11	90	445	120	485	2.09e-70	228
JCVISYN3A_0154	BSU12310	22.897	214	134	8	8	194	227	436	0.51	29.3
JCVISYN3A_0154	BSU29580	24.590	61	45	1	292	351	132	192	2.2	27.3
JCVISYN3A_0154	BSU38460	29.412	51	35	1	255	304	233	283	2.4	27.3
JCVISYN3A_0154	BSU37100	21.591	88	60	2	305	387	344	427	2.7	26.9
JCVISYN3A_0154	BSU35480	34.146	41	25	1	386	426	155	193	5.0	26.2
JCVISYN3A_0493	BSU29980	31.144	472	286	18	5	449	4	463	3.50e-59	197
JCVISYN3A_0493	BSU19710	36.207	58	37	0	77	134	94	151	4.94e-07	48.5
JCVISYN3A_0493	BSU19710	29.231	65	39	3	373	433	344	405	6.4	25.8
JCVISYN3A_0493	BSU15350	28.226	124	80	3	21	136	17	139	6.00e-07	48.1
JCVISYN3A_0493	BSU38390	26.087	69	47	1	227	291	161	229	0.27	30.0
JCVISYN3A_0493	BSU23910	24.294	177	82	6	85	218	75	242	0.39	29.6
JCVISYN3A_0493	BSU07050	48.485	33	15	1	59	89	418	450	0.39	29.6
JCVISYN3A_0493	BSU26870	25.385	130	75	6	145	263	38	156	0.44	29.3
JCVISYN3A_0493	BSU32610	26.506	83	52	2	371	448	2	80	2.0	27.3
JCVISYN3A_0493	BSU14190	30.000	70	38	3	183	243	199	266	3.1	26.9
JCVISYN3A_0493	BSU08520	31.373	51	32	2	188	238	43	90	4.3	26.2
JCVISYN3A_0493	BSU27900	27.059	85	52	2	11	85	98	182	4.3	26.2
JCVISYN3A_0493	BSU35340	62.500	16	6	0	223	238	51	66	4.7	26.2
JCVISYN3A_0493	BSU16240	24.138	58	44	0	136	193	299	356	6.3	25.8
JCVISYN3A_0494	BSU11660	25.510	98	68	3	115	211	86	179	2.55e-04	37.7
JCVISYN3A_0494	BSU00810	28.125	64	43	2	148	210	167	228	0.002	35.0
JCVISYN3A_0494	BSU00110	37.255	51	30	1	163	211	188	238	0.004	34.3
JCVISYN3A_0494	BSU26800	21.469	177	123	6	44	215	76	241	0.029	32.0
JCVISYN3A_0494	BSU15540	33.333	42	28	0	169	210	224	265	0.090	30.4
JCVISYN3A_0494	BSU32130	38.462	39	24	0	171	209	193	231	0.18	29.3
JCVISYN3A_0494	BSU32130	27.500	40	29	0	169	208	129	168	2.6	25.8
JCVISYN3A_0494	BSU00090	25.735	136	91	4	81	209	233	365	0.27	28.9
JCVISYN3A_0494	BSU12980	34.286	35	23	0	165	199	224	258	0.86	27.3
JCVISYN3A_0494	BSU30780	39.286	28	16	1	105	132	166	192	1.3	26.9
JCVISYN3A_0494	BSU25200	34.884	43	28	0	169	211	228	270	1.7	26.6
JCVISYN3A_0494	BSU36190	31.818	44	24	1	93	130	538	581	1.9	26.2
JCVISYN3A_0494	BSU19050	22.727	88	64	2	71	158	142	225	3.2	25.4
JCVISYN3A_0494	BSU28120	29.268	41	25	1	158	194	181	221	3.4	25.4
JCVISYN3A_0494	BSU15220	28.947	76	46	5	113	185	20	90	3.8	25.4
JCVISYN3A_0494	BSU19000	31.818	66	41	2	42	103	21	86	5.3	25.0
JCVISYN3A_0494	BSU20350	25.362	138	63	7	92	226	342	442	6.4	24.6
JCVISYN3A_0494	BSU17120	33.333	42	22	1	168	209	528	563	6.6	24.6
JCVISYN3A_0494	BSU17040	27.273	99	59	4	68	165	480	566	6.9	24.6
JCVISYN3A_0494	BSU20340	22.148	149	92	3	78	208	555	697	7.3	24.6
JCVISYN3A_0494	BSU38510	25.490	51	27	1	158	208	158	197	7.5	24.3
JCVISYN3A_0494	BSU09780	32.353	34	23	0	154	187	124	157	9.1	24.3
JCVISYN3A_0495	BSU17590	33.333	132	72	5	39	162	118	241	3.13e-10	57.0
JCVISYN3A_0495	BSU24850	27.036	307	184	9	7	279	6	306	9.21e-10	55.5
JCVISYN3A_0495	BSU05860	27.397	146	95	7	9	149	4	143	1.61e-04	39.3
JCVISYN3A_0495	BSU31000	22.619	84	61	1	79	162	10	89	0.73	27.3
JCVISYN3A_0495	BSU25430	27.778	36	26	0	188	223	15	50	1.0	27.7
JCVISYN3A_0495	BSU12160	36.667	30	19	0	115	144	215	244	3.1	26.2
JCVISYN3A_0495	BSU40510	27.143	70	49	1	73	142	204	271	4.6	25.8
JCVISYN3A_0495	BSU30650	27.083	48	35	0	175	222	16	63	7.1	24.3
JCVISYN3A_0495	BSU10120	23.288	73	49	2	18	88	44	111	7.5	24.6
JCVISYN3A_0495	BSU35240	38.235	34	19	1	86	119	281	312	7.8	25.0
JCVISYN3A_0495	BSU35320	38.889	36	14	1	30	57	14	49	8.2	23.9
JCVISYN3A_0495	BSU40760	31.034	87	54	4	169	254	34	115	8.8	24.3
JCVISYN3A_0499	BSU27940	77.273	88	20	0	5	92	4	91	1.25e-46	141
JCVISYN3A_0499	BSU40510	42.857	35	16	1	58	88	287	321	1.9	24.3
JCVISYN3A_0499	BSU05950	52.174	23	9	1	60	80	35	57	2.6	23.9
JCVISYN3A_0499	BSU10630	30.357	56	30	2	12	64	1012	1061	5.2	22.7
JCVISYN3A_0499	BSU30560	45.833	24	13	0	54	77	216	239	5.4	22.7
JCVISYN3A_0499	BSU05610	36.364	33	21	0	6	38	219	251	7.7	22.3
JCVISYN3A_0499	BSU33990	32.000	25	17	0	36	60	194	218	8.1	22.3
JCVISYN3A_0500	BSU27950	32.710	107	65	3	1	100	1	107	1.48e-13	58.5
JCVISYN3A_0500	BSU06630	42.424	33	16	2	27	59	340	369	2.4	24.3
JCVISYN3A_0500	BSU03490	40.000	25	15	0	34	58	1926	1950	5.8	23.1
JCVISYN3A_0500	BSU29010	25.581	43	32	0	46	88	77	119	7.0	22.3
JCVISYN3A_0500	BSU02770	44.444	27	11	1	25	51	35	57	8.9	22.3
JCVISYN3A_0500	BSU34220	32.143	28	19	0	74	101	158	185	9.3	22.3
JCVISYN3A_0501	BSU27960	57.843	102	40	1	1	99	1	102	9.00e-37	117
JCVISYN3A_0501	BSU30850	40.625	32	18	1	67	98	81	111	1.2	24.6
JCVISYN3A_0501	BSU08580	41.176	17	10	0	70	86	16	32	1.4	24.3
JCVISYN3A_0501	BSU24080	42.424	33	19	0	36	68	224	256	1.6	24.6
JCVISYN3A_0501	BSU08270	31.034	29	20	0	45	73	206	234	2.7	23.9
JCVISYN3A_0501	BSU23480	47.619	21	10	1	8	27	99	119	3.0	23.5
JCVISYN3A_0501	BSU33710	33.333	48	30	2	10	56	252	298	3.3	23.5
JCVISYN3A_0503	BSU07940	29.762	84	45	4	11	92	84	155	0.056	29.3
JCVISYN3A_0503	BSU01720	39.024	41	23	1	11	51	53	91	1.6	25.0
JCVISYN3A_0503	BSU19000	20.968	62	45	1	4	61	279	340	3.0	24.6
JCVISYN3A_0503	BSU13180	34.483	29	19	0	101	129	637	665	4.5	23.9
JCVISYN3A_0503	BSU37330	34.211	38	24	1	20	56	480	517	8.0	23.1
JCVISYN3A_0503	BSU15200	35.849	53	32	2	5	56	281	332	8.9	23.1
JCVISYN3A_0504	BSU00360	34.138	290	179	6	8	293	11	292	2.19e-51	167
JCVISYN3A_0504	BSU24580	23.392	171	72	5	130	250	219	380	0.41	28.9
JCVISYN3A_0504	BSU30010	32.075	53	29	2	1	53	135	180	1.6	26.9
JCVISYN3A_0504	BSU35250	56.250	16	7	0	154	169	93	108	1.6	26.9
JCVISYN3A_0504	BSU13770	31.579	38	22	1	155	192	39	72	2.2	26.2
JCVISYN3A_0504	BSU21710	36.000	25	16	0	161	185	258	282	2.6	26.2
JCVISYN3A_0504	BSU12680	29.091	55	37	1	241	295	127	179	5.9	25.4
JCVISYN3A_0504	BSU35340	22.131	122	70	3	75	191	395	496	6.0	25.4
JCVISYN3A_0504	BSU16600	29.545	44	28	1	31	74	286	326	6.2	25.0
JCVISYN3A_0504	BSU06950	29.167	48	34	0	138	185	389	436	6.6	25.0
JCVISYN3A_0504	BSU36830	19.000	100	74	3	159	254	180	276	8.1	24.6
JCVISYN3A_0930	BSU00990	40.816	49	27	1	1	47	1	49	6.32e-08	40.4
JCVISYN3A_0930	BSU24900	36.735	49	29	1	1	47	1	49	7.01e-04	30.4
JCVISYN3A_0930	BSU23836	34.146	41	25	2	9	47	1	41	0.32	23.5
JCVISYN3A_0930	BSU27220	57.143	14	6	0	3	16	95	108	0.88	23.1
JCVISYN3A_0930	BSU26800	53.846	13	6	0	34	46	240	252	4.1	21.2
JCVISYN3A_0930	BSU22080	39.130	23	14	0	20	42	93	115	4.9	21.2
JCVISYN3A_0930	BSU18979	33.333	30	20	0	15	44	4	33	6.0	20.8
JCVISYN3A_0930	BSU23850	100.000	6	0	0	33	38	406	411	6.5	20.8
JCVISYN3A_0930	BSU05900	21.739	23	18	0	13	35	184	206	9.0	20.4
JCVISYN3A_0930	BSU33100	40.000	25	15	0	23	47	91	115	9.9	20.0
JCVISYN3A_0505	BSU27830	33.962	53	34	1	211	263	133	184	0.045	31.6
JCVISYN3A_0505	BSU22680	23.810	168	81	6	194	324	187	344	0.29	29.6
JCVISYN3A_0505	BSU21920	25.676	74	36	3	252	309	13	83	0.54	28.9
JCVISYN3A_0505	BSU38970	34.000	50	30	1	32	81	129	175	0.76	28.1
JCVISYN3A_0505	BSU28340	31.667	60	36	2	65	124	43	97	1.8	26.9
JCVISYN3A_0505	BSU10930	25.926	54	37	1	158	208	7	60	3.5	26.2
JCVISYN3A_0505	BSU08800	20.588	68	43	3	165	221	384	451	3.8	26.2
JCVISYN3A_0505	BSU17190	37.931	29	18	0	311	339	2820	2848	4.3	26.2
JCVISYN3A_0505	BSU24870	36.364	33	21	0	243	275	419	451	7.4	25.4
JCVISYN3A_0511	BSU31500	27.778	36	24	1	135	170	59	92	4.8	24.3
JCVISYN3A_0511	BSU06760	26.087	46	34	0	5	50	581	626	6.3	24.6
JCVISYN3A_0512	BSU09540	25.472	212	132	10	70	273	2	195	5.97e-12	60.8
JCVISYN3A_0512	BSU24150	42.308	26	15	0	235	260	266	291	0.96	27.7
JCVISYN3A_0512	BSU30220	34.884	43	22	2	204	244	311	349	5.8	25.4
JCVISYN3A_0512	BSU18100	39.024	41	21	1	278	314	426	466	6.8	25.4
JCVISYN3A_0512	BSU00400	30.303	66	35	3	75	139	143	198	8.3	25.0
JCVISYN3A_0512	BSU29290	37.209	43	26	1	266	308	2	43	9.8	24.6
JCVISYN3A_0513	BSU04620	37.273	110	58	4	1	99	1	110	3.64e-14	60.8
JCVISYN3A_0513	BSU03570	31.481	54	35	1	5	58	104	155	0.021	30.0
JCVISYN3A_0513	BSU09165	54.545	22	10	0	58	79	79	100	0.044	29.3
JCVISYN3A_0513	BSU30070	30.303	66	38	1	5	62	327	392	0.95	25.4
JCVISYN3A_0513	BSU15410	40.625	32	19	0	6	37	62	93	0.95	25.4
JCVISYN3A_0513	BSU16710	29.851	67	34	3	10	75	331	385	3.4	23.9
JCVISYN3A_0513	BSU35000	25.806	62	45	1	23	83	52	113	5.6	23.1
JCVISYN3A_0513	BSU12750	43.750	16	9	0	68	83	345	360	9.8	22.3
JCVISYN3A_0515	BSU25580	31.288	163	94	6	5	160	1	152	9.19e-20	78.6
JCVISYN3A_0515	BSU23280	31.746	126	52	6	10	125	1	102	5.71e-08	47.8
JCVISYN3A_0515	BSU00180	31.148	61	36	2	71	125	45	105	0.008	32.0
JCVISYN3A_0515	BSU13170	35.849	53	29	1	77	124	51	103	0.015	31.2
JCVISYN3A_0515	BSU17640	31.250	48	29	2	17	60	257	304	2.5	25.0
JCVISYN3A_0515	BSU06070	34.615	26	17	0	91	116	56	81	2.6	25.0
JCVISYN3A_0515	BSU37040	35.000	40	25	1	63	101	33	72	5.6	23.9
JCVISYN3A_0515	BSU38920	34.615	26	17	0	119	144	373	398	6.0	23.9
JCVISYN3A_0515	BSU17190	23.171	82	47	2	84	152	2268	2346	6.7	23.9
JCVISYN3A_0515	BSU21409	53.333	15	7	0	29	43	2	16	8.1	22.3
JCVISYN3A_0516	BSU24870	33.333	87	50	2	151	237	173	251	0.003	36.6
JCVISYN3A_0516	BSU21350	30.612	49	34	0	17	65	1824	1872	0.26	30.4
JCVISYN3A_0516	BSU09650	35.849	53	32	2	55	106	75	126	0.77	28.5
JCVISYN3A_0516	BSU02760	25.758	132	79	4	162	293	181	293	1.1	28.1
JCVISYN3A_0516	BSU34265	31.148	61	29	2	214	263	140	198	2.4	27.3
JCVISYN3A_0516	BSU30390	25.581	43	31	1	52	94	108	149	5.0	26.2
JCVISYN3A_0516	BSU31130	30.172	116	55	8	283	381	77	183	5.8	25.8
JCVISYN3A_0516	BSU21920	50.000	16	8	0	204	219	64	79	6.8	25.8
JCVISYN3A_0516	BSU36980	36.364	33	20	1	362	394	22	53	7.3	24.6
JCVISYN3A_0517	BSU15460	44.737	304	157	7	4	305	6	300	1.44e-86	259
JCVISYN3A_0517	BSU11620	33.218	289	171	9	22	309	16	283	3.13e-43	147
JCVISYN3A_0517	BSU09210	32.281	285	176	9	18	297	21	293	8.57e-41	141
JCVISYN3A_0517	BSU23160	20.089	224	143	8	29	252	15	202	0.006	34.3
JCVISYN3A_0517	BSU14160	19.318	88	60	2	23	99	152	239	4.4	25.4
JCVISYN3A_0517	BSU00880	28.261	46	33	0	119	164	14	59	5.1	25.4
JCVISYN3A_0517	BSU26810	25.641	78	54	2	163	238	187	262	8.4	24.6
JCVISYN3A_0517	BSU38630	26.027	73	48	1	188	260	442	508	9.3	24.6
JCVISYN3A_0517	BSU18908	64.286	14	5	0	75	88	33	46	9.5	23.5
JCVISYN3A_0518	BSU15450	26.036	169	92	8	35	194	10	154	0.010	32.3
JCVISYN3A_0518	BSU03070	42.424	33	16	1	164	196	170	199	0.83	27.3
JCVISYN3A_0518	BSU22830	34.000	50	32	1	112	160	4	53	2.0	25.8
JCVISYN3A_0518	BSU02640	29.688	64	40	3	31	90	110	172	2.2	25.4
JCVISYN3A_0518	BSU28010	26.415	53	39	0	31	83	19	71	2.9	25.0
JCVISYN3A_0518	BSU31800	40.741	27	16	0	103	129	309	335	6.2	24.3
JCVISYN3A_0519	BSU15430	45.222	900	464	13	5	886	3	891	0.0	793
JCVISYN3A_0519	BSU28090	24.668	754	474	16	32	769	24	699	9.24e-61	219
JCVISYN3A_0519	BSU30320	31.638	177	106	4	26	201	9	171	4.39e-17	82.8
JCVISYN3A_0519	BSU30320	21.512	344	216	10	455	775	414	726	3.54e-11	63.9
JCVISYN3A_0519	BSU00380	22.699	326	210	16	468	770	184	490	1.58e-06	48.5
JCVISYN3A_0519	BSU00380	37.778	45	28	0	60	104	16	60	4.43e-04	40.4
JCVISYN3A_0519	BSU38810	28.689	122	70	5	379	497	111	218	0.75	30.0
JCVISYN3A_0519	BSU16230	26.471	68	47	1	421	488	1	65	1.8	28.1
JCVISYN3A_0519	BSU11470	24.242	66	48	1	246	311	154	217	6.0	26.9
JCVISYN3A_0519	BSU37330	38.462	26	16	0	63	88	136	161	7.6	26.9
JCVISYN3A_0520	BSU23640	27.835	194	127	6	92	283	84	266	1.29e-09	55.1
JCVISYN3A_0520	BSU11150	21.586	227	138	9	84	293	22	225	5.48e-04	37.7
JCVISYN3A_0520	BSU33620	23.529	85	65	0	86	170	12	96	0.008	34.3
JCVISYN3A_0520	BSU10900	17.826	230	135	6	80	271	12	225	0.055	31.6
JCVISYN3A_0520	BSU32230	28.736	87	53	5	116	194	459	544	0.24	30.0
JCVISYN3A_0520	BSU24840	38.710	31	18	1	112	142	354	383	0.33	29.6
JCVISYN3A_0520	BSU31420	23.009	113	79	4	88	199	26	131	0.45	28.9
JCVISYN3A_0520	BSU05440	37.209	43	24	1	150	189	110	152	0.52	28.5
JCVISYN3A_0520	BSU21910	32.432	37	25	0	7	43	79	115	3.2	26.2
JCVISYN3A_0520	BSU24210	21.505	93	63	2	10	92	276	368	3.9	25.8
JCVISYN3A_0520	BSU27850	31.481	54	30	2	172	225	272	318	4.1	25.8
JCVISYN3A_0520	BSU07260	27.711	83	49	5	63	142	312	386	4.6	25.8
JCVISYN3A_0520	BSU39680	25.714	105	70	4	182	286	91	187	8.1	24.6
JCVISYN3A_0520	BSU01140	30.000	40	28	0	144	183	92	131	9.7	24.6
JCVISYN3A_0521	BSU15390	36.207	58	37	0	76	133	69	126	2.54e-09	49.7
JCVISYN3A_0521	BSU17190	22.500	80	29	2	15	94	288	334	7.5	23.5
JCVISYN3A_0522	BSU15290	47.802	364	170	7	26	385	29	376	1.33e-100	300
JCVISYN3A_0522	BSU01880	51.852	27	13	0	243	269	70	96	0.20	29.3
JCVISYN3A_0522	BSU12880	28.409	88	48	5	21	105	573	648	1.6	27.7
JCVISYN3A_0522	BSU22190	27.451	51	37	0	209	259	28	78	1.8	26.9
JCVISYN3A_0522	BSU18370	34.483	58	36	2	40	97	51	106	2.5	26.9
JCVISYN3A_0522	BSU00130	32.353	34	23	0	101	134	384	417	2.9	26.6
JCVISYN3A_0522	BSU10260	46.154	26	14	0	82	107	56	81	3.5	26.2
JCVISYN3A_0522	BSU31520	28.283	99	50	4	30	128	80	157	3.7	26.6
JCVISYN3A_0522	BSU13300	35.294	34	22	0	83	116	307	340	5.2	25.8
JCVISYN3A_0522	BSU11381	27.273	88	58	2	96	183	19	100	5.5	25.0
JCVISYN3A_0522	BSU16320	48.276	29	15	0	89	117	105	133	5.9	25.8
JCVISYN3A_0522	BSU23250	34.091	44	28	1	183	225	36	79	5.9	25.0
JCVISYN3A_0522	BSU26970	32.308	65	30	2	93	147	262	322	6.6	25.4
JCVISYN3A_0522	BSU15730	30.303	66	45	1	105	170	8	72	7.8	25.0
JCVISYN3A_0522	BSU15180	37.838	37	21	1	84	120	364	398	9.8	25.0
JCVISYN3A_0523	BSU33230	31.818	44	29	1	152	195	7	49	2.5	26.6
JCVISYN3A_0523	BSU33380	26.786	56	34	2	249	304	134	182	2.5	26.6
JCVISYN3A_0523	BSU33450	25.503	149	80	7	33	160	412	550	4.1	26.2
JCVISYN3A_0523	BSU31270	69.231	13	4	0	372	384	165	177	6.1	25.4
JCVISYN3A_0523	BSU02180	37.143	35	16	2	153	187	24	52	6.2	24.3
JCVISYN3A_0523	BSU00210	25.806	31	23	0	2	32	78	108	6.8	25.0
JCVISYN3A_0523	BSU31250	44.828	29	14	1	296	322	528	556	7.1	25.4
JCVISYN3A_0523	BSU05730	35.294	34	22	0	114	147	82	115	8.1	25.0
JCVISYN3A_0523	BSU10200	31.034	58	36	2	300	353	11	68	8.2	25.0
JCVISYN3A_0524	BSU15140	48.077	312	156	3	1	308	1	310	2.96e-101	296
JCVISYN3A_0524	BSU30490	38.636	44	25	2	23	65	23	65	0.043	31.6
JCVISYN3A_0524	BSU18330	32.075	53	34	1	208	258	414	466	1.3	27.7
JCVISYN3A_0524	BSU24910	25.676	74	51	1	172	245	96	165	4.6	25.4
JCVISYN3A_0524	BSU12000	28.947	38	27	0	99	136	344	381	5.4	25.4
JCVISYN3A_0524	BSU29670	35.294	51	31	1	163	213	339	387	8.2	25.0
JCVISYN3A_0524	BSU11140	23.636	110	72	3	103	212	73	170	8.8	24.6
JCVISYN3A_0525	BSU15130	33.858	127	82	2	1	126	1	126	7.38e-22	82.0
JCVISYN3A_0525	BSU39730	35.484	62	35	3	75	132	269	329	0.56	26.6
JCVISYN3A_0525	BSU34290	29.630	54	33	2	75	128	74	122	1.6	25.4
JCVISYN3A_0525	BSU22740	27.419	62	41	1	36	97	131	188	2.0	25.0
JCVISYN3A_0525	BSU26630	23.958	96	59	4	35	130	189	270	2.4	24.6
JCVISYN3A_0525	BSU39890	35.135	37	20	1	46	78	201	237	2.8	24.3
JCVISYN3A_0525	BSU00560	37.143	35	15	1	81	115	10	37	2.9	24.3
JCVISYN3A_0525	BSU33980	26.786	56	41	0	44	99	133	188	3.2	24.3
JCVISYN3A_0525	BSU29550	37.838	37	14	2	32	59	487	523	3.6	24.3
JCVISYN3A_0525	BSU13010	33.333	30	20	0	4	33	18	47	7.5	23.1
JCVISYN3A_0525	BSU25540	55.000	20	7	1	93	110	101	120	7.9	23.1
JCVISYN3A_0525	BSU04890	26.786	56	39	1	77	132	12	65	9.3	22.3
JCVISYN3A_0526	BSU15080	48.214	56	29	0	1	56	1	56	2.39e-15	60.1
JCVISYN3A_0526	BSU35160	53.846	13	6	0	36	48	245	257	0.64	24.3
JCVISYN3A_0526	BSU25070	60.000	15	6	0	20	34	260	274	1.3	23.1
JCVISYN3A_0526	BSU06210	38.889	18	11	0	30	47	302	319	2.7	22.3
JCVISYN3A_0526	BSU16580	60.000	10	4	0	37	46	906	915	3.0	22.3
JCVISYN3A_0526	BSU13410	36.000	25	16	0	30	54	65	89	3.4	21.9
JCVISYN3A_0526	BSU29080	37.500	24	8	1	30	46	249	272	4.3	21.6
JCVISYN3A_0526	BSU22680	33.333	30	18	1	29	58	481	508	6.1	21.6
JCVISYN3A_0526	BSU19689	25.000	44	33	0	2	45	12	55	6.4	21.2
JCVISYN3A_0526	BSU35450	30.435	23	16	0	30	52	55	77	8.4	20.8
JCVISYN3A_0526	BSU23740	35.294	34	21	1	4	37	43	75	9.1	20.8
JCVISYN3A_0527	BSU35630	43.333	30	17	0	114	143	409	438	1.1	26.6
JCVISYN3A_0527	BSU04760	36.111	36	21	1	22	55	61	96	1.4	25.4
JCVISYN3A_0527	BSU04720	24.752	101	56	3	60	141	20	119	1.8	25.4
JCVISYN3A_0527	BSU04320	44.444	18	10	0	147	164	508	525	1.9	25.8
JCVISYN3A_0527	BSU24340	47.368	19	10	0	109	127	408	426	4.2	24.6
JCVISYN3A_0527	BSU15490	23.750	80	53	3	71	149	170	242	4.5	24.3
JCVISYN3A_0527	BSU11930	29.688	64	44	1	25	87	21	84	4.9	23.9
JCVISYN3A_0527	BSU09920	27.119	59	42	1	114	172	769	826	6.0	24.3
JCVISYN3A_0527	BSU12640	22.581	93	62	3	4	91	41	128	6.0	23.5
JCVISYN3A_0527	BSU18350	21.951	41	32	0	75	115	162	202	7.3	23.9
JCVISYN3A_0527	BSU19370	27.273	55	40	0	112	166	145	199	9.1	23.9
JCVISYN3A_0527	BSU07050	25.000	60	42	1	63	119	146	205	9.3	23.5
JCVISYN3A_0527	BSU13260	47.619	21	11	0	1	21	214	234	9.8	23.5
JCVISYN3A_0527	BSU02130	27.083	48	30	1	50	97	243	285	9.8	23.5
JCVISYN3A_0528	BSU28630	24.305	827	554	26	1	787	1	795	1.70e-63	224
JCVISYN3A_0528	BSU29820	37.736	106	62	2	22	126	75	177	8.60e-12	62.0
JCVISYN3A_0528	BSU26600	38.235	34	20	1	642	674	40	73	0.047	32.3
JCVISYN3A_0528	BSU26740	37.500	40	25	0	557	596	318	357	0.17	32.0
JCVISYN3A_0528	BSU19130	27.368	95	65	3	402	492	92	186	0.97	28.9
JCVISYN3A_0528	BSU02930	39.216	51	21	2	121	171	480	520	1.6	28.9
JCVISYN3A_0528	BSU36840	27.815	151	80	7	370	505	14	150	4.3	26.9
JCVISYN3A_0528	BSU04770	36.842	38	23	1	87	124	42	78	5.3	26.2
JCVISYN3A_0528	BSU31970	43.333	30	17	0	425	454	237	266	6.8	26.6
JCVISYN3A_0528	BSU16640	45.455	22	12	0	615	636	25	46	8.7	25.0
JCVISYN3A_0529	BSU28640	45.954	346	183	1	1	346	1	342	8.42e-124	357
JCVISYN3A_0529	BSU35120	31.429	70	40	4	188	251	125	192	0.65	28.5
JCVISYN3A_0529	BSU00820	48.387	31	12	2	303	333	463	489	1.3	27.7
JCVISYN3A_0529	BSU21610	37.500	24	15	0	323	346	160	183	4.0	25.8
JCVISYN3A_0529	BSU19890	30.233	43	28	1	206	248	12	52	7.1	24.3
JCVISYN3A_0529	BSU17620	32.000	25	17	0	323	347	158	182	8.6	24.6
JCVISYN3A_0529	BSU33500	33.333	42	27	1	23	64	372	412	8.7	25.0
JCVISYN3A_0529	BSU01740	30.645	62	42	1	79	140	143	203	8.8	24.6
JCVISYN3A_0529	BSU23930	37.931	29	16	1	318	344	4	32	9.2	24.3
JCVISYN3A_0530	BSU11140	25.806	62	45	1	141	201	114	175	0.14	29.3
JCVISYN3A_0530	BSU17490	25.758	66	42	1	26	84	12	77	2.2	24.6
JCVISYN3A_0530	BSU00390	25.373	67	40	2	120	176	60	126	2.7	25.4
JCVISYN3A_0530	BSU04820	37.838	37	18	1	2	38	58	89	4.3	24.3
JCVISYN3A_0535	BSU37330	38.795	531	314	6	27	554	34	556	1.36e-132	394
JCVISYN3A_0535	BSU28090	35.714	70	40	2	345	413	492	557	0.002	38.1
JCVISYN3A_0535	BSU28090	35.484	31	20	0	124	154	50	80	0.47	30.0
JCVISYN3A_0535	BSU00380	26.667	60	44	0	109	168	1	60	0.039	33.5
JCVISYN3A_0535	BSU00380	52.778	36	14	1	373	408	306	338	0.067	32.7
JCVISYN3A_0535	BSU15930	28.750	80	54	2	52	130	127	204	0.092	31.6
JCVISYN3A_0535	BSU00940	29.310	58	33	2	106	155	6	63	0.28	30.4
JCVISYN3A_0535	BSU00920	50.000	18	9	0	122	139	10	27	1.0	28.9
JCVISYN3A_0535	BSU26030	23.301	103	68	5	194	291	305	401	2.6	27.7
JCVISYN3A_0535	BSU30320	28.000	75	39	3	125	184	42	116	5.6	26.6
JCVISYN3A_0535	BSU22320	48.276	29	14	1	329	356	329	357	7.7	26.2
JCVISYN3A_0535	BSU15430	35.714	28	18	0	127	154	61	88	9.2	25.8
JCVISYN3A_0535	BSU15430	37.143	35	22	0	376	410	589	623	9.8	25.8
JCVISYN3A_0536	BSU16520	43.784	185	101	1	1	182	1	185	2.28e-51	160
JCVISYN3A_0536	BSU06950	54.167	24	9	1	137	160	65	86	0.90	26.9
JCVISYN3A_0536	BSU16630	32.836	67	38	1	74	140	548	607	2.2	25.8
JCVISYN3A_0536	BSU16770	38.462	26	16	0	94	119	264	289	2.6	25.4
JCVISYN3A_0536	BSU16790	42.308	26	15	0	155	180	166	191	3.6	24.6
JCVISYN3A_0536	BSU29040	41.667	24	14	0	65	88	348	371	4.4	24.6
JCVISYN3A_0536	BSU16620	31.579	38	26	0	99	136	34	71	5.2	23.5
JCVISYN3A_0536	BSU08160	50.000	24	12	0	150	173	69	92	5.6	24.3
JCVISYN3A_0536	BSU18260	27.083	96	45	5	52	137	180	260	6.5	24.3
JCVISYN3A_0536	BSU10250	26.316	38	24	1	45	82	279	312	7.9	23.9
JCVISYN3A_0536	BSU30250	26.923	52	34	1	37	84	206	257	8.4	23.9
JCVISYN3A_0537	BSU16510	43.439	221	123	2	4	223	5	224	1.54e-51	164
JCVISYN3A_0537	BSU35030	33.333	69	34	4	45	106	115	178	0.16	29.3
JCVISYN3A_0537	BSU18470	27.907	86	52	3	110	186	112	196	0.19	29.3
JCVISYN3A_0537	BSU37330	31.081	74	39	3	24	96	359	421	1.6	26.6
JCVISYN3A_0537	BSU36510	27.059	85	40	3	17	80	144	227	1.9	26.2
JCVISYN3A_0537	BSU27340	32.692	52	33	1	114	165	30	79	2.4	26.2
JCVISYN3A_0537	BSU19340	27.586	58	36	2	62	115	242	297	2.5	25.8
JCVISYN3A_0537	BSU39330	32.653	49	32	1	3	51	140	187	7.6	24.6
JCVISYN3A_0537	BSU07410	33.333	27	18	0	18	44	3	29	7.8	22.3
JCVISYN3A_0537	BSU10110	64.286	14	5	0	105	118	621	634	8.2	24.6
JCVISYN3A_0537	BSU07050	24.719	89	63	2	47	135	192	276	8.2	24.3
JCVISYN3A_0537	BSU16760	25.926	54	37	1	164	214	180	233	8.4	24.3
JCVISYN3A_0538	BSU36120	28.235	85	47	3	11	83	109	191	0.33	28.1
JCVISYN3A_0538	BSU04050	22.881	118	77	4	31	147	69	173	1.6	26.2
JCVISYN3A_0538	BSU32130	23.333	60	46	0	90	149	28	87	5.5	24.6
JCVISYN3A_0538	BSU30370	28.125	64	43	1	73	136	97	157	8.5	23.9
JCVISYN3A_0538	BSU15970	31.429	35	17	1	23	57	9	36	9.2	23.1
JCVISYN3A_0538	BSU20170	38.235	34	17	1	4	33	72	105	9.9	23.5
JCVISYN3A_0539	BSU16500	47.635	296	150	2	1	295	1	292	1.65e-76	232
JCVISYN3A_0539	BSU39940	20.792	101	64	2	32	117	123	222	0.12	30.4
JCVISYN3A_0539	BSU24620	33.333	45	27	1	171	215	162	203	0.53	28.1
JCVISYN3A_0539	BSU24240	24.691	81	57	2	34	112	89	167	1.9	26.9
JCVISYN3A_0539	BSU10620	38.095	42	22	1	105	146	1053	1090	2.3	26.6
JCVISYN3A_0539	BSU03050	50.000	20	10	0	193	212	212	231	5.0	25.4
JCVISYN3A_0539	BSU14000	25.253	99	68	4	14	110	261	355	5.3	25.4
JCVISYN3A_0539	BSU12700	21.622	74	58	0	59	132	67	140	5.5	25.4
JCVISYN3A_0539	BSU33880	28.070	57	26	3	156	212	150	191	7.4	25.0
JCVISYN3A_0539	BSU04870	24.390	41	31	0	141	181	169	209	7.7	24.6
JCVISYN3A_0539	BSU27680	33.333	36	23	1	14	49	97	131	9.8	24.3
JCVISYN3A_0540	BSU16490	50.224	223	111	0	5	227	4	226	4.41e-76	229
JCVISYN3A_0540	BSU01830	38.636	44	24	2	88	129	122	164	0.98	27.7
JCVISYN3A_0540	BSU08570	25.503	149	76	8	132	264	2	131	1.3	26.6
JCVISYN3A_0540	BSU29200	27.692	65	27	2	146	190	95	159	1.7	26.9
JCVISYN3A_0540	BSU18239	47.368	19	10	0	168	186	24	42	1.7	25.0
JCVISYN3A_0540	BSU08100	33.333	60	36	1	127	182	57	116	1.8	26.9
JCVISYN3A_0540	BSU12220	38.710	31	16	1	177	207	116	143	2.4	26.6
JCVISYN3A_0540	BSU05660	35.294	51	30	2	124	171	12	62	4.1	25.4
JCVISYN3A_0540	BSU07840	37.037	27	17	0	116	142	1209	1235	5.1	25.4
JCVISYN3A_0540	BSU11970	35.135	37	24	0	144	180	2	38	8.5	23.9
JCVISYN3A_0540	BSU19050	40.909	22	13	0	224	245	43	64	9.7	24.3
JCVISYN3A_0540	BSU28090	38.235	34	21	0	130	163	821	854	9.7	24.6
JCVISYN3A_0541	BSU25460	36.464	362	217	4	1	360	1	351	3.51e-71	224
JCVISYN3A_0541	BSU02530	42.857	28	16	0	195	222	12	39	0.45	26.6
JCVISYN3A_0541	BSU24120	36.842	38	22	1	12	49	5	40	1.3	27.7
JCVISYN3A_0541	BSU12910	47.368	19	10	0	168	186	203	221	2.2	26.9
JCVISYN3A_0541	BSU33730	21.687	83	62	2	260	340	207	288	2.4	26.9
JCVISYN3A_0541	BSU22240	31.250	48	30	1	189	233	26	73	3.1	25.8
JCVISYN3A_0541	BSU15520	34.000	50	29	3	8	54	381	429	6.8	25.4
JCVISYN3A_0541	BSU16470	22.222	63	43	1	273	329	7	69	7.3	25.0
JCVISYN3A_0541	BSU13910	31.818	44	30	0	226	269	197	240	8.1	25.4
JCVISYN3A_0542	BSU25470	58.685	593	231	2	5	583	3	595	0.0	694
JCVISYN3A_0542	BSU36410	26.257	358	207	15	7	350	6	320	3.40e-15	73.9
JCVISYN3A_0542	BSU14470	28.448	232	130	11	7	232	7	208	3.39e-13	67.8
JCVISYN3A_0542	BSU28030	31.532	222	117	10	7	222	9	201	5.32e-13	67.4
JCVISYN3A_0542	BSU06150	31.522	92	53	4	230	311	258	349	0.026	33.9
JCVISYN3A_0542	BSU15280	23.077	195	120	7	137	329	176	342	0.081	32.3
JCVISYN3A_0542	BSU35698	36.111	36	19	1	535	566	28	63	0.20	28.5
JCVISYN3A_0542	BSU11120	29.630	54	38	0	452	505	220	273	1.2	28.5
JCVISYN3A_0542	BSU15530	45.714	35	13	1	306	334	101	135	1.5	28.1
JCVISYN3A_0542	BSU33050	36.735	49	31	0	539	587	53	101	2.2	27.7
JCVISYN3A_0542	BSU12320	41.935	31	18	0	2	32	131	161	2.5	27.3
JCVISYN3A_0542	BSU17800	32.500	40	27	0	80	119	338	377	2.5	27.7
JCVISYN3A_0542	BSU18550	22.857	210	122	7	172	349	236	437	2.6	27.7
JCVISYN3A_0542	BSU01660	28.125	96	41	5	368	435	117	212	3.2	27.3
JCVISYN3A_0542	BSU36020	25.424	59	42	1	478	534	26	84	5.3	26.6
JCVISYN3A_0542	BSU20610	30.263	76	44	2	507	579	48	117	6.7	25.8
JCVISYN3A_0542	BSU28080	21.429	56	44	0	529	584	343	398	9.3	25.8
JCVISYN3A_0543	BSU25480	26.984	126	91	1	73	198	61	185	7.56e-14	63.9
JCVISYN3A_0543	BSU30060	32.353	34	22	1	163	195	131	164	0.59	27.7
JCVISYN3A_0543	BSU31980	37.037	27	17	0	160	186	398	424	1.3	26.6
JCVISYN3A_0543	BSU07370	31.579	57	31	4	75	128	149	200	1.6	26.2
JCVISYN3A_0543	BSU35480	44.186	43	22	2	73	114	116	157	1.9	25.8
JCVISYN3A_0543	BSU36190	29.268	41	29	0	21	61	6	46	7.6	24.3
JCVISYN3A_0543	BSU05610	38.710	31	19	0	49	79	487	517	8.5	23.9
JCVISYN3A_0544	BSU25490	32.440	336	209	10	1	328	1	326	7.44e-49	164
JCVISYN3A_0544	BSU25250	27.660	94	61	2	2	95	6	92	0.001	36.6
JCVISYN3A_0544	BSU14380	36.842	38	23	1	28	64	21	58	0.18	30.0
JCVISYN3A_0544	BSU18790	29.508	61	35	3	21	74	89	148	3.0	26.2
JCVISYN3A_0544	BSU01430	26.000	50	37	0	183	232	234	283	6.5	25.4
JCVISYN3A_0544	BSU13420	28.846	52	37	0	158	209	703	754	7.8	25.0
JCVISYN3A_0544	BSU22680	30.769	52	26	1	82	123	323	374	9.5	25.0
JCVISYN3A_0545	BSU00860	46.218	714	311	8	10	713	160	810	0.0	628
JCVISYN3A_0545	BSU13700	46.119	670	282	12	13	677	74	669	0.0	540
JCVISYN3A_0545	BSU28200	28.676	136	71	9	451	571	347	471	5.50e-05	43.1
JCVISYN3A_0545	BSU28200	31.250	48	27	2	34	75	324	371	8.9	26.2
JCVISYN3A_0545	BSU16160	35.052	97	44	4	416	507	13	95	5.54e-05	42.7
JCVISYN3A_0545	BSU28220	23.511	319	171	10	414	673	67	371	6.55e-05	42.7
JCVISYN3A_0545	BSU27530	24.402	209	113	9	25	224	9	181	1.21e-04	41.6
JCVISYN3A_0545	BSU27530	41.667	24	14	0	448	471	36	59	1.7	28.5
JCVISYN3A_0545	BSU37150	29.530	149	94	6	255	400	211	351	0.002	38.1
JCVISYN3A_0545	BSU28210	28.571	161	82	9	406	548	60	205	0.021	34.7
JCVISYN3A_0545	BSU28210	26.000	50	37	0	17	66	56	105	2.3	28.1
JCVISYN3A_0545	BSU00690	25.714	140	74	7	21	144	152	277	0.064	33.1
JCVISYN3A_0545	BSU19390	29.474	95	63	3	454	547	69	160	0.36	30.4
JCVISYN3A_0545	BSU15910	32.308	65	42	1	378	442	72	134	0.46	30.0
JCVISYN3A_0545	BSU00190	22.222	144	79	5	422	548	18	145	0.52	30.0
JCVISYN3A_0545	BSU05370	24.675	77	57	1	522	597	38	114	0.72	29.6
JCVISYN3A_0545	BSU26260	22.727	176	99	6	19	177	140	295	1.0	28.9
JCVISYN3A_0545	BSU33730	29.070	86	46	4	411	495	1	72	1.4	28.5
JCVISYN3A_0545	BSU27080	24.757	206	112	10	435	626	124	300	1.6	28.5
JCVISYN3A_0545	BSU09080	34.694	49	32	0	453	501	33	81	1.7	28.1
JCVISYN3A_0545	BSU21660	25.455	110	69	4	3	112	161	257	1.8	28.5
JCVISYN3A_0545	BSU08220	58.333	24	9	1	449	471	390	413	1.9	28.5
JCVISYN3A_0545	BSU18880	32.558	43	24	1	338	380	39	76	2.3	27.7
JCVISYN3A_0545	BSU29180	26.415	106	59	3	338	443	498	584	2.3	28.1
JCVISYN3A_0545	BSU12250	36.667	60	30	3	483	534	115	174	2.5	27.7
JCVISYN3A_0545	BSU00330	26.250	80	56	2	240	317	6	84	2.5	26.6
JCVISYN3A_0545	BSU12530	37.037	27	17	0	51	77	117	143	3.1	27.3
JCVISYN3A_0545	BSU20490	32.558	43	24	1	338	380	39	76	3.2	27.3
JCVISYN3A_0545	BSU16430	30.000	60	38	1	77	136	617	672	3.5	27.7
JCVISYN3A_0545	BSU38660	28.283	99	51	6	411	508	1	80	3.5	27.3
JCVISYN3A_0545	BSU33830	27.907	86	47	4	411	495	1	72	3.6	27.3
JCVISYN3A_0545	BSU24730	55.000	20	9	0	451	470	138	157	3.9	27.3
JCVISYN3A_0545	BSU18660	34.091	44	21	2	345	385	46	84	4.3	26.9
JCVISYN3A_0545	BSU17420	34.211	38	24	1	438	475	81	117	4.6	26.9
JCVISYN3A_0545	BSU17420	22.527	182	104	8	58	238	99	244	7.0	26.2
JCVISYN3A_0545	BSU26140	32.353	34	23	0	449	482	232	265	5.3	26.6
JCVISYN3A_0545	BSU16560	28.070	57	37	1	630	686	134	186	5.8	26.6
JCVISYN3A_0545	BSU02570	45.000	20	11	0	455	474	35	54	6.1	26.6
JCVISYN3A_0545	BSU14320	45.238	42	17	3	445	485	360	396	6.6	26.6
JCVISYN3A_0545	BSU21010	29.167	72	43	3	43	112	106	171	6.9	26.2
JCVISYN3A_0545	BSU06330	28.302	53	37	1	524	576	104	155	6.9	26.2
JCVISYN3A_0545	BSU12420	21.277	94	55	3	454	547	224	298	7.2	26.6
JCVISYN3A_0545	BSU30610	44.000	25	13	1	451	474	33	57	8.4	25.8
JCVISYN3A_0545	BSU33610	42.857	28	16	0	667	694	559	586	8.9	26.2
JCVISYN3A_0545	BSU03150	48.000	25	13	0	53	77	13	37	9.5	25.4
JCVISYN3A_0546	BSU11140	30.488	82	51	3	1	79	1	79	4.96e-06	43.9
JCVISYN3A_0546	BSU39550	24.885	217	125	10	4	207	2	193	3.92e-04	38.1
JCVISYN3A_0546	BSU14550	27.928	111	76	3	7	117	6	112	0.009	33.9
JCVISYN3A_0546	BSU35850	33.333	66	41	2	10	75	7	69	0.18	29.6
JCVISYN3A_0546	BSU04040	29.268	82	53	2	10	87	16	96	0.19	29.6
JCVISYN3A_0546	BSU14820	38.095	42	24	1	9	48	48	89	1.3	26.6
JCVISYN3A_0546	BSU21080	36.585	41	25	1	72	111	96	136	2.4	25.8
JCVISYN3A_0546	BSU13600	53.333	15	7	0	5	19	6	20	2.8	25.8
JCVISYN3A_0546	BSU14520	29.032	31	22	0	15	45	239	269	3.9	25.8
JCVISYN3A_0546	BSU05480	31.250	32	22	0	182	213	23	54	4.0	25.4
JCVISYN3A_0546	BSU27920	31.373	51	33	1	143	191	254	304	4.6	25.4
JCVISYN3A_0546	BSU39270	26.230	61	43	1	154	212	65	125	6.0	25.4
JCVISYN3A_0546	BSU17180	21.429	70	55	0	87	156	506	575	6.6	25.4
JCVISYN3A_0546	BSU18320	29.545	44	29	1	85	128	1500	1541	9.2	24.6
JCVISYN3A_0546	BSU36290	27.273	66	47	1	10	75	7	71	9.5	24.3
JCVISYN3A_0546	BSU28200	26.667	75	41	3	55	118	1	72	9.6	24.6
JCVISYN3A_0548	BSU08930	37.736	159	99	0	1	159	1	159	1.30e-43	139
JCVISYN3A_0548	BSU00960	22.727	154	113	3	2	153	94	243	1.24e-07	47.0
JCVISYN3A_0548	BSU07330	40.000	40	22	2	105	143	145	183	0.053	30.4
JCVISYN3A_0548	BSU28650	25.000	52	38	1	99	150	196	246	0.62	26.9
JCVISYN3A_0548	BSU29090	26.667	60	43	1	121	180	332	390	0.94	26.9
JCVISYN3A_0548	BSU19030	29.851	67	40	3	28	89	209	273	1.8	25.8
JCVISYN3A_0548	BSU10930	25.758	66	30	2	60	106	3	68	1.9	25.4
JCVISYN3A_0548	BSU15590	37.500	32	20	0	120	151	203	234	4.4	24.6
JCVISYN3A_0548	BSU33020	41.667	24	14	0	46	69	187	210	7.5	23.9
JCVISYN3A_0548	BSU14690	26.471	68	47	2	7	74	233	297	8.2	23.9
JCVISYN3A_0548	BSU15140	24.444	45	34	0	137	181	125	169	8.7	23.5
JCVISYN3A_0548	BSU00550	22.973	74	54	1	87	157	433	506	9.1	23.9
JCVISYN3A_0549	BSU28360	37.500	192	115	4	8	197	9	197	1.65e-33	115
JCVISYN3A_0549	BSU24160	33.333	54	25	1	58	100	150	203	0.017	32.0
JCVISYN3A_0549	BSU40100	32.500	80	46	4	124	200	38	112	0.067	30.4
JCVISYN3A_0549	BSU12720	25.316	79	52	3	83	161	52	123	0.29	27.7
JCVISYN3A_0549	BSU16670	25.000	60	45	0	98	157	73	132	0.50	27.7
JCVISYN3A_0549	BSU04260	32.143	56	34	1	17	72	56	107	1.1	26.9
JCVISYN3A_0549	BSU35820	24.742	97	60	2	72	163	279	367	1.4	26.6
JCVISYN3A_0549	BSU12310	38.235	34	21	0	154	187	133	166	1.5	26.2
JCVISYN3A_0549	BSU26560	27.160	81	49	4	2	73	21	100	2.2	25.4
JCVISYN3A_0549	BSU40030	24.786	117	69	5	87	194	216	322	2.5	25.4
JCVISYN3A_0549	BSU24430	22.727	66	49	1	18	81	3	68	3.5	25.0
JCVISYN3A_0549	BSU37830	37.500	40	19	2	165	198	274	313	3.6	25.0
JCVISYN3A_0549	BSU31160	55.000	20	8	1	27	45	111	130	6.2	24.3
JCVISYN3A_0549	BSU12850	40.541	37	20	1	11	47	33	67	6.2	24.3
JCVISYN3A_0549	BSU39470	30.556	36	24	1	34	68	243	278	6.5	24.3
JCVISYN3A_0549	BSU17440	38.235	34	21	0	165	198	176	209	6.9	24.3
JCVISYN3A_0549	BSU13530	31.111	45	28	1	1	42	462	506	8.4	24.3
JCVISYN3A_0931	BSU10910	52.551	196	90	2	4	198	6	199	1.55e-70	210
JCVISYN3A_0931	BSU15600	52.632	190	87	3	4	192	5	192	3.19e-63	191
JCVISYN3A_0931	BSU40720	31.429	35	24	0	40	74	89	123	0.18	28.5
JCVISYN3A_0931	BSU02980	35.616	73	36	3	23	93	58	121	0.22	28.9
JCVISYN3A_0931	BSU39680	33.333	72	42	3	119	188	94	161	0.33	28.1
JCVISYN3A_0931	BSU32340	32.812	64	36	2	49	110	127	185	0.33	28.1
JCVISYN3A_0931	BSU01450	44.186	43	13	3	15	49	21	60	0.76	26.9
JCVISYN3A_0931	BSU08690	32.653	49	28	2	18	64	362	407	0.81	27.3
JCVISYN3A_0931	BSU14330	45.946	37	14	2	11	41	370	406	0.93	26.9
JCVISYN3A_0931	BSU15950	34.000	50	31	1	19	66	113	162	1.5	26.2
JCVISYN3A_0931	BSU40680	31.429	35	24	0	39	73	88	122	2.0	25.4
JCVISYN3A_0931	BSU17080	22.388	67	37	1	51	117	133	184	2.8	25.4
JCVISYN3A_0931	BSU29060	41.026	39	17	2	25	63	3	35	2.8	25.0
JCVISYN3A_0931	BSU33270	30.233	129	65	6	5	124	20	132	3.6	25.0
JCVISYN3A_0931	BSU38070	28.125	64	40	1	143	200	120	183	4.7	24.6
JCVISYN3A_0931	BSU22960	32.609	46	21	3	4	42	82	124	4.7	24.6
JCVISYN3A_0931	BSU34460	47.368	19	10	0	19	37	237	255	5.2	24.6
JCVISYN3A_0931	BSU37230	28.571	63	38	2	8	64	337	398	5.6	24.6
JCVISYN3A_0931	BSU09400	24.074	54	39	1	91	142	111	164	9.4	23.9
JCVISYN3A_0592	BSU07240	28.283	99	63	5	11	104	233	328	0.36	29.6
JCVISYN3A_0592	BSU09720	31.250	48	28	1	340	387	589	631	0.38	29.6
JCVISYN3A_0592	BSU02940	30.508	59	38	1	96	151	127	185	3.0	26.6
JCVISYN3A_0592	BSU23110	32.203	59	31	4	305	363	462	511	4.4	26.2
JCVISYN3A_0592	BSU39500	28.571	63	42	1	143	205	80	139	5.8	25.4
JCVISYN3A_0592	BSU10130	40.909	22	13	0	98	119	62	83	8.2	25.0
JCVISYN3A_0593	BSU24080	33.333	39	26	0	22	60	114	152	0.26	26.6
JCVISYN3A_0593	BSU11530	34.375	32	19	1	46	75	209	240	4.3	23.1
JCVISYN3A_0593	BSU21660	24.194	62	46	1	10	71	347	407	4.7	23.1
JCVISYN3A_0593	BSU14810	31.034	29	17	1	16	44	140	165	6.5	22.3
JCVISYN3A_0593	BSU23860	36.000	25	16	0	16	40	372	396	6.5	22.3
JCVISYN3A_0593	BSU02940	33.333	27	14	1	14	40	136	158	6.6	22.3
JCVISYN3A_0593	BSU23370	44.118	34	17	2	16	47	188	221	8.0	22.3
JCVISYN3A_0593	BSU03700	31.707	41	24	1	47	83	177	217	8.7	22.3
JCVISYN3A_0593	BSU06260	41.379	29	16	1	49	76	202	230	9.2	21.9
JCVISYN3A_0599	BSU37550	30.357	56	27	2	2	45	84	139	0.026	27.3
JCVISYN3A_0599	BSU18310	42.424	33	19	0	9	41	3330	3362	0.029	27.3
JCVISYN3A_0599	BSU25340	38.235	34	19	1	11	42	96	129	0.26	24.6
JCVISYN3A_0599	BSU29610	41.667	24	14	0	9	32	438	461	2.5	21.9
JCVISYN3A_0599	BSU02090	33.333	33	22	0	13	45	25	57	2.5	21.9
JCVISYN3A_0599	BSU19020	32.258	31	18	1	11	38	378	408	2.6	21.9
JCVISYN3A_0599	BSU13220	47.059	17	9	0	29	45	180	196	4.2	21.2
JCVISYN3A_0599	BSU00060	38.095	21	13	0	25	45	544	564	5.4	20.8
JCVISYN3A_0599	BSU39670	61.538	13	5	0	14	26	4	16	5.6	20.8
JCVISYN3A_0599	BSU16270	36.842	38	18	1	15	46	52	89	5.7	20.8
JCVISYN3A_0599	BSU15940	44.000	25	14	0	15	39	867	891	5.7	20.8
JCVISYN3A_0599	BSU21740	36.364	33	18	1	5	34	185	217	6.5	20.8
JCVISYN3A_0599	BSU11100	28.000	25	18	0	13	37	144	168	9.0	20.4
JCVISYN3A_0599	BSU34110	36.667	30	19	0	16	45	151	180	9.3	20.4
JCVISYN3A_0600	BSU14530	47.091	550	289	2	57	606	6	553	0.0	538
JCVISYN3A_0600	BSU16780	39.305	547	328	3	61	606	10	553	1.69e-151	445
JCVISYN3A_0600	BSU07620	32.000	75	42	3	74	145	32	100	4.22e-04	39.3
JCVISYN3A_0600	BSU40370	25.203	123	75	5	74	191	15	125	7.94e-04	38.5
JCVISYN3A_0600	BSU19080	33.824	68	32	3	74	139	22	78	0.002	37.0
JCVISYN3A_0600	BSU40700	25.676	74	43	2	74	146	26	88	0.002	36.6
JCVISYN3A_0600	BSU23840	27.551	98	62	3	116	205	54	150	0.038	33.1
JCVISYN3A_0600	BSU25570	26.733	101	69	3	99	198	547	643	0.047	33.5
JCVISYN3A_0600	BSU29410	21.818	110	70	2	117	216	40	143	0.069	32.3
JCVISYN3A_0600	BSU24790	36.111	36	23	0	110	145	39	74	0.61	29.3
JCVISYN3A_0600	BSU30860	25.926	81	58	1	266	346	275	353	0.96	28.9
JCVISYN3A_0600	BSU19790	20.339	59	45	1	288	346	129	185	1.8	28.1
JCVISYN3A_0600	BSU35730	25.758	66	41	1	506	571	155	212	3.9	27.3
JCVISYN3A_0600	BSU26510	37.143	35	22	0	118	152	167	201	4.3	26.9
JCVISYN3A_0600	BSU17090	28.070	57	33	1	102	150	31	87	4.6	26.6
JCVISYN3A_0600	BSU13820	41.935	31	16	1	249	279	84	112	5.1	26.2
JCVISYN3A_0600	BSU01770	48.148	27	13	1	11	37	227	252	8.2	26.2
JCVISYN3A_0601	BSU09130	41.667	36	19	2	140	173	36	71	2.3	26.6
JCVISYN3A_0601	BSU33330	50.000	18	8	1	162	178	2	19	2.3	26.6
JCVISYN3A_0601	BSU20150	61.111	18	7	0	173	190	11	28	2.7	25.4
JCVISYN3A_0601	BSU26490	24.051	79	50	1	80	148	134	212	5.8	25.0
JCVISYN3A_0601	BSU16400	37.209	43	22	2	15	53	33	74	6.8	25.0
JCVISYN3A_0601	BSU02920	25.000	36	27	0	192	227	110	145	7.4	25.0
JCVISYN3A_0601	BSU39630	30.612	49	32	1	232	280	87	133	7.4	25.0
JCVISYN3A_0602	BSU18340	33.333	60	37	1	298	354	1470	1529	0.42	30.4
JCVISYN3A_0602	BSU34660	32.075	53	36	0	61	113	9	61	0.57	29.6
JCVISYN3A_0602	BSU39230	27.820	133	63	7	132	261	1675	1777	2.1	28.1
JCVISYN3A_0602	BSU05700	33.708	89	50	4	122	208	99	180	2.7	27.3
JCVISYN3A_0602	BSU03950	23.611	72	53	2	64	133	329	400	5.0	26.6
JCVISYN3A_0602	BSU06310	31.373	102	49	6	48	142	380	467	6.3	26.2
JCVISYN3A_0602	BSU17210	41.463	41	13	2	129	160	3713	3751	8.4	26.2
JCVISYN3A_0602	BSU13660	21.918	146	87	8	112	240	19	154	9.2	25.8
JCVISYN3A_0604	BSU27930	23.810	63	48	0	48	110	74	136	3.7	25.0
JCVISYN3A_0604	BSU36570	32.727	55	29	4	33	80	61	114	7.4	23.9
JCVISYN3A_0604	BSU35940	44.000	25	14	0	111	135	323	347	8.3	24.3
JCVISYN3A_0604	BSU18620	23.288	73	56	0	32	104	53	125	9.2	24.3
JCVISYN3A_0605	BSU16910	31.944	72	39	4	6	68	94	164	0.30	26.6
JCVISYN3A_0605	BSU04140	66.667	15	4	1	4	18	7	20	1.7	24.6
JCVISYN3A_0605	BSU39230	28.889	45	31	1	58	102	172	215	2.4	24.3
JCVISYN3A_0605	BSU14360	28.205	39	28	0	20	58	46	84	2.5	23.9
JCVISYN3A_0605	BSU31170	47.826	23	12	0	51	73	290	312	2.5	23.9
JCVISYN3A_0605	BSU01760	33.333	48	31	1	17	63	401	448	3.6	23.5
JCVISYN3A_0605	BSU17190	31.429	35	24	0	47	81	4037	4071	3.7	23.5
JCVISYN3A_0605	BSU40560	25.773	97	50	4	1	93	1	79	5.6	22.7
JCVISYN3A_0605	BSU36520	46.154	26	13	1	11	35	24	49	6.0	22.3
JCVISYN3A_0605	BSU33270	37.037	27	17	0	7	33	33	59	7.6	22.3
JCVISYN3A_0605	BSU09780	32.258	31	21	0	61	91	317	347	7.7	22.7
JCVISYN3A_0605	BSU28230	33.333	27	18	0	66	92	77	103	8.0	22.3
JCVISYN3A_0605	BSU39200	32.000	50	28	1	4	47	21	70	9.0	21.9
JCVISYN3A_0605	BSU05970	32.558	43	27	1	19	59	85	127	9.5	22.3
JCVISYN3A_0606	BSU33930	52.463	406	174	8	5	404	2	394	4.39e-134	387
JCVISYN3A_0606	BSU10130	44.737	38	18	1	291	328	223	257	0.62	28.9
JCVISYN3A_0606	BSU40080	30.000	50	35	0	187	236	55	104	0.76	28.5
JCVISYN3A_0606	BSU20350	32.609	46	29	1	210	253	152	197	2.9	26.9
JCVISYN3A_0606	BSU39730	42.857	28	16	0	185	212	217	244	3.6	26.6
JCVISYN3A_0606	BSU33770	35.802	81	41	4	85	159	76	151	5.6	25.4
JCVISYN3A_0606	BSU26400	47.059	17	9	0	308	324	23	39	8.3	23.1
JCVISYN3A_0606	BSU17210	39.286	28	17	0	368	395	3672	3699	9.2	25.4
JCVISYN3A_0607	BSU33940	52.226	337	152	6	1	335	1	330	9.39e-117	338
JCVISYN3A_0607	BSU29020	46.828	331	167	6	1	329	1	324	2.66e-100	296
JCVISYN3A_0607	BSU16750	22.458	236	140	8	65	264	47	275	0.054	32.0
JCVISYN3A_0607	BSU08140	33.333	30	20	0	193	222	126	155	1.8	26.6
JCVISYN3A_0607	BSU39800	33.333	57	34	2	124	177	40	95	2.1	25.8
JCVISYN3A_0607	BSU32610	24.658	73	53	1	237	307	147	219	2.3	26.6
JCVISYN3A_0607	BSU14510	33.333	42	27	1	1	42	1	41	3.0	26.2
JCVISYN3A_0607	BSU28930	27.273	77	52	2	101	173	262	338	3.0	26.6
JCVISYN3A_0607	BSU01570	27.473	91	48	2	75	157	118	198	3.3	26.2
JCVISYN3A_0607	BSU38860	25.658	152	76	5	9	143	8	139	3.3	26.2
JCVISYN3A_0607	BSU37650	31.818	44	27	2	3	43	228	271	3.7	25.8
JCVISYN3A_0607	BSU31090	31.707	41	27	1	2	42	6	45	5.6	25.4
JCVISYN3A_0607	BSU21070	33.333	39	23	2	60	98	10	45	6.5	25.4
JCVISYN3A_0607	BSU40550	29.670	91	60	2	19	108	79	166	6.9	25.0
JCVISYN3A_0607	BSU16150	26.374	91	57	3	174	264	1	81	7.1	24.6
JCVISYN3A_0607	BSU32600	32.143	28	19	0	306	333	104	131	8.8	25.0
JCVISYN3A_0608	BSU28980	28.571	301	170	8	24	311	43	311	8.27e-31	115
JCVISYN3A_0608	BSU12530	29.365	126	76	5	142	260	110	229	2.98e-07	47.8
JCVISYN3A_0608	BSU26260	29.464	112	66	5	154	258	169	274	6.05e-06	43.9
JCVISYN3A_0608	BSU00010	25.843	89	53	3	139	221	135	216	0.051	32.0
JCVISYN3A_0608	BSU07490	44.828	29	16	0	154	182	34	62	0.12	30.4
JCVISYN3A_0608	BSU27730	20.513	156	86	5	154	283	58	201	0.21	29.6
JCVISYN3A_0608	BSU12420	46.154	26	14	0	148	173	219	244	0.21	30.0
JCVISYN3A_0608	BSU36810	35.088	57	28	3	136	185	134	188	0.36	29.3
JCVISYN3A_0608	BSU27530	28.846	52	32	1	138	189	27	73	0.41	28.9
JCVISYN3A_0608	BSU40620	28.302	53	33	2	130	180	9	58	0.74	27.7
JCVISYN3A_0608	BSU21770	26.250	80	56	3	2	80	236	313	0.82	28.1
JCVISYN3A_0608	BSU30450	29.787	47	31	1	136	182	16	60	1.3	27.3
JCVISYN3A_0608	BSU15950	34.146	41	27	0	144	184	115	155	1.5	26.9
JCVISYN3A_0608	BSU13700	50.000	22	11	0	152	173	442	463	3.2	26.2
JCVISYN3A_0608	BSU00860	33.333	30	20	0	152	181	541	570	3.7	26.2
JCVISYN3A_0608	BSU34750	26.667	105	57	3	129	225	110	202	3.9	25.8
JCVISYN3A_0608	BSU31520	28.125	64	32	2	3	60	359	414	4.2	25.8
JCVISYN3A_0608	BSU00190	24.528	53	37	1	128	180	20	69	5.2	25.4
JCVISYN3A_0608	BSU10540	66.667	15	5	0	97	111	23	37	5.9	25.0
JCVISYN3A_0608	BSU29850	33.333	48	32	0	170	217	98	145	6.0	24.6
JCVISYN3A_0608	BSU31200	28.571	77	41	2	26	102	160	222	7.5	25.0
JCVISYN3A_0608	BSU16400	34.211	38	24	1	148	184	174	211	8.0	25.0
JCVISYN3A_0608	BSU07420	31.579	38	24	1	143	180	346	381	8.9	24.6
JCVISYN3A_0608	BSU11420	35.000	40	18	2	260	297	154	187	9.6	24.6
JCVISYN3A_0609	BSU28990	34.234	111	70	2	24	132	30	139	2.92e-12	64.7
JCVISYN3A_0609	BSU04730	28.431	102	63	4	132	225	137	236	0.15	30.4
JCVISYN3A_0609	BSU29220	23.000	100	71	3	170	268	220	314	0.48	29.3
JCVISYN3A_0609	BSU18890	22.159	176	117	5	64	230	65	229	1.0	28.1
JCVISYN3A_0609	BSU00190	40.741	27	16	0	325	351	242	268	1.7	27.3
JCVISYN3A_0609	BSU15900	22.857	105	76	3	149	248	23	127	3.3	26.6
JCVISYN3A_0609	BSU19370	30.000	30	21	0	342	371	134	163	4.3	26.2
JCVISYN3A_0609	BSU01780	26.923	52	38	0	123	174	21	72	5.0	26.2
JCVISYN3A_0609	BSU30940	25.000	56	42	0	145	200	503	558	6.2	25.8
JCVISYN3A_0609	BSU37370	24.242	33	25	0	334	366	261	293	7.1	25.4
JCVISYN3A_0609	BSU39230	58.824	17	7	0	269	285	663	679	9.0	25.4
JCVISYN3A_0610	BSU29080	33.455	275	179	3	1	273	1	273	1.35e-51	167
JCVISYN3A_0610	BSU31960	33.898	59	33	2	133	191	2259	2311	0.12	30.8
JCVISYN3A_0610	BSU21920	26.667	60	35	1	67	126	35	85	1.2	27.3
JCVISYN3A_0610	BSU34440	26.136	88	46	2	83	151	200	287	1.6	26.9
JCVISYN3A_0610	BSU19750	31.818	44	30	0	154	197	186	229	1.9	26.6
JCVISYN3A_0610	BSU30060	28.302	53	32	1	127	173	95	147	2.3	26.6
JCVISYN3A_0610	BSU22640	37.500	32	16	1	182	209	154	185	3.3	25.8
JCVISYN3A_0610	BSU35230	35.556	45	25	1	142	182	52	96	3.7	24.6
JCVISYN3A_0610	BSU12960	35.714	42	26	1	198	239	363	403	6.0	25.0
JCVISYN3A_0610	BSU10040	33.333	39	26	0	97	135	197	235	8.6	24.3
JCVISYN3A_0610	BSU05780	52.941	17	8	0	111	127	154	170	9.3	24.3
JCVISYN3A_0610	BSU32480	31.250	64	31	4	78	135	309	365	9.8	24.6
JCVISYN3A_0611	BSU29090	36.364	924	527	21	2	911	4	880	0.0	570
JCVISYN3A_0611	BSU22010	34.630	257	162	3	4	260	5	255	2.01e-43	156
JCVISYN3A_0611	BSU32420	22.751	189	115	6	220	404	279	440	2.1	28.5
JCVISYN3A_0611	BSU22930	24.603	126	61	6	407	503	4	124	2.1	28.5
JCVISYN3A_0611	BSU36780	37.037	27	17	0	342	368	49	75	2.6	26.2
JCVISYN3A_0611	BSU36830	31.884	69	36	3	290	350	415	480	3.2	28.1
JCVISYN3A_0611	BSU36640	30.189	53	35	1	540	592	122	172	3.7	27.7
JCVISYN3A_0611	BSU29930	23.913	46	34	1	72	117	358	402	5.1	27.3
JCVISYN3A_0611	BSU18330	24.615	65	48	1	69	133	2061	2124	6.2	27.3
JCVISYN3A_0611	BSU35720	26.087	69	46	2	242	305	368	436	7.0	26.9
JCVISYN3A_0612	BSU29230	33.874	1048	602	24	1	981	1	1024	0.0	580
JCVISYN3A_0612	BSU20340	26.970	660	389	21	267	849	379	1022	1.04e-45	176
JCVISYN3A_0612	BSU16580	19.574	516	276	14	269	716	849	1293	5.94e-08	53.5
JCVISYN3A_0612	BSU17200	26.154	65	42	1	618	676	2763	2827	0.44	31.2
JCVISYN3A_0612	BSU11540	23.636	110	67	4	536	637	49	149	1.6	29.3
JCVISYN3A_0612	BSU35750	37.209	43	27	0	175	217	3	45	2.7	28.1
JCVISYN3A_0612	BSU39370	28.788	66	39	3	115	180	67	124	3.0	28.1
JCVISYN3A_0612	BSU36480	28.571	63	40	1	537	594	292	354	7.3	26.9
JCVISYN3A_0613	BSU29670	46.209	422	214	5	4	414	3	422	1.14e-138	400
JCVISYN3A_0613	BSU38460	25.000	408	270	14	7	409	34	410	1.54e-22	95.5
JCVISYN3A_0613	BSU22420	40.000	40	22	1	15	52	1	40	0.32	29.6
JCVISYN3A_0613	BSU39230	28.767	73	40	3	48	114	959	1025	6.2	25.8
JCVISYN3A_0613	BSU23770	28.070	57	30	1	56	112	55	100	6.9	25.8
JCVISYN3A_0613	BSU17040	36.170	47	28	1	357	401	94	140	7.2	25.8
JCVISYN3A_0613	BSU36930	27.451	51	37	0	58	108	97	147	7.2	25.0
JCVISYN3A_0613	BSU22220	36.735	49	23	1	55	95	700	748	7.5	25.4
JCVISYN3A_0613	BSU10310	33.333	48	23	1	256	303	103	141	8.8	24.6
JCVISYN3A_0613	BSU20410	27.451	51	29	1	114	164	17	59	9.0	24.3
JCVISYN3A_0613	BSU35740	28.205	117	72	5	41	151	9	119	9.2	24.3
JCVISYN3A_0614	BSU31750	23.642	313	190	11	14	317	48	320	7.84e-12	62.8
JCVISYN3A_0614	BSU28810	23.567	157	94	5	101	242	116	261	0.090	31.2
JCVISYN3A_0614	BSU27650	32.000	75	34	3	159	216	106	180	0.27	30.0
JCVISYN3A_0614	BSU02780	29.630	81	46	3	54	123	177	257	0.42	29.3
JCVISYN3A_0614	BSU13580	31.818	66	39	2	4	68	139	199	3.7	26.2
JCVISYN3A_0614	BSU41010	26.000	50	35	1	212	261	129	176	4.6	25.8
JCVISYN3A_0614	BSU05240	24.528	53	40	0	220	272	13	65	4.7	25.8
JCVISYN3A_0614	BSU35170	31.250	32	22	0	175	206	315	346	5.6	25.8
JCVISYN3A_0614	BSU07370	35.714	28	18	0	19	46	399	426	6.0	25.4
JCVISYN3A_0614	BSU36220	37.500	32	20	0	137	168	178	209	6.4	25.4
JCVISYN3A_0614	BSU06140	35.294	34	20	1	209	242	592	623	7.7	25.4
JCVISYN3A_0614	BSU25170	30.769	39	27	0	265	303	144	182	7.8	25.0
JCVISYN3A_0614	BSU08550	50.000	16	8	0	2	17	12	27	8.0	23.1
JCVISYN3A_0614	BSU27360	44.828	29	14	1	186	214	107	133	8.2	24.6
JCVISYN3A_0615	BSU28630	45.238	84	44	2	90	171	47	130	5.50e-13	63.9
JCVISYN3A_0615	BSU29820	30.653	199	119	10	9	191	4	199	7.03e-13	61.6
JCVISYN3A_0615	BSU03000	26.154	65	36	2	90	154	208	260	0.12	29.6
JCVISYN3A_0615	BSU36260	19.737	76	59	1	18	91	137	212	7.5	23.9
JCVISYN3A_0615	BSU15340	38.235	34	16	1	160	188	47	80	8.6	23.9
JCVISYN3A_0615	BSU00550	41.667	24	14	0	165	188	1110	1133	9.0	23.9
JCVISYN3A_0616	BSU11110	26.667	285	194	8	6	279	3	283	2.08e-18	79.7
JCVISYN3A_0616	BSU35480	27.018	285	190	12	4	277	1	278	4.14e-16	73.6
JCVISYN3A_0616	BSU31150	28.261	46	33	0	106	151	112	157	0.29	28.9
JCVISYN3A_0616	BSU19000	36.957	46	21	1	63	100	540	585	0.43	28.9
JCVISYN3A_0616	BSU17390	39.394	33	18	1	110	140	97	129	0.49	28.5
JCVISYN3A_0616	BSU37870	38.710	31	18	1	49	79	338	367	2.9	26.2
JCVISYN3A_0616	BSU35698	30.233	43	29	1	63	104	20	62	3.7	23.9
JCVISYN3A_0616	BSU33500	28.409	88	57	3	197	279	498	584	5.2	25.4
JCVISYN3A_0616	BSU10770	48.000	25	13	0	198	222	263	287	6.1	25.0
JCVISYN3A_0616	BSU15840	22.078	77	51	2	38	110	461	532	6.4	25.0
JCVISYN3A_0617	BSU35480	28.452	239	144	10	1	223	1	228	2.81e-11	59.7
JCVISYN3A_0617	BSU11110	26.396	197	137	5	1	194	1	192	1.20e-09	54.7
JCVISYN3A_0617	BSU07650	31.373	51	29	1	28	78	174	218	2.0	26.2
JCVISYN3A_0617	BSU39430	33.333	45	25	2	16	59	161	201	2.0	26.6
JCVISYN3A_0617	BSU09320	36.538	52	31	2	134	184	205	255	2.6	26.2
JCVISYN3A_0617	BSU10540	32.609	46	31	0	30	75	154	199	2.8	26.2
JCVISYN3A_0617	BSU31740	28.261	92	62	3	112	202	226	314	3.3	25.8
JCVISYN3A_0617	BSU20230	24.793	121	59	6	114	230	25	117	3.8	25.0
JCVISYN3A_0617	BSU29880	28.169	71	46	4	72	138	224	293	4.3	25.8
JCVISYN3A_0617	BSU39730	42.105	19	11	0	260	278	452	470	5.3	25.4
JCVISYN3A_0617	BSU08830	21.429	42	31	1	25	66	214	253	8.0	24.6
JCVISYN3A_0617	BSU10040	25.000	32	24	0	94	125	185	216	9.6	24.3
JCVISYN3A_0617	BSU35698	32.000	25	17	0	64	88	20	44	9.8	22.7
JCVISYN3A_0620	BSU08730	28.571	147	90	4	13	153	7	144	2.75e-15	65.5
JCVISYN3A_0620	BSU23520	23.529	153	105	4	9	154	2	149	9.65e-05	37.4
JCVISYN3A_0620	BSU25100	21.168	137	96	5	19	151	10	138	0.56	26.6
JCVISYN3A_0620	BSU33810	28.846	52	37	0	31	82	244	295	1.5	25.4
JCVISYN3A_0620	BSU25630	23.333	60	38	2	31	82	117	176	5.7	23.9
JCVISYN3A_0620	BSU18630	61.538	13	5	0	23	35	195	207	8.9	23.1
JCVISYN3A_0620	BSU11820	34.884	43	15	2	106	148	9	38	9.3	23.5
JCVISYN3A_0620	BSU13620	34.615	26	17	0	46	71	55	80	9.9	23.1
JCVISYN3A_0621	BSU15920	31.034	58	39	1	17	73	20	77	1.42e-04	33.5
JCVISYN3A_0621	BSU17180	21.154	52	41	0	20	71	614	665	0.022	28.9
JCVISYN3A_0621	BSU17210	36.364	33	21	0	20	52	3973	4005	0.20	26.2
JCVISYN3A_0621	BSU17190	28.000	50	36	0	16	65	3980	4029	0.32	25.8
JCVISYN3A_0621	BSU00670	35.714	42	21	2	20	59	226	263	1.3	23.9
JCVISYN3A_0621	BSU27080	47.826	23	12	0	40	62	903	925	1.3	23.9
JCVISYN3A_0621	BSU16600	38.596	57	29	2	7	59	261	315	2.0	23.5
JCVISYN3A_0621	BSU17130	29.268	41	29	0	29	69	35	75	2.0	22.7
JCVISYN3A_0621	BSU23220	56.250	16	7	0	5	20	186	201	2.4	23.1
JCVISYN3A_0621	BSU15220	47.059	17	9	0	4	20	228	244	3.3	22.7
JCVISYN3A_0621	BSU32260	27.419	62	40	2	4	64	176	233	5.4	21.9
JCVISYN3A_0621	BSU20450	53.333	15	7	0	48	62	483	497	9.2	21.6
JCVISYN3A_0621	BSU17580	29.630	54	33	2	5	56	448	498	9.3	21.6
JCVISYN3A_0621	BSU27610	45.455	22	12	0	51	72	116	137	9.6	21.2
JCVISYN3A_0622	BSU37060	25.373	67	44	2	12	73	1	66	0.13	28.1
JCVISYN3A_0622	BSU27960	18.605	43	35	0	63	105	7	49	0.83	25.0
JCVISYN3A_0622	BSU35820	32.653	49	26	1	41	82	253	301	1.1	25.4
JCVISYN3A_0622	BSU32110	22.093	86	53	3	13	95	169	243	1.2	25.4
JCVISYN3A_0622	BSU00580	29.730	37	26	0	58	94	22	58	1.3	25.4
JCVISYN3A_0622	BSU40670	23.881	67	44	2	28	87	8	74	3.5	23.9
JCVISYN3A_0622	BSU17220	27.500	80	50	3	34	108	371	447	3.9	23.9
JCVISYN3A_0622	BSU29710	28.571	21	15	0	99	119	145	165	7.5	23.1
JCVISYN3A_0622	BSU09520	30.556	36	25	0	74	109	60	95	9.6	22.3
JCVISYN3A_0623	BSU07370	35.135	37	14	1	207	243	129	155	5.6	25.8
JCVISYN3A_0623	BSU28930	28.571	70	43	3	158	224	33	98	8.1	25.0
JCVISYN3A_0623	BSU26790	32.258	31	21	0	71	101	114	144	9.1	24.6
JCVISYN3A_0634	BSU30320	55.025	816	339	10	1	802	1	802	0.0	920
JCVISYN3A_0634	BSU28090	21.692	922	460	33	7	803	16	800	7.85e-35	139
JCVISYN3A_0634	BSU15430	21.470	871	468	28	13	750	28	815	3.16e-26	112
JCVISYN3A_0634	BSU00380	27.055	292	154	12	499	745	236	513	1.36e-11	64.7
JCVISYN3A_0634	BSU00380	25.789	190	117	5	30	205	6	185	2.53e-07	50.8
JCVISYN3A_0634	BSU30035	37.097	62	35	3	257	317	109	167	0.025	33.9
JCVISYN3A_0634	BSU00940	24.299	214	139	8	517	715	208	413	0.044	33.9
JCVISYN3A_0634	BSU04040	24.299	107	68	3	377	472	144	248	0.53	30.0
JCVISYN3A_0634	BSU29090	23.239	142	95	4	331	468	433	564	3.2	27.7
JCVISYN3A_0634	BSU00760	36.667	30	19	0	679	708	1	30	7.0	26.6
JCVISYN3A_0634	BSU28020	31.169	77	47	3	274	348	199	271	7.5	26.6
JCVISYN3A_0634	BSU09510	35.135	37	21	1	35	71	206	239	8.1	26.2
JCVISYN3A_0634	BSU37330	34.884	43	27	1	580	622	382	423	8.1	26.6
JCVISYN3A_0634	BSU38480	29.412	34	24	0	80	113	36	69	9.4	25.8
JCVISYN3A_0636	BSU31710	34.091	44	29	0	596	639	1	44	1.4	28.9
JCVISYN3A_0636	BSU40022	31.915	47	28	1	134	176	116	162	4.4	27.3
JCVISYN3A_0636	BSU04290	35.714	28	18	0	109	136	47	74	6.8	26.9
JCVISYN3A_0636	BSU17210	25.743	101	65	3	579	672	398	495	7.6	26.9
JCVISYN3A_0636	BSU13770	44.828	29	16	0	732	760	43	71	8.0	26.6
JCVISYN3A_0637	BSU01500	60.938	128	50	0	5	132	3	130	6.33e-52	157
JCVISYN3A_0637	BSU35700	40.000	30	17	1	10	38	59	88	1.0	25.8
JCVISYN3A_0637	BSU14320	36.364	33	18	1	11	40	371	403	2.5	24.6
JCVISYN3A_0637	BSU33020	29.577	71	44	1	38	102	177	247	2.5	24.6
JCVISYN3A_0637	BSU21400	25.424	59	44	0	10	68	206	264	3.5	24.3
JCVISYN3A_0637	BSU09710	44.828	29	13	1	11	36	373	401	3.7	24.3
JCVISYN3A_0637	BSU15600	34.091	44	27	1	8	49	18	61	3.7	23.9
JCVISYN3A_0637	BSU39350	25.439	114	77	3	11	121	172	280	4.0	24.3
JCVISYN3A_0637	BSU35410	38.298	47	21	2	27	65	411	457	4.1	23.9
JCVISYN3A_0637	BSU28430	31.707	41	24	2	26	66	70	106	4.2	23.9
JCVISYN3A_0637	BSU36950	29.091	55	32	2	52	105	157	205	4.6	23.9
JCVISYN3A_0637	BSU17190	37.037	27	17	0	71	97	1657	1683	5.7	23.9
JCVISYN3A_0637	BSU38730	42.308	26	14	1	10	34	373	398	6.8	23.5
JCVISYN3A_0637	BSU23770	29.545	44	29	1	67	108	116	159	7.6	23.1
JCVISYN3A_0637	BSU35650	60.000	15	6	0	26	40	182	196	9.2	22.7
JCVISYN3A_0638	BSU01490	51.748	143	69	0	1	143	1	143	7.33e-52	159
JCVISYN3A_0638	BSU25750	33.333	27	18	0	106	132	16	42	0.83	25.8
JCVISYN3A_0638	BSU35770	32.653	49	32	1	103	151	369	416	5.0	24.3
JCVISYN3A_0638	BSU28670	27.660	47	33	1	55	101	23	68	7.3	23.5
JCVISYN3A_0638	BSU28980	26.531	49	32	1	75	119	260	308	9.7	23.1
JCVISYN3A_0639	BSU21370	24.409	127	76	4	932	1042	626	748	0.49	31.6
JCVISYN3A_0639	BSU20540	32.857	70	35	2	1021	1082	30	95	1.3	28.5
JCVISYN3A_0639	BSU30410	22.549	102	76	3	342	440	269	370	2.0	29.3
JCVISYN3A_0639	BSU10390	23.810	84	64	0	1001	1084	68	151	2.1	29.3
JCVISYN3A_0639	BSU33260	30.556	36	25	0	396	431	316	351	4.1	28.1
JCVISYN3A_0639	BSU06110	29.412	85	51	3	1159	1235	73	156	4.4	28.1
JCVISYN3A_0639	BSU37600	33.333	30	20	0	492	521	377	406	5.0	28.1
JCVISYN3A_0639	BSU33810	26.531	49	36	0	93	141	116	164	6.8	27.3
JCVISYN3A_0639	BSU03690	36.667	30	19	0	426	455	5	34	7.0	25.4
JCVISYN3A_0639	BSU15730	27.358	106	60	3	112	200	212	317	7.1	27.3
JCVISYN3A_0639	BSU14720	40.625	32	18	1	305	336	13	43	7.4	25.8
JCVISYN3A_0639	BSU08220	29.545	44	31	0	16	59	32	75	7.8	27.3
JCVISYN3A_0640	BSU01480	27.451	255	158	12	8	249	6	246	6.42e-22	88.2
JCVISYN3A_0640	BSU17460	33.333	36	24	0	136	171	396	431	3.0	25.8
JCVISYN3A_0640	BSU24460	23.404	47	36	0	177	223	158	204	3.3	25.8
JCVISYN3A_0640	BSU19830	36.364	55	27	2	86	134	79	131	7.9	24.3
JCVISYN3A_0640	BSU03350	34.000	50	31	1	5	54	15	62	9.2	23.9
JCVISYN3A_0640	BSU40060	28.302	53	31	1	204	249	196	248	9.6	24.3
JCVISYN3A_0640	BSU19690	35.484	31	15	1	153	178	14	44	9.7	24.3
JCVISYN3A_0641	BSU01470	31.802	283	140	4	6	288	8	237	3.38e-34	123
JCVISYN3A_0641	BSU13210	33.333	87	57	1	217	303	152	237	3.89e-08	50.4
JCVISYN3A_0641	BSU10840	19.685	127	81	3	201	306	1	127	0.14	30.4
JCVISYN3A_0641	BSU11700	40.541	37	19	1	33	66	9	45	3.7	26.2
JCVISYN3A_0641	BSU27130	38.095	21	13	0	89	109	202	222	7.0	25.0
JCVISYN3A_0641	BSU31690	40.000	35	20	1	18	52	1	34	7.7	25.0
JCVISYN3A_0641	BSU34010	29.032	62	36	1	226	279	306	367	9.5	24.6
JCVISYN3A_0642	BSU01460	46.494	271	144	1	33	303	2	271	3.33e-80	241
JCVISYN3A_0642	BSU01450	35.741	263	160	4	21	283	7	260	1.46e-47	157
JCVISYN3A_0642	BSU33730	33.891	239	140	4	21	255	2	226	1.35e-39	139
JCVISYN3A_0642	BSU33830	32.579	221	135	3	39	255	16	226	1.29e-36	131
JCVISYN3A_0642	BSU13220	31.128	257	162	7	18	273	290	532	1.40e-34	128
JCVISYN3A_0642	BSU13220	30.597	268	169	7	17	276	4	262	1.26e-27	108
JCVISYN3A_0642	BSU32750	34.468	235	149	4	21	255	2	231	2.67e-34	124
JCVISYN3A_0642	BSU23960	35.714	238	133	8	21	253	2	224	1.16e-33	120
JCVISYN3A_0642	BSU02980	34.862	218	135	5	40	255	48	260	4.24e-32	120
JCVISYN3A_0642	BSU29340	34.562	217	136	5	41	255	17	229	3.21e-31	114
JCVISYN3A_0642	BSU03590	33.641	217	137	6	41	254	17	229	1.82e-30	112
JCVISYN3A_0642	BSU27430	32.068	237	147	8	21	255	2	226	9.59e-30	110
JCVISYN3A_0642	BSU24950	32.889	225	141	5	37	255	25	245	3.02e-29	109
JCVISYN3A_0642	BSU30420	32.579	221	134	7	27	241	10	221	4.78e-29	108
JCVISYN3A_0642	BSU39480	32.258	217	141	5	41	255	17	229	2.89e-28	106
JCVISYN3A_0642	BSU24960	34.071	226	133	7	39	255	36	254	7.73e-27	103
JCVISYN3A_0642	BSU11370	31.222	221	149	2	37	255	32	251	1.84e-26	103
JCVISYN3A_0642	BSU12250	29.297	256	154	9	3	254	2	234	3.90e-26	100
JCVISYN3A_0642	BSU35260	32.243	214	138	5	32	244	9	216	8.90e-26	99.4
JCVISYN3A_0642	BSU38810	30.603	232	146	6	23	253	6	223	1.58e-25	101
JCVISYN3A_0642	BSU03820	30.303	231	147	5	25	253	6	224	4.66e-25	98.2
JCVISYN3A_0642	BSU08310	29.915	234	148	6	24	256	5	223	6.10e-25	99.0
JCVISYN3A_0642	BSU11460	30.870	230	141	6	37	253	23	247	6.99e-24	96.7
JCVISYN3A_0642	BSU32550	27.468	233	156	5	23	253	1	222	1.83e-23	95.9
JCVISYN3A_0642	BSU33270	33.188	229	137	9	21	244	2	219	2.82e-23	92.8
JCVISYN3A_0642	BSU11470	27.273	220	156	2	39	255	23	241	3.53e-23	94.0
JCVISYN3A_0642	BSU34090	27.386	241	147	6	21	257	6	222	2.03e-22	91.7
JCVISYN3A_0642	BSU03730	28.571	217	144	5	26	241	9	215	6.01e-22	89.0
JCVISYN3A_0642	BSU02750	28.095	210	143	3	39	248	19	220	1.02e-21	89.0
JCVISYN3A_0642	BSU33290	28.505	214	142	4	45	254	23	229	1.87e-21	88.6
JCVISYN3A_0642	BSU14320	29.455	275	162	10	18	286	332	580	4.73e-21	90.1
JCVISYN3A_0642	BSU12950	27.755	245	150	7	25	253	11	244	6.47e-21	88.2
JCVISYN3A_0642	BSU14360	31.466	232	145	9	21	248	2	223	8.96e-21	85.9
JCVISYN3A_0642	BSU07490	27.854	219	147	6	41	255	19	230	1.25e-20	86.3
JCVISYN3A_0642	BSU39640	29.412	204	131	7	25	224	9	203	1.49e-20	85.9
JCVISYN3A_0642	BSU13000	26.556	241	164	4	39	269	25	262	1.72e-20	87.0
JCVISYN3A_0642	BSU08690	29.310	232	147	7	25	252	345	563	1.81e-20	88.2
JCVISYN3A_0642	BSU38660	27.962	211	137	4	33	243	9	204	2.52e-20	85.9
JCVISYN3A_0642	BSU34700	31.373	204	130	8	25	224	8	205	4.34e-20	84.7
JCVISYN3A_0642	BSU11360	28.571	231	145	6	27	244	12	235	8.03e-20	85.1
JCVISYN3A_0642	BSU08210	28.175	252	158	9	17	262	326	560	1.42e-19	85.5
JCVISYN3A_0642	BSU02570	26.442	208	138	3	39	244	18	212	2.80e-19	83.2
JCVISYN3A_0642	BSU38730	28.788	264	159	12	18	267	325	573	3.72e-19	84.3
JCVISYN3A_0642	BSU30380	30.374	214	121	8	41	246	23	216	4.58e-19	81.6
JCVISYN3A_0642	BSU09080	27.670	206	138	3	41	246	20	214	1.42e-18	81.3
JCVISYN3A_0642	BSU30760	29.237	236	146	6	23	254	6	224	2.07e-18	79.7
JCVISYN3A_0642	BSU30610	27.232	224	134	6	23	238	6	208	2.20e-18	79.7
JCVISYN3A_0642	BSU32940	28.111	217	147	5	41	254	21	231	3.29e-18	79.7
JCVISYN3A_0642	BSU08830	30.151	199	122	7	41	238	22	204	9.80e-18	78.2
JCVISYN3A_0642	BSU02860	27.049	244	151	9	21	253	4	231	5.16e-17	75.5
JCVISYN3A_0642	BSU09070	26.201	229	142	8	20	245	2	206	1.23e-16	74.3
JCVISYN3A_0642	BSU09710	30.738	244	144	11	20	255	336	562	1.32e-16	76.6
JCVISYN3A_0642	BSU01950	27.317	205	138	5	40	244	18	211	3.11e-16	73.6
JCVISYN3A_0642	BSU35940	26.923	260	153	9	11	243	222	471	4.92e-16	75.1
JCVISYN3A_0642	BSU35940	24.885	217	138	9	39	244	16	218	5.34e-11	59.7
JCVISYN3A_0642	BSU10040	29.493	217	134	8	41	252	19	221	5.54e-16	72.8
JCVISYN3A_0642	BSU34820	27.160	243	158	9	21	258	341	569	1.29e-15	73.9
JCVISYN3A_0642	BSU08220	27.039	233	150	8	25	252	370	587	3.08e-15	72.8
JCVISYN3A_0642	BSU04490	25.366	205	142	3	41	245	21	214	3.59e-15	71.6
JCVISYN3A_0642	BSU33160	29.108	213	129	7	39	241	14	214	1.36e-14	70.5
JCVISYN3A_0642	BSU07370	24.696	247	159	5	24	253	7	243	1.85e-13	67.4
JCVISYN3A_0642	BSU07370	35.714	84	44	2	165	245	441	517	2.65e-06	45.4
JCVISYN3A_0642	BSU37230	25.820	244	154	11	7	238	312	540	2.19e-13	67.0
JCVISYN3A_0642	BSU31550	25.778	225	149	8	38	251	270	487	2.79e-13	66.6
JCVISYN3A_0642	BSU31550	27.751	209	139	7	40	244	19	219	7.42e-12	62.4
JCVISYN3A_0642	BSU38740	29.614	233	140	9	39	262	341	558	4.82e-13	66.2
JCVISYN3A_0642	BSU15340	26.761	213	143	6	49	255	28	233	5.81e-13	64.7
JCVISYN3A_0642	BSU09720	24.206	252	166	8	25	272	434	664	1.59e-12	64.7
JCVISYN3A_0642	BSU14330	27.586	232	150	8	20	247	362	579	2.30e-12	63.9
JCVISYN3A_0642	BSU40620	26.190	210	130	7	40	243	16	206	1.15e-11	60.1
JCVISYN3A_0642	BSU30010	25.352	213	133	5	39	248	19	208	1.73e-11	59.7
JCVISYN3A_0642	BSU30450	25.248	202	127	4	39	235	15	197	4.88e-11	59.3
JCVISYN3A_0642	BSU05610	27.451	204	99	7	21	224	5	159	4.65e-10	57.0
JCVISYN3A_0642	BSU05610	23.529	204	119	7	23	224	294	462	3.15e-05	42.0
JCVISYN3A_0642	BSU09890	23.305	236	156	7	21	252	2	216	6.87e-10	55.8
JCVISYN3A_0642	BSU37390	26.168	214	141	8	41	247	20	223	3.81e-09	53.1
JCVISYN3A_0642	BSU07420	23.767	223	137	7	25	225	8	219	3.91e-09	53.9
JCVISYN3A_0642	BSU07420	42.254	71	37	1	165	235	441	507	7.22e-09	53.1
JCVISYN3A_0642	BSU14430	23.810	231	128	7	21	224	2	211	6.72e-09	53.5
JCVISYN3A_0642	BSU14430	31.944	72	45	1	165	236	440	507	0.002	36.2
JCVISYN3A_0642	BSU21470	26.872	227	142	9	4	224	466	674	1.09e-08	52.8
JCVISYN3A_0642	BSU05950	25.229	218	136	7	41	235	19	232	3.40e-07	48.1
JCVISYN3A_0642	BSU05950	32.955	88	55	1	156	243	436	519	2.34e-06	45.4
JCVISYN3A_0642	BSU35700	24.171	211	129	8	38	243	36	220	8.21e-07	47.0
JCVISYN3A_0642	BSU35160	30.435	115	68	5	156	260	476	588	1.23e-06	46.6
JCVISYN3A_0642	BSU35160	31.818	66	42	1	41	106	622	684	0.67	28.5
JCVISYN3A_0642	BSU35160	37.037	27	17	0	41	67	16	42	2.9	26.6
JCVISYN3A_0642	BSU40150	25.980	204	119	9	41	240	16	191	3.46e-05	40.8
JCVISYN3A_0642	BSU32710	21.973	223	149	10	41	249	21	232	0.087	30.8
JCVISYN3A_0642	BSU04870	31.707	41	28	0	115	155	115	155	0.41	28.9
JCVISYN3A_0642	BSU01845	46.154	26	14	0	135	160	815	840	0.98	27.7
JCVISYN3A_0642	BSU17220	29.688	64	39	1	35	92	843	906	3.7	26.2
JCVISYN3A_0642	BSU07050	42.308	26	15	0	176	201	121	146	4.0	25.8
JCVISYN3A_0642	BSU00140	55.556	18	8	0	50	67	8	25	6.2	25.0
JCVISYN3A_0642	BSU23210	30.159	63	34	2	251	303	22	84	6.3	25.0
JCVISYN3A_0642	BSU28645	34.783	23	15	0	77	99	24	46	6.4	23.5
JCVISYN3A_0642	BSU23550	31.373	51	32	1	211	258	58	108	7.2	25.0
JCVISYN3A_0642	BSU15600	32.432	37	25	0	50	86	25	61	7.2	24.6
JCVISYN3A_0642	BSU16070	26.923	78	53	1	211	288	152	225	7.8	25.0
JCVISYN3A_0642	BSU15940	30.303	33	23	0	53	85	26	58	9.3	24.6
JCVISYN3A_0643	BSU01450	42.520	254	145	1	140	392	7	260	2.65e-66	209
JCVISYN3A_0643	BSU01460	34.802	227	142	3	156	376	9	235	3.09e-40	141
JCVISYN3A_0643	BSU13220	36.986	219	131	3	137	348	5	223	2.36e-35	133
JCVISYN3A_0643	BSU13220	28.631	241	163	5	140	378	295	528	3.57e-29	115
JCVISYN3A_0643	BSU02980	33.962	212	134	3	156	362	48	258	7.14e-31	119
JCVISYN3A_0643	BSU32750	35.909	220	124	6	155	364	19	231	1.18e-30	117
JCVISYN3A_0643	BSU23960	34.818	247	137	8	140	371	2	239	3.24e-30	113
JCVISYN3A_0643	BSU29340	31.076	251	156	7	140	377	2	248	5.03e-29	110
JCVISYN3A_0643	BSU09720	33.480	227	125	6	140	353	430	643	1.72e-28	114
JCVISYN3A_0643	BSU14320	29.218	243	151	6	140	371	335	567	6.62e-28	112
JCVISYN3A_0643	BSU27430	33.803	213	131	6	155	361	15	223	1.29e-27	106
JCVISYN3A_0643	BSU08690	29.661	236	145	4	139	363	340	565	1.84e-27	111
JCVISYN3A_0643	BSU38810	29.333	225	154	4	140	363	4	224	2.95e-27	108
JCVISYN3A_0643	BSU30420	34.667	225	125	7	140	352	2	216	3.43e-27	105
JCVISYN3A_0643	BSU32550	29.612	206	141	3	157	361	19	221	2.67e-25	102
JCVISYN3A_0643	BSU33830	30.579	242	144	7	130	364	2	226	8.84e-25	101
JCVISYN3A_0643	BSU24950	34.632	231	126	11	141	355	15	236	1.22e-24	99.0
JCVISYN3A_0643	BSU33730	30.631	222	135	6	156	370	17	226	2.88e-24	100
JCVISYN3A_0643	BSU08210	31.148	244	143	6	140	371	330	560	3.57e-24	101
JCVISYN3A_0643	BSU34820	27.309	249	154	6	136	370	337	572	6.97e-24	100
JCVISYN3A_0643	BSU09080	29.798	198	133	3	157	353	20	212	7.75e-24	97.8
JCVISYN3A_0643	BSU39640	31.364	220	141	4	140	352	5	221	7.90e-24	96.7
JCVISYN3A_0643	BSU14330	32.727	220	132	6	140	351	363	574	9.41e-24	100
JCVISYN3A_0643	BSU08830	32.240	183	115	3	155	337	20	193	1.35e-23	95.9
JCVISYN3A_0643	BSU11470	32.218	239	141	8	156	376	24	259	1.72e-23	96.7
JCVISYN3A_0643	BSU02860	31.905	210	131	5	149	351	11	215	1.99e-23	94.7
JCVISYN3A_0643	BSU12250	27.477	222	137	5	146	357	21	228	2.01e-23	95.1
JCVISYN3A_0643	BSU37230	31.081	222	125	6	140	347	333	540	6.87e-23	97.4
JCVISYN3A_0643	BSU09710	29.412	238	153	5	140	369	337	567	1.35e-22	96.7
JCVISYN3A_0643	BSU30380	29.864	221	148	3	138	352	2	221	1.72e-22	92.8
JCVISYN3A_0643	BSU34090	29.032	217	126	6	155	361	19	217	4.86e-22	92.4
JCVISYN3A_0643	BSU02750	31.068	206	125	6	156	353	20	216	5.46e-22	91.3
JCVISYN3A_0643	BSU38660	29.648	199	128	5	156	352	16	204	5.71e-22	92.0
JCVISYN3A_0643	BSU30610	28.182	220	130	7	140	347	4	207	1.18e-21	90.5
JCVISYN3A_0643	BSU35260	31.754	211	131	7	153	354	11	217	1.23e-21	89.7
JCVISYN3A_0643	BSU31550	31.905	210	134	6	153	355	14	221	1.46e-21	93.2
JCVISYN3A_0643	BSU31550	23.874	222	150	6	157	363	273	490	1.90e-09	55.8
JCVISYN3A_0643	BSU24960	32.627	236	138	11	140	361	23	251	1.49e-21	90.5
JCVISYN3A_0643	BSU04490	27.835	194	134	3	160	352	24	212	2.61e-21	90.5
JCVISYN3A_0643	BSU33290	27.236	246	169	6	139	378	3	244	3.70e-21	89.4
JCVISYN3A_0643	BSU39480	31.308	214	134	6	157	361	17	226	3.84e-21	89.0
JCVISYN3A_0643	BSU03590	31.628	215	127	7	160	361	20	227	7.07e-21	88.2
JCVISYN3A_0643	BSU30760	30.233	215	137	5	140	349	4	210	1.11e-20	87.4
JCVISYN3A_0643	BSU33270	31.455	213	138	5	146	353	10	219	1.69e-20	86.7
JCVISYN3A_0643	BSU08220	27.755	245	153	6	139	371	365	597	4.12e-20	89.4
JCVISYN3A_0643	BSU11370	28.054	221	143	6	156	364	35	251	4.28e-20	87.4
JCVISYN3A_0643	BSU07490	31.222	221	143	7	157	371	19	236	2.02e-19	84.3
JCVISYN3A_0643	BSU11360	29.958	237	143	7	140	356	5	238	2.15e-19	85.5
JCVISYN3A_0643	BSU34700	27.363	201	141	3	156	352	24	223	8.05e-19	82.4
JCVISYN3A_0643	BSU38730	28.906	256	154	9	135	376	332	573	9.15e-19	85.1
JCVISYN3A_0643	BSU33160	29.545	220	146	4	145	358	6	222	9.37e-19	84.7
JCVISYN3A_0643	BSU11460	30.435	253	148	11	131	364	6	249	1.20e-18	83.6
JCVISYN3A_0643	BSU32940	28.992	238	160	6	139	371	5	238	1.26e-18	82.0
JCVISYN3A_0643	BSU12950	29.130	230	144	9	144	356	11	238	1.97e-18	82.4
JCVISYN3A_0643	BSU13000	27.232	224	145	8	156	369	26	241	2.91e-18	82.0
JCVISYN3A_0643	BSU03730	27.411	197	140	3	140	334	4	199	6.05e-18	79.3
JCVISYN3A_0643	BSU35940	29.310	232	139	8	135	352	251	471	6.44e-18	82.4
JCVISYN3A_0643	BSU35940	28.230	209	130	5	157	353	18	218	2.49e-16	77.4
JCVISYN3A_0643	BSU03820	27.917	240	141	7	140	363	2	225	7.18e-18	79.7
JCVISYN3A_0643	BSU14360	30.374	214	139	7	146	353	10	219	2.61e-17	77.4
JCVISYN3A_0643	BSU01950	27.586	203	137	4	155	354	17	212	3.86e-17	77.4
JCVISYN3A_0643	BSU08310	27.632	228	145	7	157	375	17	233	4.24e-17	78.2
JCVISYN3A_0643	BSU02570	30.653	199	132	4	156	353	19	212	2.02e-16	76.3
JCVISYN3A_0643	BSU09070	29.680	219	137	5	138	353	1	205	5.71e-16	73.6
JCVISYN3A_0643	BSU40620	28.922	204	127	7	155	352	15	206	5.05e-15	70.5
JCVISYN3A_0643	BSU35700	30.348	201	118	8	156	352	38	220	9.52e-15	72.4
JCVISYN3A_0643	BSU10040	26.180	233	159	7	157	384	19	243	4.20e-14	68.6
JCVISYN3A_0643	BSU07370	26.909	275	155	10	157	396	19	282	1.77e-12	65.9
JCVISYN3A_0643	BSU07370	25.974	77	48	3	275	348	441	511	0.008	35.0
JCVISYN3A_0643	BSU38740	29.146	199	120	4	176	363	362	550	4.89e-12	64.3
JCVISYN3A_0643	BSU21470	25.490	204	136	5	157	353	499	693	1.42e-11	62.8
JCVISYN3A_0643	BSU15340	23.744	219	155	6	157	365	18	234	3.12e-11	60.1
JCVISYN3A_0643	BSU07420	26.442	208	117	8	157	335	19	219	7.08e-11	60.5
JCVISYN3A_0643	BSU07420	23.497	183	107	7	160	336	343	498	7.03e-05	41.6
JCVISYN3A_0643	BSU30450	26.630	184	125	4	156	338	16	190	9.29e-11	59.3
JCVISYN3A_0643	BSU09890	23.967	242	137	7	140	361	2	216	1.26e-10	58.9
JCVISYN3A_0643	BSU05610	24.747	198	119	7	140	334	292	462	1.65e-09	56.2
JCVISYN3A_0643	BSU05610	24.378	201	101	7	160	353	23	179	2.71e-06	46.2
JCVISYN3A_0643	BSU05950	28.342	187	102	7	154	334	340	500	3.67e-09	55.5
JCVISYN3A_0643	BSU05950	32.203	59	38	1	140	198	4	60	8.16e-05	41.6
JCVISYN3A_0643	BSU05950	32.857	70	40	2	274	340	162	227	1.86e-04	40.4
JCVISYN3A_0643	BSU32710	27.751	209	133	8	160	354	24	228	3.89e-07	47.8
JCVISYN3A_0643	BSU14430	22.523	222	133	8	140	334	2	211	4.94e-07	48.5
JCVISYN3A_0643	BSU14430	22.368	152	101	4	157	306	335	471	0.043	32.7
JCVISYN3A_0643	BSU40150	39.394	66	39	1	274	338	113	178	1.20e-06	45.8
JCVISYN3A_0643	BSU30010	25.000	220	145	8	157	373	21	223	5.57e-06	44.3
JCVISYN3A_0643	BSU35160	27.273	154	93	7	261	398	472	622	8.33e-05	41.6
JCVISYN3A_0643	BSU35160	31.633	98	58	4	256	347	808	902	0.007	35.4
JCVISYN3A_0643	BSU19740	28.713	101	63	3	108	199	227	327	0.47	29.3
JCVISYN3A_0643	BSU31730	24.706	85	56	3	297	373	38	122	0.47	28.1
JCVISYN3A_0643	BSU37390	21.005	219	159	6	157	369	20	230	0.81	28.1
JCVISYN3A_0643	BSU02220	25.532	94	63	3	6	93	176	268	0.97	28.1
JCVISYN3A_0643	BSU26040	22.581	93	69	2	45	137	49	138	2.5	26.2
JCVISYN3A_0643	BSU28220	33.333	36	21	1	157	192	102	134	4.0	26.2
JCVISYN3A_0643	BSU15940	40.741	27	16	0	170	196	27	53	4.0	26.6
JCVISYN3A_0643	BSU13250	38.776	49	28	1	315	363	64	110	6.9	25.4
JCVISYN3A_0643	BSU09330	31.481	54	29	3	204	256	5	51	7.3	25.0
JCVISYN3A_0644	BSU01440	57.025	121	49	2	1	119	1	120	1.67e-44	138
JCVISYN3A_0644	BSU08950	35.897	39	25	0	6	44	166	204	1.4	25.0
JCVISYN3A_0644	BSU02440	38.889	18	11	0	34	51	163	180	8.1	22.7
JCVISYN3A_0644	BSU13530	21.429	56	43	1	1	55	117	172	9.3	22.7
JCVISYN3A_0644	BSU31460	23.684	76	48	2	32	102	22	92	9.5	22.3
JCVISYN3A_0645	BSU01430	45.141	319	165	5	1	316	1	312	1.31e-87	262
JCVISYN3A_0645	BSU18090	32.075	53	36	0	188	240	321	373	2.3	26.6
JCVISYN3A_0645	BSU04160	34.375	32	20	1	173	203	221	252	7.3	25.0
JCVISYN3A_0645	BSU19420	30.952	42	22	1	275	316	19	53	8.1	25.0
JCVISYN3A_0645	BSU12750	22.727	66	42	2	161	223	335	394	9.6	24.6
JCVISYN3A_0646	BSU01420	67.500	120	39	0	9	128	11	130	6.84e-55	165
JCVISYN3A_0646	BSU33430	29.825	57	27	1	12	68	123	166	2.0	25.0
JCVISYN3A_0646	BSU31000	32.653	49	24	2	31	74	56	100	2.0	24.6
JCVISYN3A_0646	BSU32670	28.000	50	30	1	54	103	292	335	2.7	24.6
JCVISYN3A_0646	BSU30260	42.308	26	13	1	96	121	260	283	3.7	23.9
JCVISYN3A_0646	BSU15560	37.500	40	24	1	72	110	113	152	4.1	23.9
JCVISYN3A_0646	BSU17610	28.889	45	32	0	27	71	417	461	4.3	23.9
JCVISYN3A_0646	BSU07890	29.167	48	28	2	27	69	53	99	5.6	23.1
JCVISYN3A_0646	BSU03120	50.000	20	10	0	22	41	131	150	5.8	23.5
JCVISYN3A_0646	BSU32830	50.000	26	12	1	85	110	285	309	6.2	23.5
JCVISYN3A_0646	BSU38160	47.059	17	9	0	89	105	179	195	7.7	23.1
JCVISYN3A_0646	BSU38580	36.364	33	21	0	46	78	105	137	8.5	23.1
JCVISYN3A_0647	BSU01410	72.727	121	33	0	1	121	1	121	2.28e-60	178
JCVISYN3A_0647	BSU37330	32.258	31	21	0	50	80	27	57	2.2	24.6
JCVISYN3A_0647	BSU19580	32.258	31	21	0	15	45	377	407	2.6	24.3
JCVISYN3A_0647	BSU07460	32.609	46	30	1	18	62	296	341	4.5	23.9
JCVISYN3A_0647	BSU26160	28.571	56	28	1	30	85	161	204	4.7	23.5
JCVISYN3A_0647	BSU25280	39.535	43	24	1	1	43	35	75	4.8	23.5
JCVISYN3A_0647	BSU17180	31.034	29	20	0	86	114	3465	3493	5.4	23.5
JCVISYN3A_0647	BSU12060	52.381	21	8	1	48	68	13	31	6.1	23.1
JCVISYN3A_0647	BSU24560	33.333	45	29	1	31	74	14	58	8.4	22.7
JCVISYN3A_0647	BSU22680	41.379	29	15	1	30	56	485	513	9.6	22.7
JCVISYN3A_0648	BSU01400	75.676	37	9	0	1	37	1	37	7.48e-16	59.7
JCVISYN3A_0648	BSU25820	41.667	12	7	0	25	36	152	163	3.2	20.8
JCVISYN3A_0648	BSU03100	50.000	12	6	0	25	36	153	164	4.0	20.8
JCVISYN3A_0648	BSU31270	57.143	14	6	0	8	21	208	221	6.3	20.0
JCVISYN3A_0648	BSU39930	34.783	23	15	0	6	28	191	213	8.5	19.6
JCVISYN3A_0649	BSU01390	74.286	70	18	0	1	70	1	70	1.46e-35	112
JCVISYN3A_0649	BSU04780	30.303	66	41	3	7	68	650	714	0.16	26.6
JCVISYN3A_0649	BSU12720	39.024	41	22	2	1	38	1	41	0.24	25.8
JCVISYN3A_0649	BSU25990	36.585	41	23	2	1	38	1	41	0.65	24.6
JCVISYN3A_0649	BSU25250	27.083	48	34	1	27	74	19	65	4.8	22.3
JCVISYN3A_0649	BSU17420	31.034	29	20	0	24	52	270	298	5.2	22.3
JCVISYN3A_0649	BSU23570	26.923	26	19	0	47	72	447	472	5.3	22.3
JCVISYN3A_0649	BSU07840	36.585	41	24	1	27	65	526	566	6.5	21.9
JCVISYN3A_0649	BSU29820	45.000	20	11	0	54	73	13	32	7.6	21.6
JCVISYN3A_0650	BSU01380	47.390	249	128	2	1	248	1	247	2.32e-79	236
JCVISYN3A_0650	BSU07690	32.794	247	163	3	4	248	3	248	8.42e-43	142
JCVISYN3A_0650	BSU24460	23.529	204	139	5	4	203	127	317	4.27e-20	84.7
JCVISYN3A_0650	BSU13860	24.498	249	154	7	4	248	137	355	1.63e-13	66.2
JCVISYN3A_0650	BSU15140	40.909	44	21	1	104	147	202	240	0.48	28.1
JCVISYN3A_0650	BSU10770	31.148	61	36	2	114	174	448	502	0.60	28.1
JCVISYN3A_0650	BSU12240	33.333	36	24	0	165	200	98	133	1.6	26.6
JCVISYN3A_0650	BSU01845	34.483	29	19	0	151	179	100	128	2.1	26.6
JCVISYN3A_0650	BSU29880	36.667	30	17	1	135	164	97	124	5.4	25.0
JCVISYN3A_0650	BSU31210	25.641	78	54	2	2	76	127	203	7.3	24.6
JCVISYN3A_0651	BSU01370	38.710	186	112	1	1	184	1	186	2.25e-45	147
JCVISYN3A_0651	BSU22890	30.556	36	25	0	1	36	5	40	1.5	26.2
JCVISYN3A_0651	BSU29750	27.660	47	34	0	22	68	211	257	1.9	26.2
JCVISYN3A_0651	BSU17420	25.833	120	62	5	1	94	93	211	2.2	25.8
JCVISYN3A_0651	BSU01810	38.710	31	17	1	130	160	53	81	2.3	25.8
JCVISYN3A_0651	BSU32270	41.667	24	14	0	83	106	114	137	3.1	25.4
JCVISYN3A_0651	BSU27730	27.027	37	26	1	2	37	55	91	3.2	25.4
JCVISYN3A_0651	BSU26370	36.667	30	19	0	2	31	4	33	3.4	25.0
JCVISYN3A_0651	BSU06100	43.478	23	13	0	2	24	33	55	3.6	25.4
JCVISYN3A_0651	BSU28300	32.353	34	23	0	88	121	52	85	6.5	24.3
JCVISYN3A_0651	BSU37270	36.364	33	19	1	88	120	277	307	8.2	24.3
JCVISYN3A_0652	BSU01360	39.817	437	238	9	31	461	8	425	1.48e-95	292
JCVISYN3A_0652	BSU30770	22.619	84	58	2	37	117	5	84	0.71	28.9
JCVISYN3A_0652	BSU01740	27.928	111	57	6	108	200	7	112	1.2	27.7
JCVISYN3A_0652	BSU23560	25.000	40	30	0	362	401	385	424	1.4	28.1
JCVISYN3A_0652	BSU03580	30.645	62	38	2	34	95	2	58	4.5	26.2
JCVISYN3A_0652	BSU09770	23.810	42	32	0	283	324	9	50	5.7	26.2
JCVISYN3A_0652	BSU03440	34.286	35	23	0	287	321	149	183	5.9	26.2
JCVISYN3A_0652	BSU39760	29.310	58	40	1	193	250	300	356	6.0	26.2
JCVISYN3A_0652	BSU15160	25.000	92	67	1	27	116	6	97	6.3	26.2
JCVISYN3A_0652	BSU33090	62.500	16	6	0	178	193	34	49	6.9	25.8
JCVISYN3A_0652	BSU10350	24.444	45	34	0	45	89	59	103	9.0	25.4
JCVISYN3A_0653	BSU01350	55.102	147	63	2	1	145	1	146	3.69e-49	152
JCVISYN3A_0653	BSU35810	50.000	18	9	0	46	63	173	190	1.2	25.8
JCVISYN3A_0653	BSU16630	32.258	31	21	0	2	32	381	411	4.6	24.3
JCVISYN3A_0653	BSU14190	28.571	49	32	2	58	106	13	58	5.4	23.9
JCVISYN3A_0654	BSU01330	61.111	162	57	1	33	194	2	157	3.77e-67	202
JCVISYN3A_0654	BSU03010	46.429	28	15	0	61	88	312	339	0.65	28.1
JCVISYN3A_0654	BSU22450	25.806	62	40	2	147	208	276	331	0.81	27.7
JCVISYN3A_0654	BSU30300	37.143	35	15	2	125	159	325	352	5.7	25.0
JCVISYN3A_0654	BSU15800	33.333	27	18	0	142	168	6	32	6.6	24.6
JCVISYN3A_0654	BSU14700	34.146	41	26	1	212	251	171	211	7.7	24.6
JCVISYN3A_0654	BSU09900	27.941	68	46	1	3	67	52	119	7.8	24.6
JCVISYN3A_0654	BSU08890	40.000	20	12	0	32	51	65	84	8.9	23.9
JCVISYN3A_0654	BSU15290	41.860	43	22	1	62	101	203	245	9.8	24.3
JCVISYN3A_0654	BSU18430	30.882	68	33	3	74	131	4	67	9.9	24.3
JCVISYN3A_0655	BSU01320	62.393	117	42	1	2	116	4	120	1.68e-46	143
JCVISYN3A_0655	BSU04580	36.735	49	26	2	23	67	383	430	0.016	30.8
JCVISYN3A_0655	BSU02290	14.925	67	56	1	30	96	176	241	4.2	23.5
JCVISYN3A_0655	BSU25260	31.250	32	22	0	83	114	484	515	4.3	23.5
JCVISYN3A_0655	BSU21900	42.105	19	11	0	77	95	117	135	7.8	22.7
JCVISYN3A_0655	BSU31670	28.571	56	39	1	59	113	1	56	8.5	22.3
JCVISYN3A_0655	BSU29770	31.034	29	19	1	84	112	75	102	8.6	22.3
JCVISYN3A_0655	BSU36170	33.333	60	38	2	42	99	64	123	8.7	22.7
JCVISYN3A_0656	BSU01310	51.124	178	87	0	1	178	1	178	2.06e-63	190
JCVISYN3A_0656	BSU27160	32.558	86	55	2	14	97	431	515	0.12	29.6
JCVISYN3A_0656	BSU12649	47.826	23	12	0	60	82	27	49	0.77	25.4
JCVISYN3A_0656	BSU25290	35.088	57	33	2	104	159	95	148	2.4	25.4
JCVISYN3A_0656	BSU10560	34.286	35	18	1	117	146	246	280	4.5	24.6
JCVISYN3A_0656	BSU37830	35.897	39	25	0	79	117	262	300	4.5	24.6
JCVISYN3A_0656	BSU32530	26.562	64	39	2	78	133	344	407	8.1	23.9
JCVISYN3A_0656	BSU20350	27.273	88	57	2	9	93	327	410	8.7	23.9
JCVISYN3A_0656	BSU07010	33.333	30	20	0	36	65	539	568	9.2	23.9
JCVISYN3A_0656	BSU28790	28.889	45	26	1	100	138	46	90	9.6	23.5
JCVISYN3A_0657	BSU01300	61.240	129	48	2	3	129	4	132	3.52e-50	153
JCVISYN3A_0657	BSU03770	29.167	72	42	3	15	82	16	82	0.55	26.6
JCVISYN3A_0657	BSU34840	32.432	37	25	0	13	49	206	242	0.60	26.6
JCVISYN3A_0657	BSU11580	35.484	62	36	2	12	72	55	113	0.77	25.8
JCVISYN3A_0657	BSU07220	41.667	36	20	1	39	74	95	129	3.0	24.3
JCVISYN3A_0657	BSU22450	25.000	64	45	2	1	61	120	183	3.5	24.3
JCVISYN3A_0657	BSU27350	28.333	60	43	0	62	121	181	240	4.6	23.9
JCVISYN3A_0657	BSU05800	57.895	19	8	0	91	109	26	44	4.9	23.9
JCVISYN3A_0657	BSU40400	37.143	35	19	1	2	36	118	149	5.2	23.9
JCVISYN3A_0657	BSU09720	64.706	17	6	0	2	18	617	633	5.8	23.5
JCVISYN3A_0657	BSU38760	20.290	69	45	2	62	120	292	360	6.4	23.5
JCVISYN3A_0657	BSU05840	35.897	39	22	2	27	62	257	295	6.7	23.5
JCVISYN3A_0657	BSU32690	41.379	29	12	1	105	128	229	257	7.7	23.1
JCVISYN3A_0657	BSU06560	53.846	13	6	0	42	54	458	470	8.0	23.1
JCVISYN3A_0657	BSU22800	36.364	33	17	1	52	84	158	186	9.5	22.7
JCVISYN3A_0657	BSU07300	36.000	25	16	0	103	127	63	87	9.9	22.7
JCVISYN3A_0658	BSU01290	63.934	61	22	0	1	61	1	61	9.65e-28	91.3
JCVISYN3A_0658	BSU08880	53.488	43	20	0	19	61	47	89	9.29e-14	57.0
JCVISYN3A_0658	BSU05870	33.333	24	16	0	6	29	181	204	2.3	22.7
JCVISYN3A_0658	BSU11820	38.462	13	8	0	18	30	29	41	4.3	21.9
JCVISYN3A_0658	BSU35760	37.500	24	15	0	16	39	113	136	4.6	21.9
JCVISYN3A_0658	BSU35450	45.000	20	8	1	24	43	55	71	6.9	21.2
JCVISYN3A_0659	BSU01280	66.854	178	59	0	3	180	2	179	5.96e-89	255
JCVISYN3A_0659	BSU26540	42.857	28	16	0	100	127	61	88	0.32	27.7
JCVISYN3A_0659	BSU37660	30.000	50	32	2	72	119	134	182	1.6	25.8
JCVISYN3A_0659	BSU12160	21.296	108	74	2	69	175	278	375	2.6	25.4
JCVISYN3A_0659	BSU17040	27.941	68	40	1	16	74	514	581	3.0	25.4
JCVISYN3A_0659	BSU36490	29.412	51	29	1	127	170	95	145	3.2	24.6
JCVISYN3A_0659	BSU07250	27.536	69	36	2	63	117	17	85	3.4	25.0
JCVISYN3A_0659	BSU33950	22.951	61	39	1	9	61	201	261	3.7	24.6
JCVISYN3A_0659	BSU22680	34.545	55	36	0	91	145	30	84	4.6	24.6
JCVISYN3A_0659	BSU22640	32.836	67	41	3	43	107	327	391	8.5	23.9
JCVISYN3A_0659	BSU29900	24.000	75	44	2	99	162	11	83	9.2	23.5
JCVISYN3A_0660	BSU01270	48.936	94	46	2	8	100	5	97	6.95e-21	77.4
JCVISYN3A_0660	BSU19170	22.105	95	53	3	1	85	1	84	0.56	25.8
JCVISYN3A_0660	BSU23030	29.412	68	40	3	35	102	222	281	0.68	25.8
JCVISYN3A_0660	BSU03480	24.272	103	67	4	11	104	2077	2177	0.81	25.8
JCVISYN3A_0660	BSU03490	30.769	39	26	1	71	108	1100	1138	0.90	25.4
JCVISYN3A_0660	BSU24270	37.500	24	15	0	57	80	430	453	4.3	23.5
JCVISYN3A_0660	BSU31060	29.412	34	19	1	32	60	8	41	7.9	22.7
JCVISYN3A_0661	BSU01260	65.574	122	42	0	1	122	1	122	3.14e-55	165
JCVISYN3A_0661	BSU01160	39.286	28	17	0	27	54	11	38	2.3	24.3
JCVISYN3A_0661	BSU34780	36.667	30	16	1	48	77	32	58	5.2	23.1
JCVISYN3A_0661	BSU18000	45.833	24	13	0	97	120	293	316	7.3	23.1
JCVISYN3A_0661	BSU14860	34.375	32	20	1	63	93	30	61	8.2	23.1
JCVISYN3A_0662	BSU01250	69.767	86	26	0	1	86	1	86	8.80e-40	123
JCVISYN3A_0662	BSU32550	28.571	42	26	1	23	64	170	207	2.3	23.5
JCVISYN3A_0662	BSU11460	26.154	65	44	2	1	64	171	232	3.2	23.1
JCVISYN3A_0662	BSU12950	28.070	57	37	2	9	64	176	229	4.1	22.7
JCVISYN3A_0662	BSU18330	24.528	53	39	1	21	73	1204	1255	4.2	23.1
JCVISYN3A_0662	BSU25820	36.170	47	22	2	19	57	193	239	4.4	22.7
JCVISYN3A_0662	BSU39840	23.636	55	34	1	8	62	32	78	5.6	22.3
JCVISYN3A_0662	BSU08690	26.316	38	28	0	12	49	50	87	9.2	21.9
JCVISYN3A_0662	BSU20430	36.364	22	14	0	13	34	35	56	9.6	21.6
JCVISYN3A_0663	BSU01240	38.333	60	37	0	8	67	5	64	3.63e-09	47.4
JCVISYN3A_0663	BSU33950	41.667	36	21	0	49	84	123	158	0.20	28.1
JCVISYN3A_0663	BSU17120	34.615	26	17	0	112	137	480	505	5.4	23.9
JCVISYN3A_0663	BSU31550	36.111	36	18	1	87	122	116	146	6.8	23.5
JCVISYN3A_0663	BSU26960	55.000	20	9	0	79	98	36	55	7.1	22.7
JCVISYN3A_0663	BSU33550	24.561	57	35	1	43	91	490	546	7.5	23.5
JCVISYN3A_0663	BSU19830	38.462	39	22	1	60	98	123	159	7.7	23.1
JCVISYN3A_0663	BSU29130	36.364	44	25	1	79	122	267	307	9.3	23.1
JCVISYN3A_0663	BSU39810	36.111	36	20	1	43	78	206	238	9.3	23.1
JCVISYN3A_0664	BSU01230	66.912	136	45	0	1	136	1	136	8.76e-65	191
JCVISYN3A_0664	BSU23130	31.183	93	54	4	24	114	301	385	0.16	28.1
JCVISYN3A_0664	BSU00420	31.250	48	33	0	61	108	33	80	0.18	28.1
JCVISYN3A_0664	BSU05840	36.585	41	23	2	47	84	203	243	3.7	24.3
JCVISYN3A_0664	BSU31800	46.154	26	10	2	57	82	180	201	9.3	23.1
JCVISYN3A_0665	BSU01220	49.770	217	105	2	1	217	1	213	7.71e-72	215
JCVISYN3A_0665	BSU26740	29.268	41	29	0	70	110	303	343	1.0	26.9
JCVISYN3A_0665	BSU02510	36.585	41	26	0	141	181	367	407	1.7	26.6
JCVISYN3A_0665	BSU25530	34.146	82	39	4	46	112	260	341	2.4	26.2
JCVISYN3A_0665	BSU04110	20.930	86	62	1	59	144	92	171	2.7	25.4
JCVISYN3A_0665	BSU30260	22.989	87	56	3	55	138	160	238	5.4	24.6
JCVISYN3A_0665	BSU26935	45.833	24	13	0	158	181	3	26	6.4	22.3
JCVISYN3A_0665	BSU22010	23.571	140	97	5	47	180	122	257	7.3	24.3
JCVISYN3A_0665	BSU33380	38.710	31	17	1	6	36	218	246	8.1	24.3
JCVISYN3A_0665	BSU19000	22.581	62	48	0	27	88	65	126	8.9	24.3
JCVISYN3A_0666	BSU01210	58.036	112	45	2	1	111	1	111	1.47e-36	117
JCVISYN3A_0666	BSU00070	27.273	55	39	1	48	102	42	95	1.0	25.4
JCVISYN3A_0666	BSU29620	31.343	67	26	3	51	97	198	264	2.5	24.3
JCVISYN3A_0666	BSU31360	27.660	47	34	0	3	49	341	387	2.9	23.9
JCVISYN3A_0666	BSU06700	40.909	22	13	0	64	85	124	145	3.2	23.9
JCVISYN3A_0666	BSU19350	42.308	26	15	0	26	51	124	149	3.9	23.5
JCVISYN3A_0666	BSU27460	31.818	44	30	0	33	76	150	193	8.5	22.3
JCVISYN3A_0667	BSU01200	59.341	91	34	1	1	88	1	91	1.44e-36	115
JCVISYN3A_0667	BSU37170	41.935	31	16	1	58	88	110	138	0.64	25.4
JCVISYN3A_0667	BSU23070	28.571	35	25	0	14	48	109	143	3.0	23.5
JCVISYN3A_0667	BSU34990	28.125	64	29	1	3	49	45	108	8.6	21.9
JCVISYN3A_0668	BSU01190	66.548	281	90	2	1	281	1	277	6.78e-139	389
JCVISYN3A_0668	BSU02810	40.000	50	28	2	42	90	82	130	0.096	30.0
JCVISYN3A_0668	BSU35470	28.070	57	39	2	172	228	67	121	1.6	26.9
JCVISYN3A_0668	BSU07060	24.561	57	29	1	80	122	246	302	3.0	26.2
JCVISYN3A_0669	BSU01180	44.578	83	46	0	5	87	6	88	2.09e-18	70.1
JCVISYN3A_0669	BSU16600	34.146	41	25	1	52	92	236	274	2.1	23.9
JCVISYN3A_0669	BSU06680	46.875	32	10	2	18	47	368	394	3.2	23.5
JCVISYN3A_0669	BSU39230	35.294	34	12	1	9	32	1112	1145	6.2	22.7
JCVISYN3A_0669	BSU00500	41.667	36	15	2	55	85	384	418	8.0	22.3
JCVISYN3A_0669	BSU31820	20.930	43	34	0	21	63	35	77	9.4	21.6
JCVISYN3A_0670	BSU01170	51.208	207	99	2	2	208	3	207	4.70e-71	212
JCVISYN3A_0670	BSU38980	28.947	76	41	3	135	207	135	200	3.1	25.0
JCVISYN3A_0670	BSU02330	28.283	99	63	4	73	170	194	285	4.8	24.6
JCVISYN3A_0670	BSU33120	32.558	43	29	0	16	58	26	68	6.4	24.3
JCVISYN3A_0670	BSU15970	31.579	38	21	1	18	50	33	70	8.6	23.1
JCVISYN3A_0670	BSU35760	42.857	21	12	0	184	204	277	297	9.5	23.9
JCVISYN3A_0671	BSU01160	58.252	206	82	3	2	204	3	207	2.98e-82	241
JCVISYN3A_0671	BSU25000	26.437	87	55	3	110	189	377	461	0.13	30.0
JCVISYN3A_0671	BSU00150	30.952	42	29	0	149	190	92	133	1.1	26.6
JCVISYN3A_0671	BSU07420	27.451	51	31	1	164	208	174	224	2.3	26.2
JCVISYN3A_0671	BSU27860	25.352	71	50	2	141	208	167	237	2.5	25.8
JCVISYN3A_0672	BSU01150	71.569	102	29	0	1	102	1	102	7.47e-51	152
JCVISYN3A_0672	BSU29290	50.000	30	13	2	39	66	31	60	0.14	27.7
JCVISYN3A_0672	BSU17240	25.641	39	29	0	24	62	62	100	2.4	23.5
JCVISYN3A_0672	BSU36830	28.000	75	33	3	41	94	427	501	3.9	23.5
JCVISYN3A_0672	BSU03160	41.379	29	15	1	37	65	202	228	4.0	23.1
JCVISYN3A_0672	BSU22250	21.154	52	35	1	39	90	68	113	4.5	22.7
JCVISYN3A_0672	BSU16400	26.316	57	22	2	13	60	253	298	7.6	22.7
JCVISYN3A_0672	BSU10560	38.462	26	16	0	20	45	297	322	7.8	22.3
JCVISYN3A_0684	BSU24310	46.209	277	147	2	3	279	5	279	6.21e-85	253
JCVISYN3A_0684	BSU07750	52.000	25	12	0	163	187	78	102	0.21	29.6
JCVISYN3A_0684	BSU12750	24.800	125	62	4	161	278	504	603	0.25	29.6
JCVISYN3A_0684	BSU22870	31.579	57	32	3	207	258	127	181	3.2	25.8
JCVISYN3A_0684	BSU26370	27.869	61	40	1	158	218	3	59	4.6	25.0
JCVISYN3A_0684	BSU16070	37.500	56	21	3	60	113	158	201	5.1	25.4
JCVISYN3A_0684	BSU15610	46.667	30	15	1	15	43	61	90	5.2	25.0
JCVISYN3A_0684	BSU23550	25.641	39	29	0	188	226	305	343	5.5	25.4
JCVISYN3A_0684	BSU18120	30.233	43	26	1	145	187	60	98	5.7	25.4
JCVISYN3A_0684	BSU35820	32.812	64	41	2	204	266	181	243	7.6	24.6
JCVISYN3A_0684	BSU11610	24.299	107	68	5	12	107	11	115	7.6	24.6
JCVISYN3A_0684	BSU28770	26.316	95	59	5	128	216	2	91	8.2	24.6
JCVISYN3A_0685	BSU13500	28.373	504	305	12	30	533	2	449	1.11e-52	182
JCVISYN3A_0685	BSU31100	30.222	450	255	13	58	506	28	419	1.51e-46	165
JCVISYN3A_0685	BSU11300	31.579	57	32	2	196	252	174	223	2.2	27.3
JCVISYN3A_0685	BSU06310	27.273	44	32	0	16	59	305	348	2.3	27.7
JCVISYN3A_0685	BSU09290	38.000	50	27	3	276	325	150	195	3.5	26.9
JCVISYN3A_0685	BSU37720	32.558	43	25	1	195	237	86	124	5.6	26.2
JCVISYN3A_0685	BSU25910	52.174	23	11	0	126	148	84	106	5.8	25.4
JCVISYN3A_0686	BSU14510	26.316	228	150	6	4	225	2	217	8.20e-16	70.9
JCVISYN3A_0686	BSU31090	27.727	220	137	7	3	214	5	210	2.27e-12	61.2
JCVISYN3A_0686	BSU15300	31.148	61	40	2	91	150	1272	1331	0.44	28.5
JCVISYN3A_0686	BSU35040	46.875	32	13	1	33	60	492	523	1.7	26.6
JCVISYN3A_0686	BSU05940	23.423	111	69	2	127	221	116	226	1.9	26.2
JCVISYN3A_0686	BSU01990	21.495	107	70	4	31	131	46	144	2.0	26.2
JCVISYN3A_0686	BSU35319	44.000	25	14	0	82	106	53	77	2.4	25.4
JCVISYN3A_0686	BSU31250	28.261	46	26	1	182	220	131	176	2.9	25.8
JCVISYN3A_0686	BSU32310	30.769	52	30	2	141	192	6	51	3.2	24.6
JCVISYN3A_0686	BSU39110	29.091	55	36	2	162	215	197	249	3.4	25.8
JCVISYN3A_0686	BSU04030	34.211	38	25	0	50	87	15	52	3.6	24.6
JCVISYN3A_0686	BSU16580	41.379	29	17	0	176	204	1217	1245	5.8	25.0
JCVISYN3A_0686	BSU16580	41.667	24	14	0	176	199	1381	1404	6.4	25.0
JCVISYN3A_0686	BSU02610	58.824	17	7	0	43	59	169	185	6.3	24.6
JCVISYN3A_0686	BSU14360	24.528	53	36	1	93	141	106	158	8.2	24.3
JCVISYN3A_0686	BSU20010	45.000	20	11	0	175	194	69	88	9.3	23.9
JCVISYN3A_0686	BSU30830	44.000	25	14	0	142	166	318	342	9.5	24.3
JCVISYN3A_0687	BSU06690	43.487	476	266	3	3	477	2	475	8.73e-143	415
JCVISYN3A_0687	BSU14980	34.043	47	26	1	297	338	10	56	0.35	27.7
JCVISYN3A_0687	BSU00190	31.579	76	45	1	116	184	189	264	3.3	26.9
JCVISYN3A_0687	BSU34710	27.344	128	68	6	275	377	229	356	3.9	26.6
JCVISYN3A_0687	BSU18340	38.235	34	19	1	355	386	1392	1425	8.4	25.8
JCVISYN3A_0687	BSU01760	27.083	96	64	3	107	196	297	392	8.7	25.4
JCVISYN3A_0687	BSU19020	33.333	33	22	0	197	229	295	327	9.5	25.4
JCVISYN3A_0688	BSU06680	35.371	458	281	8	9	458	8	458	2.49e-69	226
JCVISYN3A_0688	BSU35600	24.000	75	52	1	200	269	94	168	0.28	30.4
JCVISYN3A_0688	BSU11420	29.032	62	40	1	361	422	141	198	0.38	29.6
JCVISYN3A_0688	BSU32050	34.831	89	26	7	118	193	217	286	1.7	27.7
JCVISYN3A_0688	BSU11382	27.612	134	87	4	360	484	133	265	2.7	26.9
JCVISYN3A_0688	BSU19920	42.857	21	12	0	224	244	14	34	2.9	24.3
JCVISYN3A_0688	BSU15180	28.947	38	26	1	235	272	197	233	6.1	26.2
JCVISYN3A_0688	BSU15500	21.875	64	42	1	21	84	162	217	6.3	25.8
JCVISYN3A_0689	BSU06670	23.158	95	72	1	3	97	2	95	8.88e-06	38.1
JCVISYN3A_0689	BSU21360	25.758	66	49	0	25	90	153	218	1.1	24.6
JCVISYN3A_0689	BSU08970	25.926	54	37	1	31	81	570	623	1.3	24.6
JCVISYN3A_0689	BSU21030	30.556	36	21	1	33	68	32	63	1.9	23.1
JCVISYN3A_0689	BSU28930	30.000	50	33	1	21	68	375	424	2.2	23.9
JCVISYN3A_0689	BSU08710	29.730	37	24	1	62	98	68	102	2.6	23.9
JCVISYN3A_0689	BSU22760	27.632	76	45	3	1	72	159	228	3.6	23.5
JCVISYN3A_0689	BSU01280	21.951	82	50	2	3	79	2	74	6.2	22.7
JCVISYN3A_0689	BSU15330	41.176	17	10	0	58	74	100	116	6.4	22.7
JCVISYN3A_0689	BSU12350	23.256	43	33	0	44	86	195	237	6.4	22.7
JCVISYN3A_0689	BSU33430	47.619	21	11	0	63	83	55	75	9.3	22.3
JCVISYN3A_0689	BSU35680	38.889	18	11	0	81	98	398	415	9.7	22.3
JCVISYN3A_0689	BSU36410	19.318	88	65	2	3	84	180	267	9.8	21.9
JCVISYN3A_0690	BSU06620	48.209	670	338	5	1	664	1	667	0.0	593
JCVISYN3A_0690	BSU00880	27.731	119	76	4	164	279	72	183	0.39	30.4
JCVISYN3A_0690	BSU22010	48.000	25	13	0	513	537	196	220	0.98	28.9
JCVISYN3A_0690	BSU01970	44.000	25	13	1	367	390	24	48	9.2	25.4
JCVISYN3A_0691	BSU25790	32.468	77	38	3	512	585	217	282	1.6	28.5
JCVISYN3A_0691	BSU25790	31.667	60	36	2	74	129	42	100	9.9	25.8
JCVISYN3A_0691	BSU30000	26.506	83	59	1	168	248	132	214	2.7	27.7
JCVISYN3A_0691	BSU25340	32.653	49	33	0	269	317	37	85	3.9	26.9
JCVISYN3A_0691	BSU03950	35.135	37	24	0	268	304	350	386	4.3	26.9
JCVISYN3A_0691	BSU02990	26.613	124	77	5	194	306	115	235	4.4	26.9
JCVISYN3A_0691	BSU13090	36.620	71	42	2	122	191	11	79	4.7	25.8
JCVISYN3A_0691	BSU38760	25.203	123	60	8	491	597	109	215	5.1	26.9
JCVISYN3A_0691	BSU41030	32.075	53	33	1	394	443	23	75	5.7	26.2
JCVISYN3A_0691	BSU15240	30.769	39	26	1	498	536	98	135	7.5	26.2
JCVISYN3A_0691	BSU09240	24.510	102	49	4	596	672	62	160	8.6	25.8
JCVISYN3A_0692	BSU09210	26.966	267	167	11	3	259	9	257	9.25e-23	92.8
JCVISYN3A_0692	BSU15460	24.126	286	187	8	4	277	6	273	2.11e-20	86.3
JCVISYN3A_0692	BSU11620	24.373	279	171	12	37	301	24	276	9.74e-14	67.0
JCVISYN3A_0692	BSU13680	26.027	73	45	3	29	100	111	175	0.53	28.5
JCVISYN3A_0692	BSU40870	27.869	61	35	2	226	286	48	99	1.3	27.3
JCVISYN3A_0692	BSU17220	24.675	77	51	2	32	108	1105	1174	2.1	26.9
JCVISYN3A_0692	BSU01140	25.333	75	49	3	228	302	209	276	2.3	26.6
JCVISYN3A_0692	BSU32270	25.610	82	43	3	4	79	233	302	5.2	25.4
JCVISYN3A_0693	BSU09720	32.500	40	20	1	4	36	116	155	0.65	28.5
JCVISYN3A_0693	BSU26440	27.517	149	85	10	160	301	13	145	1.5	27.3
JCVISYN3A_0693	BSU18300	29.545	44	31	0	267	310	22	65	2.5	26.6
JCVISYN3A_0693	BSU09090	25.472	106	67	5	88	190	13	109	2.8	26.2
JCVISYN3A_0693	BSU09090	52.174	23	11	0	25	47	277	299	5.0	25.4
JCVISYN3A_0693	BSU23010	34.921	63	27	3	211	267	62	116	3.2	25.8
JCVISYN3A_0693	BSU23620	32.000	25	17	0	251	275	28	52	8.9	24.6
JCVISYN3A_0694	BSU13900	44.444	81	45	0	1	81	1	81	1.62e-19	72.8
JCVISYN3A_0694	BSU34740	44.776	67	37	0	11	77	11	77	3.02e-17	66.6
JCVISYN3A_0694	BSU05460	33.333	42	28	0	7	48	163	204	0.61	25.4
JCVISYN3A_0694	BSU27360	25.275	91	45	3	14	83	16	104	1.6	23.9
JCVISYN3A_0694	BSU40190	32.500	40	27	0	49	88	587	626	1.9	23.9
JCVISYN3A_0695	BSU06610	39.067	750	408	19	4	721	6	738	3.12e-142	431
JCVISYN3A_0695	BSU11820	30.016	643	364	19	10	614	136	730	7.87e-71	243
JCVISYN3A_0695	BSU10630	24.053	528	282	20	192	613	366	880	8.27e-20	91.3
JCVISYN3A_0695	BSU10630	32.090	134	73	3	14	129	15	148	2.71e-09	57.4
JCVISYN3A_0695	BSU33450	22.340	188	113	6	221	387	542	717	2.51e-04	41.2
JCVISYN3A_0695	BSU33450	30.645	62	33	1	555	616	704	755	1.7	28.5
JCVISYN3A_0695	BSU10620	19.474	380	272	11	27	383	6	374	0.008	36.2
JCVISYN3A_0695	BSU10620	19.101	89	51	1	552	619	585	673	6.2	26.9
JCVISYN3A_0695	BSU32000	72.222	18	5	0	563	580	3	20	0.19	31.2
JCVISYN3A_0695	BSU35290	38.983	59	32	2	601	657	69	125	1.6	28.5
JCVISYN3A_0695	BSU04960	38.095	42	25	1	434	474	101	142	2.6	28.1
JCVISYN3A_0695	BSU30860	31.944	72	46	2	446	515	90	160	2.8	27.7
JCVISYN3A_0695	BSU40890	35.000	40	22	1	580	619	44	79	2.8	25.8
JCVISYN3A_0695	BSU17230	25.532	47	35	0	514	560	34	80	5.6	26.9
JCVISYN3A_0695	BSU17220	34.286	70	37	3	456	523	1266	1328	6.5	26.9
JCVISYN3A_0695	BSU21570	30.263	76	38	4	635	697	31	104	9.9	25.4
JCVISYN3A_0696	BSU03390	23.016	126	78	3	17	139	2	111	0.008	33.1
JCVISYN3A_0696	BSU39960	26.154	130	69	6	20	125	3	129	0.18	28.9
JCVISYN3A_0696	BSU19830	36.364	44	17	1	79	111	35	78	8.8	23.9
JCVISYN3A_0696	BSU15950	52.381	21	9	1	225	244	70	90	9.1	24.3
JCVISYN3A_0697	BSU34300	19.149	188	137	6	3	183	6	185	1.76e-05	42.7
JCVISYN3A_0697	BSU35550	34.783	92	52	4	2	90	7	93	0.002	35.8
JCVISYN3A_0697	BSU37980	22.876	153	100	7	1	148	1	140	0.097	30.8
JCVISYN3A_0697	BSU34280	20.548	219	150	9	2	206	4	212	0.38	28.9
JCVISYN3A_0697	BSU34330	23.711	97	72	1	17	111	18	114	0.81	27.7
JCVISYN3A_0697	BSU37840	44.444	27	15	0	146	172	177	203	2.6	26.2
JCVISYN3A_0697	BSU36170	31.579	57	37	1	192	246	67	123	4.6	25.4
JCVISYN3A_0697	BSU40200	33.684	95	54	4	231	318	169	261	6.7	25.4
JCVISYN3A_0697	BSU37910	22.807	114	83	2	3	111	4	117	8.1	24.6
JCVISYN3A_0697	BSU31440	34.375	32	21	0	287	318	283	314	8.6	24.6
JCVISYN3A_0706	BSU17680	28.000	75	50	2	109	183	27	97	0.18	31.2
JCVISYN3A_0706	BSU19220	22.360	161	110	5	256	401	27	187	0.49	30.0
JCVISYN3A_0706	BSU03600	36.000	50	30	1	110	159	35	82	2.8	26.9
JCVISYN3A_0706	BSU30450	28.889	45	28	1	202	242	248	292	3.5	26.9
JCVISYN3A_0706	BSU37760	26.471	68	48	2	266	331	276	343	3.5	26.9
JCVISYN3A_0706	BSU27670	26.446	121	71	4	205	323	221	325	4.4	26.9
JCVISYN3A_0706	BSU22180	42.857	35	20	0	285	319	51	85	5.7	25.0
JCVISYN3A_0706	BSU27810	30.769	52	32	2	482	531	326	375	6.8	26.2
JCVISYN3A_0706	BSU34140	31.250	32	22	0	475	506	167	198	8.6	25.8
JCVISYN3A_0706	BSU39490	31.915	47	31	1	185	230	106	152	9.1	25.4
JCVISYN3A_0706	BSU30135	20.635	63	50	0	179	241	190	252	9.8	25.4
JCVISYN3A_0707	BSU35260	34.211	228	141	3	4	231	1	219	1.90e-34	120
JCVISYN3A_0707	BSU33270	36.406	217	120	5	21	232	20	223	2.38e-34	120
JCVISYN3A_0707	BSU13220	27.391	230	149	5	2	230	292	504	2.35e-33	123
JCVISYN3A_0707	BSU13220	25.581	258	164	8	2	246	5	247	1.54e-18	81.3
JCVISYN3A_0707	BSU30760	29.825	228	142	5	5	229	4	216	2.59e-31	113
JCVISYN3A_0707	BSU30420	36.316	190	111	4	21	208	24	205	3.35e-31	112
JCVISYN3A_0707	BSU14360	33.333	210	128	4	21	228	20	219	4.33e-30	109
JCVISYN3A_0707	BSU27430	37.019	208	123	2	21	228	16	215	9.68e-30	108
JCVISYN3A_0707	BSU33290	31.390	223	141	5	8	228	7	219	1.83e-29	108
JCVISYN3A_0707	BSU32940	28.632	234	157	4	4	236	5	229	3.17e-29	108
JCVISYN3A_0707	BSU03590	35.484	217	118	7	21	228	16	219	2.62e-28	105
JCVISYN3A_0707	BSU39640	34.348	230	139	7	1	227	1	221	1.33e-27	103
JCVISYN3A_0707	BSU29340	32.018	228	142	5	4	228	1	218	6.45e-27	101
JCVISYN3A_0707	BSU23960	32.569	218	133	4	21	235	16	222	2.45e-26	99.8
JCVISYN3A_0707	BSU39480	31.455	213	133	3	20	228	15	218	2.66e-26	99.8
JCVISYN3A_0707	BSU03820	31.304	230	138	6	4	228	1	215	3.59e-26	99.8
JCVISYN3A_0707	BSU02860	28.571	224	148	5	4	226	3	215	5.03e-26	98.6
JCVISYN3A_0707	BSU30380	32.751	229	139	6	4	227	3	221	6.10e-25	96.3
JCVISYN3A_0707	BSU34700	28.879	232	141	5	14	229	14	237	1.44e-24	95.5
JCVISYN3A_0707	BSU03730	30.986	213	133	4	4	213	3	204	1.19e-23	92.4
JCVISYN3A_0707	BSU32750	29.114	237	155	4	4	236	1	228	1.81e-23	94.0
JCVISYN3A_0707	BSU07490	27.074	229	157	4	9	236	8	227	3.18e-23	92.0
JCVISYN3A_0707	BSU01460	30.252	238	139	9	20	242	8	233	1.62e-22	90.5
JCVISYN3A_0707	BSU02750	28.384	229	149	4	4	229	1	217	4.30e-22	88.6
JCVISYN3A_0707	BSU11370	27.444	266	166	7	4	248	9	268	1.16e-21	89.0
JCVISYN3A_0707	BSU11470	29.915	234	133	8	2	219	3	221	1.18e-21	88.6
JCVISYN3A_0707	BSU38660	27.103	214	136	6	17	229	12	206	2.29e-21	87.4
JCVISYN3A_0707	BSU24960	30.000	240	155	8	2	236	20	251	2.32e-21	87.0
JCVISYN3A_0707	BSU13000	28.700	223	148	4	3	219	5	222	3.65e-21	87.4
JCVISYN3A_0707	BSU30610	28.182	220	132	6	21	238	22	217	2.37e-20	84.3
JCVISYN3A_0707	BSU12250	30.097	206	116	8	21	219	31	215	2.53e-20	84.0
JCVISYN3A_0707	BSU08830	28.992	238	144	4	1	238	1	213	7.08e-20	82.8
JCVISYN3A_0707	BSU37230	29.707	239	144	10	5	236	333	554	1.27e-19	84.3
JCVISYN3A_0707	BSU09080	27.119	236	154	5	1	235	1	219	1.90e-19	82.4
JCVISYN3A_0707	BSU33830	30.263	228	143	6	4	228	1	215	2.51e-19	82.8
JCVISYN3A_0707	BSU12950	26.295	251	162	7	1	236	1	243	3.71e-19	82.0
JCVISYN3A_0707	BSU35940	27.755	245	160	6	5	246	3	233	5.40e-19	82.4
JCVISYN3A_0707	BSU35940	20.968	248	167	7	2	238	253	482	1.10e-07	48.9
JCVISYN3A_0707	BSU31550	28.509	228	150	5	24	248	22	239	6.10e-19	82.4
JCVISYN3A_0707	BSU31550	21.961	255	183	6	3	249	255	501	3.32e-07	47.4
JCVISYN3A_0707	BSU34090	25.523	239	154	5	1	237	2	218	6.28e-19	80.9
JCVISYN3A_0707	BSU01450	26.971	241	155	7	2	236	4	229	7.88e-19	80.5
JCVISYN3A_0707	BSU01950	25.439	228	154	4	3	230	2	213	8.48e-19	79.7
JCVISYN3A_0707	BSU08310	25.877	228	154	4	21	246	16	230	5.27e-18	78.6
JCVISYN3A_0707	BSU34820	30.093	216	127	8	5	212	341	540	1.09e-17	79.0
JCVISYN3A_0707	BSU08690	25.778	225	156	6	5	228	341	555	1.29e-17	78.6
JCVISYN3A_0707	BSU33730	29.524	210	129	6	24	228	20	215	1.57e-17	77.8
JCVISYN3A_0707	BSU11460	28.333	240	155	9	1	228	4	238	3.63e-17	76.6
JCVISYN3A_0707	BSU05950	24.670	227	139	7	2	227	324	519	7.04e-17	76.3
JCVISYN3A_0707	BSU05950	26.050	238	115	10	18	220	15	226	1.06e-10	58.2
JCVISYN3A_0707	BSU38730	25.833	240	151	9	5	236	337	557	7.34e-17	76.3
JCVISYN3A_0707	BSU04490	27.570	214	127	7	21	227	20	212	2.23e-16	73.9
JCVISYN3A_0707	BSU24950	29.665	209	126	8	21	219	28	225	3.65e-16	72.8
JCVISYN3A_0707	BSU15340	24.900	249	170	8	4	247	2	238	4.59e-16	72.4
JCVISYN3A_0707	BSU33160	25.854	205	145	3	21	224	15	213	7.20e-16	73.2
JCVISYN3A_0707	BSU09070	23.849	239	155	8	5	240	3	217	9.01e-16	71.2
JCVISYN3A_0707	BSU09720	26.786	224	154	7	5	228	430	643	1.27e-15	72.8
JCVISYN3A_0707	BSU05610	27.778	216	102	8	1	216	1	162	1.66e-15	72.4
JCVISYN3A_0707	BSU05610	22.566	226	140	7	3	227	290	481	4.90e-09	53.1
JCVISYN3A_0707	BSU32550	25.000	236	149	5	12	239	9	224	1.83e-15	71.6
JCVISYN3A_0707	BSU07370	28.755	233	122	8	14	219	10	225	1.98e-15	72.0
JCVISYN3A_0707	BSU07370	27.711	83	55	2	147	228	438	516	1.01e-05	43.1
JCVISYN3A_0707	BSU11360	27.500	240	123	7	25	236	27	243	3.77e-15	70.5
JCVISYN3A_0707	BSU14320	24.554	224	158	7	5	227	335	548	4.49e-15	71.2
JCVISYN3A_0707	BSU38810	26.271	236	144	7	13	239	11	225	2.74e-14	68.2
JCVISYN3A_0707	BSU08210	28.218	202	131	6	5	204	330	519	6.18e-14	67.8
JCVISYN3A_0707	BSU02570	21.862	247	171	8	1	244	1	228	1.94e-13	65.5
JCVISYN3A_0707	BSU08220	23.333	240	155	9	5	235	366	585	3.38e-13	65.5
JCVISYN3A_0707	BSU09710	25.455	220	136	6	5	214	337	538	5.85e-13	64.7
JCVISYN3A_0707	BSU02980	29.108	213	125	7	26	228	53	249	1.62e-12	63.2
JCVISYN3A_0707	BSU07420	25.103	243	157	10	4	228	3	238	3.97e-12	62.4
JCVISYN3A_0707	BSU07420	22.680	194	112	4	4	193	325	484	2.87e-10	56.6
JCVISYN3A_0707	BSU38740	27.907	215	130	8	22	228	343	540	5.49e-12	62.0
JCVISYN3A_0707	BSU09890	24.537	216	144	5	25	238	20	218	6.25e-12	61.2
JCVISYN3A_0707	BSU37390	24.561	228	154	9	4	227	3	216	7.36e-12	60.1
JCVISYN3A_0707	BSU10040	21.875	224	161	4	4	227	3	212	9.03e-12	60.1
JCVISYN3A_0707	BSU14330	22.807	228	162	7	1	226	359	574	1.15e-10	58.2
JCVISYN3A_0707	BSU32710	26.768	198	125	8	7	197	8	192	5.64e-10	55.1
JCVISYN3A_0707	BSU30450	25.346	217	141	8	4	219	1	197	1.34e-09	54.3
JCVISYN3A_0707	BSU30010	21.941	237	161	5	1	237	1	213	2.77e-09	52.8
JCVISYN3A_0707	BSU40150	29.614	233	114	11	21	246	15	204	3.78e-09	52.0
JCVISYN3A_0707	BSU40620	21.860	215	136	4	21	227	16	206	1.26e-08	50.8
JCVISYN3A_0707	BSU35700	20.179	223	151	4	20	240	37	234	4.84e-07	47.0
JCVISYN3A_0707	BSU14430	22.843	197	123	7	4	181	1	187	9.82e-07	46.2
JCVISYN3A_0707	BSU14430	30.108	93	53	4	146	231	436	523	8.72e-05	40.0
JCVISYN3A_0707	BSU21470	26.901	171	97	7	21	181	498	650	2.77e-05	41.6
JCVISYN3A_0707	BSU35160	36.232	69	41	1	148	213	826	894	1.66e-04	39.3
JCVISYN3A_0707	BSU35160	28.302	106	61	4	118	208	442	547	6.66e-04	37.4
JCVISYN3A_0707	BSU15680	30.000	50	22	1	31	67	4	53	0.46	28.1
JCVISYN3A_0707	BSU15940	36.842	38	19	2	25	62	18	50	0.55	28.5
JCVISYN3A_0707	BSU22890	55.556	18	8	0	35	52	7	24	0.56	27.7
JCVISYN3A_0707	BSU27730	45.455	22	12	0	35	56	56	77	0.74	27.7
JCVISYN3A_0707	BSU04180	38.235	34	20	1	205	238	81	113	0.85	26.9
JCVISYN3A_0707	BSU36810	30.233	43	30	0	24	66	143	185	1.2	26.9
JCVISYN3A_0707	BSU16240	46.154	26	14	0	27	52	153	178	1.4	26.9
JCVISYN3A_0707	BSU28200	44.444	27	15	0	30	56	345	371	1.4	26.9
JCVISYN3A_0707	BSU15150	38.983	59	31	2	183	238	61	117	1.5	25.8
JCVISYN3A_0707	BSU11700	30.508	59	29	2	33	79	9	67	2.2	26.2
JCVISYN3A_0707	BSU13700	47.368	19	10	0	38	56	445	463	2.7	26.2
JCVISYN3A_0707	BSU40650	31.579	57	36	1	129	185	138	191	4.2	25.4
JCVISYN3A_0707	BSU00150	52.941	17	8	0	32	48	4	20	4.4	25.0
JCVISYN3A_0707	BSU15780	40.625	32	15	1	30	61	162	189	5.4	25.0
JCVISYN3A_0707	BSU26260	40.909	22	13	0	35	56	167	188	5.9	24.6
JCVISYN3A_0707	BSU00860	42.105	19	11	0	38	56	544	562	6.0	25.0
JCVISYN3A_0707	BSU34770	38.462	26	16	0	53	78	203	228	6.6	24.6
JCVISYN3A_0707	BSU12420	45.455	22	12	0	35	56	223	244	6.6	24.6
JCVISYN3A_0707	BSU32690	23.077	52	35	1	22	73	210	256	7.8	24.6
JCVISYN3A_0707	BSU00870	50.000	22	11	0	28	49	87	108	8.6	24.3
JCVISYN3A_0708	BSU25550	38.636	44	25	1	234	277	39	80	0.10	29.6
JCVISYN3A_0708	BSU38230	52.632	19	9	0	280	298	83	101	1.5	26.6
JCVISYN3A_0708	BSU16430	24.675	154	84	5	361	483	246	398	1.7	28.1
JCVISYN3A_0708	BSU22150	24.138	29	22	0	118	146	219	247	5.4	26.2
JCVISYN3A_0708	BSU19690	26.000	50	37	0	421	470	246	295	6.1	26.2
JCVISYN3A_0708	BSU08630	36.111	36	23	0	224	259	62	97	6.7	25.8
JCVISYN3A_0708	BSU13690	26.923	78	49	3	389	459	132	208	7.9	25.4
JCVISYN3A_0708	BSU07940	30.769	39	25	1	250	288	51	87	9.7	25.4
JCVISYN3A_0710	BSU04040	29.537	281	148	8	3	275	11	249	2.60e-25	98.2
JCVISYN3A_0710	BSU11140	26.592	267	187	5	4	270	7	264	4.49e-23	92.8
JCVISYN3A_0710	BSU39550	26.354	277	193	6	1	275	1	268	2.16e-17	77.0
JCVISYN3A_0710	BSU35850	27.586	290	174	11	3	270	2	277	3.45e-15	70.9
JCVISYN3A_0710	BSU36290	25.497	302	178	12	3	275	2	285	5.23e-14	67.4
JCVISYN3A_0710	BSU09830	27.839	273	172	10	3	264	4	262	2.32e-11	59.7
JCVISYN3A_0710	BSU14550	24.444	270	168	11	3	264	4	245	4.32e-10	55.8
JCVISYN3A_0710	BSU10540	27.027	74	53	1	191	264	199	271	0.009	33.9
JCVISYN3A_0710	BSU15650	47.222	36	19	0	27	62	544	579	0.023	33.1
JCVISYN3A_0710	BSU15650	51.613	31	15	0	223	253	632	662	0.13	30.4
JCVISYN3A_0710	BSU33490	39.286	56	31	2	209	263	579	632	0.067	31.6
JCVISYN3A_0710	BSU32290	27.826	115	59	5	2	116	4	94	0.079	30.8
JCVISYN3A_0710	BSU28770	38.462	52	31	1	5	56	16	66	0.59	28.1
JCVISYN3A_0710	BSU17460	25.373	67	38	3	120	182	71	129	0.66	28.1
JCVISYN3A_0710	BSU05330	25.000	104	55	3	31	111	7	110	2.9	25.0
JCVISYN3A_0710	BSU23410	38.776	49	22	2	238	278	202	250	3.0	26.2
JCVISYN3A_0710	BSU13850	41.667	36	20	1	219	254	530	564	3.2	26.2
JCVISYN3A_0710	BSU35860	40.000	35	20	1	188	222	73	106	4.6	25.4
JCVISYN3A_0710	BSU08610	29.577	71	41	1	20	81	602	672	6.1	25.4
JCVISYN3A_0710	BSU37370	39.130	23	14	0	165	187	274	296	6.8	25.0
JCVISYN3A_0710	BSU34350	44.444	18	10	0	215	232	292	309	7.7	25.0
JCVISYN3A_0710	BSU38910	25.000	104	63	4	182	279	21	115	8.1	24.6
JCVISYN3A_0710	BSU30810	27.778	36	26	0	85	120	71	106	8.8	24.6
JCVISYN3A_0710	BSU33500	36.000	50	30	2	221	270	695	742	8.8	24.6
JCVISYN3A_0710	BSU08030	31.818	66	37	2	150	212	69	129	9.4	24.3
JCVISYN3A_0726	BSU02360	48.583	247	114	5	1	238	1	243	3.99e-79	235
JCVISYN3A_0726	BSU35020	42.678	239	134	1	1	236	1	239	2.89e-76	228
JCVISYN3A_0726	BSU28170	24.107	112	69	5	31	129	5	113	0.46	28.5
JCVISYN3A_0726	BSU28280	41.860	43	23	1	171	213	403	443	1.5	26.9
JCVISYN3A_0726	BSU17180	28.169	71	43	2	65	127	1777	1847	4.9	25.4
JCVISYN3A_0726	BSU35400	38.710	31	19	0	84	114	117	147	5.4	25.0
JCVISYN3A_0726	BSU03385	50.000	20	10	0	103	122	44	63	6.5	23.1
JCVISYN3A_0726	BSU26190	21.622	74	55	1	69	139	161	234	6.8	24.6
JCVISYN3A_0726	BSU18320	37.500	40	22	2	2	40	1529	1566	8.4	24.6
JCVISYN3A_0726	BSU11090	29.545	44	27	1	63	102	34	77	9.5	23.1
JCVISYN3A_0727	BSU33920	48.000	250	121	3	1	244	1	247	9.85e-82	242
JCVISYN3A_0727	BSU37900	21.656	157	105	6	44	196	222	364	0.32	28.9
JCVISYN3A_0727	BSU30650	35.897	39	25	0	92	130	39	77	0.55	27.3
JCVISYN3A_0727	BSU39510	32.432	37	25	0	162	198	23	59	1.1	26.6
JCVISYN3A_0727	BSU08670	41.935	31	16	1	188	216	83	113	1.9	25.4
JCVISYN3A_0727	BSU06510	42.857	28	16	0	48	75	122	149	4.1	25.0
JCVISYN3A_0727	BSU38020	31.915	47	27	1	6	52	142	183	4.3	25.0
JCVISYN3A_0727	BSU22740	32.759	58	36	2	113	167	259	316	5.6	25.0
JCVISYN3A_0727	BSU03300	27.273	143	78	7	52	184	292	418	6.8	24.6
JCVISYN3A_0727	BSU35540	28.261	46	33	0	164	209	347	392	7.2	24.6
JCVISYN3A_0727	BSU17180	50.000	22	11	0	218	239	4755	4776	7.8	24.6
JCVISYN3A_0727	BSU28990	24.510	102	64	3	36	135	354	444	8.3	24.6
JCVISYN3A_0727	BSU24570	47.619	21	11	0	134	154	16	36	9.8	24.3
JCVISYN3A_0728	BSU04040	26.182	275	166	10	5	276	9	249	1.27e-13	65.9
JCVISYN3A_0728	BSU35850	24.013	304	180	12	6	278	1	284	1.38e-11	60.5
JCVISYN3A_0728	BSU11140	23.929	280	181	9	8	274	7	267	2.02e-11	59.7
JCVISYN3A_0728	BSU36290	22.603	292	197	8	6	275	1	285	3.26e-10	56.2
JCVISYN3A_0728	BSU39550	22.337	291	174	8	7	271	3	267	3.04e-09	53.5
JCVISYN3A_0728	BSU14550	23.048	269	170	8	7	265	4	245	3.74e-09	53.1
JCVISYN3A_0728	BSU09830	32.584	89	58	2	186	274	184	270	4.80e-05	40.8
JCVISYN3A_0728	BSU10540	28.846	52	37	0	214	265	220	271	0.028	32.3
JCVISYN3A_0728	BSU28770	32.500	40	26	1	9	48	16	54	1.3	26.9
JCVISYN3A_0728	BSU22010	22.807	114	66	4	176	269	124	235	1.8	26.6
JCVISYN3A_0728	BSU35940	20.548	73	58	0	139	211	337	409	1.9	26.6
JCVISYN3A_0728	BSU03610	40.000	35	21	0	32	66	206	240	2.8	25.8
JCVISYN3A_0728	BSU31920	32.075	53	30	2	169	221	374	420	2.9	26.2
JCVISYN3A_0728	BSU36040	37.500	40	24	1	19	58	182	220	3.1	25.8
JCVISYN3A_0728	BSU25450	36.170	47	27	2	9	52	144	190	4.5	25.4
JCVISYN3A_0728	BSU27160	37.500	24	15	0	224	247	417	440	5.9	25.4
JCVISYN3A_0728	BSU37280	32.353	34	23	0	198	231	506	539	6.0	25.4
JCVISYN3A_0728	BSU18900	29.577	71	44	3	150	218	77	143	6.5	24.3
JCVISYN3A_0728	BSU32170	35.714	28	18	0	1	28	164	191	7.2	24.6
JCVISYN3A_0728	BSU21050	28.571	42	30	0	1	42	1	42	7.3	23.5
JCVISYN3A_0728	BSU17270	28.788	66	42	3	69	131	172	235	7.8	24.6
JCVISYN3A_0728	BSU28410	34.615	26	17	0	82	107	2	27	7.9	23.1
JCVISYN3A_0729	BSU33910	42.533	529	278	9	4	528	3	509	6.47e-130	385
JCVISYN3A_0729	BSU23500	31.356	118	66	4	410	520	275	384	3.38e-05	42.7
JCVISYN3A_0729	BSU13910	30.189	53	35	1	46	96	492	544	0.57	29.6
JCVISYN3A_0729	BSU15980	32.353	34	23	0	385	418	161	194	1.1	28.5
JCVISYN3A_0729	BSU28730	33.333	45	27	1	347	388	64	108	3.2	26.9
JCVISYN3A_0729	BSU06920	35.135	37	19	1	37	68	32	68	6.2	25.8
JCVISYN3A_0730	BSU06650	48.571	35	16	2	150	183	144	177	0.41	27.7
JCVISYN3A_0730	BSU16370	34.286	35	23	0	50	84	141	175	0.46	27.7
JCVISYN3A_0730	BSU28910	31.707	41	28	0	71	111	57	97	0.53	26.9
JCVISYN3A_0730	BSU25690	30.000	30	21	0	13	42	19	48	0.68	25.4
JCVISYN3A_0730	BSU40940	28.571	84	45	2	40	108	200	283	1.6	26.2
JCVISYN3A_0730	BSU39770	45.833	24	13	0	30	53	31	54	1.6	26.2
JCVISYN3A_0730	BSU36440	32.653	49	20	2	63	103	8	51	3.0	24.6
JCVISYN3A_0730	BSU35698	26.230	61	42	1	121	181	11	68	3.6	23.5
JCVISYN3A_0730	BSU40320	32.143	28	19	0	28	55	70	97	3.6	25.0
JCVISYN3A_0730	BSU14380	44.000	25	14	0	29	53	31	55	6.3	24.3
JCVISYN3A_0730	BSU29080	57.895	19	8	0	32	50	8	26	8.3	23.9
JCVISYN3A_0730	BSU17200	21.019	157	109	6	21	176	2132	2274	8.6	24.3
JCVISYN3A_0730	BSU33660	40.541	37	19	2	37	72	48	82	8.6	23.5
JCVISYN3A_0730	BSU19000	34.783	46	25	1	4	44	122	167	9.6	23.9
JCVISYN3A_0730	BSU14020	42.857	28	16	0	35	62	42	69	9.6	23.5
JCVISYN3A_0732	BSU39420	52.232	224	102	3	3	222	1	223	2.42e-71	214
JCVISYN3A_0732	BSU24210	25.909	220	115	10	29	200	92	311	0.005	34.3
JCVISYN3A_0732	BSU36560	28.571	63	39	2	45	106	98	155	0.25	28.5
JCVISYN3A_0732	BSU34880	32.000	50	32	1	160	207	59	108	1.2	26.6
JCVISYN3A_0732	BSU15540	32.812	64	39	3	142	202	196	258	2.0	26.2
JCVISYN3A_0732	BSU38300	40.541	37	18	1	92	128	62	94	4.1	25.0
JCVISYN3A_0732	BSU09490	40.000	25	15	0	140	164	98	122	4.2	24.6
JCVISYN3A_0732	BSU32130	27.397	73	46	2	135	202	155	225	4.3	25.0
JCVISYN3A_0732	BSU29470	27.778	54	38	1	162	214	194	247	5.3	24.6
JCVISYN3A_0732	BSU28750	21.053	57	38	1	153	202	209	265	5.6	24.6
JCVISYN3A_0732	BSU14330	21.154	52	41	0	72	123	534	585	6.3	24.6
JCVISYN3A_0732	BSU33180	26.852	108	74	2	89	194	69	173	8.7	24.3
JCVISYN3A_0733	BSU09310	36.964	560	328	9	7	544	4	560	6.98e-127	381
JCVISYN3A_0733	BSU06076	41.429	140	79	3	295	432	1	139	3.07e-32	117
JCVISYN3A_0733	BSU01770	25.815	399	217	17	45	420	5	347	1.67e-12	66.2
JCVISYN3A_0733	BSU06078	63.158	38	14	0	133	170	1	38	5.77e-11	55.5
JCVISYN3A_0733	BSU06073	33.721	86	44	3	479	552	3	87	6.68e-09	50.1
JCVISYN3A_0733	BSU25000	29.839	124	62	6	134	239	598	714	0.12	32.0
JCVISYN3A_0733	BSU06083	50.000	22	11	0	39	60	9	30	0.62	26.2
JCVISYN3A_0733	BSU17610	28.571	63	44	1	78	139	344	406	0.72	29.3
JCVISYN3A_0733	BSU17010	44.737	38	16	3	156	188	64	101	1.2	28.5
JCVISYN3A_0733	BSU40220	27.778	54	39	0	159	212	367	420	1.3	28.5
JCVISYN3A_0733	BSU37790	24.528	106	69	4	94	196	270	367	2.2	27.7
JCVISYN3A_0733	BSU01720	46.429	28	15	0	231	258	119	146	5.9	25.8
JCVISYN3A_0733	BSU14130	26.852	108	63	3	244	340	38	140	8.0	25.0
JCVISYN3A_0747	BSU19630	33.476	233	124	9	1	212	3	225	6.41e-32	113
JCVISYN3A_0747	BSU27270	26.786	56	41	0	46	101	35	90	0.011	32.7
JCVISYN3A_0747	BSU07070	23.077	52	40	0	153	204	146	197	1.7	26.2
JCVISYN3A_0747	BSU18880	28.846	52	37	0	124	175	85	136	1.9	25.8
JCVISYN3A_0747	BSU14960	34.694	49	31	1	82	129	9	57	2.0	26.2
JCVISYN3A_0747	BSU32250	27.778	72	42	2	35	96	180	251	2.5	25.8
JCVISYN3A_0747	BSU18660	26.923	52	38	0	124	175	85	136	6.7	24.3
JCVISYN3A_0747	BSU34490	32.143	28	19	0	80	107	57	84	8.2	23.5
JCVISYN3A_0771	BSU17380	41.360	706	400	8	16	720	8	700	0.0	554
JCVISYN3A_0771	BSU20060	47.594	374	196	0	17	390	8	381	2.03e-111	359
JCVISYN3A_0771	BSU20060	33.257	436	232	11	316	720	677	1084	3.07e-66	234
JCVISYN3A_0771	BSU03350	30.233	43	30	0	164	206	16	58	4.8	26.6
JCVISYN3A_0771	BSU35830	45.161	31	15	1	471	501	244	272	5.1	26.9
JCVISYN3A_0771	BSU10620	31.707	82	46	4	232	303	980	1061	6.7	26.6
JCVISYN3A_0772	BSU20070	33.333	123	74	3	21	143	1	115	3.37e-17	70.5
JCVISYN3A_0772	BSU17370	34.711	121	68	3	23	143	4	113	2.25e-13	60.5
JCVISYN3A_0772	BSU15350	33.333	39	26	0	6	44	367	405	0.43	27.3
JCVISYN3A_0772	BSU25600	24.074	54	41	0	56	109	86	139	1.2	25.8
JCVISYN3A_0772	BSU05720	29.787	47	31	1	76	120	165	211	1.8	25.4
JCVISYN3A_0772	BSU17320	32.258	31	21	0	87	117	46	76	2.6	24.6
JCVISYN3A_0772	BSU39970	44.444	18	10	0	8	25	278	295	2.9	25.0
JCVISYN3A_0772	BSU31210	38.889	36	18	1	86	121	129	160	3.5	24.6
JCVISYN3A_0772	BSU37330	44.828	29	15	1	6	33	389	417	5.8	23.9
JCVISYN3A_0772	BSU25289	34.375	32	20	1	25	55	9	40	8.2	21.9
JCVISYN3A_0773	BSU17390	36.875	320	190	5	28	339	7	322	1.08e-62	199
JCVISYN3A_0773	BSU20040	35.625	320	194	5	28	339	7	322	1.99e-59	191
JCVISYN3A_0773	BSU02160	40.000	60	35	1	277	336	21	79	0.025	32.7
JCVISYN3A_0773	BSU02800	22.667	150	100	5	198	334	125	271	0.86	28.1
JCVISYN3A_0773	BSU05650	36.842	38	21	2	157	194	831	865	2.1	26.9
JCVISYN3A_0773	BSU39520	26.168	107	58	5	164	261	260	354	2.1	26.9
JCVISYN3A_0773	BSU37670	29.310	58	37	1	61	118	27	80	2.5	26.6
JCVISYN3A_0773	BSU04010	31.667	60	26	2	186	231	36	94	5.3	25.4
JCVISYN3A_0773	BSU01430	32.432	37	25	0	216	252	222	258	6.7	25.0
JCVISYN3A_0773	BSU06570	34.091	44	26	1	212	255	157	197	6.7	25.0
JCVISYN3A_0773	BSU11330	36.364	33	17	1	51	83	11	39	8.7	24.6
JCVISYN3A_0774	BSU33630	39.394	66	38	2	25	89	11	75	8.27e-09	45.1
JCVISYN3A_0774	BSU04320	22.680	97	42	3	16	79	169	265	0.89	25.0
JCVISYN3A_0774	BSU37180	27.778	36	26	0	31	66	487	522	3.8	23.1
JCVISYN3A_0774	BSU07340	39.024	41	25	0	53	93	11	51	5.5	22.7
JCVISYN3A_0774	BSU31250	30.159	63	41	1	1	63	451	510	6.7	22.7
JCVISYN3A_0774	BSU32350	33.333	18	12	0	71	88	18	35	8.6	21.9
JCVISYN3A_0775	BSU33610	32.925	653	409	12	63	703	73	708	1.87e-113	357
JCVISYN3A_0775	BSU31390	30.769	78	45	1	623	700	6	74	2.44e-05	41.6
JCVISYN3A_0775	BSU00630	31.884	69	38	1	624	692	5	64	7.23e-05	40.0
JCVISYN3A_0775	BSU22880	31.884	69	38	2	623	691	271	330	0.002	38.1
JCVISYN3A_0775	BSU22880	30.000	70	39	3	623	692	186	245	0.031	33.9
JCVISYN3A_0775	BSU02950	23.711	97	69	1	68	159	13	109	0.023	34.3
JCVISYN3A_0775	BSU16690	24.324	74	47	2	623	696	621	685	0.31	30.8
JCVISYN3A_0775	BSU04780	24.324	74	47	1	630	703	654	718	0.86	29.6
JCVISYN3A_0775	BSU31740	27.848	79	47	4	611	686	299	370	0.97	29.3
JCVISYN3A_0775	BSU34450	25.424	59	33	1	112	159	358	416	1.3	28.9
JCVISYN3A_0775	BSU39090	33.333	90	33	4	175	247	42	121	3.5	26.9
JCVISYN3A_0775	BSU19260	42.308	26	15	0	96	121	132	157	3.6	26.6
JCVISYN3A_0775	BSU35620	50.000	20	10	0	450	469	67	86	5.3	26.9
JCVISYN3A_0775	BSU14430	34.615	26	17	0	156	181	65	90	6.0	26.6
JCVISYN3A_0775	BSU05010	25.301	83	51	4	586	665	162	236	7.9	26.2
JCVISYN3A_0776	BSU33600	42.143	140	80	1	2	141	5	143	2.05e-34	114
JCVISYN3A_0776	BSU15160	22.500	80	57	2	26	104	551	626	3.8	24.6
JCVISYN3A_0776	BSU39430	27.500	40	25	1	97	136	4	39	5.8	23.9
JCVISYN3A_0776	BSU40970	20.000	55	44	0	82	136	63	117	6.3	23.5
JCVISYN3A_0776	BSU20810	30.233	43	27	1	37	76	49	91	6.9	23.5
JCVISYN3A_0776	BSU39050	40.000	20	12	0	84	103	552	571	9.1	23.5
JCVISYN3A_0776	BSU35220	29.268	82	52	1	58	133	290	371	9.5	23.1
JCVISYN3A_0777	BSU17400	26.471	68	37	1	20	87	92	146	1.1	26.2
JCVISYN3A_0777	BSU14860	27.907	86	52	4	67	152	838	913	3.3	25.0
JCVISYN3A_0777	BSU09260	31.250	32	22	0	107	138	409	440	3.4	24.6
JCVISYN3A_0777	BSU13910	31.818	44	28	1	88	129	19	62	4.3	24.6
JCVISYN3A_0777	BSU06710	50.000	26	13	0	30	55	528	553	9.9	23.5
JCVISYN3A_0778	BSU24840	46.875	32	15	1	10	41	41	70	0.41	25.8
JCVISYN3A_0778	BSU05840	46.429	28	14	1	33	60	426	452	0.70	25.0
JCVISYN3A_0778	BSU08980	40.741	27	16	0	39	65	19	45	0.79	24.6
JCVISYN3A_0778	BSU31560	35.088	57	30	2	10	60	181	236	0.84	24.6
JCVISYN3A_0778	BSU28570	29.508	61	34	1	16	76	81	132	2.5	23.1
JCVISYN3A_0778	BSU03410	33.333	36	21	1	30	62	429	464	2.7	23.5
JCVISYN3A_0778	BSU10290	50.000	16	8	0	67	82	103	118	3.5	23.1
JCVISYN3A_0778	BSU31600	42.105	19	8	1	24	42	147	162	5.5	22.3
JCVISYN3A_0778	BSU39440	40.741	27	16	0	14	40	24	50	5.7	22.3
JCVISYN3A_0778	BSU40880	43.750	16	9	0	35	50	159	174	8.4	21.9
JCVISYN3A_0778	BSU19580	40.000	25	15	0	15	39	399	423	9.6	21.6
JCVISYN3A_0779	BSU13890	35.382	602	285	15	24	612	8	518	1.29e-102	327
JCVISYN3A_0779	BSU08200	26.307	612	344	21	21	610	1	527	5.22e-52	186
JCVISYN3A_0779	BSU02350	33.582	268	138	6	345	608	241	472	1.23e-34	137
JCVISYN3A_0779	BSU02350	31.048	248	114	5	25	259	9	212	1.58e-28	118
JCVISYN3A_0779	BSU07700	33.083	266	136	7	345	601	220	452	9.52e-31	123
JCVISYN3A_0779	BSU07700	31.780	236	117	6	25	259	5	197	1.06e-17	83.2
JCVISYN3A_0779	BSU38050	32.381	105	64	3	525	628	2	100	8.09e-09	55.1
JCVISYN3A_0779	BSU38410	38.462	52	32	0	543	594	14	65	1.64e-06	47.8
JCVISYN3A_0779	BSU39270	37.288	59	37	0	538	596	10	68	1.80e-06	48.1
JCVISYN3A_0779	BSU01680	28.037	107	75	2	526	631	2	107	1.46e-05	44.7
JCVISYN3A_0779	BSU07800	27.000	100	64	2	535	631	8	101	2.09e-04	41.2
JCVISYN3A_0779	BSU30360	23.932	117	84	2	625	741	86	197	0.001	38.1
JCVISYN3A_0779	BSU15800	30.275	109	65	4	523	631	54	151	0.060	32.7
JCVISYN3A_0779	BSU11730	28.000	100	65	2	596	695	72	164	0.13	31.6
JCVISYN3A_0779	BSU24950	26.667	75	47	2	291	364	120	187	1.4	28.5
JCVISYN3A_0779	BSU38280	24.242	99	56	4	383	481	336	415	1.9	28.5
JCVISYN3A_0779	BSU07250	34.375	64	38	1	2	61	624	687	2.1	28.5
JCVISYN3A_0779	BSU17390	25.000	92	40	3	91	173	144	215	3.2	27.3
JCVISYN3A_0779	BSU18190	27.273	66	45	2	175	240	119	181	3.9	26.9
JCVISYN3A_0779	BSU01935	28.814	118	55	5	100	197	10	118	4.2	27.3
JCVISYN3A_0779	BSU24090	27.869	61	41	2	52	111	67	125	4.5	26.9
JCVISYN3A_0779	BSU17290	51.852	27	12	1	86	111	54	80	8.8	25.0
JCVISYN3A_0787	BSU15650	28.189	784	465	19	50	787	22	753	1.42e-83	285
JCVISYN3A_0787	BSU33500	22.284	543	326	14	184	723	303	752	2.41e-27	115
JCVISYN3A_0787	BSU13850	21.429	672	375	24	69	706	20	572	2.06e-22	99.8
JCVISYN3A_0787	BSU33490	20.917	545	301	22	172	702	201	629	3.17e-13	70.5
JCVISYN3A_0787	BSU04040	32.353	34	23	0	667	700	198	231	0.11	32.3
JCVISYN3A_0787	BSU15170	31.034	87	49	3	601	677	443	528	0.61	30.4
JCVISYN3A_0787	BSU17200	36.207	58	30	1	590	640	3716	3773	0.71	30.4
JCVISYN3A_0787	BSU34000	32.075	53	23	2	871	921	62	103	1.2	29.3
JCVISYN3A_0787	BSU38710	28.814	118	65	5	801	915	91	192	1.8	28.9
JCVISYN3A_0787	BSU01070	40.000	35	17	1	573	603	1118	1152	1.8	28.9
JCVISYN3A_0787	BSU03290	30.952	42	26	1	465	506	11	49	4.6	26.2
JCVISYN3A_0787	BSU29970	36.364	33	21	0	567	599	88	120	5.2	27.3
JCVISYN3A_0787	BSU00890	24.742	97	63	3	584	670	227	323	7.5	26.6
JCVISYN3A_0787	BSU01090	44.000	25	14	0	579	603	16	40	9.6	24.6
JCVISYN3A_0787	BSU27300	32.787	61	36	2	120	177	24	82	9.9	26.2
JCVISYN3A_0789	BSU36800	22.472	89	68	1	3	91	4	91	3.59e-06	39.7
JCVISYN3A_0789	BSU36290	31.034	29	20	0	1	29	55	83	2.3	23.9
JCVISYN3A_0789	BSU07820	30.556	72	46	2	21	92	125	192	2.3	23.9
JCVISYN3A_0789	BSU06440	35.484	31	20	0	23	53	175	205	5.1	23.1
JCVISYN3A_0789	BSU01490	36.667	60	33	2	28	87	19	73	6.1	22.3
JCVISYN3A_0789	BSU37440	24.138	58	43	1	25	82	176	232	6.8	22.7
JCVISYN3A_0789	BSU40930	50.000	24	12	0	26	49	624	647	9.2	22.3
JCVISYN3A_0789	BSU03730	41.379	29	12	1	37	60	90	118	9.6	21.9
JCVISYN3A_0790	BSU36810	64.286	462	156	2	16	468	4	465	0.0	615
JCVISYN3A_0790	BSU16240	29.771	393	233	9	16	389	20	388	4.78e-40	146
JCVISYN3A_0790	BSU36830	26.464	461	301	14	13	458	26	463	9.51e-28	112
JCVISYN3A_0790	BSU37080	25.373	268	173	10	113	368	125	377	1.18e-05	44.3
JCVISYN3A_0790	BSU07420	29.592	98	52	5	147	237	343	430	0.026	33.5
JCVISYN3A_0790	BSU40620	54.167	24	11	0	151	174	24	47	0.60	28.9
JCVISYN3A_0790	BSU08180	25.000	68	49	1	408	475	220	285	0.82	28.9
JCVISYN3A_0790	BSU30760	30.357	56	35	2	145	198	22	75	0.92	28.5
JCVISYN3A_0790	BSU28980	31.579	57	35	2	144	197	148	203	1.2	28.1
JCVISYN3A_0790	BSU09680	41.667	24	14	0	448	471	429	452	2.0	27.7
JCVISYN3A_0790	BSU21350	23.256	86	53	1	118	203	2184	2256	2.0	27.7
JCVISYN3A_0790	BSU34700	31.148	61	39	2	141	201	24	81	2.6	26.9
JCVISYN3A_0790	BSU09710	37.778	45	25	2	149	191	357	400	3.1	26.9
JCVISYN3A_0790	BSU05950	28.571	42	30	0	151	192	350	391	3.6	26.9
JCVISYN3A_0790	BSU13700	28.667	150	77	8	143	292	102	221	3.8	26.6
JCVISYN3A_0790	BSU39470	52.632	19	9	0	206	224	143	161	4.3	26.6
JCVISYN3A_0790	BSU32550	29.592	98	58	4	226	320	137	226	7.4	25.8
JCVISYN3A_0790	BSU01920	40.678	59	28	4	29	81	238	295	7.7	25.8
JCVISYN3A_0790	BSU11470	30.645	62	42	1	144	205	25	85	7.8	25.4
JCVISYN3A_0790	BSU11382	35.000	40	25	1	43	81	220	259	8.4	25.4
JCVISYN3A_0790	BSU15780	26.786	56	41	0	148	203	158	213	8.9	25.4
JCVISYN3A_0790	BSU35840	32.000	50	30	2	421	470	130	175	9.1	25.4
JCVISYN3A_0790	BSU26260	35.714	28	18	0	153	180	163	190	9.9	25.0
JCVISYN3A_0791	BSU36820	34.483	290	173	6	1	278	1	285	1.39e-49	162
JCVISYN3A_0791	BSU29270	22.619	84	45	3	52	118	190	270	0.72	28.1
JCVISYN3A_0791	BSU15950	39.394	33	18	1	31	61	296	328	1.7	26.6
JCVISYN3A_0791	BSU39240	25.532	94	47	4	159	251	238	309	1.9	26.6
JCVISYN3A_0791	BSU06760	29.167	72	37	4	177	239	228	294	2.9	26.2
JCVISYN3A_0791	BSU13980	24.324	74	49	2	109	181	128	195	4.5	25.4
JCVISYN3A_0791	BSU13530	29.231	65	33	3	36	98	139	192	4.8	25.4
JCVISYN3A_0791	BSU03280	35.088	57	31	4	92	144	291	345	5.4	25.4
JCVISYN3A_0791	BSU08590	37.500	24	15	0	127	150	81	104	7.2	24.6
JCVISYN3A_0791	BSU33530	27.907	43	29	1	157	199	54	94	7.8	24.6
JCVISYN3A_0792	BSU36830	60.254	473	186	1	1	473	1	471	0.0	589
JCVISYN3A_0792	BSU16240	29.111	371	236	11	82	439	78	434	2.82e-34	131
JCVISYN3A_0792	BSU36810	27.703	444	277	17	58	479	40	461	2.39e-22	96.7
JCVISYN3A_0792	BSU37080	24.107	224	140	9	153	365	161	365	0.015	34.7
JCVISYN3A_0792	BSU03360	23.944	71	48	2	171	241	51	115	0.39	30.0
JCVISYN3A_0792	BSU01780	34.694	49	30	1	378	426	476	522	0.52	29.6
JCVISYN3A_0792	BSU22050	26.829	41	25	1	244	284	255	290	2.1	27.7
JCVISYN3A_0792	BSU15430	29.231	65	44	2	173	236	189	252	2.4	27.7
JCVISYN3A_0792	BSU40930	26.016	123	74	3	373	495	439	544	3.2	27.3
JCVISYN3A_0792	BSU04640	21.538	130	81	3	372	480	16	145	6.6	26.2
JCVISYN3A_0792	BSU28020	33.898	59	30	3	460	511	58	114	7.2	25.8
JCVISYN3A_0792	BSU17610	35.714	42	27	0	397	438	115	156	8.2	25.8
JCVISYN3A_0792	BSU39470	30.909	55	34	1	2	56	239	289	8.5	25.8
JCVISYN3A_0793	BSU36840	25.275	182	108	7	11	179	10	176	5.19e-08	47.4
JCVISYN3A_0793	BSU37900	26.087	69	44	3	87	153	273	336	2.9	25.4
JCVISYN3A_0793	BSU12680	61.111	18	7	0	129	146	185	202	3.6	25.0
JCVISYN3A_0793	BSU26790	38.462	39	21	2	18	55	105	141	5.0	24.3
JCVISYN3A_0794	BSU36850	28.455	123	87	1	59	180	44	166	6.36e-10	52.4
JCVISYN3A_0794	BSU04700	25.714	70	52	0	19	88	53	122	0.13	29.3
JCVISYN3A_0794	BSU24620	34.483	58	32	1	111	168	126	177	2.6	25.4
JCVISYN3A_0794	BSU31260	26.190	42	27	1	31	68	288	329	3.9	25.0
JCVISYN3A_0794	BSU31440	28.571	49	33	1	43	91	112	158	6.7	24.3
JCVISYN3A_0794	BSU36270	20.635	63	49	1	118	180	409	470	6.9	24.3
JCVISYN3A_0794	BSU16450	26.316	38	28	0	131	168	5	42	8.9	23.5
JCVISYN3A_0795	BSU03359	36.735	49	23	2	35	75	1	49	0.43	25.0
JCVISYN3A_0795	BSU36860	31.373	51	35	0	49	99	19	69	0.63	24.6
JCVISYN3A_0795	BSU32670	31.818	66	39	1	28	87	287	352	1.0	25.0
JCVISYN3A_0795	BSU37320	32.000	75	44	2	17	91	220	287	3.8	23.5
JCVISYN3A_0795	BSU08310	32.432	37	22	1	52	85	203	239	9.2	22.3
JCVISYN3A_0796	BSU36870	21.852	270	156	9	15	268	14	244	3.44e-04	38.1
JCVISYN3A_0796	BSU24050	30.882	68	37	2	4	61	150	217	0.35	28.9
JCVISYN3A_0796	BSU22400	26.531	49	30	1	192	234	207	255	2.5	26.6
JCVISYN3A_0796	BSU24480	26.923	52	38	0	147	198	120	171	3.1	25.8
JCVISYN3A_0796	BSU35590	27.419	62	40	2	166	226	316	373	3.8	25.8
JCVISYN3A_0796	BSU03480	33.333	24	16	0	198	221	1217	1240	4.9	25.8
JCVISYN3A_0796	BSU03480	30.000	30	20	1	198	226	2256	2285	8.6	25.0
JCVISYN3A_0796	BSU07560	42.424	33	18	1	61	93	52	83	5.4	25.4
JCVISYN3A_0796	BSU10050	23.469	98	62	3	40	126	46	141	6.1	25.0
JCVISYN3A_0796	BSU13190	37.838	37	17	1	63	93	223	259	10.0	24.3
JCVISYN3A_0797	BSU39710	22.892	83	58	2	52	128	334	416	1.5	25.4
JCVISYN3A_0797	BSU31090	28.986	69	37	3	68	129	102	165	1.8	25.0
JCVISYN3A_0797	BSU05990	51.351	37	15	2	58	94	157	190	3.3	24.3
JCVISYN3A_0797	BSU08425	27.869	61	41	1	42	102	246	303	9.1	23.1
JCVISYN3A_0798	BSU36890	58.706	201	82	1	8	207	9	209	8.62e-81	236
JCVISYN3A_0798	BSU22070	41.935	31	18	0	121	151	116	146	0.030	31.2
JCVISYN3A_0798	BSU00510	27.273	55	38	1	119	171	214	268	1.2	26.6
JCVISYN3A_0798	BSU09390	33.333	51	34	0	35	85	400	450	2.1	26.2
JCVISYN3A_0798	BSU19710	32.203	59	37	1	107	162	66	124	2.1	25.8
JCVISYN3A_0798	BSU00470	23.932	117	75	4	57	172	143	246	2.2	25.8
JCVISYN3A_0798	BSU38600	53.333	15	7	0	148	162	581	595	2.5	25.8
JCVISYN3A_0798	BSU27610	30.769	52	31	1	99	150	93	139	4.4	24.6
JCVISYN3A_0798	BSU27620	28.846	52	26	2	90	130	583	634	6.3	24.6
JCVISYN3A_0798	BSU22840	28.125	32	23	0	10	41	291	322	7.0	24.3
JCVISYN3A_0798	BSU08790	37.500	24	15	0	30	53	259	282	8.8	24.3
JCVISYN3A_0799	BSU36900	60.298	403	158	2	12	413	14	415	0.0	507
JCVISYN3A_0799	BSU14630	24.255	235	144	9	76	292	74	292	0.091	31.6
JCVISYN3A_0799	BSU17000	23.077	130	82	5	80	203	97	214	0.65	28.9
JCVISYN3A_0799	BSU18410	35.714	42	23	1	73	110	358	399	0.75	28.9
JCVISYN3A_0799	BSU40420	32.653	49	30	1	269	314	182	230	0.78	28.5
JCVISYN3A_0799	BSU14000	40.625	32	19	0	80	111	86	117	0.83	28.5
JCVISYN3A_0799	BSU09790	36.207	58	33	3	332	386	16	72	0.89	28.5
JCVISYN3A_0799	BSU34930	22.115	104	62	4	261	357	223	314	2.5	26.9
JCVISYN3A_0799	BSU00120	27.586	87	53	4	232	316	27	105	4.2	25.8
JCVISYN3A_0799	BSU00270	24.113	141	85	5	164	295	160	287	4.3	26.2
JCVISYN3A_0799	BSU09240	27.869	61	37	2	136	192	7	64	4.9	25.8
JCVISYN3A_0799	BSU30410	31.915	47	25	2	133	179	205	244	5.3	25.8
JCVISYN3A_0799	BSU10520	27.586	58	38	2	24	77	285	342	6.9	25.4
JCVISYN3A_0799	BSU13070	20.833	120	80	3	195	299	9	128	7.4	25.0
JCVISYN3A_0799	BSU33000	52.941	17	8	0	243	259	288	304	9.5	25.0
JCVISYN3A_0800	BSU36920	42.361	144	82	1	4	146	2	145	1.17e-34	115
JCVISYN3A_0800	BSU13970	29.070	86	44	3	15	96	71	143	0.19	28.1
JCVISYN3A_0800	BSU10380	45.455	33	17	1	2	33	77	109	0.68	26.6
JCVISYN3A_0800	BSU07020	41.667	24	14	0	18	41	63	86	0.78	26.2
JCVISYN3A_0800	BSU19080	24.731	93	61	4	9	94	103	193	2.0	25.0
JCVISYN3A_0800	BSU24850	65.000	20	7	0	90	109	100	119	3.0	24.6
JCVISYN3A_0800	BSU35530	27.778	54	35	1	70	123	110	159	3.6	24.3
JCVISYN3A_0800	BSU12000	38.889	18	11	0	57	74	405	422	6.8	23.9
JCVISYN3A_0800	BSU28060	26.667	90	42	4	18	97	195	270	6.9	23.5
JCVISYN3A_0800	BSU27250	48.148	27	14	0	69	95	40	66	8.8	23.1
JCVISYN3A_0800	BSU08790	48.276	29	12	1	9	37	562	587	8.9	23.5
JCVISYN3A_0803	BSU01080	50.240	1248	553	13	1	1244	1	1184	0.0	1235
JCVISYN3A_0803	BSU15650	33.333	42	27	1	315	355	444	485	1.0	30.0
JCVISYN3A_0803	BSU22310	24.615	65	49	0	1002	1066	47	111	2.0	28.5
JCVISYN3A_0803	BSU14010	28.846	104	59	4	218	315	203	297	4.0	28.1
JCVISYN3A_0803	BSU15400	42.424	33	15	1	287	315	56	88	5.0	26.2
JCVISYN3A_0803	BSU32420	32.692	52	28	2	97	144	105	153	5.5	27.7
JCVISYN3A_0803	BSU07400	50.000	24	12	0	783	806	91	114	6.5	27.3
JCVISYN3A_0803	BSU38430	33.333	39	22	1	92	126	105	143	7.0	26.9
JCVISYN3A_0803	BSU25690	33.333	39	22	1	59	97	13	47	9.2	24.3
JCVISYN3A_0804	BSU01070	53.548	1085	445	13	180	1237	107	1159	0.0	1167
JCVISYN3A_0804	BSU01070	29.333	150	98	2	1	146	1	146	8.55e-15	76.3
JCVISYN3A_0804	BSU25990	36.735	49	31	0	152	200	85	133	0.23	30.8
JCVISYN3A_0804	BSU12720	32.653	49	33	0	152	200	85	133	0.81	29.3
JCVISYN3A_0804	BSU16600	28.058	139	86	6	902	1027	82	219	0.82	30.4
JCVISYN3A_0804	BSU22740	29.091	55	34	1	188	237	56	110	1.2	29.6
JCVISYN3A_0804	BSU31960	22.892	166	109	2	63	209	2119	2284	5.3	28.1
JCVISYN3A_0804	BSU01080	44.444	27	15	0	1018	1044	90	116	5.3	28.1
JCVISYN3A_0804	BSU21240	42.857	21	12	0	1218	1238	56	76	7.8	26.2
JCVISYN3A_0805	BSU25730	32.258	62	38	3	243	302	166	225	0.96	28.1
JCVISYN3A_0805	BSU07510	34.091	44	24	1	199	242	278	316	1.4	27.7
JCVISYN3A_0805	BSU24020	41.667	24	14	0	233	256	249	272	9.8	25.0
JCVISYN3A_0806	BSU01050	49.194	124	60	2	1	122	1	123	1.50e-22	82.8
JCVISYN3A_0806	BSU16500	43.333	30	14	1	70	96	8	37	1.00	25.4
JCVISYN3A_0806	BSU38200	52.174	23	11	0	14	36	312	334	3.0	24.3
JCVISYN3A_0806	BSU21580	28.395	81	47	2	13	86	234	310	3.8	23.9
JCVISYN3A_0806	BSU28950	43.243	37	17	2	85	121	128	160	3.8	23.9
JCVISYN3A_0806	BSU13980	26.374	91	59	3	2	86	576	664	5.4	23.5
JCVISYN3A_0806	BSU28990	33.333	27	18	0	87	113	286	312	6.4	23.1
JCVISYN3A_0806	BSU11010	52.632	19	9	0	101	119	38	56	7.1	23.1
JCVISYN3A_0806	BSU32420	29.412	51	30	2	74	118	26	76	8.7	22.7
JCVISYN3A_0806	BSU11170	45.833	24	13	0	92	115	41	64	8.8	22.7
JCVISYN3A_0807	BSU01040	43.046	151	86	0	14	164	11	161	1.29e-36	121
JCVISYN3A_0807	BSU05910	41.026	39	23	0	90	128	12	50	0.070	29.3
JCVISYN3A_0807	BSU05910	34.783	23	15	0	25	47	99	121	5.6	23.9
JCVISYN3A_0807	BSU28590	34.483	29	19	0	121	149	282	310	0.69	26.9
JCVISYN3A_0807	BSU06812	26.923	78	50	3	11	84	384	458	0.98	26.6
JCVISYN3A_0807	BSU04430	57.895	19	8	0	58	76	55	73	2.0	25.4
JCVISYN3A_0807	BSU29160	50.000	20	10	0	67	86	257	276	3.3	24.6
JCVISYN3A_0807	BSU14430	55.000	20	9	0	87	106	108	127	3.3	25.0
JCVISYN3A_0807	BSU18640	32.143	28	19	0	58	85	6	33	4.5	24.3
JCVISYN3A_0807	BSU12310	29.268	82	49	2	22	94	261	342	5.5	24.3
JCVISYN3A_0807	BSU31400	35.897	39	24	1	99	137	187	224	7.2	23.9
JCVISYN3A_0807	BSU30710	40.909	22	13	0	126	147	87	108	9.4	23.5
JCVISYN3A_0807	BSU11460	26.667	30	22	0	115	144	232	261	9.8	23.5
JCVISYN3A_0809	BSU01030	59.292	226	90	2	1	225	1	225	1.73e-92	268
JCVISYN3A_0809	BSU09560	28.571	28	20	0	175	202	91	118	0.81	26.6
JCVISYN3A_0809	BSU07130	23.913	46	35	0	110	155	94	139	1.4	26.6
JCVISYN3A_0809	BSU30230	34.286	35	23	0	125	159	222	256	3.6	25.4
JCVISYN3A_0809	BSU25570	27.451	51	32	2	115	161	577	626	3.8	25.4
JCVISYN3A_0809	BSU08790	28.000	75	50	2	8	82	475	545	4.5	25.0
JCVISYN3A_0809	BSU11930	30.952	42	28	1	178	219	6	46	6.8	23.9
JCVISYN3A_0810	BSU01020	49.635	137	65	1	1	133	1	137	3.02e-37	121
JCVISYN3A_0810	BSU21120	25.316	79	53	2	69	141	242	320	1.3	25.8
JCVISYN3A_0810	BSU40920	36.842	38	22	1	67	104	62	97	1.9	25.0
JCVISYN3A_0810	BSU03200	26.866	67	44	2	79	140	67	133	3.2	24.3
JCVISYN3A_0810	BSU32100	44.828	29	14	1	116	142	319	347	3.7	24.3
JCVISYN3A_0810	BSU31490	34.694	49	31	1	57	105	101	148	3.9	24.3
JCVISYN3A_0810	BSU10260	38.889	36	17	1	48	78	179	214	5.1	23.9
JCVISYN3A_0810	BSU07240	30.000	80	49	3	34	111	110	184	5.8	23.9
JCVISYN3A_0810	BSU19240	32.258	31	20	1	14	44	109	138	7.0	23.1
JCVISYN3A_0810	BSU35690	45.455	33	15	1	46	78	403	432	8.0	23.5
JCVISYN3A_0810	BSU18550	32.692	52	29	1	84	129	13	64	9.3	23.1
JCVISYN3A_0813	BSU38860	36.310	336	203	3	1	329	1	332	2.55e-70	219
JCVISYN3A_0813	BSU30870	26.989	352	185	14	1	324	1	308	2.13e-21	89.7
JCVISYN3A_0813	BSU37830	22.892	332	221	12	2	324	4	309	1.33e-11	61.2
JCVISYN3A_0813	BSU07280	24.047	341	208	15	2	324	8	315	2.54e-09	54.3
JCVISYN3A_0813	BSU19810	29.839	124	78	5	4	120	19	140	4.41e-08	48.5
JCVISYN3A_0813	BSU17190	25.843	178	94	8	3	146	1523	1696	0.001	37.7
JCVISYN3A_0813	BSU37820	29.907	107	68	5	51	155	37	138	0.009	34.3
JCVISYN3A_0813	BSU34350	24.064	187	115	4	4	180	272	441	0.021	33.1
JCVISYN3A_0813	BSU17210	24.113	141	87	5	3	123	3682	3822	0.034	32.7
JCVISYN3A_0813	BSU17210	27.368	95	46	5	3	78	2181	2271	3.2	26.6
JCVISYN3A_0813	BSU01935	30.435	69	40	2	95	163	89	149	0.076	31.6
JCVISYN3A_0813	BSU08510	22.901	131	84	4	1	124	1	121	0.10	30.8
JCVISYN3A_0813	BSU29410	28.571	56	40	0	20	75	112	167	1.3	27.3
JCVISYN3A_0813	BSU04930	45.946	37	17	2	172	205	6	42	1.4	26.9
JCVISYN3A_0813	BSU17180	24.460	139	80	5	3	119	2852	2987	1.4	27.7
JCVISYN3A_0813	BSU17200	21.088	147	96	6	3	130	1526	1671	3.3	26.6
JCVISYN3A_0813	BSU26910	28.571	63	38	2	15	70	149	211	4.6	25.4
JCVISYN3A_0814	BSU00550	37.500	48	28	2	346	393	550	595	2.6	26.9
JCVISYN3A_0814	BSU15120	36.364	33	19	1	166	196	38	70	5.3	25.8
JCVISYN3A_0814	BSU08760	25.000	44	27	1	188	225	166	209	6.0	25.4
JCVISYN3A_0814	BSU19030	25.000	64	35	2	223	273	324	387	6.2	25.8
JCVISYN3A_0814	BSU40670	25.000	88	55	5	46	132	42	119	7.4	25.4
JCVISYN3A_0817	BSU34750	32.039	309	205	4	1	309	1	304	1.98e-43	148
JCVISYN3A_0817	BSU39230	23.239	142	93	5	2	136	202	334	0.66	28.5
JCVISYN3A_0817	BSU13860	23.864	88	62	3	222	305	108	194	2.1	26.6
JCVISYN3A_0817	BSU21350	40.741	27	14	1	266	290	369	395	2.8	26.6
JCVISYN3A_0817	BSU09290	27.907	43	31	0	117	159	432	474	4.2	25.8
JCVISYN3A_0817	BSU31290	35.714	28	18	0	197	224	159	186	6.1	25.4
JCVISYN3A_0817	BSU16580	25.610	82	44	2	211	292	301	365	6.8	25.4
JCVISYN3A_0817	BSU17220	28.571	49	35	0	193	241	709	757	7.1	25.4
JCVISYN3A_0817	BSU06170	40.741	27	16	0	176	202	172	198	7.4	25.0
JCVISYN3A_0817	BSU17420	26.829	41	30	0	249	289	200	240	8.2	24.6
JCVISYN3A_0817	BSU14280	41.026	39	18	2	276	309	239	277	8.5	24.6
JCVISYN3A_0818	BSU34990	32.143	140	85	3	74	212	23	153	1.09e-14	70.9
JCVISYN3A_0818	BSU29420	28.571	84	48	4	393	465	69	151	0.79	28.5
JCVISYN3A_0818	BSU02290	34.286	35	21	1	30	64	38	70	1.4	27.7
JCVISYN3A_0818	BSU25870	28.723	94	57	4	171	258	32	121	3.2	26.6
JCVISYN3A_0818	BSU08200	36.170	47	27	2	144	189	271	315	3.8	26.6
JCVISYN3A_0818	BSU16640	37.037	27	17	0	373	399	19	45	7.0	24.6
JCVISYN3A_0818	BSU04670	31.481	54	29	3	310	361	4	51	7.8	25.4
JCVISYN3A_0819	BSU34790	45.277	307	163	3	7	310	5	309	2.30e-91	271
JCVISYN3A_0819	BSU40100	34.653	303	192	5	7	306	207	506	1.25e-42	150
JCVISYN3A_0819	BSU32110	30.662	287	180	10	7	280	6	286	3.36e-27	105
JCVISYN3A_0819	BSU03270	30.159	315	203	11	6	306	5	316	4.41e-22	91.7
JCVISYN3A_0819	BSU22950	26.667	300	172	14	12	278	7	291	1.15e-09	55.5
JCVISYN3A_0819	BSU41010	35.714	56	28	1	9	64	8	55	0.001	37.4
JCVISYN3A_0819	BSU24060	40.909	44	26	0	9	52	5	48	0.001	37.0
JCVISYN3A_0819	BSU18440	29.518	166	80	9	11	158	155	301	0.002	36.6
JCVISYN3A_0819	BSU03300	27.778	180	111	7	112	279	105	277	0.003	36.2
JCVISYN3A_0819	BSU14610	40.000	35	21	0	10	44	11	45	0.026	32.7
JCVISYN3A_0819	BSU14610	20.548	146	103	5	150	284	177	320	0.16	30.4
JCVISYN3A_0819	BSU30060	37.838	37	23	0	9	45	4	40	0.063	31.6
JCVISYN3A_0819	BSU26640	34.146	41	27	0	8	48	1	41	0.22	29.6
JCVISYN3A_0819	BSU05430	28.947	76	44	2	186	256	419	489	0.66	28.5
JCVISYN3A_0819	BSU37510	24.051	158	91	7	128	280	392	525	0.80	28.1
JCVISYN3A_0819	BSU10500	41.935	31	18	0	9	39	5	35	1.2	27.7
JCVISYN3A_0819	BSU19020	35.000	40	26	0	10	49	25	64	2.3	26.6
JCVISYN3A_0819	BSU32630	31.250	32	22	0	12	43	5	36	3.8	25.8
JCVISYN3A_0819	BSU32580	64.706	17	6	0	86	102	56	72	5.1	25.4
JCVISYN3A_0819	BSU36460	26.471	68	43	1	120	187	296	356	5.6	25.4
JCVISYN3A_0819	BSU16090	24.638	138	83	4	33	158	79	207	6.1	25.4
JCVISYN3A_0819	BSU35670	31.707	41	28	0	134	174	108	148	7.6	25.0
JCVISYN3A_0819	BSU26970	42.308	26	15	0	11	36	182	207	9.6	24.6
JCVISYN3A_0820	BSU34990	35.433	127	70	4	65	184	60	181	1.40e-11	62.0
JCVISYN3A_0820	BSU12160	36.170	47	30	0	118	164	59	105	0.033	33.5
JCVISYN3A_0820	BSU05870	38.235	34	21	0	62	95	163	196	1.6	27.7
JCVISYN3A_0820	BSU35040	24.176	91	61	3	203	292	867	950	2.6	27.7
JCVISYN3A_0820	BSU38580	22.727	66	41	2	15	78	181	238	4.2	26.6
JCVISYN3A_0820	BSU34810	50.000	18	9	0	331	348	230	247	4.3	26.6
JCVISYN3A_0820	BSU17210	48.148	27	14	0	472	498	5283	5309	5.7	26.6
JCVISYN3A_0820	BSU02760	29.630	54	32	1	454	501	233	286	7.4	25.8
JCVISYN3A_0820	BSU35790	35.294	34	22	0	62	95	164	197	7.5	25.8
JCVISYN3A_0820	BSU09610	25.000	40	30	0	471	510	76	115	8.5	25.0
JCVISYN3A_0820	BSU03760	31.707	41	28	0	452	492	424	464	9.7	25.4
JCVISYN3A_0820	BSU18450	20.732	82	52	2	238	319	1421	1489	9.8	25.8
JCVISYN3A_0820	BSU24490	25.316	79	55	2	291	368	239	314	10.0	25.4
JCVISYN3A_0821	BSU35000	30.380	316	204	8	1	307	1	309	5.97e-45	152
JCVISYN3A_0821	BSU29270	23.469	98	55	3	74	151	124	221	0.30	29.3
JCVISYN3A_0821	BSU00870	34.848	66	34	2	113	169	46	111	0.65	28.5
JCVISYN3A_0821	BSU38400	23.656	93	64	2	219	304	336	428	1.7	27.3
JCVISYN3A_0821	BSU41000	68.750	16	5	0	163	178	156	171	2.0	26.6
JCVISYN3A_0821	BSU38830	34.375	32	21	0	280	311	32	63	2.1	26.9
JCVISYN3A_0821	BSU32190	44.000	25	13	1	217	241	52	75	4.0	24.3
JCVISYN3A_0821	BSU30210	36.170	47	24	2	70	112	181	225	4.1	25.4
JCVISYN3A_0821	BSU21640	35.385	65	26	3	54	118	21	69	5.2	25.0
JCVISYN3A_0821	BSU01290	41.379	29	16	1	68	96	11	38	5.3	23.5
JCVISYN3A_0821	BSU40150	26.866	67	36	2	114	180	4	57	6.6	25.0
JCVISYN3A_0821	BSU39650	23.684	38	29	0	10	47	237	274	8.6	24.6
JCVISYN3A_0821	BSU04780	30.435	46	31	1	17	61	77	122	8.7	25.0
JCVISYN3A_0821	BSU19390	40.741	27	16	0	148	174	64	90	8.9	24.6
JCVISYN3A_0822	BSU13610	46.667	30	16	0	23	52	125	154	2.8	25.4
JCVISYN3A_0822	BSU06350	27.273	55	38	2	4	56	157	211	4.0	25.4
JCVISYN3A_0822	BSU39610	45.455	22	12	0	101	122	71	92	8.6	24.3
JCVISYN3A_0822	BSU19480	32.394	71	31	5	24	87	60	120	9.9	23.9
JCVISYN3A_0823	BSU28080	28.643	398	219	14	23	359	29	422	1.86e-40	145
JCVISYN3A_0823	BSU15180	30.357	56	39	0	29	84	96	151	0.043	32.3
JCVISYN3A_0823	BSU09570	30.488	82	47	3	6	79	21	100	0.25	30.0
JCVISYN3A_0823	BSU34820	25.882	85	50	3	24	108	356	427	0.81	28.5
JCVISYN3A_0823	BSU22850	38.095	42	25	1	3	43	236	277	3.4	26.2
JCVISYN3A_0823	BSU29140	34.615	52	33	1	134	184	6	57	4.3	26.2
JCVISYN3A_0823	BSU01540	36.364	44	28	0	23	66	97	140	4.9	25.8
JCVISYN3A_0823	BSU35900	61.538	13	5	0	159	171	141	153	4.9	25.8
JCVISYN3A_0823	BSU10610	30.303	66	38	4	251	311	28	90	5.5	25.0
JCVISYN3A_0823	BSU29510	23.913	92	59	4	86	172	85	170	6.2	25.4
JCVISYN3A_0824	BSU35160	53.425	949	431	7	1	946	1	941	0.0	1011
JCVISYN3A_0824	BSU39480	27.607	163	99	7	783	940	92	240	1.18e-10	59.7
JCVISYN3A_0824	BSU39480	30.769	78	51	2	476	553	124	198	0.003	37.4
JCVISYN3A_0824	BSU39480	48.148	27	14	0	16	42	17	43	0.85	29.6
JCVISYN3A_0824	BSU39480	46.429	28	15	0	627	654	17	44	4.6	27.3
JCVISYN3A_0824	BSU23960	29.197	137	85	5	810	944	114	240	3.98e-08	52.0
JCVISYN3A_0824	BSU23960	27.500	80	55	2	474	553	119	195	0.003	37.4
JCVISYN3A_0824	BSU23960	53.571	28	13	0	627	654	17	44	0.17	31.6
JCVISYN3A_0824	BSU03590	28.467	137	87	4	810	945	119	245	6.21e-08	51.6
JCVISYN3A_0824	BSU03590	29.091	110	67	4	493	599	141	242	7.86e-04	38.9
JCVISYN3A_0824	BSU03590	51.852	27	13	0	16	42	17	43	0.20	31.6
JCVISYN3A_0824	BSU03590	57.143	28	12	0	627	654	17	44	0.33	30.8
JCVISYN3A_0824	BSU29340	29.907	107	65	3	825	930	132	229	7.17e-08	51.6
JCVISYN3A_0824	BSU29340	30.435	92	60	3	474	564	122	210	0.003	37.0
JCVISYN3A_0824	BSU29340	53.571	28	13	0	627	654	17	44	0.099	32.3
JCVISYN3A_0824	BSU29340	41.379	29	17	0	14	42	15	43	3.3	27.7
JCVISYN3A_0824	BSU33270	30.921	152	96	5	422	572	74	217	4.17e-07	48.9
JCVISYN3A_0824	BSU33270	21.854	151	93	3	776	905	65	211	2.28e-05	43.5
JCVISYN3A_0824	BSU33270	57.143	28	12	0	627	654	21	48	0.005	36.2
JCVISYN3A_0824	BSU30760	30.275	109	57	4	488	579	132	238	5.19e-07	48.9
JCVISYN3A_0824	BSU30760	30.769	65	42	1	831	895	135	196	5.06e-04	39.7
JCVISYN3A_0824	BSU30760	43.750	32	18	0	627	658	19	50	0.13	32.0
JCVISYN3A_0824	BSU30760	35.897	39	25	0	4	42	7	45	0.42	30.4
JCVISYN3A_0824	BSU07490	33.663	101	56	4	833	931	140	231	5.36e-07	48.9
JCVISYN3A_0824	BSU33830	33.898	118	68	4	474	589	117	226	6.92e-06	46.2
JCVISYN3A_0824	BSU33830	27.820	133	70	6	819	943	122	236	3.94e-05	43.5
JCVISYN3A_0824	BSU33830	29.474	95	46	5	7	89	10	95	4.7	27.3
JCVISYN3A_0824	BSU27430	25.862	116	76	3	831	945	135	241	8.34e-06	45.1
JCVISYN3A_0824	BSU27430	30.159	63	42	1	491	553	135	195	0.010	35.4
JCVISYN3A_0824	BSU27430	51.724	29	14	0	14	42	15	43	0.044	33.5
JCVISYN3A_0824	BSU27430	54.839	31	14	0	627	657	17	47	0.13	32.0
JCVISYN3A_0824	BSU03820	31.304	115	64	6	820	928	119	224	1.08e-05	44.7
JCVISYN3A_0824	BSU03820	35.165	91	51	4	480	564	119	207	0.001	38.5
JCVISYN3A_0824	BSU38730	31.193	109	65	3	833	941	473	571	1.25e-05	45.4
JCVISYN3A_0824	BSU38730	30.189	106	65	4	485	590	465	561	2.40e-04	41.6
JCVISYN3A_0824	BSU08690	22.340	188	116	6	767	934	393	570	1.43e-05	45.4
JCVISYN3A_0824	BSU08690	32.911	79	36	3	493	564	479	547	7.8	26.9
JCVISYN3A_0824	BSU08690	31.250	32	22	0	12	43	354	385	9.1	26.6
JCVISYN3A_0824	BSU14430	31.765	85	51	3	828	911	435	513	1.55e-05	45.4
JCVISYN3A_0824	BSU14430	26.042	96	63	4	475	568	422	511	5.1	27.3
JCVISYN3A_0824	BSU33730	33.051	118	69	4	474	589	117	226	2.43e-05	44.3
JCVISYN3A_0824	BSU33730	27.731	119	60	6	833	943	136	236	6.38e-04	39.7
JCVISYN3A_0824	BSU33730	32.075	53	25	1	605	657	7	48	7.4	26.9
JCVISYN3A_0824	BSU33730	28.571	84	40	4	18	89	20	95	9.1	26.6
JCVISYN3A_0824	BSU01460	30.534	131	80	5	476	603	116	238	4.29e-05	43.1
JCVISYN3A_0824	BSU01460	26.446	121	77	5	810	927	109	220	0.005	36.6
JCVISYN3A_0824	BSU01460	41.935	31	18	0	627	657	10	40	0.41	30.8
JCVISYN3A_0824	BSU02980	31.884	138	75	9	810	941	148	272	4.74e-05	43.5
JCVISYN3A_0824	BSU02980	52.174	23	11	0	20	42	53	75	6.9	26.9
JCVISYN3A_0824	BSU37230	31.522	92	59	2	826	917	463	550	7.24e-05	43.1
JCVISYN3A_0824	BSU37230	26.087	115	76	3	493	607	470	575	0.006	37.0
JCVISYN3A_0824	BSU37230	43.333	30	17	0	624	653	346	375	3.3	28.1
JCVISYN3A_0824	BSU37230	41.935	31	17	1	13	42	345	375	6.0	27.3
JCVISYN3A_0824	BSU14360	26.531	147	103	3	418	564	70	211	1.08e-04	41.6
JCVISYN3A_0824	BSU14360	22.222	144	87	4	783	905	72	211	7.35e-04	38.9
JCVISYN3A_0824	BSU14360	42.857	28	16	0	627	654	21	48	2.1	28.1
JCVISYN3A_0824	BSU34090	28.704	108	57	4	826	927	124	217	2.00e-04	41.2
JCVISYN3A_0824	BSU34090	29.213	89	55	2	464	552	108	188	3.51e-04	40.4
JCVISYN3A_0824	BSU33290	36.000	75	40	3	832	903	139	208	2.29e-04	40.8
JCVISYN3A_0824	BSU33290	38.710	31	19	0	627	657	19	49	0.49	30.4
JCVISYN3A_0824	BSU35260	31.111	90	52	3	493	574	138	225	2.35e-04	40.4
JCVISYN3A_0824	BSU35260	27.826	115	72	2	809	915	114	225	4.80e-04	39.7
JCVISYN3A_0824	BSU35260	39.535	43	23	1	618	657	6	48	0.56	30.0
JCVISYN3A_0824	BSU11460	28.205	117	66	6	825	934	151	256	3.06e-04	40.8
JCVISYN3A_0824	BSU05950	33.333	78	45	3	832	908	444	515	3.30e-04	41.2
JCVISYN3A_0824	BSU05950	27.500	80	52	2	819	898	149	222	0.14	32.7
JCVISYN3A_0824	BSU05950	30.909	110	62	4	453	553	396	500	3.0	28.1
JCVISYN3A_0824	BSU05950	41.509	53	26	1	627	679	19	66	9.1	26.6
JCVISYN3A_0824	BSU01950	30.488	82	53	2	825	905	125	203	3.68e-04	40.0
JCVISYN3A_0824	BSU01950	34.667	75	46	2	493	566	133	205	0.006	36.2
JCVISYN3A_0824	BSU07420	34.043	94	49	4	809	898	138	222	4.73e-04	40.4
JCVISYN3A_0824	BSU07420	30.208	96	57	3	465	555	408	498	0.001	39.3
JCVISYN3A_0824	BSU07420	34.211	76	43	3	479	553	149	218	0.019	35.4
JCVISYN3A_0824	BSU38740	30.702	114	63	5	825	935	456	556	5.57e-04	40.4
JCVISYN3A_0824	BSU38740	23.214	112	75	4	492	602	463	564	5.9	27.3
JCVISYN3A_0824	BSU03730	31.868	91	55	3	474	561	121	207	5.93e-04	39.3
JCVISYN3A_0824	BSU03730	27.473	91	62	2	813	902	120	207	0.004	37.0
JCVISYN3A_0824	BSU03730	46.429	28	15	0	627	654	21	48	0.16	31.6
JCVISYN3A_0824	BSU08210	28.030	132	82	4	808	938	442	561	6.14e-04	40.0
JCVISYN3A_0824	BSU08210	41.935	31	18	0	627	657	347	377	4.5	27.7
JCVISYN3A_0824	BSU08210	25.455	110	71	4	486	595	461	559	9.0	26.6
JCVISYN3A_0824	BSU05610	25.134	187	103	7	425	579	10	191	6.86e-04	40.0
JCVISYN3A_0824	BSU05610	29.851	67	41	2	833	899	407	467	0.36	31.2
JCVISYN3A_0824	BSU05610	39.024	41	20	1	627	667	20	55	1.1	29.6
JCVISYN3A_0824	BSU05610	50.000	28	14	0	627	654	307	334	1.3	29.3
JCVISYN3A_0824	BSU35940	28.205	78	52	2	829	905	390	464	7.90e-04	39.7
JCVISYN3A_0824	BSU35940	22.414	174	122	7	484	654	131	294	0.004	37.4
JCVISYN3A_0824	BSU35940	28.000	75	51	1	824	898	131	202	0.016	35.4
JCVISYN3A_0824	BSU35940	27.103	107	73	3	490	595	391	493	0.094	33.1
JCVISYN3A_0824	BSU34820	29.630	81	53	2	825	905	471	547	0.001	39.3
JCVISYN3A_0824	BSU34820	28.866	97	60	3	493	589	479	566	0.004	37.4
JCVISYN3A_0824	BSU24960	29.126	103	64	3	463	561	135	232	0.001	38.5
JCVISYN3A_0824	BSU24960	27.642	123	69	6	825	943	158	264	0.012	35.4
JCVISYN3A_0824	BSU24960	29.310	58	41	0	600	657	11	68	0.26	31.2
JCVISYN3A_0824	BSU08310	29.167	120	69	6	481	592	117	228	0.001	38.5
JCVISYN3A_0824	BSU08310	25.000	96	61	3	808	899	108	196	0.026	34.7
JCVISYN3A_0824	BSU37390	31.884	69	44	1	831	899	137	202	0.001	38.1
JCVISYN3A_0824	BSU37390	26.027	73	52	1	486	558	132	202	0.18	31.6
JCVISYN3A_0824	BSU01450	28.866	97	60	3	493	588	143	231	0.002	38.1
JCVISYN3A_0824	BSU01450	25.263	95	60	2	622	714	20	105	8.6	26.6
JCVISYN3A_0824	BSU24950	25.954	131	78	5	810	931	126	246	0.003	37.4
JCVISYN3A_0824	BSU24950	27.632	76	53	1	486	561	150	223	0.038	33.9
JCVISYN3A_0824	BSU24950	48.387	31	16	0	627	657	29	59	0.39	30.8
JCVISYN3A_0824	BSU24950	40.625	32	19	0	11	42	24	55	0.78	29.6
JCVISYN3A_0824	BSU13220	21.891	201	110	7	491	654	147	337	0.005	37.4
JCVISYN3A_0824	BSU13220	32.836	67	41	2	831	896	147	210	0.005	37.0
JCVISYN3A_0824	BSU13220	22.689	119	81	4	820	937	412	520	0.006	37.0
JCVISYN3A_0824	BSU13220	20.930	86	65	2	474	559	406	488	0.39	31.2
JCVISYN3A_0824	BSU13220	44.828	29	16	0	16	44	25	53	1.8	28.9
JCVISYN3A_0824	BSU13000	31.298	131	76	6	464	591	129	248	0.005	37.0
JCVISYN3A_0824	BSU11370	29.323	133	81	6	811	939	138	261	0.006	36.6
JCVISYN3A_0824	BSU11370	30.000	80	53	2	475	553	143	220	0.27	31.2
JCVISYN3A_0824	BSU33160	44.776	67	30	4	493	556	138	200	0.007	36.6
JCVISYN3A_0824	BSU33160	26.846	149	84	7	770	896	54	199	0.008	36.6
JCVISYN3A_0824	BSU08830	31.250	96	52	5	807	896	105	192	0.009	35.8
JCVISYN3A_0824	BSU08830	44.737	38	21	0	621	658	16	53	0.044	33.5
JCVISYN3A_0824	BSU08830	36.620	71	28	4	493	555	131	192	1.3	28.9
JCVISYN3A_0824	BSU31550	27.632	76	51	2	830	904	138	210	0.009	36.2
JCVISYN3A_0824	BSU31550	24.731	186	102	8	490	657	138	303	0.012	35.8
JCVISYN3A_0824	BSU09710	26.016	123	79	4	492	614	474	584	0.009	36.2
JCVISYN3A_0824	BSU09710	21.233	146	91	6	795	938	447	570	0.25	31.6
JCVISYN3A_0824	BSU09710	29.730	37	26	0	622	658	349	385	2.3	28.5
JCVISYN3A_0824	BSU02860	28.333	120	75	5	804	921	113	223	0.010	35.4
JCVISYN3A_0824	BSU02860	26.389	72	50	2	488	558	133	202	0.086	32.7
JCVISYN3A_0824	BSU32940	25.899	139	82	6	800	929	105	231	0.014	35.0
JCVISYN3A_0824	BSU32940	37.500	32	20	0	627	658	21	52	2.8	28.1
JCVISYN3A_0824	BSU32940	40.000	30	18	0	16	45	21	50	3.0	27.7
JCVISYN3A_0824	BSU09720	28.070	114	66	5	828	938	562	662	0.019	35.4
JCVISYN3A_0824	BSU15340	32.468	77	47	2	488	561	137	211	0.023	34.7
JCVISYN3A_0824	BSU15340	28.986	69	44	2	832	898	141	206	0.78	29.6
JCVISYN3A_0824	BSU30420	26.506	83	57	3	474	555	128	207	0.032	33.9
JCVISYN3A_0824	BSU30420	32.584	89	50	5	810	894	123	205	0.93	29.3
JCVISYN3A_0824	BSU30420	46.429	28	15	0	627	654	25	52	1.6	28.5
JCVISYN3A_0824	BSU30420	44.444	27	15	0	16	42	25	51	4.2	27.3
JCVISYN3A_0824	BSU30380	53.571	28	13	0	627	654	23	50	0.040	33.9
JCVISYN3A_0824	BSU30380	44.444	27	15	0	16	42	23	49	1.8	28.5
JCVISYN3A_0824	BSU30010	27.103	107	69	3	492	597	125	223	0.040	33.5
JCVISYN3A_0824	BSU38810	26.389	144	91	6	415	554	63	195	0.056	33.5
JCVISYN3A_0824	BSU38810	41.935	31	18	0	624	654	17	47	9.8	26.2
JCVISYN3A_0824	BSU32550	26.154	130	83	4	437	564	87	205	0.062	33.5
JCVISYN3A_0824	BSU32550	19.900	201	125	10	753	933	43	227	0.41	30.8
JCVISYN3A_0824	BSU32550	42.308	26	15	0	16	41	19	44	9.4	26.6
JCVISYN3A_0824	BSU14320	25.281	178	106	8	427	588	393	559	0.063	33.5
JCVISYN3A_0824	BSU14320	24.176	91	64	3	816	905	455	541	1.4	29.3
JCVISYN3A_0824	BSU07370	29.213	89	51	4	825	907	146	228	0.069	33.5
JCVISYN3A_0824	BSU07370	25.688	109	70	4	481	588	147	245	1.1	29.6
JCVISYN3A_0824	BSU14330	28.421	95	63	3	814	907	480	570	0.092	33.1
JCVISYN3A_0824	BSU11470	28.235	85	58	2	475	558	133	215	0.13	32.3
JCVISYN3A_0824	BSU10040	27.000	100	41	3	627	726	19	86	0.16	32.0
JCVISYN3A_0824	BSU10040	40.000	30	18	0	12	41	15	44	1.8	28.5
JCVISYN3A_0824	BSU27350	30.667	75	38	2	156	221	211	280	0.30	31.2
JCVISYN3A_0824	BSU10910	45.714	35	16	1	25	56	26	60	0.36	30.4
JCVISYN3A_0824	BSU00280	30.667	75	43	3	639	710	5	73	0.48	30.0
JCVISYN3A_0824	BSU40150	36.000	50	29	1	833	882	114	160	0.62	29.6
JCVISYN3A_0824	BSU39640	50.000	28	14	0	627	654	23	50	0.74	29.6
JCVISYN3A_0824	BSU19790	23.529	85	65	0	162	246	71	155	0.80	29.6
JCVISYN3A_0824	BSU40300	45.455	33	18	0	802	834	117	149	1.0	29.6
JCVISYN3A_0824	BSU32750	26.562	64	44	2	491	553	139	200	1.2	29.3
JCVISYN3A_0824	BSU32750	22.772	101	54	2	16	116	21	97	1.7	28.9
JCVISYN3A_0824	BSU25490	34.722	72	37	3	203	267	178	246	1.3	29.3
JCVISYN3A_0824	BSU09890	23.214	112	76	3	794	899	86	193	1.4	28.9
JCVISYN3A_0824	BSU01220	30.952	42	29	0	162	203	96	137	1.4	28.9
JCVISYN3A_0824	BSU04490	28.723	94	60	4	832	923	133	221	1.4	28.9
JCVISYN3A_0824	BSU04490	26.866	134	79	6	461	589	109	228	6.5	26.9
JCVISYN3A_0824	BSU12250	31.765	85	45	5	826	904	138	215	1.5	28.9
JCVISYN3A_0824	BSU12250	45.000	40	20	2	486	525	138	175	1.7	28.5
JCVISYN3A_0824	BSU12250	38.235	34	21	0	621	654	26	59	6.8	26.6
JCVISYN3A_0824	BSU11360	26.596	94	66	2	19	109	27	120	1.5	28.9
JCVISYN3A_0824	BSU02690	26.966	89	56	3	526	614	248	327	1.7	28.9
JCVISYN3A_0824	BSU09080	31.818	88	54	4	810	895	110	193	2.9	28.1
JCVISYN3A_0824	BSU34700	40.625	32	19	0	623	654	21	52	3.3	27.7
JCVISYN3A_0824	BSU30670	37.736	53	26	2	879	924	44	96	3.4	27.3
JCVISYN3A_0824	BSU00140	60.000	20	8	0	634	653	6	25	3.6	27.3
JCVISYN3A_0824	BSU17380	22.059	136	98	3	541	673	485	615	3.8	27.7
JCVISYN3A_0824	BSU15600	57.895	19	8	0	25	43	25	43	4.1	27.3
JCVISYN3A_0824	BSU08220	28.571	49	26	1	624	672	379	418	4.4	27.7
JCVISYN3A_0824	BSU08220	30.000	30	21	0	13	42	379	408	7.6	26.9
JCVISYN3A_0824	BSU12730	26.596	94	58	4	237	323	208	297	4.4	27.3
JCVISYN3A_0824	BSU33720	28.571	133	67	8	574	700	12	122	4.8	26.9
JCVISYN3A_0824	BSU19390	24.211	95	63	3	575	664	5	95	7.8	26.6
JCVISYN3A_0824	BSU32710	44.444	27	15	0	627	653	21	47	8.5	26.6
JCVISYN3A_0824	BSU40620	25.954	131	84	5	439	566	81	201	8.9	26.2
JCVISYN3A_0824	BSU02750	22.222	108	74	3	833	939	138	236	9.5	26.2
JCVISYN3A_0825	BSU35170	54.970	664	285	3	6	661	3	660	0.0	742
JCVISYN3A_0825	BSU00550	26.984	315	205	7	30	342	20	311	1.91e-23	102
JCVISYN3A_0825	BSU00550	32.895	76	47	1	473	548	858	929	2.94e-06	47.4
JCVISYN3A_0825	BSU15710	28.155	103	67	1	453	548	560	662	1.70e-06	48.1
JCVISYN3A_0825	BSU07430	26.250	80	52	3	473	550	265	339	0.007	35.8
JCVISYN3A_0825	BSU39110	26.582	79	52	2	479	556	270	343	0.013	35.0
JCVISYN3A_0825	BSU06770	23.295	176	90	7	470	624	284	435	0.039	33.9
JCVISYN3A_0825	BSU22220	30.488	82	51	3	487	568	332	407	0.13	32.0
JCVISYN3A_0825	BSU15870	29.508	61	42	1	462	521	322	382	0.13	32.0
JCVISYN3A_0825	BSU25140	23.364	107	70	4	462	566	258	354	0.13	32.0
JCVISYN3A_0825	BSU16400	35.714	56	27	2	34	80	174	229	0.16	31.6
JCVISYN3A_0825	BSU00860	42.424	33	19	0	622	654	413	445	0.39	30.4
JCVISYN3A_0825	BSU19220	24.823	141	87	6	452	580	62	195	0.51	30.0
JCVISYN3A_0825	BSU28490	48.276	29	15	0	632	660	202	230	0.56	30.0
JCVISYN3A_0825	BSU03490	24.603	126	88	4	362	483	584	706	0.62	30.0
JCVISYN3A_0825	BSU15940	37.143	35	22	0	610	644	264	298	1.5	28.5
JCVISYN3A_0825	BSU15940	26.613	124	68	5	460	582	677	778	7.7	26.6
JCVISYN3A_0825	BSU29805	29.577	71	41	3	28	94	623	688	2.9	27.7
JCVISYN3A_0825	BSU23160	28.571	105	68	3	531	633	87	186	3.8	26.9
JCVISYN3A_0825	BSU00840	37.143	35	22	0	625	659	138	172	3.9	26.6
JCVISYN3A_0825	BSU04580	32.727	55	31	1	44	92	49	103	3.9	27.3
JCVISYN3A_0825	BSU11250	30.000	60	38	1	192	251	84	139	4.5	26.9
JCVISYN3A_0825	BSU34070	31.579	38	26	0	265	302	200	237	7.6	26.2
JCVISYN3A_0825	BSU10940	36.364	33	21	0	2	34	132	164	7.7	25.8
JCVISYN3A_0825	BSU38360	35.211	71	30	4	533	593	316	380	8.4	26.2
JCVISYN3A_0825	BSU18100	24.194	62	45	1	510	569	37	98	9.6	26.2
JCVISYN3A_0825	BSU37010	32.258	62	32	2	613	664	29	90	9.8	25.8
JCVISYN3A_0825	BSU23020	22.137	131	88	5	424	548	201	323	10.0	25.8
JCVISYN3A_0826	BSU25560	20.285	281	217	3	1	275	17	296	7.86e-19	82.8
JCVISYN3A_0826	BSU03200	33.333	48	29	1	246	293	143	187	0.32	29.3
JCVISYN3A_0826	BSU26650	24.419	86	51	2	33	113	37	113	0.72	28.1
JCVISYN3A_0826	BSU22950	44.828	29	16	0	42	70	39	67	0.73	28.1
JCVISYN3A_0826	BSU29220	23.864	88	58	3	37	121	47	128	1.5	27.3
JCVISYN3A_0826	BSU18310	24.088	137	78	5	111	227	3302	3432	2.2	26.9
JCVISYN3A_0826	BSU23140	31.148	61	38	2	209	269	139	195	3.5	26.2
JCVISYN3A_0826	BSU27480	21.622	74	51	3	147	218	461	529	4.9	25.8
JCVISYN3A_0826	BSU27220	27.586	58	41	1	11	67	637	694	5.4	25.4
JCVISYN3A_0826	BSU18910	22.078	77	60	0	28	104	93	169	6.2	25.4
JCVISYN3A_0827	BSU20250	33.846	65	38	3	39	102	381	441	3.4	26.9
JCVISYN3A_0827	BSU34620	31.034	29	20	0	255	283	245	273	7.2	25.8
JCVISYN3A_0827	BSU40480	31.818	66	40	2	352	412	203	268	9.9	25.4
JCVISYN3A_0830	BSU07580	21.429	42	33	0	17	58	17	58	0.40	25.8
JCVISYN3A_0830	BSU34150	32.143	56	36	1	3	56	59	114	0.64	25.0
JCVISYN3A_0830	BSU39600	34.483	29	16	1	56	84	14	39	1.4	23.9
JCVISYN3A_0830	BSU17760	24.138	58	42	1	29	84	198	255	2.2	23.5
JCVISYN3A_0830	BSU18330	38.462	26	16	0	60	85	609	634	2.4	23.5
JCVISYN3A_0830	BSU13450	29.730	37	25	1	3	38	204	240	3.0	23.1
JCVISYN3A_0830	BSU08890	33.333	30	20	0	24	53	51	80	3.9	22.7
JCVISYN3A_0830	BSU02640	36.667	30	19	0	18	47	210	239	4.2	22.7
JCVISYN3A_0830	BSU35900	45.833	24	12	1	23	46	3	25	4.5	22.7
JCVISYN3A_0830	BSU07280	36.000	25	16	0	57	81	2	26	5.8	22.3
JCVISYN3A_0830	BSU06230	29.787	47	33	0	11	57	413	459	6.4	22.3
JCVISYN3A_0830	BSU19110	38.298	47	28	1	30	76	11	56	6.6	22.3
JCVISYN3A_0830	BSU38280	43.750	16	9	0	68	83	292	307	7.8	21.9
JCVISYN3A_0831	BSU00510	46.605	324	160	3	3	326	7	317	3.80e-100	295
JCVISYN3A_0831	BSU36890	36.207	58	32	3	204	258	104	159	0.005	34.7
JCVISYN3A_0831	BSU15560	38.710	31	19	0	221	251	118	148	0.028	32.3
JCVISYN3A_0831	BSU16240	50.000	24	12	0	71	94	383	406	3.6	26.2
JCVISYN3A_0831	BSU32670	37.500	32	20	0	138	169	14	45	6.3	25.4
JCVISYN3A_0831	BSU35450	37.931	29	18	0	221	249	199	227	8.6	24.6
JCVISYN3A_0832	BSU00530	43.548	186	104	1	1	186	1	185	1.12e-51	161
JCVISYN3A_0832	BSU10900	25.000	68	46	2	22	89	58	120	0.26	28.5
JCVISYN3A_0832	BSU26670	35.294	34	22	0	112	145	34	67	1.8	25.8
JCVISYN3A_0832	BSU05700	25.000	60	40	1	127	186	86	140	2.4	25.4
JCVISYN3A_0832	BSU39160	27.586	29	21	0	107	135	51	79	3.9	24.6
JCVISYN3A_0832	BSU18470	26.042	96	59	4	5	91	81	173	4.1	24.6
JCVISYN3A_0832	BSU17260	33.333	45	23	1	1	45	53	90	4.2	24.6
JCVISYN3A_0832	BSU01260	34.884	43	27	1	58	100	57	98	4.5	23.9
JCVISYN3A_0832	BSU23401	29.545	44	27	1	1	40	149	192	5.5	24.3
JCVISYN3A_0832	BSU31875	30.435	23	16	0	120	142	356	378	7.9	24.3
JCVISYN3A_0833	BSU40500	38.095	147	90	1	1	146	1	147	2.57e-24	89.0
JCVISYN3A_0833	BSU18970	30.000	60	40	1	11	68	510	569	1.3	25.8
JCVISYN3A_0833	BSU08710	27.273	88	52	2	13	88	279	366	4.2	24.3
JCVISYN3A_0833	BSU17200	36.170	47	29	1	94	139	3401	3447	5.9	23.9
JCVISYN3A_0833	BSU25500	25.806	62	34	2	77	138	116	165	7.7	23.5
JCVISYN3A_0833	BSU27650	26.984	63	42	1	34	96	163	221	8.4	23.5
JCVISYN3A_0833	BSU17580	28.125	64	43	2	73	133	426	489	8.6	23.5
JCVISYN3A_0834	BSU40440	42.723	426	238	5	13	435	16	438	1.96e-103	312
JCVISYN3A_0834	BSU33820	28.125	96	60	3	204	298	60	147	0.047	32.0
JCVISYN3A_0834	BSU20370	21.739	207	136	7	133	320	147	346	0.20	30.8
JCVISYN3A_0834	BSU07430	27.407	135	86	8	204	334	44	170	0.21	30.4
JCVISYN3A_0834	BSU31970	27.778	90	48	3	334	420	53	128	0.92	28.5
JCVISYN3A_0834	BSU37310	35.000	40	26	0	362	401	186	225	2.9	26.6
JCVISYN3A_0834	BSU14220	30.000	100	62	4	49	141	63	161	3.0	26.2
JCVISYN3A_0834	BSU10270	58.824	17	7	0	174	190	255	271	5.8	25.8
JCVISYN3A_0834	BSU22850	35.556	45	29	0	160	204	252	296	6.3	25.8
JCVISYN3A_0835	BSU06100	31.579	57	33	2	153	208	224	275	0.63	28.9
JCVISYN3A_0835	BSU33690	34.091	44	29	0	45	88	419	462	1.1	28.5
JCVISYN3A_0835	BSU06790	26.531	49	35	1	54	101	48	96	2.7	25.8
JCVISYN3A_0835	BSU22120	26.190	84	56	2	74	152	179	261	4.0	26.2
JCVISYN3A_0835	BSU22700	41.379	29	17	0	252	280	132	160	4.6	26.2
JCVISYN3A_0835	BSU03040	31.579	38	24	1	204	239	133	170	9.4	25.4
JCVISYN3A_0836	BSU15950	31.746	63	41	1	205	267	58	118	0.33	29.3
JCVISYN3A_0836	BSU40330	30.263	76	48	3	156	227	247	321	0.61	28.5
JCVISYN3A_0836	BSU13560	32.558	43	29	0	149	191	215	257	4.2	25.8
JCVISYN3A_0836	BSU31480	40.909	22	13	0	161	182	364	385	5.0	25.4
JCVISYN3A_0836	BSU18870	43.333	30	13	1	162	187	54	83	5.6	24.6
JCVISYN3A_0836	BSU28930	24.074	54	40	1	66	118	58	111	9.8	24.6
JCVISYN3A_0837	BSU00940	38.565	446	257	9	3	435	5	446	2.48e-100	305
JCVISYN3A_0837	BSU15430	27.451	102	65	3	252	349	584	680	5.75e-04	38.9
JCVISYN3A_0837	BSU00380	21.412	439	253	15	20	373	7	438	0.003	36.6
JCVISYN3A_0837	BSU30320	32.836	67	38	2	256	318	570	633	0.14	31.2
JCVISYN3A_0837	BSU00920	35.417	48	24	2	22	69	9	49	0.41	29.6
JCVISYN3A_0837	BSU28090	32.857	70	43	2	255	320	515	584	0.45	29.6
JCVISYN3A_0837	BSU12960	26.667	75	45	2	232	297	331	404	1.3	28.1
JCVISYN3A_0837	BSU29560	52.941	17	8	0	14	30	257	273	1.8	27.7
JCVISYN3A_0837	BSU40390	37.143	35	22	0	317	351	273	307	2.0	27.3
JCVISYN3A_0837	BSU22050	30.769	39	27	0	294	332	295	333	3.3	26.6
JCVISYN3A_0837	BSU24730	25.882	85	48	4	25	109	144	213	3.4	26.6
JCVISYN3A_0837	BSU12740	45.833	24	13	0	112	135	128	151	3.8	26.2
JCVISYN3A_0837	BSU08840	20.000	125	90	3	252	375	200	315	6.8	25.8
JCVISYN3A_0837	BSU37330	35.135	37	22	1	255	289	373	409	7.1	25.8
JCVISYN3A_0837	BSU36460	28.814	59	35	2	204	255	68	126	7.9	25.4
JCVISYN3A_0837	BSU29670	36.667	30	19	0	12	41	25	54	9.7	25.4
JCVISYN3A_0837	BSU11360	32.432	37	21	1	121	153	54	90	9.7	25.0
JCVISYN3A_0838	BSU00960	28.340	247	167	5	4	244	6	248	3.39e-38	130
JCVISYN3A_0838	BSU28650	31.780	236	143	8	2	236	28	246	1.74e-30	110
JCVISYN3A_0838	BSU08930	20.000	145	113	3	92	234	5	148	0.003	33.9
JCVISYN3A_0838	BSU38640	32.143	28	18	1	214	240	8	35	0.72	27.7
JCVISYN3A_0838	BSU14380	24.444	135	82	5	60	193	3	118	1.5	26.6
JCVISYN3A_0838	BSU30100	23.810	42	32	0	45	86	102	143	2.2	26.2
JCVISYN3A_0838	BSU26810	35.897	39	25	0	144	182	6	44	2.9	25.8
JCVISYN3A_0838	BSU12190	16.912	136	95	3	3	120	26	161	3.1	25.4
JCVISYN3A_0838	BSU35910	32.812	64	36	5	59	120	31	89	3.2	25.8
JCVISYN3A_0838	BSU01380	29.630	54	31	2	29	75	8	61	4.6	25.0
JCVISYN3A_0838	BSU13680	35.135	37	23	1	38	73	105	141	4.9	25.0
JCVISYN3A_0838	BSU00500	26.471	34	25	0	79	112	112	145	4.9	25.0
JCVISYN3A_0838	BSU12690	42.424	33	19	0	160	192	163	195	4.9	25.0
JCVISYN3A_0838	BSU13770	55.556	18	8	0	37	54	167	184	5.4	24.6
JCVISYN3A_0838	BSU23830	25.000	88	63	2	92	176	134	221	5.7	24.6
JCVISYN3A_0932	BSU00990	53.191	47	22	0	7	53	3	49	1.20e-13	55.1
JCVISYN3A_0932	BSU24900	43.182	44	25	0	10	53	6	49	1.08e-07	40.0
JCVISYN3A_0932	BSU23836	41.463	41	24	0	13	53	1	41	1.71e-06	37.0
JCVISYN3A_0932	BSU35760	29.545	44	26	1	1	39	109	152	0.68	23.9
JCVISYN3A_0932	BSU26850	31.818	22	15	0	22	43	235	256	2.0	22.3
JCVISYN3A_0932	BSU07990	50.000	24	11	1	14	36	182	205	3.4	21.9
JCVISYN3A_0932	BSU35160	29.730	37	24	1	17	51	381	417	5.3	21.2
JCVISYN3A_0932	BSU16130	35.714	28	18	0	5	32	45	72	6.2	21.2
JCVISYN3A_0932	BSU35780	40.909	22	13	0	18	39	314	335	8.4	20.8
JCVISYN3A_0932	BSU13270	37.037	27	15	1	8	32	77	103	9.2	20.4
JCVISYN3A_0932	BSU36190	47.368	19	10	0	15	33	461	479	9.7	20.4
JCVISYN3A_0839	BSU05830	41.667	36	18	1	51	83	271	306	1.4	24.6
JCVISYN3A_0839	BSU27160	34.615	26	17	0	19	44	451	476	2.8	23.9
JCVISYN3A_0839	BSU05840	24.390	41	28	1	17	54	51	91	4.9	23.1
JCVISYN3A_0839	BSU15280	33.333	42	23	1	3	39	392	433	6.1	23.1
JCVISYN3A_0839	BSU23950	26.506	83	43	4	4	79	237	308	6.7	22.7
JCVISYN3A_0840	BSU01010	28.788	198	105	4	20	208	5	175	2.80e-31	109
JCVISYN3A_0840	BSU18310	24.719	89	59	1	43	131	2961	3041	0.28	28.9
JCVISYN3A_0840	BSU24580	22.764	123	79	3	3	109	289	411	0.56	27.7
JCVISYN3A_0840	BSU17040	26.667	90	63	1	43	129	71	160	4.5	25.0
JCVISYN3A_0840	BSU23260	43.478	23	13	0	94	116	40	62	6.7	24.3
JCVISYN3A_0840	BSU08790	22.321	112	78	2	79	181	261	372	7.3	24.3
JCVISYN3A_0840	BSU22090	28.846	104	62	4	12	109	169	266	8.8	23.9
JCVISYN3A_0851	BSU04390	43.243	37	19	1	16	50	137	173	0.18	25.8
JCVISYN3A_0851	BSU35300	43.478	23	13	0	35	57	761	783	0.21	25.4
JCVISYN3A_0851	BSU17200	23.729	59	45	0	2	60	4176	4234	0.29	25.0
JCVISYN3A_0851	BSU31500	33.333	27	14	1	38	60	99	125	1.1	23.5
JCVISYN3A_0851	BSU10510	39.474	38	19	1	1	34	36	73	1.5	23.1
JCVISYN3A_0851	BSU17190	29.730	37	26	0	16	52	2346	2382	3.2	22.3
JCVISYN3A_0851	BSU17190	37.037	27	17	0	28	54	3287	3313	7.0	21.2
JCVISYN3A_0851	BSU19090	33.333	36	24	0	12	47	7	42	3.8	21.9
JCVISYN3A_0851	BSU38470	35.714	42	23	1	1	38	1	42	4.9	21.6
JCVISYN3A_0851	BSU29520	33.333	33	22	0	5	37	41	73	8.2	20.8
JCVISYN3A_0852	BSU27729	34.615	52	32	1	12	63	9	58	0.20	25.4
JCVISYN3A_0852	BSU00690	32.432	37	21	1	14	50	12	44	0.27	25.8
JCVISYN3A_0852	BSU09460	38.462	26	16	0	10	35	437	462	0.92	24.3
JCVISYN3A_0852	BSU25080	28.571	56	36	1	5	56	71	126	2.9	22.7
JCVISYN3A_0852	BSU03720	32.308	65	38	2	2	60	34	98	3.0	23.1
JCVISYN3A_0852	BSU38400	32.000	50	33	1	1	50	1	49	3.3	22.7
JCVISYN3A_0852	BSU07910	29.268	41	26	1	6	46	157	194	3.6	22.7
JCVISYN3A_0852	BSU07920	27.273	33	24	0	13	45	96	128	3.8	22.7
JCVISYN3A_0852	BSU34660	24.286	70	51	1	5	74	333	400	5.3	22.3
JCVISYN3A_0852	BSU23140	40.000	25	13	1	4	28	210	232	5.3	22.3
JCVISYN3A_0852	BSU03110	26.786	56	37	1	5	60	126	177	5.5	22.3
JCVISYN3A_0852	BSU03700	44.000	25	14	0	4	28	442	466	5.8	22.3
JCVISYN3A_0852	BSU40330	34.615	26	17	0	10	35	435	460	6.0	21.9
JCVISYN3A_0852	BSU06660	33.333	33	21	1	9	40	449	481	7.0	21.9
JCVISYN3A_0852	BSU10820	30.000	50	30	1	23	72	81	125	7.4	21.9
JCVISYN3A_0852	BSU33330	40.000	30	16	2	9	36	439	468	7.4	21.9
JCVISYN3A_0852	BSU08000	52.632	19	8	1	13	30	294	312	7.4	21.9
JCVISYN3A_0852	BSU38050	27.586	29	21	0	21	49	343	371	8.7	21.6
JCVISYN3A_0853	BSU22620	28.378	74	45	3	124	189	29	102	1.0	27.3
JCVISYN3A_0853	BSU27480	36.111	36	23	0	9	44	479	514	1.0	27.3
JCVISYN3A_0853	BSU28210	29.851	67	40	2	55	114	314	380	1.1	27.3
JCVISYN3A_0853	BSU28030	32.432	37	24	1	33	68	41	77	2.5	25.8
JCVISYN3A_0853	BSU24610	28.571	49	34	1	181	228	23	71	4.5	24.3
JCVISYN3A_0853	BSU30180	25.424	59	42	1	183	239	12	70	6.0	24.6
JCVISYN3A_0853	BSU40520	34.286	35	23	0	87	121	193	227	9.5	24.3
JCVISYN3A_0859	BSU16120	30.577	641	372	18	4	610	5	606	5.35e-77	256
JCVISYN3A_0859	BSU04260	23.634	677	417	21	2	615	3	642	3.56e-25	107
JCVISYN3A_0859	BSU24520	28.767	73	51	1	487	558	35	107	0.95	28.1
JCVISYN3A_0859	BSU00210	47.826	23	12	0	83	105	139	161	1.2	28.1
JCVISYN3A_0859	BSU19030	43.333	30	17	0	399	428	21	50	2.1	28.1
JCVISYN3A_0859	BSU02850	23.232	99	68	2	64	154	203	301	3.4	27.3
JCVISYN3A_0859	BSU06620	35.135	37	21	1	562	595	380	416	4.1	27.3
JCVISYN3A_0859	BSU07080	32.353	34	23	0	588	621	466	499	6.2	26.6
JCVISYN3A_0859	BSU33710	37.500	32	20	0	92	123	45	76	6.4	26.2
JCVISYN3A_0859	BSU33830	35.714	56	33	2	193	248	268	320	6.5	26.6
JCVISYN3A_0859	BSU04460	24.706	85	55	3	29	107	24	105	7.3	25.8
JCVISYN3A_0859	BSU40390	28.889	45	29	1	329	373	45	86	8.5	26.2
JCVISYN3A_0859	BSU16570	57.143	21	9	0	486	506	84	104	8.9	26.2
JCVISYN3A_0859	BSU05440	21.875	128	78	3	470	575	1	128	9.3	25.8
JCVISYN3A_0859	BSU35920	25.000	44	33	0	116	159	114	157	9.3	25.8
JCVISYN3A_0859	BSU27580	34.483	29	19	0	288	316	481	509	9.9	25.8
JCVISYN3A_0870	BSU03020	23.956	455	287	9	133	580	67	469	1.05e-18	85.9
JCVISYN3A_0870	BSU33140	23.392	171	111	6	209	363	83	249	0.21	31.2
JCVISYN3A_0870	BSU14490	23.585	106	68	4	34	127	39	143	0.82	29.3
JCVISYN3A_0870	BSU24490	28.000	75	52	1	102	174	159	233	0.88	28.9
JCVISYN3A_0870	BSU35880	30.645	62	41	1	101	160	292	353	4.6	26.6
JCVISYN3A_0870	BSU11750	36.111	36	17	1	194	223	51	86	8.0	25.4
JCVISYN3A_0870	BSU00380	33.962	53	29	2	210	256	273	325	9.5	25.8
JCVISYN3A_0870	BSU39050	24.615	65	33	2	360	422	190	240	9.7	25.8
JCVISYN3A_0872	BSU40920	56.557	366	157	1	1	364	1	366	4.80e-148	419
JCVISYN3A_0872	BSU27920	37.500	128	57	3	5	132	161	265	1.06e-16	77.8
JCVISYN3A_0872	BSU17430	37.778	45	28	0	3	47	201	245	7.14e-04	38.1
JCVISYN3A_0872	BSU22840	28.866	97	46	3	5	101	6	79	0.003	35.8
JCVISYN3A_0872	BSU22840	23.013	239	150	10	3	215	176	406	0.23	30.0
JCVISYN3A_0872	BSU25290	24.845	161	86	5	5	135	11	166	0.007	34.7
JCVISYN3A_0872	BSU41020	40.000	50	26	2	2	47	221	270	0.026	33.1
JCVISYN3A_0872	BSU16050	52.381	21	10	0	7	27	125	145	0.25	29.6
JCVISYN3A_0872	BSU15780	23.478	115	55	4	8	111	170	262	0.54	28.9
JCVISYN3A_0872	BSU10310	32.432	37	25	0	322	358	76	112	1.7	26.6
JCVISYN3A_0872	BSU35780	28.169	71	49	2	78	147	120	189	2.1	27.3
JCVISYN3A_0872	BSU07420	36.364	44	17	1	2	45	29	61	3.0	26.6
JCVISYN3A_0872	BSU13700	25.263	95	55	3	7	89	117	207	3.1	26.6
JCVISYN3A_0872	BSU12530	24.675	77	41	2	5	64	120	196	4.4	25.8
JCVISYN3A_0872	BSU36780	30.233	43	30	0	125	167	26	68	5.0	24.3
JCVISYN3A_0872	BSU06812	21.495	107	74	2	68	164	68	174	5.5	25.8
JCVISYN3A_0872	BSU25210	31.683	101	59	4	124	223	469	560	5.7	25.8
JCVISYN3A_0872	BSU38770	30.435	46	31	1	214	258	107	152	8.2	25.0
JCVISYN3A_0872	BSU00310	29.487	78	45	3	207	281	197	267	9.2	25.0
JCVISYN3A_0872	BSU25670	57.143	21	9	0	2	22	159	179	9.7	25.0
JCVISYN3A_0873	BSU40939	30.159	63	43	1	1	63	1	62	1.25e-07	40.8
JCVISYN3A_0873	BSU08790	36.842	38	23	1	13	50	483	519	0.080	26.9
JCVISYN3A_0873	BSU39420	35.897	39	25	0	16	54	13	51	1.5	23.1
JCVISYN3A_0873	BSU18090	40.000	25	15	0	40	64	358	382	3.5	22.3
JCVISYN3A_0873	BSU01250	33.333	27	17	1	5	30	54	80	8.0	21.2
JCVISYN3A_0873	BSU11890	39.130	23	14	0	14	36	100	122	8.4	21.2
JCVISYN3A_0873	BSU04170	34.483	29	17	1	6	32	49	77	9.2	21.2
JCVISYN3A_0874	BSU41000	35.426	223	131	5	9	222	10	228	7.54e-38	129
JCVISYN3A_0874	BSU03160	22.642	106	72	5	68	167	38	139	0.042	31.2
JCVISYN3A_0874	BSU27360	31.429	35	24	0	69	103	56	90	0.24	28.9
JCVISYN3A_0874	BSU13760	28.571	70	45	3	163	229	24	91	0.52	26.9
JCVISYN3A_0874	BSU23790	27.119	59	39	1	138	196	9	63	1.9	26.2
JCVISYN3A_0874	BSU19470	27.083	48	35	0	3	50	30	77	2.8	25.0
JCVISYN3A_0874	BSU21120	27.273	88	57	2	137	217	256	343	3.6	25.4
JCVISYN3A_0874	BSU21280	26.136	88	52	3	5	79	72	159	6.2	24.3
JCVISYN3A_0874	BSU14430	21.591	88	53	1	99	186	277	348	7.8	24.3
JCVISYN3A_0874	BSU09530	31.818	44	29	1	40	82	242	285	9.1	24.3
JCVISYN3A_0874	BSU39500	23.810	105	73	4	110	208	83	186	9.4	23.9
JCVISYN3A_0875	BSU16920	42.188	192	95	3	7	192	3	184	4.70e-39	129
JCVISYN3A_0875	BSU02270	33.962	53	30	1	33	85	20	67	0.004	33.5
JCVISYN3A_0875	BSU31240	22.619	84	56	2	1	75	8	91	0.023	32.0
JCVISYN3A_0875	BSU29530	33.784	74	41	3	63	128	252	325	0.43	27.7
JCVISYN3A_0875	BSU18890	30.000	40	28	0	30	69	120	159	3.5	25.0
JCVISYN3A_0875	BSU03280	33.333	48	18	2	40	87	241	274	6.9	24.3
JCVISYN3A_0875	BSU07510	38.889	54	24	3	18	71	263	307	7.4	24.3
JCVISYN3A_0876	BSU12860	22.826	276	175	10	2	270	4	248	5.67e-05	42.4
JCVISYN3A_0876	BSU02120	28.244	131	80	4	141	270	142	259	0.069	32.3
JCVISYN3A_0876	BSU09460	30.986	71	36	5	210	271	211	277	0.66	29.3
JCVISYN3A_0876	BSU26690	27.193	114	61	5	287	400	265	356	1.2	28.5
JCVISYN3A_0876	BSU00170	27.869	61	40	1	437	493	116	176	3.4	26.6
JCVISYN3A_0876	BSU04060	47.059	34	18	0	367	400	321	354	7.7	25.8
JCVISYN3A_0876	BSU38730	28.571	35	25	0	229	263	229	263	9.4	25.8
JCVISYN3A_0877	BSU04470	39.130	46	24	2	138	182	134	176	1.8	26.2
JCVISYN3A_0877	BSU03130	25.000	44	33	0	22	65	138	181	6.0	24.6
JCVISYN3A_0877	BSU13380	25.333	75	39	2	17	76	470	542	6.3	24.6
JCVISYN3A_0877	BSU07910	45.455	22	12	0	85	106	355	376	6.8	24.6
JCVISYN3A_0877	BSU21710	19.048	105	64	3	9	100	297	393	7.3	24.3
JCVISYN3A_0877	BSU31300	28.261	92	47	4	127	200	21	111	7.6	24.3
JCVISYN3A_0877	BSU03020	32.258	62	37	1	122	183	271	327	8.4	24.3
JCVISYN3A_0878	BSU12860	22.400	250	167	7	18	263	22	248	2.37e-04	40.0
JCVISYN3A_0878	BSU02120	38.776	49	29	1	216	263	211	259	0.017	34.3
JCVISYN3A_0878	BSU07340	22.581	279	174	10	2	262	20	274	0.059	32.7
JCVISYN3A_0878	BSU33330	31.200	125	75	5	2	119	3	123	0.49	29.6
JCVISYN3A_0878	BSU15350	28.302	53	33	1	166	213	67	119	3.5	26.9
JCVISYN3A_0878	BSU28120	45.833	24	13	0	204	227	33	56	4.6	26.6
JCVISYN3A_0878	BSU02410	44.000	25	13	1	486	509	280	304	5.1	26.2
JCVISYN3A_0878	BSU06310	23.214	168	105	7	15	175	19	169	6.1	26.2
JCVISYN3A_0879	BSU15650	22.581	868	556	20	38	829	20	847	1.53e-52	194
JCVISYN3A_0879	BSU33500	21.825	504	312	15	175	669	321	751	2.07e-23	103
JCVISYN3A_0879	BSU33490	22.719	537	306	21	149	666	200	646	1.10e-19	90.9
JCVISYN3A_0879	BSU13850	26.744	172	92	3	503	665	438	584	4.96e-13	69.3
JCVISYN3A_0879	BSU13850	25.641	273	168	8	111	376	107	351	6.94e-13	68.9
JCVISYN3A_0879	BSU04040	38.235	34	21	0	614	647	198	231	0.032	33.9
JCVISYN3A_0879	BSU36290	33.333	45	30	0	614	658	235	279	0.20	31.6
JCVISYN3A_0879	BSU05430	30.233	86	52	1	257	334	150	235	1.9	28.9
JCVISYN3A_0879	BSU14550	28.261	46	33	0	614	659	204	249	2.8	27.7
JCVISYN3A_0879	BSU35020	38.298	47	27	1	39	85	155	199	4.9	26.9
JCVISYN3A_0881	BSU12060	28.986	69	48	1	119	186	39	107	0.25	29.6
JCVISYN3A_0881	BSU01890	30.851	94	58	2	123	216	92	178	0.34	30.0
JCVISYN3A_0881	BSU21570	37.500	32	20	0	300	331	68	99	0.55	28.5
JCVISYN3A_0881	BSU00460	24.658	73	43	2	47	119	187	247	1.3	28.1
JCVISYN3A_0881	BSU31480	25.610	164	73	8	289	429	41	178	2.6	26.9
JCVISYN3A_0881	BSU17380	34.091	44	29	0	163	206	187	230	2.6	27.3
JCVISYN3A_0881	BSU20060	31.818	44	30	0	163	206	186	229	5.6	26.2
JCVISYN3A_0881	BSU18250	33.333	27	18	0	232	258	393	419	6.0	26.2
JCVISYN3A_0881	BSU06310	25.490	51	37	1	278	327	229	279	6.6	25.8
JCVISYN3A_0881	BSU07760	27.957	93	50	4	131	212	112	198	7.5	25.8
JCVISYN3A_0881	BSU22600	34.615	52	34	0	407	458	137	188	9.7	25.4
JCVISYN3A_0885	BSU41010	49.919	617	306	2	4	620	7	620	0.0	615
JCVISYN3A_0885	BSU16130	24.714	437	238	14	7	413	6	381	2.01e-17	82.0
JCVISYN3A_0885	BSU24060	45.455	33	18	0	1	33	1	33	0.007	35.8
JCVISYN3A_0885	BSU34790	48.276	29	15	0	5	33	7	35	0.093	32.0
JCVISYN3A_0885	BSU30060	46.667	30	16	0	5	34	4	33	0.16	31.6
JCVISYN3A_0885	BSU40100	62.500	16	6	0	6	21	349	364	3.6	27.3
JCVISYN3A_0885	BSU27130	25.641	117	76	3	19	135	45	150	4.6	26.6
JCVISYN3A_0885	BSU33900	20.408	98	72	2	346	443	224	315	5.0	26.6
JCVISYN3A_0885	BSU19240	21.739	115	79	2	179	292	40	144	5.5	25.8
JCVISYN3A_0885	BSU22720	35.714	42	27	0	574	615	74	115	5.8	26.2
JCVISYN3A_0885	BSU04250	26.984	63	24	1	242	304	102	142	6.7	25.4
JCVISYN3A_0885	BSU03530	33.333	36	24	0	502	537	368	403	7.8	26.2
JCVISYN3A_0886	BSU09130	23.140	484	301	15	39	496	24	462	1.15e-21	94.7
JCVISYN3A_0886	BSU10220	24.174	484	290	19	39	503	2	427	2.17e-19	87.4
JCVISYN3A_0886	BSU02340	22.727	330	232	8	177	498	98	412	1.88e-10	59.7
JCVISYN3A_0886	BSU04470	23.855	415	257	17	113	501	37	418	3.85e-09	55.5
JCVISYN3A_0886	BSU04280	32.727	55	32	2	430	484	41	90	0.76	28.9
JCVISYN3A_0886	BSU40460	41.176	34	17	1	1	31	31	64	1.8	25.8
JCVISYN3A_0886	BSU34940	30.435	46	30	1	412	457	106	149	4.1	26.6
JCVISYN3A_0886	BSU03670	32.558	43	28	1	44	85	182	224	6.2	26.2
JCVISYN3A_0886	BSU03250	27.397	73	47	3	47	118	121	188	8.3	25.4
JCVISYN3A_0887	BSU03320	26.861	309	202	9	57	363	60	346	3.46e-25	105
JCVISYN3A_0887	BSU03300	25.989	354	227	13	66	417	69	389	5.45e-23	99.0
JCVISYN3A_0887	BSU14610	28.144	334	201	13	81	398	111	421	2.90e-22	95.9
JCVISYN3A_0887	BSU08090	25.668	187	123	5	101	283	132	306	4.49e-11	61.2
JCVISYN3A_0887	BSU32110	24.444	315	180	12	3	290	10	293	1.05e-08	53.5
JCVISYN3A_0887	BSU40100	30.872	149	89	6	148	290	348	488	2.03e-08	53.1
JCVISYN3A_0887	BSU32200	21.967	305	204	13	2	295	3	284	2.49e-07	49.3
JCVISYN3A_0887	BSU32100	23.894	339	221	11	2	314	7	334	4.66e-07	48.5
JCVISYN3A_0887	BSU18440	24.786	117	81	5	143	255	148	261	3.44e-04	39.7
JCVISYN3A_0887	BSU03270	23.563	174	117	6	140	305	148	313	6.15e-04	38.5
JCVISYN3A_0887	BSU35580	28.000	100	55	4	147	243	1	86	0.032	33.1
JCVISYN3A_0887	BSU24060	21.317	319	211	12	92	398	137	427	0.16	31.2
JCVISYN3A_0887	BSU26950	33.333	39	26	0	161	199	10	48	0.39	27.7
JCVISYN3A_0887	BSU32630	25.000	100	55	4	131	224	111	196	0.86	28.5
JCVISYN3A_0887	BSU35840	25.000	60	45	0	9	68	94	153	1.1	28.1
JCVISYN3A_0887	BSU31875	32.500	40	27	0	131	170	850	889	1.2	28.5
JCVISYN3A_0887	BSU30860	23.148	108	67	3	149	255	2	94	1.6	27.7
JCVISYN3A_0887	BSU03040	26.136	88	57	3	56	142	543	623	1.7	27.7
JCVISYN3A_0887	BSU36230	21.951	123	77	4	150	269	3	109	3.3	26.6
JCVISYN3A_0887	BSU03050	50.000	18	9	0	142	159	1	18	3.9	26.6
JCVISYN3A_0887	BSU37390	23.684	76	46	3	82	145	4	79	4.5	26.2
JCVISYN3A_0887	BSU15750	40.000	35	20	1	320	354	313	346	5.2	26.2
JCVISYN3A_0887	BSU38860	26.829	82	43	4	154	218	8	89	5.9	25.8
JCVISYN3A_0887	BSU26690	30.000	30	21	0	283	312	305	334	6.2	25.8
JCVISYN3A_0887	BSU20370	57.895	19	8	0	189	207	322	340	7.9	25.4
JCVISYN3A_0887	BSU30220	42.857	28	14	1	80	107	34	59	8.2	25.4
JCVISYN3A_0906	BSU02520	20.398	201	137	7	33	215	94	289	1.4	26.6
JCVISYN3A_0906	BSU29920	27.586	29	21	0	144	172	108	136	1.5	26.2
JCVISYN3A_0906	BSU21990	28.889	45	24	1	1	45	54	90	3.6	24.6
JCVISYN3A_0906	BSU13560	29.688	64	41	2	109	172	208	267	6.5	24.6
JCVISYN3A_0906	BSU21058	31.818	44	22	1	134	177	17	52	6.7	22.7
JCVISYN3A_0907	BSU39550	27.049	244	146	9	2	231	3	228	1.83e-09	53.9
JCVISYN3A_0907	BSU36290	25.000	268	142	9	1	231	1	246	4.65e-08	49.7
JCVISYN3A_0907	BSU35850	30.769	104	57	3	129	232	155	243	0.002	36.2
JCVISYN3A_0907	BSU04040	32.787	61	37	2	170	230	152	208	0.012	33.1
JCVISYN3A_0907	BSU14550	25.523	239	142	14	2	231	4	215	0.049	31.2
JCVISYN3A_0907	BSU11140	21.311	244	159	11	2	231	5	229	0.086	30.4
JCVISYN3A_0907	BSU09830	23.932	117	84	3	118	232	120	233	0.29	28.9
JCVISYN3A_0907	BSU10540	28.169	71	45	2	194	264	204	268	2.6	26.2
JCVISYN3A_0907	BSU03490	32.558	43	27	1	24	64	2184	2226	2.7	26.2
JCVISYN3A_0907	BSU06620	22.917	48	37	0	151	198	420	467	4.8	25.4
JCVISYN3A_0907	BSU25430	36.842	38	24	0	162	199	297	334	5.5	25.0
JCVISYN3A_0907	BSU10470	48.387	31	15	1	17	46	47	77	6.8	23.9
JCVISYN3A_0907	BSU19689	35.714	42	23	1	59	96	20	61	7.1	23.5
JCVISYN3A_0907	BSU34440	21.970	132	79	6	62	190	141	251	7.6	24.6
JCVISYN3A_0908	BSU23890	22.394	259	167	5	125	379	40	268	5.61e-10	56.6
JCVISYN3A_0908	BSU41040	24.623	199	115	9	193	383	90	261	8.00e-05	40.8
JCVISYN3A_0908	BSU09250	36.170	47	29	1	226	271	438	484	1.6	27.7
JCVISYN3A_0908	BSU02480	27.119	59	43	0	166	224	161	219	2.1	27.3
JCVISYN3A_0909	BSU41050	39.252	107	62	2	1	106	1	105	2.27e-17	68.6
JCVISYN3A_0909	BSU16410	41.176	34	18	1	58	91	216	247	1.3	25.0
JCVISYN3A_0909	BSU18320	50.000	16	8	0	9	24	375	390	6.4	23.1
JCVISYN3A_0909	BSU00430	44.000	25	14	0	30	54	111	135	6.6	22.7
JCVISYN3A_0910	BSU41060	59.091	44	18	0	1	44	1	44	6.65e-13	52.8
JCVISYN3A_0910	BSU36640	38.235	34	15	2	3	35	376	404	0.46	23.9
JCVISYN3A_0910	BSU40000	62.500	16	6	0	20	35	48	63	3.3	21.2
JCVISYN3A_0910	BSU18350	30.769	39	27	0	3	41	400	438	4.8	20.8
JCVISYN3A_0910	BSU11490	37.500	24	15	0	3	26	102	125	6.4	20.4
JCVISYN3A_0910	BSU17200	45.000	20	8	1	6	25	1445	1461	6.7	20.4
JCVISYN3A_0910	BSU14330	31.250	16	11	0	1	16	208	223	7.1	20.4
JCVISYN3A_0910	BSU17220	37.500	32	15	1	10	41	1388	1414	9.8	20.0
